"report-file-0"
"Time Step" "flow-time etc.."
("Time Step" "flow-time" "report-def-0")
0 0 298.1499999999996
1 0.25 298.166615523248
2 0.5 298.1833122546203
3 0.75 298.2000877411654
4 1 298.2169393292959
5 1.25 298.2338643196506
6 1.5 298.2508600534151
7 1.75 298.2679239569415
8 2 298.2850535159731
9 2.25 298.3022462999813
10 2.5 298.3194999608531
11 2.75 298.3368122311069
12 3 298.3541809218402
13 3.25 298.3716039205113
14 3.5 298.3890791886449
15 3.75 298.406604751033
16 4 298.4241787256168
17 4.25 298.4417992797835
18 4.5 298.4594646467505
19 4.75 298.477173123175
20 5 298.4949230667485
21 5.25 298.5127128939811
22 5.5 298.5305410781171
23 5.75 298.5484061471458
24 6 298.5607568356334
25 6.25 298.5731363339644
26 6.5 298.5855436432698
27 6.75 298.5979779005281
28 7 298.6104382982709
29 7.25 298.6229240768952
30 7.5 298.6354345093748
31 7.75 298.6479688819558
32 8 298.6605265119483
33 8.25 298.6731067366144
34 8.5 298.685708912272
35 8.75 298.6983324136086
36 9 298.7109766330485
37 9.25 298.7236409801562
38 9.5 298.736324881085
39 9.75 298.7490277780439
40 10 298.7617491288103
41 10.25 298.7744884062501
42 10.5 298.7872450978709
43 10.75 298.8000187053873
44 11 298.812808744308
45 11.25 298.8256147435363
46 11.5 298.8384362449848
47 11.75 298.8512728032101
48 12 298.864123985048
49 12.25 298.8769893692756
50 12.5 298.8898685462726
51 12.75 298.9027611177007
52 13 298.9156666961904
53 13.25 298.9285849050385
54 13.5 298.9415153779131
55 13.75 298.9544577585715
56 14 298.9674117005818
57 14.25 298.9803768670556
58 14.5 298.9933529303889
59 14.75 299.0063395720098
60 15 299.0193364821309
61 15.25 299.0323433595141
62 15.5 299.0453599112359
63 15.75 299.0583858524679
64 16 299.0714209062515
65 16.25 299.0844648032909
66 16.5 299.0975172817427
67 16.75 299.1105780870175
68 17 299.1236469715841
69 17.25 299.1367236947781
70 17.5 299.1498080226203
71 17.75 299.162899727633
72 18 299.1759985886676
73 18.25 299.1891043907344
74 18.5 299.2022169248361
75 18.75 299.2153359878084
76 19 299.2284613821616
77 19.25 299.2415929159305
78 19.5 299.2547304025218
79 19.75 299.2678736605764
80 20 299.2810225138213
81 20.25 299.2941767909395
82 20.5 299.3073363254334
83 20.75 299.3205009554954
84 21 299.3336705238843
85 21.25 299.3468448778
86 21.5 299.3600238687665
87 21.75 299.3732073525129
88 22 299.3863951888632
89 22.25 299.3995872416252
90 22.5 299.4127833784829
91 22.75 299.425983470893
92 23 299.4391873939832
93 23.25 299.452395026453
94 23.5 299.465606250479
95 23.75 299.4788209516195
96 24 299.4920390187248
97 24.25 299.5052603438481
98 24.5 299.5184848221594
99 24.75 299.5317123518612
100 25 299.5449428341076
101 25.25 299.5581761729227
102 25.5 299.5714122751264
103 25.75 299.584651050256
104 26 299.5978924104945
105 26.25 299.6111362705991
106 26.5 299.6243825478308
107 26.75 299.6376311618873
108 27 299.6508820348375
109 27.25 299.6641350910572
110 27.5 299.6773902571657
111 27.75 299.6906474619668
112 28 299.7039066363882
113 28.25 299.7171677134253
114 28.5 299.7304306280826
115 28.75 299.7436953173229
116 29 299.7569617200116
117 29.25 299.7702297768655
118 29.5 299.7834994304031
119 29.75 299.7967706248954
120 30 299.810043306317
121 30.25 299.8233174223024
122 30.5 299.8365929220989
123 30.75 299.8498697565227
124 31 299.8631478779162
125 31.25 299.8764272401086
126 31.5 299.8897077983701
127 31.75 299.9029895093786
128 32 299.9162723311778
129 32.25 299.9295562231402
130 32.5 299.9428411459313
131 32.75 299.9561270614741
132 33 299.9694139329133
133 33.25 299.9827017245844
134 33.5 299.9959904019796
135 33.75 300.009279931715
136 34 300.0225702815005
137 34.25 300.0358614201108
138 34.5 300.0491533173553
139 34.75 300.0624459440481
140 35 300.075739271982
141 35.25 300.0890332739009
142 35.5 300.1023279234751
143 35.75 300.1156231952718
144 36 300.1190931962063
145 36.25 300.1225653823054
146 36.5 300.1260393671383
147 36.75 300.129514955152
148 37 300.1329920275535
149 37.25 300.1364705111072
150 37.5 300.1399503506831
151 37.75 300.1434315020057
152 38 300.1469139277704
153 38.25 300.1503975954911
154 38.5 300.1538824762536
155 38.75 300.1573685439451
156 39 300.1608557747343
157 39.25 300.1643441467053
158 39.5 300.1678336395807
159 39.75 300.1713242344981
160 40 300.1748159138303
161 40.25 300.1783086610348
162 40.5 300.1818024605241
163 40.75 300.185297297991
164 41 300.1887931584049
165 41.25 300.192290028757
166 41.5 300.1957878964738
167 41.75 300.1992867494424
168 42 300.2027865760018
169 42.25 300.2062873649074
170 42.5 300.2097891053015
171 42.75 300.2132917866805
172 43 300.2167953988641
173 43.25 300.2202999319714
174 43.5 300.223805376395
175 43.75 300.2273117227812
176 44 300.230818962013
177 44.25 300.2343270851909
178 44.5 300.237836083623
179 44.75 300.2413459492257
180 45 300.2448566725927
181 45.25 300.248368246704
182 45.5 300.2518806629268
183 45.75 300.2553939134939
184 46 300.2589079907656
185 46.25 300.2624228872243
186 46.5 300.265938595478
187 46.75 300.2694551082575
188 47 300.272972418416
189 47.25 300.2764905189249
190 47.5 300.2800094028717
191 47.75 300.2835290634548
192 48 300.2870494939843
193 48.25 300.2905706878758
194 48.5 300.2940926386487
195 48.75 300.2976153399247
196 49 300.3011387854245
197 49.25 300.304662968966
198 49.5 300.3081878844626
199 49.75 300.3117135259209
200 50 300.3152398874381
201 50.25 300.3187669632021
202 50.5 300.3222947474877
203 50.75 300.3258232346574
204 51 300.3293524191571
205 51.25 300.3328822955181
206 51.5 300.3364128583517
207 51.75 300.3399441023515
208 52 300.34347602229
209 52.25 300.3470086130173
210 52.5 300.3505418694614
211 52.75 300.3540757866259
212 53 300.3576103595888
213 53.25 300.3611455835011
214 53.5 300.3646814535874
215 53.75 300.3682179651427
216 54 300.371755113533
217 54.25 300.3752928941925
218 54.5 300.378831302625
219 54.75 300.3823703344018
220 55 300.3859099851587
221 55.25 300.3894502505984
222 55.5 300.3929911264882
223 55.75 300.3965326086583
224 56 300.4000746930026
225 56.25 300.4036173754754
226 56.5 300.4071606520927
227 56.75 300.4107045189311
228 57 300.4142489721266
229 57.25 300.4177940078725
230 57.5 300.4213396224207
231 57.75 300.4248858120795
232 58 300.4284325732145
233 58.25 300.4319799022446
234 58.5 300.4355277956453
235 58.75 300.4390762499449
236 59 300.4426252617243
237 59.25 300.4461748276186
238 59.5 300.4497249443129
239 59.75 300.4532756085435
240 60 300.4568268170976
241 60.25 300.4603785668111
242 60.5 300.4639308545699
243 60.75 300.4674836773073
244 61 300.4710370320042
245 61.25 300.4745909156892
246 61.5 300.4781453254362
247 61.75 300.4817002583651
248 62 300.4852557116415
249 62.25 300.4888116824746
250 62.5 300.4923681681176
251 62.75 300.4959251658669
252 63 300.4994826730618
253 63.25 300.5030406870836
254 63.5 300.5065992053551
255 63.75 300.5101582253392
256 64 300.5137177445412
257 64.25 300.5172777605036
258 64.5 300.52083827081
259 64.75 300.5243992730823
260 65 300.5279607649805
261 65.25 300.5315227442019
262 65.5 300.5350852084813
263 65.75 300.5386481555905
264 66 300.5422115833375
265 66.25 300.5457754895647
266 66.5 300.5493398721518
267 66.75 300.5529047290107
268 67 300.5564700580899
269 67.25 300.5600358573697
270 67.5 300.5636021248658
271 67.75 300.5671688586244
272 68 300.5707360567258
273 68.25 300.574303717281
274 68.5 300.5778718384338
275 68.75 300.5814404183575
276 69 300.5850094552583
277 69.25 300.5885789473705
278 69.5 300.5921488929589
279 69.75 300.5957192903181
280 70 300.5992901377709
281 70.25 300.60286143367
282 70.5 300.6064331763945
283 70.75 300.6100053643531
284 71 300.6135779959805
285 71.25 300.6171510697396
286 71.5 300.6207245841185
287 71.75 300.6242985376337
288 72 300.6278729288252
289 72.25 300.6314477562609
290 72.5 300.6350230185323
291 72.75 300.6385987142565
292 73 300.6421748420755
293 73.25 300.6457514006533
294 73.5 300.6493283886815
295 73.75 300.652905804872
296 74 300.6564836479609
297 74.25 300.6600619167074
298 74.5 300.6636406098935
299 74.75 300.6672197263229
300 75 300.6707992648211
301 75.25 300.6743792242356
302 75.5 300.6779596034353
303 75.75 300.6815404013099
304 76 300.6851216167699
305 76.25 300.6887032487462
306 76.5 300.6922852961894
307 76.75 300.6958677580711
308 77 300.6994506333807
309 77.25 300.7030339211288
310 77.5 300.7066176203441
311 77.75 300.7102017300742
312 78 300.7137862493844
313 78.25 300.7173711773598
314 78.5 300.7209565131019
315 78.75 300.7245422557316
316 79 300.7281284043857
317 79.25 300.7317149582189
318 79.5 300.7353019164028
319 79.75 300.7388892781256
320 80 300.7424770425924
321 80.25 300.7460652090241
322 80.5 300.7496537766581
323 80.75 300.7532427447472
324 81 300.7568321125597
325 81.25 300.7604218793788
326 81.5 300.7640120445045
327 81.75 300.7676026072505
328 82 300.771193566944
329 82.25 300.7747849229295
330 82.5 300.778376674564
331 82.75 300.781968821218
332 83 300.7855613622771
333 83.25 300.7891542971406
334 83.5 300.7927476252204
335 83.75 300.7963413459412
336 84 300.7999354587432
337 84.25 300.8035299630764
338 84.5 300.8071248584054
339 84.75 300.8107201442072
340 85 300.8143158199703
341 85.25 300.8179118851959
342 85.5 300.8215083393971
343 85.75 300.8251051820987
344 86 300.8287024128368
345 86.25 300.8323000311598
346 86.5 300.8358980366261
347 86.75 300.8394964288066
348 87 300.843095207282
349 87.25 300.8466943716438
350 87.5 300.8502939214953
351 87.75 300.8538938564485
352 88 300.8574941761276
353 88.25 300.8610948801652
354 88.5 300.8646959682046
355 88.75 300.8682974398989
356 89 300.8718992949111
357 89.25 300.8755015329136
358 89.5 300.8791041535883
359 89.75 300.8827071566259
360 90 300.8863105417256
361 90.25 300.8899143085979
362 90.5 300.8935184569596
363 90.75 300.8971229865377
364 91 300.900727897067
365 91.25 300.904333188291
366 91.5 300.9079388599618
367 91.75 300.9115449118391
368 92 300.9151513436906
369 92.25 300.9187581552927
370 92.5 300.9223653464281
371 92.75 300.9259729168898
372 93 300.9295808664752
373 93.25 300.9331891949909
374 93.5 300.9367979022505
375 93.75 300.9404069880749
376 94 300.944016452292
377 94.25 300.9476262947365
378 94.5 300.9512365152497
379 94.75 300.9548471136804
380 95 300.9584580898837
381 95.25 300.9620694437206
382 95.5 300.9656811750594
383 95.75 300.969293283774
384 96 300.9729057697458
385 96.25 300.9765186328601
386 96.5 300.9801318730103
387 96.75 300.9837454900945
388 97 300.9873594840174
389 97.25 300.9909738546877
390 97.5 300.9945886020234
391 97.75 300.9982037259434
392 98 301.001819226375
393 98.25 301.0054351032503
394 98.5 301.0090513565063
395 98.75 301.0126679860855
396 99 301.0162849919346
397 99.25 301.0199023740067
398 99.5 301.0235201322586
399 99.75 301.0271382666521
400 100 301.0307567771546
401 100.25 301.0343756637378
402 100.5 301.0379949263765
403 100.75 301.0416145650523
404 101 301.0452345797498
405 101.25 301.0488549704575
406 101.5 301.0524757371695
407 101.75 301.0560968798832
408 102 301.059718398601
409 102.25 301.0633402933281
410 102.5 301.0669625640737
411 102.75 301.0705852108524
412 103 301.074208233681
413 103.25 301.0778316325806
414 103.5 301.0814554075761
415 103.75 301.0850795586962
416 104 301.0887040859727
417 104.25 301.0923289894407
418 104.5 301.0959542691389
419 104.75 301.0995799251097
420 105 301.1032059573984
421 105.25 301.1068323660544
422 105.5 301.1104591511278
423 105.75 301.1140863126751
424 106 301.1177138507527
425 106.25 301.121341765423
426 106.5 301.1249700567478
427 106.75 301.1285987247952
428 107 301.132227769634
429 107.25 301.1358571913362
430 107.5 301.1394869899769
431 107.75 301.1431171656329
432 108 301.1467477183847
433 108.25 301.150378648315
434 108.5 301.154009955507
435 108.75 301.15764164005
436 109 301.1612737020326
437 109.25 301.164906141547
438 109.5 301.1685389586877
439 109.75 301.1721721535504
440 110 301.1758057262339
441 110.25 301.1794396768395
442 110.5 301.1830740054692
443 110.75 301.186708712228
444 111 301.1903437972225
445 111.25 301.1939792605615
446 111.5 301.197615102355
447 111.75 301.2012513227154
448 112 301.2048879217576
449 112.25 301.2085248995964
450 112.5 301.2121622563496
451 112.75 301.2157999921364
452 113 301.2194381070776
453 113.25 301.2230766012956
454 113.5 301.2267154749144
455 113.75 301.230354728059
456 114 301.233994360856
457 114.25 301.2376343734347
458 114.5 301.2412747659235
459 114.75 301.2449155384542
460 115 301.2485566911582
461 115.25 301.2521982241695
462 115.5 301.2558401376226
463 115.75 301.2594824316533
464 116 301.2631251063992
465 116.25 301.2667681619976
466 116.5 301.2704115985883
467 116.75 301.2740554163115
468 117 301.2776996153084
469 117.25 301.2813441957211
470 117.5 301.2849891576925
471 117.75 301.2886345013683
472 118 301.2922802268915
473 118.25 301.2959263344092
474 118.5 301.2995728240674
475 118.75 301.3032196960147
476 119 301.3068669503978
477 119.25 301.3105145873667
478 119.5 301.3141626070704
479 119.75 301.3178110096596
480 120 301.3214597952855
481 120.25 301.3251089640994
482 120.5 301.3287585162532
483 120.75 301.3324084519002
484 121 301.3360587711933
485 121.25 301.3397094742862
486 121.5 301.3433605613333
487 121.75 301.3470120324891
488 122 301.3506638879087
489 122.25 301.3543161277485
490 122.5 301.3579687521639
491 122.75 301.3616217613099
492 123 301.3652751553447
493 123.25 301.3689289344243
494 123.5 301.3725830987066
495 123.75 301.3762376483484
496 124 301.3798925835072
497 124.25 301.3835479043418
498 124.5 301.3872036110093
499 124.75 301.3908597036685
500 125 301.3945161824773
501 125.25 301.398173047595
502 125.5 301.4018302991796
503 125.75 301.4054879373892
504 126 301.4091459623837
505 126.25 301.412804374321
506 126.5 301.4164631733605
507 126.75 301.4201223596606
508 127 301.4237819333803
509 127.25 301.4274418946782
510 127.5 301.431102243713
511 127.75 301.4347629806439
512 128 301.4384241056289
513 128.25 301.4420856188261
514 128.5 301.445747520394
515 128.75 301.4494098104913
516 129 301.4530724892751
517 129.25 301.4567355569038
518 129.5 301.4603990135354
519 129.75 301.4640628593262
520 130 301.4677270944343
521 130.25 301.4713917190157
522 130.5 301.475056733228
523 130.75 301.4787221372271
524 131 301.4823879311691
525 131.25 301.4860541152097
526 131.5 301.4897206895045
527 131.75 301.4933876542088
528 132 301.4970550094764
529 132.25 301.5007227554631
530 132.5 301.504390892322
531 132.75 301.508059420207
532 133 301.5117283392712
533 133.25 301.5153976496671
534 133.5 301.5190673515476
535 133.75 301.5227374450637
536 134 301.5264079303681
537 134.25 301.5300788076113
538 134.5 301.533750076943
539 134.75 301.5374217385144
540 135 301.5410937924736
541 135.25 301.5447662389706
542 135.5 301.5484390781533
543 135.75 301.55211231017
544 136 301.5557859351673
545 136.25 301.5594599532929
546 136.5 301.5631343646921
547 136.75 301.5668091695104
548 137 301.5704843678928
549 137.25 301.5741599599847
550 137.5 301.577835945928
551 137.75 301.5815123258669
552 138 301.5851890999443
553 138.25 301.5888662683004
554 138.5 301.592543831078
555 138.75 301.5962217884162
556 139 301.5999001404555
557 139.25 301.6035788873342
558 139.5 301.6072580291916
559 139.75 301.6109375661649
560 140 301.6146174983909
561 140.25 301.6182978260054
562 140.5 301.6219785491444
563 140.75 301.6256596679424
564 141 301.6293411825337
565 141.25 301.6330230930506
566 141.5 301.6367053996266
567 141.75 301.6403881023924
568 142 301.6440712014792
569 142.25 301.6477546970167
570 142.5 301.6514385891346
571 142.75 301.6551228779607
572 143 301.6588075636234
573 143.25 301.6624926462485
574 143.5 301.6661781259626
575 143.75 301.6698640028907
576 144 301.6735502771569
577 144.25 301.6772369488842
578 144.5 301.6809240181958
579 144.75 301.6846114852133
580 145 301.6882993500566
581 145.25 301.6919876128462
582 145.5 301.6956762737013
583 145.75 301.6993653327394
584 146 301.7030547900785
585 146.25 301.7067446458336
586 146.5 301.7104349001216
587 146.75 301.7141255530561
588 147 301.7178166047511
589 147.25 301.7215080553178
590 147.5 301.7251999048698
591 147.75 301.7288921535164
592 148 301.7325848013681
593 148.25 301.7362778485334
594 148.5 301.7399712951203
595 148.75 301.7436651412355
596 149 301.7473593869856
597 149.25 301.7510540324748
598 149.5 301.7547490778074
599 149.75 301.758444523086
600 150 301.7621403684132
601 150.25 301.7658366138897
602 150.5 301.7695332596155
603 150.75 301.7732303056898
604 151 301.7769277522102
605 151.25 301.7806255992742
606 151.5 301.7843238469783
607 151.75 301.7880224954157
608 152 301.791721544682
609 152.25 301.7954209948694
610 152.5 301.7991208460698
611 152.75 301.8028210983746
612 153 301.8065217518729
613 153.25 301.8102228066541
614 153.5 301.8139242628053
615 153.75 301.817626120414
616 154 301.8213283795656
617 154.25 301.8250310403439
618 154.5 301.8287341028333
619 154.75 301.8324375671162
620 155 301.8361414332736
621 155.25 301.8398457013863
622 155.5 301.8435503715331
623 155.75 301.8472554437926
624 156 301.8509609182411
625 156.25 301.8546667949557
626 156.5 301.858373074011
627 156.75 301.8620797554808
628 157 301.8657868394378
629 157.25 301.8694943259538
630 157.5 301.8732022150997
631 157.75 301.8769105069443
632 158 301.8806192015559
633 158.25 301.8843282990027
634 158.5 301.888037799351
635 158.75 301.8917477026646
636 159 301.8954580090081
637 159.25 301.8991687184445
638 159.5 301.9028798310363
639 159.75 301.9065913468431
640 160 301.9103032659247
641 160.25 301.9140155883392
642 160.5 301.9177283141448
643 160.75 301.921441443397
644 161 301.9251549761505
645 161.25 301.92886891246
646 161.5 301.932583252378
647 161.75 301.9362979959562
648 162 301.9400131432448
649 162.25 301.943728694294
650 162.5 301.9474446491507
651 162.75 301.9511610078639
652 163 301.9548777704782
653 163.25 301.9585949370385
654 163.5 301.9623125075889
655 163.75 301.9660304821714
656 164 301.9697488608289
657 164.25 301.9734676436001
658 164.5 301.9771868305251
659 164.75 301.9809064216414
660 165 301.9846264169855
661 165.25 301.9883468165946
662 165.5 301.992067620501
663 165.75 301.9957888287394
664 166 301.9995104413427
665 166.25 302.0032324583406
666 166.5 302.006954879764
667 166.75 302.0106777056408
668 167 302.0144009359992
669 167.25 302.0181245708654
670 167.5 302.0218486102654
671 167.75 302.0255730542223
672 168 302.0292979027597
673 168.25 302.0330231558995
674 168.5 302.0367488136615
675 168.75 302.0404748760667
676 169 302.0442013431322
677 169.25 302.0479282148754
678 169.5 302.0516554913124
679 169.75 302.0553831724579
680 170 302.0591112583263
681 170.25 302.0628397489297
682 170.5 302.0665686442784
683 170.75 302.0702979443841
684 171 302.074027649255
685 171.25 302.0777577588992
686 171.5 302.0814882733231
687 171.75 302.0852191925332
688 172 302.0889505165321
689 172.25 302.0926822453245
690 172.5 302.0964143789116
691 172.75 302.1001469172945
692 173 302.103879860473
693 173.25 302.1076132084455
694 173.5 302.1113469612088
695 173.75 302.1150811187597
696 174 302.1188156810931
697 174.25 302.1225506482028
698 174.5 302.1262860200811
699 174.75 302.1300217967197
700 175 302.133757978109
701 175.25 302.1374945642384
702 175.5 302.1412315550951
703 175.75 302.1449689506663
704 176 302.1487067509383
705 176.25 302.1524449558943
706 176.5 302.1561835655186
707 176.75 302.1599225797925
708 177 302.1636619986979
709 177.25 302.1674018222138
710 177.5 302.1711420503188
711 177.75 302.174882682991
712 178 302.1786237202065
713 178.25 302.1823651619399
714 178.5 302.1861070081652
715 178.75 302.1898492588556
716 179 302.1935919139823
717 179.25 302.1973349735164
718 179.5 302.2010784374265
719 179.75 302.2048223056813
720 180 302.2066230154147
721 180.25 302.2084228853436
722 180.5 302.210221890051
723 180.75 302.2119631714718
724 181 302.2136015064378
725 181.25 302.215123170801
726 181.5 302.2165395823628
727 181.75 302.2178675535386
728 182 302.219120499117
729 182.25 302.2203052961088
730 182.5 302.2214437711173
731 182.75 302.2225024153437
732 183 302.2234991252892
733 183.25 302.2244820666891
734 183.5 302.2254600215243
735 183.75 302.2264131238562
736 184 302.22719601768
737 184.25 302.2279025447768
738 184.5 302.228593858053
739 184.75 302.2291973684225
740 185 302.2297861433307
741 185.25 302.2302824873445
742 185.5 302.2307654683338
743 185.75 302.2311568099961
744 186 302.2314914133397
745 186.25 302.2318184844785
746 186.5 302.232056037379
747 186.75 302.2322846793347
748 187 302.2324225432722
749 187.25 302.2325118826197
750 187.5 302.2325567860385
751 187.75 302.2325972429417
752 188 302.2325571839619
753 188.25 302.2325105205588
754 188.5 302.2323896939624
755 188.75 302.2322625146992
756 189 302.2320593879128
757 189.25 302.2318503906105
758 189.5 302.2315644005145
759 189.75 302.2312379423208
760 190 302.2309053174958
761 190.25 302.2305347333996
762 190.5 302.2301596396695
763 190.75 302.2297842118229
764 191 302.2294036781863
765 191.25 302.2290243917733
766 191.5 302.2286469120334
767 191.75 302.2282708981836
768 192 302.227896051032
769 192.25 302.2275221459438
770 192.5 302.2271489983389
771 192.75 302.2267763901841
772 193 302.2264043428303
773 193.25 302.2260328257741
774 193.5 302.2256618021374
775 193.75 302.2252912235402
776 194 302.224921052312
777 194.25 302.2245512438311
778 194.5 302.2241817683559
779 194.75 302.2238125650615
780 195 302.2234435915959
781 195.25 302.2230747707501
782 195.5 302.2227060691686
783 195.75 302.2223374835591
784 196 302.221968948618
785 196.25 302.2216004351656
786 196.5 302.2212318726314
787 196.75 302.2208631965547
788 197 302.2204944204794
789 197.25 302.2201255270714
790 197.5 302.2197565354339
791 197.75 302.2193874271242
792 198 302.2190182095885
793 198.25 302.2186488407883
794 198.5 302.218279311226
795 198.75 302.217909620362
796 199 302.2175398227297
797 199.25 302.2171699200084
798 199.5 302.2167999476397
799 199.75 302.2164298997773
800 200 302.21605980151
801 200.25 302.215689649462
802 200.5 302.2153194582071
803 200.75 302.2149492520327
804 201 302.2145790066213
805 201.25 302.2142083427175
806 201.5 302.2138379304286
807 201.75 302.2134677800981
808 202 302.2130977407
809 202.25 302.2127281969568
810 202.5 302.2123591367964
811 202.75 302.2119903585024
812 203 302.2116217871305
813 203.25 302.2112532898929
814 203.5 302.2108847778831
815 203.75 302.2105161906493
816 204 302.2101475099852
817 204.25 302.2097786061339
818 204.5 302.2094098003462
819 204.75 302.2090384930333
820 205 302.2086688569709
821 205.25 302.2083006136754
822 205.5 302.2079331940039
823 205.75 302.2075662495237
824 206 302.2071995917042
825 206.25 302.2068331260794
826 206.5 302.2064668043896
827 206.75 302.2060943030429
828 207 302.2057179839169
829 207.25 302.2053392287287
830 207.5 302.2049592781361
831 207.75 302.204578756296
832 208 302.2041979238205
833 208.25 302.203816921237
834 208.5 302.2034359063106
835 208.75 302.2030549829053
836 209 302.2026742302124
837 209.25 302.2022937067641
838 209.5 302.2019134609906
839 209.75 302.2015334963916
840 210 302.2011537812379
841 210.25 302.2007743767746
842 210.5 302.2003953326337
843 210.75 302.2000167439352
844 211 302.1996386614871
845 211.25 302.1992611627257
846 211.5 302.1988842189903
847 211.75 302.1985079042944
848 212 302.1981321568781
849 212.25 302.1977569606062
850 212.5 302.1973822294988
851 212.75 302.1970079634046
852 213 302.1966340580008
853 213.25 302.1962604803705
854 213.5 302.1958871301713
855 213.75 302.1955140136826
856 214 302.1951410508887
857 214.25 302.1947682779744
858 214.5 302.1943956345342
859 214.75 302.1940231439663
860 215 302.1936507479499
861 215.25 302.1932784884972
862 215.5 302.1929062971196
863 215.75 302.1925342252053
864 216 302.1921622078268
865 216.25 302.1917902740676
866 216.5 302.1914183446247
867 216.75 302.1910464775376
868 217 302.1906745711436
869 217.25 302.1903026483882
870 217.5 302.1899306402016
871 217.75 302.1895586080404
872 218 302.1891864818085
873 218.25 302.1888143146827
874 218.5 302.1884420489064
875 218.75 302.1880697727897
876 219 302.1876974195036
877 219.25 302.1873250558875
878 219.5 302.1869525930192
879 219.75 302.1865800901534
880 220 302.1862074665264
881 220.25 302.1858347917067
882 220.5 302.1854619610626
883 220.75 302.1850890046024
884 221 302.184715836273
885 221.25 302.1843425783516
886 221.5 302.1839691839522
887 221.75 302.1835957632758
888 222 302.1832222915588
889 222.25 302.1828488875326
890 222.5 302.1824755378815
891 222.75 302.1821023384703
892 223 302.1817292732162
893 223.25 302.1813564070229
894 223.5 302.1809837413158
895 223.75 302.1806113614215
896 224 302.1802392421141
897 224.25 302.179867477099
898 224.5 302.179496021623
899 224.75 302.1791249857374
900 225 302.1787543692378
901 225.25 302.1783842032654
902 225.5 302.1780144620789
903 225.75 302.1776451768039
904 226 302.1772763792713
905 226.25 302.1769081425443
906 226.5 302.1765404985632
907 226.75 302.1761735070681
908 227 302.1758071966749
909 227.25 302.1754416123331
910 227.5 302.1750768032203
911 227.75 302.1747127294636
912 228 302.1743492786763
913 228.25 302.1739864680534
914 228.5 302.1736242018541
915 228.75 302.1732624406214
916 229 302.1729011045927
917 229.25 302.1725401509865
918 229.5 302.1721795106948
919 229.75 302.1718191164922
920 230 302.1714589053316
921 230.25 302.1710988364536
922 230.5 302.1707388356467
923 230.75 302.1703788591122
924 231 302.1700187872363
925 231.25 302.1696585949305
926 231.5 302.1692981910088
927 231.75 302.1689375796427
928 232 302.1685767079707
929 232.25 302.1682155965524
930 232.5 302.1678542231822
931 232.75 302.1674926191298
932 233 302.1671307661318
933 233.25 302.166768671096
934 233.5 302.1664064112742
935 233.75 302.1660440522466
936 234 302.165681648858
937 234.25 302.1653192700118
938 234.5 302.1649569571715
939 234.75 302.1645947224707
940 235 302.1642325668934
941 235.25 302.1638704981226
942 235.5 302.1635085120616
943 235.75 302.1631466074055
944 236 302.1627848002636
945 236.25 302.1624230458825
946 236.5 302.1620613409687
947 236.75 302.1616996844838
948 237 302.161338110481
949 237.25 302.1609766551587
950 237.5 302.1606154281591
951 237.75 302.1602544407424
952 238 302.1598937037451
953 238.25 302.1595332400091
954 238.5 302.1591730966949
955 238.75 302.1588132822027
956 239 302.158453859627
957 239.25 302.1580949221712
958 239.5 302.157736560294
959 239.75 302.1573788847036
960 240 302.1570220445046
961 240.25 302.156666036736
962 240.5 302.1563103971269
963 240.75 302.1559557414952
964 241 302.1556028802416
965 241.25 302.1552518392134
966 241.5 302.1549024157592
967 241.75 302.1545541326158
968 242 302.1542066469262
969 242.25 302.1538596963514
970 242.5 302.1535131861347
971 242.75 302.1531671074927
972 243 302.1528215324041
973 243.25 302.1524764891236
974 243.5 302.1521319553771
975 243.75 302.1517878696789
976 244 302.1514441640156
977 244.25 302.1511007574766
978 244.5 302.1507576155929
979 244.75 302.1504147087015
980 245 302.1500719935471
981 245.25 302.149729377208
982 245.5 302.1493868519456
983 245.75 302.1490443713694
984 246 302.1487019477084
985 246.25 302.1483595179695
986 246.5 302.1480170764976
987 246.75 302.1476745330365
988 247 302.1473318791583
989 247.25 302.1469890222095
990 247.5 302.1466459543423
991 247.75 302.1463025973121
992 248 302.1459589563107
993 248.25 302.145614984851
994 248.5 302.1452707487439
995 248.75 302.1449262132373
996 249 302.144581428508
997 249.25 302.1442364068575
998 249.5 302.1438912788427
999 249.75 302.1435460486252
1000 250 302.1432008138515
1001 250.25 302.1428554573624
1002 250.5 302.1425100646505
1003 250.75 302.1421645715288
1004 251 302.1418191513774
1005 251.25 302.1414737612172
1006 251.5 302.1411285374256
1007 251.75 302.1407834676502
1008 252 302.1404386424838
1009 252.25 302.1400940101137
1010 252.5 302.1397496366006
1011 252.75 302.1394054887202
1012 253 302.1390616399397
1013 253.25 302.1387180700004
1014 253.5 302.138374883314
1015 253.75 302.1380320927887
1016 254 302.1376897833132
1017 254.25 302.1373479515416
1018 254.5 302.1370066733502
1019 254.75 302.1366658096711
1020 255 302.1363254659346
1021 255.25 302.135985645118
1022 255.5 302.1356464729023
1023 255.75 302.1353136209717
1024 256 302.1349845249201
1025 256.25 302.134657157705
1026 256.5 302.1343308022253
1027 256.75 302.1340051173166
1028 257 302.1336800294948
1029 257.25 302.1333555053155
1030 257.5 302.1330315273189
1031 257.75 302.132708020923
1032 258 302.1323849593365
1033 258.25 302.1320622993564
1034 258.5 302.1317399923938
1035 258.75 302.1314179876416
1036 259 302.1310962415106
1037 259.25 302.1307747110619
1038 259.5 302.1304533640656
1039 259.75 302.130132129108
1040 260 302.1298109492796
1041 260.25 302.12948974855
1042 260.5 302.1291684129058
1043 260.75 302.1288468605255
1044 261 302.1285250962684
1045 261.25 302.1282030834071
1046 261.5 302.1278809109095
1047 261.75 302.127558577078
1048 262 302.127236191536
1049 262.25 302.1269137644007
1050 262.5 302.1265914584642
1051 262.75 302.1262692866941
1052 263 302.1259473987118
1053 263.25 302.1256257550012
1054 263.5 302.1253044804601
1055 263.75 302.1249835507542
1056 264 302.1246630405505
1057 264.25 302.1243429290956
1058 264.5 302.1240239798111
1059 264.75 302.1237064339355
1060 265 302.1233898754531
1061 265.25 302.1230739768865
1062 265.5 302.1227585987855
1063 265.75 302.1224436121949
1064 266 302.1221288996885
1065 266.25 302.1218143075142
1066 266.5 302.1214997273431
1067 266.75 302.1211851005856
1068 267 302.1208703808367
1069 267.25 302.1205555938819
1070 267.5 302.1202407105779
1071 267.75 302.1199257642168
1072 268 302.1196107603678
1073 268.25 302.1192957492754
1074 268.5 302.1189808069269
1075 268.75 302.1186660317926
1076 269 302.1183514675916
1077 269.25 302.1180372243212
1078 269.5 302.1177233218314
1079 269.75 302.1174098953849
1080 270 302.1171022742828
1081 270.25 302.1167977064849
1082 270.5 302.1164950199649
1083 270.75 302.1161933262588
1084 271 302.1158922304651
1085 271.25 302.1155916685353
1086 271.5 302.1152915826802
1087 271.75 302.1149917742404
1088 272 302.1146921435245
1089 272.25 302.1143921597809
1090 272.5 302.1140892719379
1091 272.75 302.1137843972219
1092 273 302.1134791730109
1093 273.25 302.1131745296439
1094 273.5 302.1128708523603
1095 273.75 302.1125680632127
1096 274 302.1122659802692
1097 274.25 302.1119645055372
1098 274.5 302.1116635063403
1099 274.75 302.1113629760287
1100 275 302.1110628644442
1101 275.25 302.1107631722132
1102 275.5 302.1104638295051
1103 275.75 302.1101648075095
1104 276 302.10986600838
1105 276.25 302.1095673988714
1106 276.5 302.109268939137
1107 276.75 302.108970617896
1108 277 302.1086723955967
1109 277.25 302.1083770765994
1110 277.5 302.1080836527762
1111 277.75 302.1077914077248
1112 278 302.1074998823735
1113 278.25 302.1072089064252
1114 278.5 302.1069184618141
1115 278.75 302.1066285788866
1116 279 302.1063391864661
1117 279.25 302.1060502730373
1118 279.5 302.105761729105
1119 279.75 302.105473563645
1120 280 302.1051856801772
1121 280.25 302.1048980978094
1122 280.5 302.1046107153016
1123 280.75 302.1043235644607
1124 281 302.1040365544767
1125 281.25 302.1037497265849
1126 281.5 302.1034630042512
1127 281.75 302.1031764233726
1128 282 302.1028898980906
1129 282.25 302.1026034564325
1130 282.5 302.1023169930709
1131 282.75 302.1020317848587
1132 283 302.1017472382819
1133 283.25 302.1014632080945
1134 283.5 302.1011796070028
1135 283.75 302.1008964023641
1136 284 302.1006135646073
1137 284.25 302.1003310566866
1138 284.5 302.1000488231433
1139 284.75 302.0997667407593
1140 285 302.0994846955523
1141 285.25 302.0992025857308
1142 285.5 302.0989203043642
1143 285.75 302.0986377306797
1144 286 302.0983547512878
1145 286.25 302.0980712881393
1146 286.5 302.0977873083121
1147 286.75 302.0975028261978
1148 287 302.0972178160416
1149 287.25 302.0969323390889
1150 287.5 302.096646428979
1151 287.75 302.096360239071
1152 288 302.0960738668473
1153 288.25 302.095787467254
1154 288.5 302.0955010341818
1155 288.75 302.0952146153273
1156 289 302.0949281548525
1157 289.25 302.094641720381
1158 289.5 302.0943552512174
1159 289.75 302.0940688558999
1160 290 302.0937825272839
1161 290.25 302.0934963694108
1162 290.5 302.093210393981
1163 290.75 302.0929247196571
1164 291 302.0926393539544
1165 291.25 302.0923544045996
1166 291.5 302.0920698592302
1167 291.75 302.0917858045294
1168 292 302.0915022491883
1169 292.25 302.0912193167971
1170 292.5 302.0909370603881
1171 292.75 302.0906555976554
1172 293 302.0903749707492
1173 293.25 302.0900952969926
1174 293.5 302.0898166466754
1175 293.75 302.0895391176574
1176 294 302.0892627406423
1177 294.25 302.0889876041251
1178 294.5 302.0887136399108
1179 294.75 302.0884408105005
1180 295 302.0881689229834
1181 295.25 302.0878978805908
1182 295.5 302.0876275034157
1183 295.75 302.0873577650297
1184 296 302.0870884931981
1185 296.25 302.0868196700818
1186 296.5 302.0865511707669
1187 296.75 302.0862829738869
1188 297 302.0860149059997
1189 297.25 302.0857469172476
1190 297.5 302.0854788518709
1191 297.75 302.0852106796372
1192 298 302.0849423255554
1193 298.25 302.0846738318639
1194 298.5 302.0844051764527
1195 298.75 302.0841364037257
1196 299 302.0838674836044
1197 299.25 302.0835984582588
1198 299.5 302.0833293801455
1199 299.75 302.0830603496595
1200 300 302.0827914107078
1201 300.25 302.0825226477831
1202 300.5 302.0822540714734
1203 300.75 302.0819857526209
1204 301 302.0817176517833
1205 301.25 302.0814498257958
1206 301.5 302.0811823340816
1207 301.75 302.0809153192947
1208 302 302.0806488243915
1209 302.25 302.0803829002783
1210 302.5 302.0801175633961
1211 302.75 302.0798528392476
1212 303 302.0795887315415
1213 303.25 302.0793252463394
1214 303.5 302.0790643568772
1215 303.75 302.0788057173103
1216 304 302.0785488096458
1217 304.25 302.0782932228611
1218 304.5 302.0780387329938
1219 304.75 302.077785209143
1220 305 302.0775324932218
1221 305.25 302.0772804230477
1222 305.5 302.0770288817264
1223 305.75 302.0767777597842
1224 306 302.0765269502302
1225 306.25 302.0762763478877
1226 306.5 302.0760258481111
1227 306.75 302.0757753608616
1228 307 302.0755247888752
1229 307.25 302.0752740309416
1230 307.5 302.0750229932241
1231 307.75 302.0747716253517
1232 308 302.0745199003775
1233 308.25 302.0742678102891
1234 308.5 302.0740153551762
1235 308.75 302.0737624760127
1236 309 302.0735092127453
1237 309.25 302.0732555344753
1238 309.5 302.0730014837043
1239 309.75 302.072747054071
1240 310 302.0724923883289
1241 310.25 302.0722374929364
1242 310.5 302.0719825360524
1243 310.75 302.071727514207
1244 311 302.0714725078897
1245 311.25 302.0712175028721
1246 311.5 302.0709626233347
1247 311.75 302.0707078642286
1248 312 302.0704533105655
1249 312.25 302.0701989837187
1250 312.5 302.0699449701086
1251 312.75 302.0696913009112
1252 313 302.069438060885
1253 313.25 302.0691852815265
1254 313.5 302.0689330532416
1255 313.75 302.0686813885389
1256 314 302.0684304062821
1257 314.25 302.068180159909
1258 314.5 302.0679306802617
1259 314.75 302.0676819722604
1260 315 302.0674340855551
1261 315.25 302.0671870758583
1262 315.5 302.0669410545629
1263 315.75 302.0666960805712
1264 316 302.0664522309555
1265 316.25 302.0662095118351
1266 316.5 302.0659678658682
1267 316.75 302.0657271202576
1268 317 302.065487134003
1269 317.25 302.0652477368535
1270 317.5 302.0650088418893
1271 317.75 302.0647702945695
1272 318 302.0645319841914
1273 318.25 302.0642937778031
1274 318.5 302.0640556017448
1275 318.75 302.0638173785027
1276 319 302.0635790635164
1277 319.25 302.0633406063853
1278 319.5 302.0631020217585
1279 319.75 302.0628633220683
1280 320 302.0626245811604
1281 320.25 302.06238584697
1282 320.5 302.0621471727337
1283 320.75 302.0619086336159
1284 321 302.0616703057002
1285 321.25 302.0614322399677
1286 321.5 302.0611945281404
1287 321.75 302.060957212031
1288 322 302.0607203019935
1289 322.25 302.060483845192
1290 322.5 302.0602478857734
1291 322.75 302.0600124432264
1292 323 302.0597775618432
1293 323.25 302.0595432234979
1294 323.5 302.0593094717539
1295 323.75 302.0590762917615
1296 324 302.0588436366116
1297 324.25 302.0586115381503
1298 324.5 302.0583799782862
1299 324.75 302.0581489581646
1300 325 302.0579184772701
1301 325.25 302.0576884586625
1302 325.5 302.0574588614693
1303 325.75 302.0572295120432
1304 326 302.0570006666778
1305 326.25 302.0567730989225
1306 326.5 302.0565468935362
1307 326.75 302.0563218966975
1308 327 302.0560981815233
1309 327.25 302.0558755554326
1310 327.5 302.0556538858227
1311 327.75 302.0554329609526
1312 328 302.0552126688391
1313 328.25 302.054992925068
1314 328.5 302.0547736915204
1315 328.75 302.0545549181724
1316 329 302.0543365804452
1317 329.25 302.0541186031606
1318 329.5 302.0539009735206
1319 329.75 302.0536836125892
1320 330 302.0534665212336
1321 330.25 302.0532496161152
1322 330.5 302.0530329176204
1323 330.75 302.0528163425199
1324 331 302.0525999136131
1325 331.25 302.052383553036
1326 331.5 302.0521672884575
1327 331.75 302.0519510778395
1328 332 302.0517349457609
1329 332.25 302.051518798702
1330 332.5 302.0513026517733
1331 332.75 302.0510863902796
1332 333 302.0508699819719
1333 333.25 302.0506533432707
1334 333.5 302.0504365638966
1335 333.75 302.0502195444868
1336 334 302.0500022986334
1337 334.25 302.0497847312022
1338 334.5 302.049566898851
1339 334.75 302.0493488332532
1340 335 302.0491306234233
1341 335.25 302.0489122415138
1342 335.5 302.0486937787158
1343 335.75 302.0484752016815
1344 336 302.0482556855533
1345 336.25 302.0480370617619
1346 336.5 302.0478193444195
1347 336.75 302.0476016876945
1348 337 302.047385290475
1349 337.25 302.0471704344797
1350 337.5 302.0469567562288
1351 337.75 302.0467438816068
1352 338 302.0465316480144
1353 338.25 302.0463199561671
1354 338.5 302.0461087361446
1355 338.75 302.0458978716162
1356 339 302.0456872770656
1357 339.25 302.0454768065181
1358 339.5 302.045266355998
1359 339.75 302.0450558418453
1360 340 302.0448451922334
1361 340.25 302.0446343925454
1362 340.5 302.0444234610734
1363 340.75 302.0442124259874
1364 341 302.044001346077
1365 341.25 302.0437903244703
1366 341.5 302.0435794241361
1367 341.75 302.0433686937909
1368 342 302.0431611187442
1369 342.25 302.0429562673895
1370 342.5 302.042753000082
1371 342.75 302.0425505396516
1372 343 302.0423484932417
1373 343.25 302.0421466923895
1374 343.5 302.0419450754098
1375 343.75 302.0417435746954
1376 344 302.0415421428086
1377 344.25 302.0413407384255
1378 344.5 302.0411393135435
1379 344.75 302.040937788383
1380 345 302.0407361346715
1381 345.25 302.0405342754892
1382 345.5 302.0403321799205
1383 345.75 302.0401298384739
1384 346 302.0399272851015
1385 346.25 302.0397245364746
1386 346.5 302.0395216744993
1387 346.75 302.03931882126
1388 347 302.0391161869852
1389 347.25 302.0389138494185
1390 347.5 302.0387119549165
1391 347.75 302.0385105055321
1392 348 302.0383105920502
1393 348.25 302.0381115082806
1394 348.5 302.0379126980473
1395 348.75 302.0377137747664
1396 349 302.0375147234776
1397 349.25 302.0373155727222
1398 349.5 302.0371163862793
1399 349.75 302.0369172495928
1400 350 302.0367183276021
1401 350.25 302.0365196566311
1402 350.5 302.0363213624834
1403 350.75 302.0361235169069
1404 351 302.0359261738168
1405 351.25 302.0357293971638
1406 351.5 302.0355332221987
1407 351.75 302.0353377025893
1408 352 302.0351428910168
1409 352.25 302.0349488299163
1410 352.5 302.0347555178154
1411 352.75 302.0345629340564
1412 353 302.0343710290675
1413 353.25 302.0341797740921
1414 353.5 302.0339890864824
1415 353.75 302.0337989674192
1416 354 302.0336093254468
1417 354.25 302.0334202072146
1418 354.5 302.0332315267261
1419 354.75 302.0330433016051
1420 355 302.0328554589036
1421 355.25 302.0326680193451
1422 355.5 302.0324809170635
1423 355.75 302.032294179821
1424 356 302.032107716246
1425 356.25 302.0319215528219
1426 356.5 302.0317355713224
1427 356.75 302.0315497643597
1428 357 302.0313640395702
1429 357.25 302.031178398475
1430 357.5 302.0309927241871
1431 357.75 302.0308070105681
1432 358 302.0306217030334
1433 358.25 302.0304361128025
1434 358.5 302.0302503307919
1435 358.75 302.0300645436152
1436 359 302.0298789100287
1437 359.25 302.0296934572048
1438 359.5 302.0295081736404
1439 359.75 302.0293230467187
1440 360 302.0291380398271
1441 360.25 302.0289531614826
1442 360.5 302.0287683723492
1443 360.75 302.0285836159171
1444 361 302.0283987979154
1445 361.25 302.0282138203647
1446 361.5 302.0280285520542
1447 361.75 302.0278429019783
1448 362 302.0276568019928
1449 362.25 302.0274702420618
1450 362.5 302.0272832050549
1451 362.75 302.0270957248795
1452 363 302.02690778277
1453 363.25 302.0267195075916
1454 363.5 302.0265308939831
1455 363.75 302.0263420874055
1456 364 302.0261531055189
1457 364.25 302.0259641010802
1458 364.5 302.0257750007543
1459 364.75 302.0255859031204
1460 365 302.0253968033472
1461 365.25 302.0252078613323
1462 365.5 302.0250190618058
1463 365.75 302.0248305186141
1464 366 302.0246421782379
1465 366.25 302.0244541446866
1466 366.5 302.0242663955804
1467 366.75 302.0240790569335
1468 367 302.0238921220067
1469 367.25 302.0237057456134
1470 367.5 302.0235198868789
1471 367.75 302.0233346520027
1472 368 302.0231499728499
1473 368.25 302.0229659903397
1474 368.5 302.0227826923568
1475 368.75 302.0226002250593
1476 369 302.0224185555975
1477 369.25 302.0222377860941
1478 369.5 302.0220577468659
1479 369.75 302.0218784727852
1480 370 302.0216997987723
1481 370.25 302.0215216683795
1482 370.5 302.021343858763
1483 370.75 302.0211663311105
1484 371 302.0209889031351
1485 371.25 302.0208116004696
1486 371.5 302.0206342876654
1487 371.75 302.0204570468709
1488 372 302.0202797656627
1489 372.25 302.0201025645512
1490 372.5 302.0199253932402
1491 372.75 302.0197484368522
1492 373 302.0195716863297
1493 373.25 302.0193953319152
1494 373.5 302.0192192831877
1495 373.75 302.0190437086777
1496 374 302.0188685310102
1497 374.25 302.0186938540908
1498 374.5 302.0185196332729
1499 374.75 302.01834604862
1500 375 302.0181731083599
1501 375.25 302.018000947629
1502 375.5 302.0178295021856
1503 375.75 302.0176596520899
1504 376 302.0174909816901
1505 376.25 302.0173232980075
1506 376.5 302.0171561734917
1507 376.75 302.0169892706477
1508 377 302.0168223735831
1509 377.25 302.0166553247601
1510 377.5 302.0164880697246
1511 377.75 302.0163205712796
1512 378 302.0161528256515
1513 378.25 302.0159848383371
1514 378.5 302.0158166306338
1515 378.75 302.0156482377333
1516 379 302.0154796898486
1517 379.25 302.01531104727
1518 379.5 302.0151423613269
1519 379.75 302.0149736911034
1520 380 302.0148051003051
1521 380.25 302.0146366879321
1522 380.5 302.0144685105298
1523 380.75 302.014300772545
1524 381 302.0141335038352
1525 381.25 302.0139668661815
1526 381.5 302.0138008579567
1527 381.75 302.0136356380135
1528 382 302.0134711732208
1529 382.25 302.0133075670462
1530 382.5 302.0131447777881
1531 382.75 302.01298291848
1532 383 302.0128219293262
1533 383.25 302.0126619462529
1534 383.5 302.012503023645
1535 383.75 302.0123452302774
1536 384 302.0121884805128
1537 384.25 302.0120327411758
1538 384.5 302.0118778280477
1539 384.75 302.0117236497317
1540 385 302.0115701106213
1541 385.25 302.0114171410561
1542 385.5 302.0112646789838
1543 385.75 302.0111126854507
1544 386 302.010961120652
1545 386.25 302.0108099423429
1546 386.5 302.0106590674397
1547 386.75 302.0105084708028
1548 387 302.0103580807854
1549 387.25 302.010207871168
1550 387.5 302.0100577657608
1551 387.75 302.0099042132573
1552 388 302.0097469533108
1553 388.25 302.0095873004997
1554 388.5 302.0094266670449
1555 388.75 302.0092657621781
1556 389 302.0091048468158
1557 389.25 302.0089440365666
1558 389.5 302.0087833991822
1559 389.75 302.0086230239605
1560 390 302.008462994797
1561 390.25 302.0083033958682
1562 390.5 302.0081443164437
1563 390.75 302.0079857748467
1564 391 302.0078277224833
1565 391.25 302.0076701113456
1566 391.5 302.0075129309833
1567 391.75 302.0073561915107
1568 392 302.0071998949489
1569 392.25 302.0070440642462
1570 392.5 302.0068886651932
1571 392.75 302.0067336746062
1572 393 302.0065790082729
1573 393.25 302.0064246069884
1574 393.5 302.0062703661542
1575 393.75 302.0061162152252
1576 394 302.0059620415717
1577 394.25 302.005807776282
1578 394.5 302.0056533923349
1579 394.75 302.0054988919745
1580 395 302.0053443015585
1581 395.25 302.0051896965656
1582 395.5 302.0050351018604
1583 395.75 302.0048805855805
1584 396 302.0047262066199
1585 396.25 302.004571960002
1586 396.5 302.0044179161989
1587 396.75 302.0042640762351
1588 397 302.0041105884455
1589 397.25 302.0039574292799
1590 397.5 302.0038047429379
1591 397.75 302.0036524632685
1592 398 302.0035007520065
1593 398.25 302.0033495651195
1594 398.5 302.0031990405863
1595 398.75 302.0030491127688
1596 399 302.002899954995
1597 399.25 302.0027514699487
1598 399.5 302.0026037343492
1599 399.75 302.0024567203961
1600 400 302.0023111236948
1601 400.25 302.0021669649043
1602 400.5 302.0020239595801
1603 400.75 302.0018819548163
1604 401 302.0017408558732
1605 401.25 302.0016006136349
1606 401.5 302.0014611580377
1607 401.75 302.0013224075813
1608 402 302.0011843463907
1609 402.25 302.0010468304901
1610 402.5 302.0009097724532
1611 402.75 302.0007730222397
1612 403 302.0006365048277
1613 403.25 302.0005001942959
1614 403.5 302.0003640558317
1615 403.75 302.0002280882154
1616 404 302.000092200429
1617 404.25 301.9999564375382
1618 404.5 301.9998206810245
1619 404.75 301.9996849758758
1620 405 301.9995491916451
1621 405.25 301.9994133864305
1622 405.5 301.999277417951
1623 405.75 301.9991413458682
1624 406 301.9990050082557
1625 406.25 301.998868489658
1626 406.5 301.9987316654778
1627 406.75 301.9985945829582
1628 407 301.9984571196856
1629 407.25 301.9983193229439
1630 407.5 301.998181092046
1631 407.75 301.998042534432
1632 408 301.9979036499072
1633 408.25 301.9977646053854
1634 408.5 301.9976253845392
1635 408.75 301.9974862193841
1636 409 301.9973471748042
1637 409.25 301.9972083637916
1638 409.5 301.9970697748515
1639 409.75 301.9969315633913
1640 410 301.9967937287503
1641 410.25 301.9966564063451
1642 410.5 301.9965195666849
1643 410.75 301.9963853595685
1644 411 301.9962546463106
1645 411.25 301.996126740976
1646 411.5 301.9960001439927
1647 411.75 301.9958742130371
1648 412 301.9957486986357
1649 412.25 301.995623516439
1650 412.5 301.995498579294
1651 412.75 301.9953738492678
1652 413 301.9952492783933
1653 413.25 301.995124850949
1654 413.5 301.9950005765523
1655 413.75 301.9948764385675
1656 414 301.9947524177354
1657 414.25 301.9946285006512
1658 414.5 301.9945046233044
1659 414.75 301.9943807287686
1660 415 301.9942567325589
1661 415.25 301.9941325836186
1662 415.5 301.9940082249334
1663 415.75 301.9938836290772
1664 416 301.9937587350454
1665 416.25 301.9936343498366
1666 416.5 301.9935093227489
1667 416.75 301.9933840269487
1668 417 301.9932588310015
1669 417.25 301.9931338636168
1670 417.5 301.993009170094
1671 417.75 301.992884756391
1672 418 301.992760669249
1673 418.25 301.99263699147
1674 418.5 301.9925137761474
1675 418.75 301.9923910146624
1676 419 301.9922686861262
1677 419.25 301.9921467044421
1678 419.5 301.9920249815109
1679 419.75 301.9919034293727
1680 420 301.9917819423724
1681 420.25 301.9916603843675
1682 420.5 301.9915385853013
1683 420.75 301.9914163367014
1684 421 301.9912935387571
1685 421.25 301.9911701001964
1686 421.5 301.9910460149729
1687 421.75 301.9909212553544
1688 422 301.9907959387349
1689 422.25 301.9906701108962
1690 422.5 301.9905439297646
1691 422.75 301.9904174356055
1692 423 301.9902908464863
1693 423.25 301.9901641578964
1694 423.5 301.9900374806876
1695 423.75 301.9899107808063
1696 424 301.9897841626657
1697 424.25 301.9896575736679
1698 424.5 301.9895311136679
1699 424.75 301.9894046737127
1700 425 301.9892782817905
1701 425.25 301.9891518684158
1702 425.5 301.9890255714121
1703 425.75 301.9888993232705
1704 426 301.9887731859996
1705 426.25 301.9886471192751
1706 426.5 301.9885212190034
1707 426.75 301.9883954418534
1708 427 301.9882698605655
1709 427.25 301.9881444608931
1710 427.5 301.9880193242151
1711 427.75 301.9878944562164
1712 428 301.9877698808824
1713 428.25 301.9876455966913
1714 428.5 301.9875217039472
1715 428.75 301.9873981257688
1716 429 301.9872749621474
1717 429.25 301.9871522259199
1718 429.5 301.9870300603462
1719 429.75 301.9869084170679
1720 430 301.9867873947882
1721 430.25 301.9866669480857
1722 430.5 301.986547083767
1723 430.75 301.9864277064036
1724 431 301.9863088100956
1725 431.25 301.9861903389904
1726 431.5 301.9860722801782
1727 431.75 301.9859545484043
1728 432 301.9858370619377
1729 432.25 301.9857196905228
1730 432.5 301.9856025000941
1731 432.75 301.9854853913275
1732 433 301.985368410119
1733 433.25 301.9852514224154
1734 433.5 301.9851345016107
1735 433.75 301.9850175852525
1736 434 301.9849007121359
1737 434.25 301.984783839133
1738 434.5 301.9846670478094
1739 434.75 301.9845503047164
1740 435 301.9844337282816
1741 435.25 301.9843173031308
1742 435.5 301.9842011338989
1743 435.75 301.984085249844
1744 436 301.9839698207505
1745 436.25 301.9838548218451
1746 436.5 301.9837404303054
1747 436.75 301.9836265975769
1748 437 301.9835134726767
1749 437.25 301.983400959926
1750 437.5 301.9832891349175
1751 437.75 301.983177928071
1752 438 301.9830674379645
1753 438.25 301.9829576757244
1754 438.5 301.9828487719719
1755 438.75 301.9827406160614
1756 439 301.9826340644424
1757 439.25 301.9825288782323
1758 439.5 301.9824248622841
1759 439.75 301.9823217846962
1760 440 301.9822195558759
1761 440.25 301.9821180790038
1762 440.5 301.9820172474777
1763 440.75 301.9819169757288
1764 441 301.981817203428
1765 441.25 301.9817178585419
1766 441.5 301.981618863539
1767 441.75 301.9815201702116
1768 442 301.9814217041899
1769 442.25 301.9813233997852
1770 442.5 301.9812252158427
1771 442.75 301.9811271115059
1772 443 301.9810291097067
1773 443.25 301.9809311320565
1774 443.5 301.9808332308488
1775 443.75 301.9807352877248
1776 444 301.9806373360494
1777 444.25 301.9805392191249
1778 444.5 301.9804409538354
1779 444.75 301.9803423790945
1780 445 301.9802435197785
1781 445.25 301.9801441955627
1782 445.5 301.9800444332736
1783 445.75 301.9799440973724
1784 446 301.9798433424061
1785 446.25 301.9797421409211
1786 446.5 301.9796406347036
1787 446.75 301.9795387676277
1788 447 301.9794366196762
1789 447.25 301.9793341731101
1790 447.5 301.9792315546563
1791 447.75 301.9791287389565
1792 448 301.9790258195284
1793 448.25 301.9789227239417
1794 448.5 301.9788195300098
1795 448.75 301.9787161564195
1796 449 301.9786126711469
1797 449.25 301.9785089992158
1798 449.5 301.9784052030349
1799 449.75 301.9783012239688
1800 450 301.9781970760288
1801 450.25 301.9780927101209
1802 450.5 301.9779881851688
1803 450.75 301.977883497014
1804 451 301.9777786879156
1805 451.25 301.9776737113349
1806 451.5 301.9775686532258
1807 451.75 301.9774635116332
1808 452 301.9773583647786
1809 452.25 301.9772532180751
1810 452.5 301.9771481347246
1811 452.75 301.9770430992488
1812 453 301.9769381820339
1813 453.25 301.9768334068412
1814 453.5 301.9767288240345
1815 453.75 301.9766243896434
1816 454 301.9765201790917
1817 454.25 301.976416259893
1818 454.5 301.9763127330346
1819 454.75 301.9762096852365
1820 455 301.9761072181137
1821 455.25 301.976005329484
1822 455.5 301.9759041365006
1823 455.75 301.9758036909669
1824 456 301.9757042668222
1825 456.25 301.9756059297575
1826 456.5 301.9755086878413
1827 456.75 301.975412357343
1828 457 301.9753168117358
1829 457.25 301.9752218703453
1830 457.5 301.9751274544905
1831 457.75 301.9750334473457
1832 458 301.9749397680085
1833 458.25 301.9748462431596
1834 458.5 301.9747527335634
1835 458.75 301.9746590529336
1836 459 301.9745650877613
1837 459.25 301.9744707221374
1838 459.5 301.9743759514752
1839 459.75 301.9742807886098
1840 460 301.9741853281697
1841 460.25 301.9740895898961
1842 460.5 301.9739936947248
1843 460.75 301.9738977427096
1844 461 301.9738018381088
1845 461.25 301.9737060310163
1846 461.5 301.9736104309817
1847 461.75 301.9735151117758
1848 462 301.9734201719206
1849 462.25 301.9733256555305
1850 462.5 301.9732315754071
1851 462.75 301.9731379706027
1852 463 301.9730449033238
1853 463.25 301.9729543405027
1854 463.5 301.9728659134603
1855 463.75 301.9727791513617
1856 464 301.9726936999795
1857 464.25 301.9726093375428
1858 464.5 301.9725258671864
1859 464.75 301.9724431945718
1860 465 301.972361259151
1861 465.25 301.9722799703018
1862 465.5 301.972199219173
1863 465.75 301.9721189360643
1864 466 301.9720390505798
1865 466.25 301.9719594636205
1866 466.5 301.9718801493339
1867 466.75 301.9718010357087
1868 467 301.9717221231181
1869 467.25 301.9716433146623
1870 467.5 301.9715646380095
1871 467.75 301.9714859865386
1872 468 301.9714073974791
1873 468.25 301.9713287625651
1874 468.5 301.971250116782
1875 468.75 301.9711713367128
1876 469 301.9710924370179
1877 469.25 301.9710132700855
1878 469.5 301.970933817524
1879 469.75 301.9708539053977
1880 470 301.9707734899588
1881 470.25 301.97069250117
1882 470.5 301.9706109452598
1883 470.75 301.9705287214729
1884 471 301.9704458392126
1885 471.25 301.9703622767995
1886 471.5 301.9702781272467
1887 471.75 301.9701933926925
1888 472 301.9701082026869
1889 472.25 301.9700225656574
1890 472.5 301.9699365235259
1891 472.75 301.9698501000287
1892 473 301.9697633857284
1893 473.25 301.9696763915703
1894 473.5 301.9695891678151
1895 473.75 301.9695017312125
1896 474 301.9694141847935
1897 474.25 301.9693265616509
1898 474.5 301.969238945778
1899 474.75 301.969151343789
1900 475 301.9690638151124
1901 475.25 301.9689763644296
1902 475.5 301.9688890844478
1903 475.75 301.9688019544861
1904 476 301.9687150755187
1905 476.25 301.9686284530244
1906 476.5 301.9685422262033
1907 476.75 301.9684563873251
1908 477 301.9683709919521
1909 477.25 301.9682860330518
1910 477.5 301.9682016198508
1911 477.75 301.9681192487031
1912 478 301.9680396210188
1913 478.25 301.9679628958428
1914 478.5 301.9678883084215
1915 478.75 301.9678152011429
1916 479 301.967742844031
1917 479.25 301.9676708859701
1918 479.5 301.9675991871103
1919 479.75 301.9675276811549
1920 480 301.9674563716551
1921 480.25 301.9673851852475
1922 480.5 301.9673141135937
1923 480.75 301.9672431447723
1924 481 301.9671723215574
1925 481.25 301.967101693519
1926 481.5 301.9670313147336
1927 481.75 301.9669612648789
1928 482 301.9668915733543
1929 482.25 301.9668222213575
1930 482.5 301.9667531818912
1931 482.75 301.9666843669281
1932 483 301.9666157922197
1933 483.25 301.9665473388031
1934 483.5 301.9664790395143
1935 483.75 301.9664107497716
1936 484 301.9663424816469
1937 484.25 301.9662740821329
1938 484.5 301.966205560502
1939 484.75 301.9661367385934
1940 485 301.9660676228552
1941 485.25 301.9659981063397
1942 485.5 301.9659282240934
1943 485.75 301.9658578459847
1944 486 301.9657869548472
1945 486.25 301.9657154300521
1946 486.5 301.9656434530941
1947 486.75 301.9655710032633
1948 487 301.9654982778047
1949 487.25 301.9654252622062
1950 487.5 301.9653521024233
1951 487.75 301.9652787776079
1952 488 301.9652053850709
1953 488.25 301.9651318890026
1954 488.5 301.9650583856182
1955 488.75 301.9649848512389
1956 489 301.9649113129159
1957 489.25 301.9648377473617
1958 489.5 301.9647642635333
1959 489.75 301.964690864024
1960 490 301.9646176010611
1961 490.25 301.9645444398355
1962 490.5 301.964469756878
1963 490.75 301.9643939411401
1964 491 301.9643185177783
1965 491.25 301.9642442585359
1966 491.5 301.9641739264044
1967 491.75 301.9641050840339
1968 492 301.9640364245662
1969 492.25 301.963967730438
1970 492.5 301.9638991840708
1971 492.75 301.9638309805093
1972 493 301.9637632568422
1973 493.25 301.9636960649447
1974 493.5 301.9636295001868
1975 493.75 301.963563523616
1976 494 301.9634981040544
1977 494.25 301.9634332244541
1978 494.5 301.9633688219971
1979 494.75 301.9633048034541
1980 495 301.9632411142792
1981 495.25 301.9631776795347
1982 495.5 301.9631143970986
1983 495.75 301.9630511612939
1984 496 301.962987881848
1985 496.25 301.96292447873
1986 496.5 301.962860880816
1987 496.75 301.96279701173
1988 497 301.9627327951627
1989 497.25 301.9626681561508
1990 497.5 301.9626031184204
1991 497.75 301.962537661071
1992 498 301.9624718535194
1993 498.25 301.9624056878499
1994 498.5 301.9623417284959
1995 498.75 301.9622782023676
1996 499 301.9622145365348
1997 499.25 301.9621507625605
1998 499.5 301.9620870379664
1999 499.75 301.9620235594675
2000 500 301.9619604197201
2001 500.25 301.9618977370947
2002 500.5 301.9618356327582
2003 500.75 301.9617741531589
2004 501 301.9617134072319
2005 501.25 301.9616533918982
2006 501.5 301.9615941348642
2007 501.75 301.9615355815495
2008 502 301.9614777191618
2009 502.25 301.9614204938717
2010 502.5 301.9613638183915
2011 502.75 301.9613076377697
2012 503 301.9612519232725
2013 503.25 301.9611966139854
2014 503.5 301.9611416510036
2015 503.75 301.9610869837379
2016 504 301.9610325559467
2017 504.25 301.9609783354944
2018 504.5 301.960924280177
2019 504.75 301.9608703971686
2020 505 301.9608166555352
2021 505.25 301.9607630697836
2022 505.5 301.9607095870583
2023 505.75 301.960656220393
2024 506 301.9606029078205
2025 506.25 301.9605496722372
2026 506.5 301.9604964321421
2027 506.75 301.9604431854814
2028 507 301.9603898571929
2029 507.25 301.9603364678384
2030 507.5 301.9602829259894
2031 507.75 301.9602292682888
2032 508 301.9601754373893
2033 508.25 301.9601214841066
2034 508.5 301.9600673646749
2035 508.75 301.9600131317505
2036 509 301.9599587127985
2037 509.25 301.9599041786365
2038 509.5 301.959849416251
2039 509.75 301.9597931541978
2040 510 301.9597351279858
2041 510.25 301.9596762154787
2042 510.5 301.9596173306317
2043 510.75 301.9595588638496
2044 511 301.9595010416346
2045 511.25 301.9594436523763
2046 511.5 301.959386636679
2047 511.75 301.9593298990206
2048 512 301.9592733904266
2049 512.25 301.9592171603675
2050 512.5 301.9591612604041
2051 512.75 301.9591056891474
2052 513 301.9590504670044
2053 513.25 301.9589956454192
2054 513.5 301.9589412536915
2055 513.75 301.9588873063795
2056 514 301.9588338111017
2057 514.25 301.9587807161631
2058 514.5 301.9587280212739
2059 514.75 301.9586757086188
2060 515 301.9586237654264
2061 515.25 301.9585721684662
2062 515.5 301.9585208800914
2063 515.75 301.9584698997382
2064 516 301.9584191617848
2065 516.25 301.958368591797
2066 516.5 301.9583180785328
2067 516.75 301.9582675134179
2068 517 301.9582168041453
2069 517.25 301.9581658558416
2070 517.5 301.9581145723781
2071 517.75 301.9580629030855
2072 518 301.9580107534816
2073 518.25 301.957958047943
2074 518.5 301.957904734443
2075 518.75 301.9578507548389
2076 519 301.9577961527372
2077 519.25 301.9577409977651
2078 519.5 301.9576853932272
2079 519.75 301.9576294788836
2080 520 301.9575733589376
2081 520.25 301.9575171544928
2082 520.5 301.9574609079226
2083 520.75 301.9574046874708
2084 521 301.9573484567589
2085 521.25 301.9572922317379
2086 521.5 301.9572359973434
2087 521.75 301.9571798012315
2088 522 301.9571235893206
2089 522.25 301.9570673930456
2090 522.5 301.9570110962835
2091 522.75 301.9569546904219
2092 523 301.9568981361976
2093 523.25 301.956841467491
2094 523.5 301.9567845761744
2095 523.75 301.9567275058651
2096 524 301.9566701816402
2097 524.25 301.9566126404031
2098 524.5 301.9565548627056
2099 524.75 301.9564969137509
2100 525 301.9564387536479
2101 525.25 301.9563805230653
2102 525.5 301.9563221457697
2103 525.75 301.9562637485477
2104 526 301.9562052809792
2105 526.25 301.9561468022575
2106 526.5 301.9560882862394
2107 526.75 301.9560298949055
2108 527 301.9559715308643
2109 527.25 301.9559133090859
2110 527.5 301.9558551508051
2111 527.75 301.9557972016515
2112 528 301.9557394210048
2113 528.25 301.9556819128027
2114 528.5 301.9556246554461
2115 528.75 301.9555677408323
2116 529 301.9555111743136
2117 529.25 301.9554550953912
2118 529.5 301.9553994339813
2119 529.75 301.9553443776157
2120 530 301.9552898561789
2121 530.25 301.9552360251624
2122 530.5 301.955182796594
2123 530.75 301.9551303167515
2124 531 301.9550784238729
2125 531.25 301.9550272312139
2126 531.5 301.9549765988437
2127 531.75 301.9549265075859
2128 532 301.9548768233744
2129 532.25 301.9548275500161
2130 532.5 301.9547786018132
2131 532.75 301.9547301355263
2132 533 301.9546820336141
2133 533.25 301.9546344383655
2134 533.5 301.9545872661955
2135 533.75 301.9545408197081
2136 534 301.954495032707
2137 534.25 301.954450104624
2138 534.5 301.9544059938916
2139 534.75 301.9543632889227
2140 535 301.9543205578154
2141 535.25 301.9542774051782
2142 535.5 301.9542339154444
2143 535.75 301.9541902094969
2144 536 301.9541464384704
2145 536.25 301.9541026974564
2146 536.5 301.9540590044326
2147 536.75 301.9540153434389
2148 537 301.9539716995077
2149 537.25 301.9539280209403
2150 537.5 301.9538843022267
2151 537.75 301.9538405132644
2152 538 301.9537965921945
2153 538.25 301.9537524963553
2154 538.5 301.953708151086
2155 538.75 301.9536634646934
2156 539 301.9536183841718
2157 539.25 301.9535728613308
2158 539.5 301.9535268753679
2159 539.75 301.953480423474
2160 540 301.9534334860249
2161 540.25 301.9533861017548
2162 540.5 301.9533382893508
2163 540.75 301.9532900685838
2164 541 301.9532414981351
2165 541.25 301.9531926408824
2166 541.5 301.953143557062
2167 541.75 301.9530942845405
2168 542 301.9530448187945
2169 542.25 301.9529951445107
2170 542.5 301.9529453060993
2171 542.75 301.9528953532782
2172 543 301.9528453386557
2173 543.25 301.9527953269099
2174 543.5 301.952745393792
2175 543.75 301.9526954986814
2176 544 301.9526457328942
2177 544.25 301.9525961419209
2178 544.5 301.9525468170842
2179 544.75 301.9524977989103
2180 545 301.9524491236892
2181 545.25 301.9524007497993
2182 545.5 301.9523527540285
2183 545.75 301.9523051638208
2184 546 301.9522580717468
2185 546.25 301.9522114575328
2186 546.5 301.9521654083903
2187 546.75 301.9521198842608
2188 547 301.952074960107
2189 547.25 301.9520305811285
2190 547.5 301.9519868354922
2191 547.75 301.9519436765638
2192 548 301.9519012450818
2193 548.25 301.9518595185834
2194 548.5 301.9518186173364
2195 548.75 301.9517787639039
2196 549 301.9517395059213
2197 549.25 301.9516990675629
2198 549.5 301.9516578087234
2199 549.75 301.9516163536709
2200 550 301.9515787091706
2201 550.25 301.9515439556988
2202 550.5 301.9515110173566
2203 550.75 301.9514789990869
2204 551 301.9514474186799
2205 551.25 301.9514160944589
2206 551.5 301.9513849559986
2207 551.75 301.951353928251
2208 552 301.951322949905
2209 552.25 301.9512919228205
2210 552.5 301.9512607349443
2211 552.75 301.9512272450967
2212 553 301.9511906994808
2213 553.25 301.9511516109434
2214 553.5 301.9511111955131
2215 553.75 301.9510701537745
2216 554 301.951028674924
2217 554.25 301.9509856009824
2218 554.5 301.950941912125
2219 554.75 301.9508979815936
2220 555 301.9508539534276
2221 555.25 301.9508100199578
2222 555.5 301.9507663139696
2223 555.75 301.9507230149661
2224 556 301.9506802450666
2225 556.25 301.9506380865635
2226 556.5 301.9505966186425
2227 556.75 301.9505558699281
2228 557 301.9505158761531
2229 557.25 301.9504765739779
2230 557.5 301.9504379491046
2231 557.75 301.9503999823253
2232 558 301.9503626335332
2233 558.25 301.9503258490638
2234 558.5 301.9502895800606
2235 558.75 301.950253766207
2236 559 301.9502183124361
2237 559.25 301.9501831037294
2238 559.5 301.9501480935037
2239 559.75 301.9501132616786
2240 560 301.9500785621051
2241 560.25 301.9500440560716
2242 560.5 301.9500097489864
2243 560.75 301.9499758098624
2244 561 301.9499445079243
2245 561.25 301.9499150069815
2246 561.5 301.9498869240697
2247 561.75 301.949859510551
2248 562 301.949832361324
2249 562.25 301.9498053334771
2250 562.5 301.9497783963292
2251 562.75 301.9497514971857
2252 563 301.9497246079786
2253 563.25 301.9496976985404
2254 563.5 301.9496708060354
2255 563.75 301.9496438819845
2256 564 301.9496169038972
2257 564.25 301.9495882212196
2258 564.5 301.9495570483654
2259 564.75 301.9495237630137
2260 565 301.9494896258815
2261 565.25 301.9494552188177
2262 565.5 301.9494207161253
2263 565.75 301.9493861828499
2264 566 301.9493516806576
2265 566.25 301.9493172440539
2266 566.5 301.9492829266847
2267 566.75 301.9492487028118
2268 567 301.9492145547197
2269 567.25 301.9491804691252
2270 567.5 301.9491464462399
2271 567.75 301.9491125216258
2272 568 301.9490786941217
2273 568.25 301.9490449285971
2274 568.5 301.9490112663524
2275 568.75 301.9489777256903
2276 569 301.9489443802121
2277 569.25 301.9489112423985
2278 569.5 301.948878329172
2279 569.75 301.9488456482341
2280 570 301.948813232879
2281 570.25 301.9487811256429
2282 570.5 301.9487493495934
2283 570.75 301.9487179368108
2284 571 301.9486869309454
2285 571.25 301.9486563908908
2286 571.5 301.9486263779846
2287 571.75 301.9485969020471
2288 572 301.9485680074397
2289 572.25 301.9485396738428
2290 572.5 301.9485119339944
2291 572.75 301.9484848046745
2292 573 301.9484582705751
2293 573.25 301.9484322847318
2294 573.5 301.9484068273574
2295 573.75 301.9483820017785
2296 574 301.9483580760014
2297 574.25 301.9483349473992
2298 574.5 301.9483122743378
2299 574.75 301.9482899403422
2300 575 301.9482678125224
2301 575.25 301.9482457850485
2302 575.5 301.9482237824724
2303 575.75 301.9482017479169
2304 576 301.9481796412977
2305 576.25 301.9481574412604
2306 576.5 301.9481362407253
2307 576.75 301.9481157290514
2308 577 301.9480955720682
2309 577.25 301.9480755434698
2310 577.5 301.9480555631067
2311 577.75 301.9480356055304
2312 578 301.9480156323677
2313 578.25 301.9479956179716
2314 578.5 301.9479755392943
2315 578.75 301.9479553966991
2316 579 301.9479351924024
2317 579.25 301.9479149435952
2318 579.5 301.9478946243465
2319 579.75 301.947874190101
2320 580 301.9478535889447
2321 580.25 301.9478327386914
2322 580.5 301.9478115161614
2323 580.75 301.9477898031405
2324 581 301.947767512492
2325 581.25 301.9477446376127
2326 581.5 301.9477210500369
2327 581.75 301.9476966674718
2328 582 301.9476714482831
2329 582.25 301.9476454396353
2330 582.5 301.94761874458
2331 582.75 301.9475914459521
2332 583 301.9475636155132
2333 583.25 301.947535268666
2334 583.5 301.9475063480267
2335 583.75 301.9474766222256
2336 584 301.947446437119
2337 584.25 301.9474159992265
2338 584.5 301.9473854400209
2339 584.75 301.94735486933
2340 585 301.947324350944
2341 585.25 301.9472939228821
2342 585.5 301.9472635602383
2343 585.75 301.9472332341689
2344 586 301.9472029906225
2345 586.25 301.9471729001643
2346 586.5 301.9471429978269
2347 586.75 301.9471133064243
2348 587 301.9470838161162
2349 587.25 301.9470544862801
2350 587.5 301.9470253212372
2351 587.75 301.9469963339199
2352 588 301.9469675310076
2353 588.25 301.9469389113331
2354 588.5 301.9469104986272
2355 588.75 301.9468823125259
2356 589 301.9468543304396
2357 589.25 301.9468264374168
2358 589.5 301.9467985784368
2359 589.75 301.9467706985063
2360 590 301.9467427104831
2361 590.25 301.9467145236532
2362 590.5 301.9466860858221
2363 590.75 301.9466573173164
2364 591 301.9466281962253
2365 591.25 301.9465987525178
2366 591.5 301.9465690082894
2367 591.75 301.9465390497463
2368 592 301.9465089530041
2369 592.25 301.9464788452669
2370 592.5 301.946448760371
2371 592.75 301.9464188039101
2372 593 301.9463889377675
2373 593.25 301.9463593284871
2374 593.5 301.9463299468491
2375 593.75 301.9463009302278
2376 594 301.9462722353002
2377 594.25 301.9462439931577
2378 594.5 301.9462161807745
2379 594.75 301.9461888546008
2380 595 301.9461619291498
2381 595.25 301.9461355218108
2382 595.5 301.946109582386
2383 595.75 301.9460841628493
2384 596 301.946059175176
2385 596.25 301.9460346479379
2386 596.5 301.9460105702672
2387 596.75 301.9459868880296
2388 597 301.9459635160547
2389 597.25 301.9459404549837
2390 597.5 301.9459175867912
2391 597.75 301.9458950083946
2392 598 301.9458728030605
2393 598.25 301.945851049756
2394 598.5 301.9458297924906
2395 598.75 301.9458092398352
2396 599 301.945789411446
2397 599.25 301.9457704729243
2398 599.5 301.9457523879014
2399 599.75 301.9457355985501
2400 600 301.9457175598664
2401 600.25 301.9456973245187
2402 600.5 301.9456758702908
2403 600.75 301.9456540586021
2404 601 301.9456321224007
2405 601.25 301.9456100320773
2406 601.5 301.9455877624553
2407 601.75 301.9455653290147
2408 602 301.9455427795489
2409 602.25 301.9455201696075
2410 602.5 301.9454975113496
2411 602.75 301.9454747841863
2412 603 301.94545197473
2413 603.25 301.9454290666733
2414 603.5 301.9454060951631
2415 603.75 301.9453830674117
2416 604 301.9453600093939
2417 604.25 301.9453369172461
2418 604.5 301.9453137627229
2419 604.75 301.9452905292167
2420 605 301.9452672650059
2421 605.25 301.9452439611271
2422 605.5 301.9452206199501
2423 605.75 301.9451972731132
2424 606 301.9451738885471
2425 606.25 301.945150459495
2426 606.5 301.9451270324941
2427 606.75 301.9451036380246
2428 607 301.9450802910175
2429 607.25 301.9450570823565
2430 607.5 301.9450340384345
2431 607.75 301.9450111617966
2432 608 301.9449885170768
2433 608.25 301.9449660912845
2434 608.5 301.9449439335949
2435 608.75 301.9449220856295
2436 609 301.9449005837839
2437 609.25 301.9448794993475
2438 609.5 301.944858903313
2439 609.75 301.944838817678
2440 610 301.9448192824449
2441 610.25 301.9448004148035
2442 610.5 301.9447822377355
2443 610.75 301.9447648806343
2444 611 301.9447482617069
2445 611.25 301.9447323978153
2446 611.5 301.9447171939199
2447 611.75 301.9447025524908
2448 612 301.94468836123
2449 612.25 301.9446745607656
2450 612.5 301.9446609868534
2451 612.75 301.9446475680618
2452 613 301.9446341987879
2453 613.25 301.9446208131415
2454 613.5 301.9446072834091
2455 613.75 301.9445935408035
2456 614 301.9445794823309
2457 614.25 301.9445650246428
2458 614.5 301.94455006357
2459 614.75 301.9445345494373
2460 615 301.9445183982126
2461 615.25 301.9445016012942
2462 615.5 301.9444841321193
2463 615.75 301.9444660636809
2464 616 301.9444474876426
2465 616.25 301.9444286044238
2466 616.5 301.9444095009661
2467 616.75 301.9443902751111
2468 617 301.9443709686574
2469 617.25 301.9443516742676
2470 617.5 301.9443324071697
2471 617.75 301.9443132371173
2472 618 301.9442944081817
2473 618.25 301.944276096493
2474 618.5 301.9442585476691
2475 618.75 301.9442417224614
2476 619 301.9442255797833
2477 619.25 301.9442100581633
2478 619.5 301.9441951070175
2479 619.75 301.9441806228404
2480 620 301.9441664749352
2481 620.25 301.9441526079502
2482 620.5 301.9441388234094
2483 620.75 301.9441250225698
2484 621 301.9441110939089
2485 621.25 301.944096990198
2486 621.5 301.9440826908901
2487 621.75 301.9440681791659
2488 622 301.9440534198712
2489 622.25 301.9440383836117
2490 622.5 301.944023075556
2491 622.75 301.944007501258
2492 623 301.9439916485427
2493 623.25 301.9439755193305
2494 623.5 301.9439591088883
2495 623.75 301.9439423779826
2496 624 301.9439253197034
2497 624.25 301.9439079683767
2498 624.5 301.9438903149052
2499 624.75 301.9438723448524
2500 625 301.9438540729685
2501 625.25 301.943835498905
2502 625.5 301.9438166528207
2503 625.75 301.9437975229444
2504 626 301.9437781495052
2505 626.25 301.9437585797068
2506 626.5 301.9437389243508
2507 626.75 301.9437192535074
2508 627 301.9436997069125
2509 627.25 301.9436812762006
2510 627.5 301.9436674494963
2511 627.75 301.9436569299338
2512 628 301.9436478518085
2513 628.25 301.94363923207
2514 628.5 301.94363069282
2515 628.75 301.9436221492892
2516 629 301.943613511678
2517 629.25 301.9436046919263
2518 629.5 301.9435956150857
2519 629.75 301.9435873761866
2520 630 301.9435787830452
2521 630.25 301.9435691378917
2522 630.5 301.9435589959581
2523 630.75 301.9435485455571
2524 631 301.9435377498552
2525 631.25 301.9435265522147
2526 631.5 301.9435148976561
2527 631.75 301.9435027821336
2528 632 301.9434901769048
2529 632.25 301.943477073296
2530 632.5 301.9434634026572
2531 632.75 301.9434491712111
2532 633 301.9434344574689
2533 633.25 301.9434192848994
2534 633.5 301.9434036775893
2535 633.75 301.9433877087693
2536 634 301.9433715752343
2537 634.25 301.9433554261739
2538 634.5 301.9433394964451
2539 634.75 301.9433239160605
2540 635 301.9433088185175
2541 635.25 301.9432941636045
2542 635.5 301.9432800430579
2543 635.75 301.9432664781143
2544 636 301.9432534443812
2545 636.25 301.9432410081765
2546 636.5 301.9432292016734
2547 636.75 301.9432180287874
2548 637 301.9432074892031
2549 637.25 301.9431975357942
2550 637.5 301.9431881111651
2551 637.75 301.9431791512947
2552 638 301.9431706086175
2553 638.25 301.9431624173124
2554 638.5 301.9431544992001
2555 638.75 301.943146754728
2556 639 301.9431391316468
2557 639.25 301.9431315663848
2558 639.5 301.9431239915589
2559 639.75 301.9431163420643
2560 640 301.9431085362936
2561 640.25 301.9431005589885
2562 640.5 301.9430923895714
2563 640.75 301.9430840530421
2564 641 301.9430755657965
2565 641.25 301.9430669380765
2566 641.5 301.9430581596051
2567 641.75 301.9430492054059
2568 642 301.9430400217785
2569 642.25 301.9430305345769
2570 642.5 301.9430206590496
2571 642.75 301.9430102740973
2572 643 301.9429992966288
2573 643.25 301.9429876352369
2574 643.5 301.9429753016636
2575 643.75 301.9429659066589
2576 644 301.9429582971543
2577 644.25 301.9429519988842
2578 644.5 301.942946476473
2579 644.75 301.9429414732792
2580 645 301.9429368818979
2581 645.25 301.9429325848548
2582 645.5 301.9429285260337
2583 645.75 301.9429246471118
2584 646 301.9429208985454
2585 646.25 301.942917251226
2586 646.5 301.9429136608404
2587 646.75 301.9429100778639
2588 647 301.9429064473828
2589 647.25 301.9429027134535
2590 647.5 301.9428988285734
2591 647.75 301.9428947445667
2592 648 301.94289041103
2593 648.25 301.9428857914616
2594 648.5 301.9428808760603
2595 648.75 301.9428756548285
2596 649 301.9428701517286
2597 649.25 301.942864343914
2598 649.5 301.9428582455992
2599 649.75 301.9428518563705
2600 650 301.942845230169
2601 650.25 301.9428383288025
2602 650.5 301.9428310963522
2603 650.75 301.9428217751144
2604 651 301.9428096402258
2605 651.25 301.9427955270073
2606 651.5 301.9427806633139
2607 651.75 301.9427653097494
2608 652 301.9427499210723
2609 652.25 301.9427345774511
2610 652.5 301.9427192380963
2611 652.75 301.9427038138027
2612 653 301.9426882263789
2613 653.25 301.9426724131087
2614 653.5 301.9426563708984
2615 653.75 301.9426400964196
2616 654 301.9426235926874
2617 654.25 301.9426069008446
2618 654.5 301.9425899976968
2619 654.75 301.9425729577044
2620 655 301.9425558582031
2621 655.25 301.9425387860453
2622 655.5 301.9425217941708
2623 655.75 301.9425049466361
2624 656 301.9424883280665
2625 656.25 301.9424721061955
2626 656.5 301.9424563609874
2627 656.75 301.9424412407301
2628 657 301.9424267636207
2629 657.25 301.9424129613298
2630 657.5 301.9423999002962
2631 657.75 301.942387592591
2632 658 301.9423760665701
2633 658.25 301.9423653293568
2634 658.5 301.9423553915061
2635 658.75 301.9423462349932
2636 659 301.9423388762639
2637 659.25 301.9423335509408
2638 659.5 301.9423295962625
2639 659.75 301.9423263152187
2640 660 301.9423233271776
2641 660.25 301.9423204070808
2642 660.5 301.9423174037143
2643 660.75 301.942314208944
2644 661 301.9423107245896
2645 661.25 301.9423068826043
2646 661.5 301.9423006733671
2647 661.75 301.9422909760524
2648 662 301.9422787004542
2649 662.25 301.9422655588374
2650 662.5 301.9422522614097
2651 662.75 301.9422393088403
2652 663 301.942227339473
2653 663.25 301.9422161407059
2654 663.5 301.9422052889851
2655 663.75 301.9421939991897
2656 664 301.9421822297673
2657 664.25 301.9421702515377
2658 664.5 301.9421582573173
2659 664.75 301.9421463198419
2660 665 301.9421371493754
2661 665.25 301.9421301220829
2662 665.5 301.9421245501372
2663 665.75 301.9421196272818
2664 666 301.9421149648464
2665 666.25 301.9421104227847
2666 666.5 301.9421066184218
2667 666.75 301.9421038491845
2668 667 301.9421016957837
2669 667.25 301.9420998413604
2670 667.5 301.9420981466309
2671 667.75 301.9420965497692
2672 668 301.9420949864529
2673 668.25 301.9420934067537
2674 668.5 301.9420917543816
2675 668.75 301.942090007411
2676 669 301.9420881352078
2677 669.25 301.9420861093078
2678 669.5 301.9420839223766
2679 669.75 301.9420815677761
2680 670 301.9420790060823
2681 670.25 301.942076138578
2682 670.5 301.9420728452534
2683 670.75 301.9420690283428
2684 671 301.9420645873766
2685 671.25 301.9420594745194
2686 671.5 301.9420536165982
2687 671.75 301.9420474615296
2688 672 301.9420399798565
2689 672.25 301.9420314631404
2690 672.5 301.9420225994004
2691 672.75 301.9420136697253
2692 673 301.9420047747382
2693 673.25 301.9419960255222
2694 673.5 301.9419875426185
2695 673.75 301.9419794773517
2696 674 301.9419719089908
2697 674.25 301.941964909285
2698 674.5 301.9419584623671
2699 674.75 301.9419525786343
2700 675 301.9419472851044
2701 675.25 301.9419425776534
2702 675.5 301.941938452595
2703 675.75 301.9419348172547
2704 676 301.9419315708698
2705 676.25 301.9419286505443
2706 676.5 301.9419259246234
2707 676.75 301.9419232195178
2708 677 301.941920358275
2709 677.25 301.9419172088136
2710 677.5 301.9419136720973
2711 677.75 301.941909676064
2712 678 301.9419051338162
2713 678.25 301.9418999813499
2714 678.5 301.941894134898
2715 678.75 301.9418875488025
2716 679 301.941880181222
2717 679.25 301.9418719932724
2718 679.5 301.9418629706913
2719 679.75 301.9418532158788
2720 680 301.9418428222077
2721 680.25 301.9418319152957
2722 680.5 301.9418206235704
2723 680.75 301.9418090015499
2724 681 301.9417970997513
2725 681.25 301.9417849253863
2726 681.5 301.9417724735031
2727 681.75 301.9417597727009
2728 682 301.9417468828166
2729 682.25 301.9417338556119
2730 682.5 301.9417206866352
2731 682.75 301.9417074191203
2732 683 301.9416941165368
2733 683.25 301.9416808107723
2734 683.5 301.9416675287725
2735 683.75 301.9416543536369
2736 684 301.9416413186036
2737 684.25 301.9416284866799
2738 684.5 301.9416186173439
2739 684.75 301.9416082775228
2740 685 301.9415972879046
2741 685.25 301.9415860507135
2742 685.5 301.9415749061745
2743 685.75 301.9415639848489
2744 686 301.9415532930557
2745 686.25 301.9415428472414
2746 686.5 301.9415326928036
2747 686.75 301.9415228979174
2748 687 301.9415134817414
2749 687.25 301.941504399458
2750 687.5 301.9414956199266
2751 687.75 301.9414870679873
2752 688 301.9414786784915
2753 688.25 301.9414704014686
2754 688.5 301.9414623078003
2755 688.75 301.9414544272694
2756 689 301.9414468112203
2757 689.25 301.9414394866282
2758 689.5 301.941432435717
2759 689.75 301.9414256616336
2760 690 301.9414190893372
2761 690.25 301.9414126068537
2762 690.5 301.9414061410404
2763 690.75 301.9413995697314
2764 691 301.9413927796462
2765 691.25 301.9413856523538
2766 691.5 301.9413780729948
2767 691.75 301.9413699445032
2768 692 301.9413612338706
2769 692.25 301.9413518584174
2770 692.5 301.9413417359999
2771 692.75 301.9413308331596
2772 693 301.9413191884892
2773 693.25 301.9413068810945
2774 693.5 301.9412939978986
2775 693.75 301.9412806178359
2776 694 301.9412668026453
2777 694.25 301.9412526446989
2778 694.5 301.9412381888696
2779 694.75 301.9412234636254
2780 695 301.941208525948
2781 695.25 301.9411934074313
2782 695.5 301.9411781584286
2783 695.75 301.9411628003106
2784 696 301.9411473259377
2785 696.25 301.9411317208847
2786 696.5 301.94111596521
2787 696.75 301.9411000742946
2788 697 301.9410840840904
2789 697.25 301.941068041691
2790 697.5 301.9410520036627
2791 697.75 301.9410359883725
2792 698 301.9410200188864
2793 698.25 301.9410041289049
2794 698.5 301.9409883823862
2795 698.75 301.9409727694035
2796 699 301.9409572863671
2797 699.25 301.9409419234815
2798 699.5 301.9409267178539
2799 699.75 301.9409116740961
2800 700 301.9408967579677
2801 700.25 301.9408819577981
2802 700.5 301.9408672694574
2803 700.75 301.9408526696038
2804 701 301.9408381180763
2805 701.25 301.9408235798412
2806 701.5 301.9408090310932
2807 701.75 301.9407944498366
2808 702 301.9407798338117
2809 702.25 301.940765179689
2810 702.5 301.9407505288793
2811 702.75 301.9407358873452
2812 703 301.9407212372884
2813 703.25 301.9407066593091
2814 703.5 301.9406921957578
2815 703.75 301.9406778886212
2816 704 301.9406638659976
2817 704.25 301.9406501737396
2818 704.5 301.9406369623838
2819 704.75 301.940624197228
2820 705 301.9406120261037
2821 705.25 301.9406004118302
2822 705.5 301.940589445626
2823 705.75 301.9405790057525
2824 706 301.9405691031226
2825 706.25 301.9405597004471
2826 706.5 301.9405508454026
2827 706.75 301.9405424268148
2828 707 301.9405345196922
2829 707.25 301.9405270213027
2830 707.5 301.9405199464778
2831 707.75 301.9405134661493
2832 708 301.940504959038
2833 708.25 301.9404947022505
2834 708.5 301.9404832044025
2835 708.75 301.9404709940637
2836 709 301.9404583152776
2837 709.25 301.9404452830351
2838 709.5 301.940431976355
2839 709.75 301.9404184880666
2840 710 301.9404049023242
2841 710.25 301.9403912594775
2842 710.5 301.9403776401076
2843 710.75 301.9403640858159
2844 711 301.9403505879473
2845 711.25 301.9403371551912
2846 711.5 301.9403238697855
2847 711.75 301.9403108139603
2848 712 301.9402980631875
2849 712.25 301.9402856773963
2850 712.5 301.9402737209044
2851 712.75 301.9402622008957
2852 713 301.9402511569621
2853 713.25 301.9402405692091
2854 713.5 301.9402303672777
2855 713.75 301.9402204910149
2856 714 301.940210885442
2857 714.25 301.9402014991968
2858 714.5 301.9401922926208
2859 714.75 301.9401832537663
2860 715 301.9401743390565
2861 715.25 301.9401655550466
2862 715.5 301.9401568513067
2863 715.75 301.9401482275599
2864 716 301.9401396372302
2865 716.25 301.9401310249247
2866 716.5 301.9401223542318
2867 716.75 301.9401136328853
2868 717 301.9401048828906
2869 717.25 301.9400960834623
2870 717.5 301.9400872230033
2871 717.75 301.9400783170599
2872 718 301.940069380753
2873 718.25 301.9400604689059
2874 718.5 301.9400515653043
2875 718.75 301.9400426926723
2876 719 301.9400338161174
2877 719.25 301.9400249340559
2878 719.5 301.9400160399341
2879 719.75 301.9400071406363
2880 720 301.9399982268411
2881 720.25 301.9399893087274
2882 720.5 301.9399803803325
2883 720.75 301.9399714182603
2884 721 301.9399623973792
2885 721.25 301.9399533065378
2886 721.5 301.9399441437631
2887 721.75 301.9399348841056
2888 722 301.9399255369936
2889 722.25 301.9399161102183
2890 722.5 301.9399066332716
2891 722.75 301.9398971164839
2892 723 301.9398875840117
2893 723.25 301.9398780864003
2894 723.5 301.9398687075459
2895 723.75 301.9398594866848
2896 724 301.9398504569235
2897 724.25 301.9398415793247
2898 724.5 301.9398328024897
2899 724.75 301.9398240966402
2900 725 301.9398154703286
2901 725.25 301.9398069144692
2902 725.5 301.9397984394825
2903 725.75 301.9397900020337
2904 726 301.9397817296043
2905 726.25 301.9397736806254
2906 726.5 301.9397659645136
2907 726.75 301.9397585659266
2908 727 301.9397514919452
2909 727.25 301.9397446898246
2910 727.5 301.9397381178408
2911 727.75 301.9397312931507
2912 728 301.9397241270997
2913 728.25 301.9397167102715
2914 728.5 301.9397090671281
2915 728.75 301.9397019600291
2916 729 301.9396911739968
2917 729.25 301.939677587757
2918 729.5 301.9396626668743
2919 729.75 301.9396471572322
2920 730 301.9396311882558
2921 730.25 301.9396148389114
2922 730.5 301.9395981427709
2923 730.75 301.9395811892607
2924 731 301.9395640598267
2925 731.25 301.93954677158
2926 731.5 301.939529413749
2927 731.75 301.9395120602253
2928 732 301.939494672073
2929 732.25 301.9394773498348
2930 732.5 301.939460147834
2931 732.75 301.9394431270844
2932 733 301.9394263812133
2933 733.25 301.9394099138922
2934 733.5 301.9393938599327
2935 733.75 301.9393782724374
2936 734 301.9393632942604
2937 734.25 301.9393489357925
2938 734.5 301.939335243025
2939 734.75 301.9393222749713
2940 735 301.9393100860898
2941 735.25 301.9392987667213
2942 735.5 301.9392883062271
2943 735.75 301.9392788374697
2944 736 301.9392705710035
2945 736.25 301.9392637879528
2946 736.5 301.9392595881632
2947 736.75 301.9392575264291
2948 737 301.9392564811538
2949 737.25 301.9392557929079
2950 737.5 301.9392552858034
2951 737.75 301.9392549207445
2952 738 301.9392546466514
2953 738.25 301.9392543845389
2954 738.5 301.9392540761002
2955 738.75 301.9392536601337
2956 739 301.9392530866236
2957 739.25 301.9392523062477
2958 739.5 301.9392512642278
2959 739.75 301.9392499048973
2960 740 301.9392481638138
2961 740.25 301.9392459498882
2962 740.5 301.9392432277943
2963 740.75 301.9392399938311
2964 741 301.9392362107352
2965 741.25 301.9392318448378
2966 741.5 301.9392267954071
2967 741.75 301.9392210152203
2968 742 301.9392143948456
2969 742.25 301.9392069192748
2970 742.5 301.9391985604441
2971 742.75 301.9391893704429
2972 743 301.9391794505429
2973 743.25 301.9391688524781
2974 743.5 301.9391576528668
2975 743.75 301.9391459486683
2976 744 301.93913377576
2977 744.25 301.9391212652495
2978 744.5 301.9391084888669
2979 744.75 301.9390970140415
2980 745 301.9390864835862
2981 745.25 301.9390765831317
2982 745.5 301.9390671721584
2983 745.75 301.9390581560339
2984 746 301.939049428666
2985 746.25 301.9390408924313
2986 746.5 301.9390325381698
2987 746.75 301.9390243949966
2988 747 301.9390163994681
2989 747.25 301.9390084692889
2990 747.5 301.9390004730355
2991 747.75 301.9389923723567
2992 748 301.9389840495336
2993 748.25 301.9389754591451
2994 748.5 301.938966498606
2995 748.75 301.9389571210942
2996 749 301.9389472639281
2997 749.25 301.9389368771394
2998 749.5 301.9389259218602
2999 749.75 301.9389143418587
3000 750 301.9389022019716
3001 750.25 301.9388895079732
3002 750.5 301.9388762470356
3003 750.75 301.9388624718844
3004 751 301.9388482685169
3005 751.25 301.9388337396996
3006 751.5 301.9388189571727
3007 751.75 301.9388040402401
3008 752 301.9387890390003
3009 752.25 301.9387739958718
3010 752.5 301.9387589035734
3011 752.75 301.938743762544
3012 753 301.9387286289234
3013 753.25 301.9387157597362
3014 753.5 301.9387043852026
3015 753.75 301.938693873341
3016 754 301.938683804205
3017 754.25 301.9386741018282
3018 754.5 301.938664739907
3019 754.75 301.9386557664681
3020 755 301.9386471263114
3021 755.25 301.9386388730854
3022 755.5 301.938630969472
3023 755.75 301.9386234062749
3024 756 301.9386161872645
3025 756.25 301.9386093565644
3026 756.5 301.9386028392002
3027 756.75 301.9385965852123
3028 757 301.9385905168946
3029 757.25 301.9385845574193
3030 757.5 301.938578584268
3031 757.75 301.9385724663675
3032 758 301.9385660933557
3033 758.25 301.9385593626238
3034 758.5 301.938552215076
3035 758.75 301.9385445769306
3036 759 301.9385364076051
3037 759.25 301.9385276453129
3038 759.5 301.9385182939717
3039 759.75 301.9385083431262
3040 760 301.9384978180053
3041 760.25 301.9384867169672
3042 760.5 301.9384750469529
3043 760.75 301.9384628297661
3044 761 301.9384500629311
3045 761.25 301.9384367202987
3046 761.5 301.938422784811
3047 761.75 301.938408292815
3048 762 301.9383932766349
3049 762.25 301.9383777853465
3050 762.5 301.9383619458552
3051 762.75 301.9383457235625
3052 763 301.9383291508973
3053 763.25 301.9383123083329
3054 763.5 301.9382953215024
3055 763.75 301.9382782534875
3056 764 301.9382611433195
3057 764.25 301.9382440058615
3058 764.5 301.938226912537
3059 764.75 301.9382099271697
3060 765 301.9381934030158
3061 765.25 301.9381778099972
3062 765.5 301.9381649356486
3063 765.75 301.9381544257191
3064 766 301.9381454808301
3065 766.25 301.9381374796248
3066 766.5 301.938130068175
3067 766.75 301.9381230761684
3068 767 301.9381164144925
3069 767.25 301.9381099913087
3070 767.5 301.938103623898
3071 767.75 301.9380972791866
3072 768 301.93809084668
3073 768.25 301.9380842234916
3074 768.5 301.9380787104091
3075 768.75 301.9380739977886
3076 769 301.938069660972
3077 769.25 301.9380654854992
3078 769.5 301.9380613347901
3079 769.75 301.9380571175853
3080 770 301.9380527773232
3081 770.25 301.9380482867721
3082 770.5 301.9380436236735
3083 770.75 301.9380387465189
3084 771 301.9380336141776
3085 771.25 301.9380281793647
3086 771.5 301.9380224198158
3087 771.75 301.9380163213913
3088 772 301.938009849299
3089 772.25 301.9380029801171
3090 772.5 301.9379957021019
3091 772.75 301.9379880073319
3092 773 301.9379798813861
3093 773.25 301.9379713304717
3094 773.5 301.9379623538651
3095 773.75 301.9379529530913
3096 774 301.9379430726547
3097 774.25 301.9379325957898
3098 774.5 301.937921430195
3099 774.75 301.9379095856444
3100 775 301.9378971085192
3101 775.25 301.9378840594447
3102 775.5 301.9378704110784
3103 775.75 301.9378561757885
3104 776 301.9378406042128
3105 776.25 301.9378229747744
3106 776.5 301.9378047631703
3107 776.75 301.9377861532693
3108 777 301.9377674959943
3109 777.25 301.9377488809955
3110 777.5 301.9377303445796
3111 777.75 301.9377119214342
3112 778 301.9376935764321
3113 778.25 301.9376752892122
3114 778.5 301.9376571083222
3115 778.75 301.9376390297643
3116 779 301.9376210075882
3117 779.25 301.937603010725
3118 779.5 301.9375851001851
3119 779.75 301.9375673109726
3120 780 301.9375497690481
3121 780.25 301.9375325192212
3122 780.5 301.9375158008078
3123 780.75 301.9374996998402
3124 781 301.9374842335597
3125 781.25 301.9374695093884
3126 781.5 301.9374555502646
3127 781.75 301.937440621452
3128 782 301.9374251022813
3129 782.25 301.9374097933467
3130 782.5 301.9373948587161
3131 782.75 301.937380239672
3132 783 301.9373658880859
3133 783.25 301.9373518923711
3134 783.5 301.9373384249645
3135 783.75 301.9373255749312
3136 784 301.9373133254513
3137 784.25 301.937301640579
3138 784.5 301.9372904566886
3139 784.75 301.9372797106735
3140 785 301.9372692802055
3141 785.25 301.9372590926332
3142 785.5 301.9372490354095
3143 785.75 301.9372390194111
3144 786 301.9372289543381
3145 786.25 301.937218804906
3146 786.5 301.9372084927307
3147 786.75 301.9371979975743
3148 787 301.9371872743507
3149 787.25 301.9371762594025
3150 787.5 301.9371648819927
3151 787.75 301.9371530286183
3152 788 301.9371406309207
3153 788.25 301.9371276105013
3154 788.5 301.9371139271738
3155 788.75 301.9370995283898
3156 789 301.9370844133064
3157 789.25 301.9370686581613
3158 789.5 301.9370523065534
3159 789.75 301.9370354894992
3160 790 301.9370182746414
3161 790.25 301.9370007409026
3162 790.5 301.9369829620816
3163 790.75 301.9369649344044
3164 791 301.9369466932139
3165 791.25 301.9369282289833
3166 791.5 301.9369095464576
3167 791.75 301.9368905698657
3168 792 301.9368708775157
3169 792.25 301.9368505053296
3170 792.5 301.9368303506842
3171 792.75 301.9368107304367
3172 793 301.9367915965201
3173 793.25 301.9367727621396
3174 793.5 301.9367542558523
3175 793.75 301.9367361131513
3176 794 301.9367183634456
3177 794.25 301.936701109062
3178 794.5 301.9366844104922
3179 794.75 301.9366682931252
3180 795 301.9366528479115
3181 795.25 301.9366380601622
3182 795.5 301.9366239410891
3183 795.75 301.9366104831022
3184 796 301.9365977070769
3185 796.25 301.9365855322797
3186 796.5 301.9365739282431
3187 796.75 301.9365628341985
3188 797 301.9365521200152
3189 797.25 301.9365416948005
3190 797.5 301.9365314784548
3191 797.75 301.9365214233719
3192 798 301.9365114965459
3193 798.25 301.9365016085521
3194 798.5 301.9364916672571
3195 798.75 301.9364815719782
3196 799 301.9364712540331
3197 799.25 301.9364606461168
3198 799.5 301.936449688227
3199 799.75 301.9364382930312
3200 800 301.9364263865319
3201 800.25 301.9364138945429
3202 800.5 301.9364007139955
3203 800.75 301.9363867796753
3204 801 301.9363720129014
3205 801.25 301.9363563307064
3206 801.5 301.9363396780071
3207 801.75 301.9363220044255
3208 802 301.9363033041411
3209 802.25 301.9362836344494
3210 802.5 301.9362630848641
3211 802.75 301.9362417977031
3212 803 301.9362199088998
3213 803.25 301.9361975322806
3214 803.5 301.9361747334087
3215 803.75 301.9361515387486
3216 804 301.9361279570284
3217 804.25 301.9361039941189
3218 804.5 301.9360797231905
3219 804.75 301.9360552080036
3220 805 301.9360305007831
3221 805.25 301.9360056066469
3222 805.5 301.9359805123426
3223 805.75 301.9359552359209
3224 806 301.9359298177374
3225 806.25 301.9359042639152
3226 806.5 301.9358786090856
3227 806.75 301.9358528385991
3228 807 301.9358269779495
3229 807.25 301.9358010499901
3230 807.5 301.935775092788
3231 807.75 301.9357491147716
3232 808 301.935723094048
3233 808.25 301.9356970503802
3234 808.5 301.9356709456412
3235 808.75 301.9356447942558
3236 809 301.9356185409719
3237 809.25 301.9355921779136
3238 809.5 301.9355656016915
3239 809.75 301.9355388264556
3240 810 301.9355118687326
3241 810.25 301.93548460197
3242 810.5 301.9354571049143
3243 810.75 301.9354294468216
3244 811 301.9354016175415
3245 811.25 301.935373730976
3246 811.5 301.9353457645749
3247 811.75 301.9353177583419
3248 812 301.9352896517751
3249 812.25 301.9352614157661
3250 812.5 301.9352329992641
3251 812.75 301.9352044557737
3252 813 301.9351758107042
3253 813.25 301.9351471778747
3254 813.5 301.9351185628152
3255 813.75 301.9350900394024
3256 814 301.9350616438133
3257 814.25 301.935033503191
3258 814.5 301.9350057300356
3259 814.75 301.9349781917984
3260 815 301.9349510073072
3261 815.25 301.9349241518096
3262 815.5 301.9348976159698
3263 815.75 301.9348713951972
3264 816 301.9348470773775
3265 816.25 301.9348236250664
3266 816.5 301.9348008254977
3267 816.75 301.9347784495698
3268 817 301.9347563457758
3269 817.25 301.9347344943691
3270 817.5 301.934712967522
3271 817.75 301.9346917452829
3272 818 301.934670833284
3273 818.25 301.9346502329101
3274 818.5 301.9346304111833
3275 818.75 301.9346110887149
3276 819 301.9345920934819
3277 819.25 301.9345734427849
3278 819.5 301.9345552115507
3279 819.75 301.9345373990428
3280 820 301.9345199263573
3281 820.25 301.9345027255227
3282 820.5 301.9344857203002
3283 820.75 301.9344688167191
3284 821 301.934451851503
3285 821.25 301.9344347847722
3286 821.5 301.9344175520925
3287 821.75 301.9344000728008
3288 822 301.9343822898667
3289 822.25 301.934364173858
3290 822.5 301.9343456979717
3291 822.75 301.9343268307273
3292 823 301.9343091481475
3293 823.25 301.9342928023123
3294 823.5 301.9342771481595
3295 823.75 301.9342618686505
3296 824 301.9342467939731
3297 824.25 301.9342318225096
3298 824.5 301.9342168949805
3299 824.75 301.9342030041163
3300 825 301.9341894823177
3301 825.25 301.9341760673037
3302 825.5 301.9341626178822
3303 825.75 301.9341491160436
3304 826 301.9341355260327
3305 826.25 301.9341218148685
3306 826.5 301.9341079084582
3307 826.75 301.9340937613916
3308 827 301.9340793177806
3309 827.25 301.934064533861
3310 827.5 301.9340493989042
3311 827.75 301.934033922278
3312 828 301.9340181110899
3313 828.25 301.9340019821721
3314 828.5 301.9339855154185
3315 828.75 301.9339687305883
3316 829 301.9339516397735
3317 829.25 301.9339342110709
3318 829.5 301.9339164047457
3319 829.75 301.933898130211
3320 830 301.9338793756497
3321 830.25 301.933858416903
3322 830.5 301.9338345194101
3323 830.75 301.9338085924311
3324 831 301.9337819145987
3325 831.25 301.9337551979375
3326 831.5 301.9337283252847
3327 831.75 301.9337014446617
3328 832 301.9336748412185
3329 832.25 301.933648574709
3330 832.5 301.9336226661472
3331 832.75 301.9335970506041
3332 833 301.9335716452249
3333 833.25 301.933546395082
3334 833.5 301.9335212812097
3335 833.75 301.9334963074313
3336 834 301.9334714565087
3337 834.25 301.9334467069975
3338 834.5 301.9334220294931
3339 834.75 301.9333974409603
3340 835 301.9333729308828
3341 835.25 301.9333484542555
3342 835.5 301.9333239877525
3343 835.75 301.9332995199081
3344 836 301.9332749877773
3345 836.25 301.9332503415894
3346 836.5 301.9332255337039
3347 836.75 301.9332005205377
3348 837 301.9331752729971
3349 837.25 301.9331498034803
3350 837.5 301.9331241325562
3351 837.75 301.9330982919611
3352 838 301.9330723420233
3353 838.25 301.9330463456185
3354 838.5 301.9330203475548
3355 838.75 301.932994371138
3356 839 301.9329683864103
3357 839.25 301.9329423646983
3358 839.5 301.932916291546
3359 839.75 301.9328901526988
3360 840 301.9328638767816
3361 840.25 301.9328374843209
3362 840.5 301.9328110082689
3363 840.75 301.9327844993786
3364 841 301.932757985179
3365 841.25 301.9327315446607
3366 841.5 301.9327052736318
3367 841.75 301.9326792542518
3368 842 301.9326536272803
3369 842.25 301.9326285413765
3370 842.5 301.93260402126
3371 842.75 301.9325800388697
3372 843 301.9325565027358
3373 843.25 301.932533348598
3374 843.5 301.9325104358911
3375 843.75 301.932487647766
3376 844 301.9324648525907
3377 844.25 301.9324419638202
3378 844.5 301.9324188914022
3379 844.75 301.932395576773
3380 845 301.9323719479658
3381 845.25 301.9323479387577
3382 845.5 301.9323234701694
3383 845.75 301.9322985131746
3384 846 301.9322730955964
3385 846.25 301.9322464787285
3386 846.5 301.9322213823551
3387 846.75 301.932197967544
3388 847 301.9321760631507
3389 847.25 301.9321551808766
3390 847.5 301.9321348378293
3391 847.75 301.9321147652558
3392 848 301.9320948320639
3393 848.25 301.9320749295176
3394 848.5 301.9320550129418
3395 848.75 301.9320349577039
3396 849 301.9320147368537
3397 849.25 301.9319942872128
3398 849.5 301.9319733217484
3399 849.75 301.931947221002
3400 850 301.9319161834564
3401 850.25 301.9318816891252
3402 850.5 301.931845899982
3403 850.75 301.9318096162685
3404 851 301.9317730949748
3405 851.25 301.9317363828191
3406 851.5 301.9316995940105
3407 851.75 301.931662854475
3408 852 301.9316262645843
3409 852.25 301.9315898885375
3410 852.5 301.9315537819688
3411 852.75 301.9315179784629
3412 853 301.9314825402991
3413 853.25 301.9314475037714
3414 853.5 301.9314128690102
3415 853.75 301.9313785555017
3416 854 301.9313445399717
3417 854.25 301.9313107667448
3418 854.5 301.9312771900128
3419 854.75 301.9312438288617
3420 855 301.9312106658837
3421 855.25 301.9311776736004
3422 855.5 301.9311448448888
3423 855.75 301.9311122334416
3424 856 301.9310798373577
3425 856.25 301.9310476975454
3426 856.5 301.9310158707167
3427 856.75 301.9309843996296
3428 857 301.9309532894339
3429 857.25 301.9309225278314
3430 857.5 301.9308920404966
3431 857.75 301.9308617483197
3432 858 301.930831528007
3433 858.25 301.9308012650484
3434 858.5 301.9307709655322
3435 858.75 301.9307405915389
3436 859 301.9307101480645
3437 859.25 301.9306796531852
3438 859.5 301.9306491578186
3439 859.75 301.9306188161044
3440 860 301.9305886950515
3441 860.25 301.9305587788973
3442 860.5 301.9305290919174
3443 860.75 301.9304996955507
3444 861 301.9304705638083
3445 861.25 301.9304417594117
3446 861.5 301.9304133067793
3447 861.75 301.9303853330338
3448 862 301.9303578190265
3449 862.25 301.9303307968113
3450 862.5 301.9303042471116
3451 862.75 301.9302781604926
3452 863 301.9302524717888
3453 863.25 301.9302271847573
3454 863.5 301.930202261475
3455 863.75 301.9301776956439
3456 864 301.9301534252605
3457 864.25 301.9301294179142
3458 864.5 301.9301056454902
3459 864.75 301.9300820856807
3460 865 301.9300586858553
3461 865.25 301.9300353778654
3462 865.5 301.9300121018972
3463 865.75 301.9299887855091
3464 866 301.9299653908189
3465 866.25 301.9299418534002
3466 866.5 301.929918106808
3467 866.75 301.9298940976752
3468 867 301.9298697302748
3469 867.25 301.9298449488146
3470 867.5 301.9298197655927
3471 867.75 301.9297940667988
3472 868 301.929767787726
3473 868.25 301.9297409291971
3474 868.5 301.9297132647752
3475 868.75 301.9296851115402
3476 869 301.9296562416893
3477 869.25 301.9296267555225
3478 869.5 301.9295966533078
3479 869.75 301.9295659009131
3480 870 301.929534479173
3481 870.25 301.9295023888689
3482 870.5 301.9294696300652
3483 870.75 301.9294361770632
3484 871 301.9294020448381
3485 871.25 301.9293672650851
3486 871.5 301.9293319261252
3487 871.75 301.9292960468251
3488 872 301.9292596536757
3489 872.25 301.9292227738097
3490 872.5 301.9291854269916
3491 872.75 301.9291476211507
3492 873 301.9291093768414
3493 873.25 301.9290707346522
3494 873.5 301.9290317307774
3495 873.75 301.9289924221869
3496 874 301.9289529038727
3497 874.25 301.9289132781322
3498 874.5 301.9288734205114
3499 874.75 301.9288334229952
3500 875 301.9287932909824
3501 875.25 301.9287530808799
3502 875.5 301.9287127793079
3503 875.75 301.9286726563401
3504 876 301.9286330514733
3505 876.25 301.9285938774767
3506 876.5 301.9285549280756
3507 876.75 301.9285160353543
3508 877 301.9284770892724
3509 877.25 301.9284381274726
3510 877.5 301.9283992051128
3511 877.75 301.9283603691464
3512 878 301.9283216387838
3513 878.25 301.9282830854774
3514 878.5 301.9282447217422
3515 878.75 301.9282066047737
3516 879 301.9281688508545
3517 879.25 301.9281315954825
3518 879.5 301.9280949310092
3519 879.75 301.9280588906379
3520 880 301.9280235134903
3521 880.25 301.9279887565723
3522 880.5 301.9279546136578
3523 880.75 301.9279211162421
3524 881 301.9278882473897
3525 881.25 301.9278559426044
3526 881.5 301.9278241193938
3527 881.75 301.9277927349435
3528 882 301.9277616969999
3529 882.25 301.927730953969
3530 882.5 301.9277004510153
3531 882.75 301.9276701723343
3532 883 301.9276401536269
3533 883.25 301.9276103887997
3534 883.5 301.9275808273387
3535 883.75 301.9275514358277
3536 884 301.9275221686646
3537 884.25 301.927493040653
3538 884.5 301.9274640173875
3539 884.75 301.9274350940732
3540 885 301.9274062503338
3541 885.25 301.9273774490459
3542 885.5 301.927348623454
3543 885.75 301.9273197135803
3544 886 301.9272907020926
3545 886.25 301.9272615399894
3546 886.5 301.9272321965436
3547 886.75 301.9272025875349
3548 887 301.9271727237452
3549 887.25 301.9271423019266
3550 887.5 301.9271112953554
3551 887.75 301.9270798443638
3552 888 301.927048085874
3553 888.25 301.9270160933146
3554 888.5 301.926983888654
3555 888.75 301.9269515123814
3556 889 301.9269190369433
3557 889.25 301.9268865210176
3558 889.5 301.9268540514574
3559 889.75 301.926821694581
3560 890 301.9267894556253
3561 890.25 301.9267572952882
3562 890.5 301.9267251497986
3563 890.75 301.9266929728744
3564 891 301.9266606672405
3565 891.25 301.9266281320021
3566 891.5 301.9265952735795
3567 891.75 301.9265620040218
3568 892 301.9265282746067
3569 892.25 301.9264940365642
3570 892.5 301.9264592832012
3571 892.75 301.926424000712
3572 893 301.9263881727449
3573 893.25 301.9263517884941
3574 893.5 301.9263147993896
3575 893.75 301.926277149259
3576 894 301.9262387903232
3577 894.25 301.9261997237163
3578 894.5 301.9261600158655
3579 894.75 301.9261197283698
3580 895 301.92607893683
3581 895.25 301.9260377024337
3582 895.5 301.9259960613509
3583 895.75 301.9259540691043
3584 896 301.9259117796615
3585 896.25 301.9258691968993
3586 896.5 301.9258263560835
3587 896.75 301.9257832288326
3588 897 301.9257398117618
3589 897.25 301.9256961132766
3590 897.5 301.9256521139363
3591 897.75 301.9256077988412
3592 898 301.9255631840497
3593 898.25 301.9255182967544
3594 898.5 301.9254731646408
3595 898.75 301.9254273917953
3596 899 301.9253809801849
3597 899.25 301.9253343367487
3598 899.5 301.9252878134403
3599 899.75 301.9252414880013
3600 900 301.925195375892
3601 900.25 301.9251501735607
3602 900.5 301.9251058651456
3603 900.75 301.9250642587094
3604 901 301.9250228368986
3605 901.25 301.9249814688964
3606 901.5 301.9249400842686
3607 901.75 301.9248988217225
3608 902 301.9248576435867
3609 902.25 301.9248164499468
3610 902.5 301.924775253249
3611 902.75 301.9247340147123
3612 903 301.9246927968712
3613 903.25 301.9246515974468
3614 903.5 301.9246104601269
3615 903.75 301.924569415896
3616 904 301.9245285040198
3617 904.25 301.9244878237163
3618 904.5 301.9244474257477
3619 904.75 301.9244073549604
3620 905 301.9243676144944
3621 905.25 301.924328209992
3622 905.5 301.924289070482
3623 905.75 301.9242501425777
3624 906 301.9242113248987
3625 906.25 301.9241724978891
3626 906.5 301.924133561077
3627 906.75 301.9240943891069
3628 907 301.9240548510531
3629 907.25 301.9240148297945
3630 907.5 301.9239742452999
3631 907.75 301.9239330876587
3632 908 301.9238913549427
3633 908.25 301.9238490937794
3634 908.5 301.9238063615165
3635 908.75 301.9237632078574
3636 909 301.9237197306042
3637 909.25 301.9236759837765
3638 909.5 301.9236320106966
3639 909.75 301.9235878722693
3640 910 301.9235436054523
3641 910.25 301.9234992452442
3642 910.5 301.9234548070351
3643 910.75 301.9234102622135
3644 911 301.9233655445153
3645 911.25 301.923320612698
3646 911.5 301.9232754496249
3647 911.75 301.9232300070463
3648 912 301.9231841195776
3649 912.25 301.9231378822898
3650 912.5 301.9230959679611
3651 912.75 301.9230573999175
3652 913 301.9230207468829
3653 913.25 301.9229843776943
3654 913.5 301.9229483724811
3655 913.75 301.9229124052517
3656 914 301.9228762795055
3657 914.25 301.9228398577954
3658 914.5 301.9228028530882
3659 914.75 301.9227652429671
3660 915 301.9227253931834
3661 915.25 301.9226823219398
3662 915.5 301.9226370282414
3663 915.75 301.9225902010494
3664 916 301.9225426140189
3665 916.25 301.9224944193182
3666 916.5 301.9224456910208
3667 916.75 301.922396469241
3668 917 301.9223468276138
3669 917.25 301.9222968387177
3670 917.5 301.9222465718138
3671 917.75 301.9221960599384
3672 918 301.9221453170765
3673 918.25 301.9220944601635
3674 918.5 301.9220435163519
3675 918.75 301.9219925483731
3676 919 301.921941591619
3677 919.25 301.9218906861153
3678 919.5 301.9218399260529
3679 919.75 301.9217894192242
3680 920 301.9217393005722
3681 920.25 301.9216896048808
3682 920.5 301.9216403941785
3683 920.75 301.9215916757786
3684 921 301.9215434737172
3685 921.25 301.9214958311113
3686 921.5 301.9214487764879
3687 921.75 301.9214022997806
3688 922 301.9213563975077
3689 922.25 301.9213110482947
3690 922.5 301.9212662365941
3691 922.75 301.9212219389821
3692 923 301.9211780505711
3693 923.25 301.9211345051087
3694 923.5 301.9210912469228
3695 923.75 301.9210482407937
3696 924 301.9210054359344
3697 924.25 301.9209627766293
3698 924.5 301.9209201841062
3699 924.75 301.9208775919072
3700 925 301.9208349122455
3701 925.25 301.9207921326789
3702 925.5 301.9207492539975
3703 925.75 301.9207062890526
3704 926 301.9206632644459
3705 926.25 301.920620244164
3706 926.5 301.9205772934293
3707 926.75 301.9205344408649
3708 927 301.9204916953997
3709 927.25 301.9204490423926
3710 927.5 301.9204064571389
3711 927.75 301.9203639021313
3712 928 301.920321365247
3713 928.25 301.9202788233038
3714 928.5 301.9202362351306
3715 928.75 301.920193552129
3716 929 301.9201506796309
3717 929.25 301.9201075743127
3718 929.5 301.9200641572595
3719 929.75 301.9200203612567
3720 930 301.9199761104223
3721 930.25 301.9199313585988
3722 930.5 301.9198860587854
3723 930.75 301.9198401541314
3724 931 301.9197935948802
3725 931.25 301.919746339377
3726 931.5 301.9196982851133
3727 931.75 301.9196494898567
3728 932 301.9195999888077
3729 932.25 301.9195498111378
3730 932.5 301.9194989150583
3731 932.75 301.9194472762654
3732 933 301.9193949242134
3733 933.25 301.9193419330853
3734 933.5 301.9192883762261
3735 933.75 301.9192343113341
3736 934 301.9191797852183
3737 934.25 301.9191248641044
3738 934.5 301.9190696324084
3739 934.75 301.9190141138774
3740 935 301.9189584299092
3741 935.25 301.9189026432937
3742 935.5 301.9188468517256
3743 935.75 301.9187911045427
3744 936 301.9187354958491
3745 936.25 301.9186800948564
3746 936.5 301.9186250061736
3747 936.75 301.9185720289249
3748 937 301.9185218395496
3749 937.25 301.9184738218762
3750 937.5 301.9184271100467
3751 937.75 301.9183813812493
3752 938 301.9183361654113
3753 938.25 301.9182911979909
3754 938.5 301.9182462379518
3755 938.75 301.9182012244308
3756 939 301.9181560150577
3757 939.25 301.9181104965311
3758 939.5 301.9180645430046
3759 939.75 301.9180181428688
3760 940 301.9179712718285
3761 940.25 301.9179238815886
3762 940.5 301.9178759937976
3763 940.75 301.9178276253595
3764 941 301.9177788525457
3765 941.25 301.9177320376284
3766 941.5 301.9176866642186
3767 941.75 301.917642151333
3768 942 301.9175981028224
3769 942.25 301.9175543059384
3770 942.5 301.9175106152616
3771 942.75 301.9174669545442
3772 943 301.9174232653202
3773 943.25 301.9173794961437
3774 943.5 301.9173356078197
3775 943.75 301.9172915656957
3776 944 301.9172473194656
3777 944.25 301.9172028214796
3778 944.5 301.9171580391591
3779 944.75 301.9171129332702
3780 945 301.9170674697348
3781 945.25 301.9170216082964
3782 945.5 301.9169753349805
3783 945.75 301.916928648059
3784 946 301.9168815465317
3785 946.25 301.9168340220873
3786 946.5 301.9167860651596
3787 946.75 301.9167376803878
3788 947 301.9166895437367
3789 947.25 301.916640187115
3790 947.5 301.9165899533377
3791 947.75 301.9165393244818
3792 948 301.9164886670081
3793 948.25 301.9164382793489
3794 948.5 301.9163882803085
3795 948.75 301.9163387647652
3796 949 301.9162897113677
3797 949.25 301.9162410805307
3798 949.5 301.9161928362649
3799 949.75 301.9161449400486
3800 950 301.9160973723803
3801 950.25 301.9160500562811
3802 950.5 301.9160029243168
3803 950.75 301.9159558977138
3804 951 301.9159089336549
3805 951.25 301.9158619717122
3806 951.5 301.915814955928
3807 951.75 301.9157678102021
3808 952 301.915720499762
3809 952.25 301.9156729929149
3810 952.5 301.9156252474761
3811 952.75 301.9155772370493
3812 953 301.9155289337305
3813 953.25 301.915480325253
3814 953.5 301.915431398077
3815 953.75 301.9153821647789
3816 954 301.9153326021857
3817 954.25 301.91528321532
3818 954.5 301.9152324030741
3819 954.75 301.9151800719832
3820 955 301.9151269059437
3821 955.25 301.9150733609875
3822 955.5 301.915019626359
3823 955.75 301.9149658954832
3824 956 301.9149123337288
3825 956.25 301.9148590115181
3826 956.5 301.9148060152804
3827 956.75 301.9147533698294
3828 957 301.9147010886658
3829 957.25 301.9146491880412
3830 957.5 301.9145977071981
3831 957.75 301.914546595657
3832 958 301.9144958949477
3833 958.25 301.9144455335614
3834 958.5 301.9143954885277
3835 958.75 301.9143457144382
3836 959 301.9142961248003
3837 959.25 301.9142466795666
3838 959.5 301.9141973418511
3839 959.75 301.914148075688
3840 960 301.9140988334602
3841 960.25 301.914049565216
3842 960.5 301.9140002213326
3843 960.75 301.9139507357812
3844 961 301.9139010403038
3845 961.25 301.9138510613481
3846 961.5 301.9138007446846
3847 961.75 301.9137500224899
3848 962 301.9136988501288
3849 962.25 301.9136471764547
3850 962.5 301.913594991352
3851 962.75 301.9135423058904
3852 963 301.9134891522984
3853 963.25 301.9134355386185
3854 963.5 301.9133815034247
3855 963.75 301.9133281894002
3856 964 301.9132744076915
3857 964.25 301.9132201510222
3858 964.5 301.9131658666702
3859 964.75 301.9131117342582
3860 965 301.9130578289407
3861 965.25 301.913004185811
3862 965.5 301.9129508116462
3863 965.75 301.912897675006
3864 966 301.9128447697134
3865 966.25 301.91279204694
3866 966.5 301.9127394457084
3867 966.75 301.912686897629
3868 967 301.9126343813791
3869 967.25 301.9125818665968
3870 967.5 301.9125293354782
3871 967.75 301.9124767627727
3872 968 301.9124241337133
3873 968.25 301.912371419694
3874 968.5 301.9123185940634
3875 968.75 301.9122656344307
3876 969 301.9122124962224
3877 969.25 301.9121591344193
3878 969.5 301.912105496785
3879 969.75 301.9120515015991
3880 970 301.9119970303781
3881 970.25 301.9119419885698
3882 970.5 301.9118862959058
3883 970.75 301.9118308860725
3884 971 301.9117747109937
3885 971.25 301.9117191723415
3886 971.5 301.9116649431285
3887 971.75 301.9116116471718
3888 972 301.911558842936
3889 972.25 301.9115063032056
3890 972.5 301.9114539250959
3891 972.75 301.911401647457
3892 973 301.9113494004353
3893 973.25 301.9112971174998
3894 973.5 301.9112447007539
3895 973.75 301.9111920756782
3896 974 301.9111391741242
3897 974.25 301.9110859387358
3898 974.5 301.91103229998
3899 974.75 301.9109782245026
3900 975 301.9109236841781
3901 975.25 301.9108686846869
3902 975.5 301.9108132449117
3903 975.75 301.910757381523
3904 976 301.9107011330419
3905 976.25 301.9106445021935
3906 976.5 301.9105875282807
3907 976.75 301.9105301930963
3908 977 301.9104724448464
3909 977.25 301.9104142295945
3910 977.5 301.9103540224485
3911 977.75 301.9102908929719
3912 978 301.9102257945202
3913 978.25 301.9101599706909
3914 978.5 301.9100939733819
3915 978.75 301.910027860514
3916 979 301.9099615911039
3917 979.25 301.9098951118862
3918 979.5 301.9098283921879
3919 979.75 301.9097614503501
3920 980 301.9096942817786
3921 980.25 301.9096268909636
3922 980.5 301.9095593155741
3923 980.75 301.9094915893911
3924 981 301.9094237535798
3925 981.25 301.9093558376024
3926 981.5 301.9092878719015
3927 981.75 301.9092198667622
3928 982 301.9091518514164
3929 982.25 301.9090838354608
3930 982.5 301.9090158853197
3931 982.75 301.9089480250371
3932 983 301.9088802807857
3933 983.25 301.9088126889519
3934 983.5 301.9087452652713
3935 983.75 301.9086780533918
3936 984 301.9086110628323
3937 984.25 301.9085443724063
3938 984.5 301.90847794806
3939 984.75 301.908411809096
3940 985 301.9083460092043
3941 985.25 301.9082806113109
3942 985.5 301.9082156151434
3943 985.75 301.9081509748516
3944 986 301.90808670994
3945 986.25 301.9080228456477
3946 986.5 301.9079594156747
3947 986.75 301.9078964415446
3948 987 301.9078339700858
3949 987.25 301.9077719907194
3950 987.5 301.907710590901
3951 987.75 301.9076497953926
3952 988 301.9075896301743
3953 988.25 301.9075300288346
3954 988.5 301.9074709675255
3955 988.75 301.9074123997935
3956 989 301.9073542819196
3957 989.25 301.9072965072816
3958 989.5 301.9072389982945
3959 989.75 301.9071816745866
3960 990 301.9071244887981
3961 990.25 301.9070673565951
3962 990.5 301.9070102326066
3963 990.75 301.9069530319858
3964 991 301.9068956708089
3965 991.25 301.9068380540313
3966 991.5 301.90678011868
3967 991.75 301.9067217755274
3968 992 301.9066629522689
3969 992.25 301.9066035995248
3970 992.5 301.906543704186
3971 992.75 301.9064832418338
3972 993 301.9064221792357
3973 993.25 301.9063604566733
3974 993.5 301.9062980547808
3975 993.75 301.9062349204555
3976 994 301.9061711256704
3977 994.25 301.9061066032779
3978 994.5 301.906041273676
3979 994.75 301.9059752571343
3980 995 301.9059086126346
3981 995.25 301.9058421415019
3982 995.5 301.9057758221445
3983 995.75 301.9057096347522
3984 996 301.9056435473661
3985 996.25 301.9055775182835
3986 996.5 301.9055115521565
3987 996.75 301.9054456465896
3988 997 301.9053797667821
3989 997.25 301.905313827108
3990 997.5 301.9052477316803
3991 997.75 301.905181369132
3992 998 301.9051146123039
3993 998.25 301.9050473697723
3994 998.5 301.9049795584909
3995 998.75 301.9049110804572
3996 999 301.9048419005707
3997 999.25 301.9047720223101
3998 999.5 301.9047014864339
3999 999.75 301.9046303797907
4000 1000 301.9045588475111
4001 1000.25 301.9044870059039
4002 1000.5 301.9044149569984
4003 1000.75 301.9043427852934
4004 1001 301.9042705139307
4005 1001.25 301.9041982441278
4006 1001.5 301.9041283839135
4007 1001.75 301.9040598019316
4008 1002 301.9039920397508
4009 1002.25 301.9039247933466
4010 1002.5 301.9038579265896
4011 1002.75 301.9037912946068
4012 1003 301.9037248018094
4013 1003.25 301.9036583936328
4014 1003.5 301.9035920295102
4015 1003.75 301.9035256190487
4016 1004 301.9034590764783
4017 1004.25 301.9033922978894
4018 1004.5 301.9033251266272
4019 1004.75 301.9032574328351
4020 1005 301.9031891107701
4021 1005.25 301.903120098377
4022 1005.5 301.9030503704769
4023 1005.75 301.9029799351857
4024 1006 301.9029088337765
4025 1006.25 301.9028371750792
4026 1006.5 301.9027650416431
4027 1006.75 301.9026925271652
4028 1007 301.9026197222153
4029 1007.25 301.9025467407495
4030 1007.5 301.9024736234561
4031 1007.75 301.9024004119521
4032 1008 301.9023271513653
4033 1008.25 301.9022539190715
4034 1008.5 301.9021807586184
4035 1008.75 301.9021076578322
4036 1009 301.9020346429436
4037 1009.25 301.9019618069751
4038 1009.5 301.901889163427
4039 1009.75 301.9018167344566
4040 1010 301.9017445140499
4041 1010.25 301.9016725380055
4042 1010.5 301.9016008084259
4043 1010.75 301.9015293473795
4044 1011 301.9014581546699
4045 1011.25 301.9013879899608
4046 1011.5 301.9013189698078
4047 1011.75 301.901250910696
4048 1012 301.9011835920858
4049 1012.25 301.9011167992945
4050 1012.5 301.9010503650522
4051 1012.75 301.9009841847708
4052 1013 301.9009181823579
4053 1013.25 301.900852305126
4054 1013.5 301.9007865146453
4055 1013.75 301.9007207469584
4056 1014 301.9006549190819
4057 1014.25 301.9005889252254
4058 1014.5 301.9005226341808
4059 1014.75 301.9004559389662
4060 1015 301.9003887367904
4061 1015.25 301.9003209359835
4062 1015.5 301.9002524600247
4063 1015.75 301.9001832583505
4064 1016 301.9001133003146
4065 1016.25 301.9000425801826
4066 1016.5 301.8999710682944
4067 1016.75 301.8998987213052
4068 1017 301.8998255637792
4069 1017.25 301.8997516424677
4070 1017.5 301.8996770299776
4071 1017.75 301.8996017772374
4072 1018 301.8995259429536
4073 1018.25 301.8994496224585
4074 1018.5 301.8993728953096
4075 1018.75 301.8992958795283
4076 1019 301.8992187240711
4077 1019.25 301.8991456031562
4078 1019.5 301.8990745915205
4079 1019.75 301.8990031134726
4080 1020 301.8989309574334
4081 1020.25 301.8988584112633
4082 1020.5 301.8987856443889
4083 1020.75 301.8987126597594
4084 1021 301.8986394904556
4085 1021.25 301.8985661805505
4086 1021.5 301.8984927656511
4087 1021.75 301.8984192830245
4088 1022 301.8983457512182
4089 1022.25 301.8982721753362
4090 1022.5 301.8981985334451
4091 1022.75 301.8981248185856
4092 1023 301.8980510697943
4093 1023.25 301.8979772912365
4094 1023.5 301.8979035367425
4095 1023.75 301.89782986317
4096 1024 301.8977563813496
4097 1024.25 301.8976831622254
4098 1024.5 301.8976102546748
4099 1024.75 301.8975376471618
4100 1025 301.8974652786919
4101 1025.25 301.8973930207136
4102 1025.5 301.897320758215
4103 1025.75 301.8972483820482
4104 1026 301.897175775359
4105 1026.25 301.8971027711989
4106 1026.5 301.8970292166226
4107 1026.75 301.8969549847349
4108 1027 301.8968799129667
4109 1027.25 301.8968038446621
4110 1027.5 301.8967266900905
4111 1027.75 301.8966484367692
4112 1028 301.8965690821935
4113 1028.25 301.8964887092935
4114 1028.5 301.8964074534846
4115 1028.75 301.896325459027
4116 1029 301.8962428595852
4117 1029.25 301.8961598226765
4118 1029.5 301.8960764279857
4119 1029.75 301.895992758855
4120 1030 301.8959088529809
4121 1030.25 301.8958247477083
4122 1030.5 301.8957404885958
4123 1030.75 301.8956561363426
4124 1031 301.8955717289586
4125 1031.25 301.8954872747319
4126 1031.5 301.8954027356036
4127 1031.75 301.8953181960877
4128 1032 301.8952337401549
4129 1032.25 301.8951494138946
4130 1032.5 301.8950652365741
4131 1032.75 301.8949812449749
4132 1033 301.8948974376872
4133 1033.25 301.8948138682121
4134 1033.5 301.894730544982
4135 1033.75 301.8946474675865
4136 1034 301.8945646991385
4137 1034.25 301.8944823144293
4138 1034.5 301.8944003322624
4139 1034.75 301.8943187500301
4140 1035 301.8942375565625
4141 1035.25 301.8941566902005
4142 1035.5 301.8940761117509
4143 1035.75 301.8939958109323
4144 1036 301.8939157571514
4145 1036.25 301.8938359107718
4146 1036.5 301.8937562087305
4147 1036.75 301.8936765895268
4148 1037 301.8935969715039
4149 1037.25 301.8935172522922
4150 1037.5 301.8934373791107
4151 1037.75 301.8933573686805
4152 1038 301.8932770808007
4153 1038.25 301.8931965848087
4154 1038.5 301.8931158089678
4155 1038.75 301.8930348798435
4156 1039 301.892953812317
4157 1039.25 301.8928726872878
4158 1039.5 301.8927916046958
4159 1039.75 301.8927104651443
4160 1040 301.8926294689219
4161 1040.25 301.8925486326324
4162 1040.5 301.892472012478
4163 1040.75 301.8923979199423
4164 1041 301.8923254069019
4165 1041.25 301.8922533136968
4166 1041.5 301.892181282404
4167 1041.75 301.8921088781426
4168 1042 301.8920360637476
4169 1042.25 301.891962844589
4170 1042.5 301.8918891704175
4171 1042.75 301.891813311659
4172 1043 301.8917336585732
4173 1043.25 301.8916507164426
4174 1043.5 301.8915671253154
4175 1043.75 301.8914851093758
4176 1044 301.891404519968
4177 1044.25 301.8913246713876
4178 1044.5 301.8912430162027
4179 1044.75 301.8911603587492
4180 1045 301.8910777552238
4181 1045.25 301.8909956442496
4182 1045.5 301.8909141187707
4183 1045.75 301.8908332463535
4184 1046 301.8907529917504
4185 1046.25 301.8906733428935
4186 1046.5 301.8905942108017
4187 1046.75 301.8905154915641
4188 1047 301.8904371098986
4189 1047.25 301.890358961455
4190 1047.5 301.8902809211221
4191 1047.75 301.8902028088253
4192 1048 301.8901244958558
4193 1048.25 301.8900458565608
4194 1048.5 301.8899667861565
4195 1048.75 301.8898871988201
4196 1049 301.8898070347881
4197 1049.25 301.8897262785194
4198 1049.5 301.8896449277238
4199 1049.75 301.8895630161679
4200 1050 301.8894806014351
4201 1050.25 301.8893977439943
4202 1050.5 301.8893144865362
4203 1050.75 301.8892308682401
4204 1051 301.8891469065753
4205 1051.25 301.8890626536359
4206 1051.5 301.8889781227393
4207 1051.75 301.8888934273201
4208 1052 301.888808720266
4209 1052.25 301.8887240701737
4210 1052.5 301.8886395018402
4211 1052.75 301.8885573850112
4212 1053 301.8884772696761
4213 1053.25 301.8883984134807
4214 1053.5 301.8883201910098
4215 1053.75 301.8882422926027
4216 1054 301.8881646024874
4217 1054.25 301.8880869937935
4218 1054.5 301.8880093386194
4219 1054.75 301.8879315381235
4220 1055 301.8878535038601
4221 1055.25 301.8877751622958
4222 1055.5 301.8876964644678
4223 1055.75 301.8876173677215
4224 1056 301.8875377878629
4225 1056.25 301.8874576513886
4226 1056.5 301.8873768908966
4227 1056.75 301.887295459161
4228 1057 301.8872132695105
4229 1057.25 301.8871302410591
4230 1057.5 301.8870463664775
4231 1057.75 301.8869617500991
4232 1058 301.886876522298
4233 1058.25 301.8867908475621
4234 1058.5 301.886704895558
4235 1058.75 301.8866188672574
4236 1059 301.8865328609155
4237 1059.25 301.8864468716713
4238 1059.5 301.8863609754542
4239 1059.75 301.8862759730249
4240 1060 301.8861917753167
4241 1060.25 301.8861080929195
4242 1060.5 301.8860245550364
4243 1060.75 301.8859410230839
4244 1061 301.8858574435606
4245 1061.25 301.8857737810329
4246 1061.5 301.8856900067237
4247 1061.75 301.8856060009836
4248 1062 301.8855216028593
4249 1062.25 301.8854366719171
4250 1062.5 301.8853510728822
4251 1062.75 301.8852647511625
4252 1063 301.8851776582828
4253 1063.25 301.8850897544135
4254 1063.5 301.8850010728203
4255 1063.75 301.8849117266614
4256 1064 301.8848218625005
4257 1064.25 301.8847316293159
4258 1064.5 301.8846411567265
4259 1064.75 301.8845505568718
4260 1065 301.8844599344412
4261 1065.25 301.8843693659776
4262 1065.5 301.884278908776
4263 1065.75 301.8841885716509
4264 1066 301.8840983787125
4265 1066.25 301.8840084483724
4266 1066.5 301.8839188388682
4267 1066.75 301.8838295668065
4268 1067 301.8837406740954
4269 1067.25 301.8836522401698
4270 1067.5 301.8835646281602
4271 1067.75 301.8834786754915
4272 1068 301.8833953743289
4273 1068.25 301.8833138993319
4274 1068.5 301.8832334432599
4275 1068.75 301.8831538557127
4276 1069 301.8830728008568
4277 1069.25 301.8829873328128
4278 1069.5 301.8828993691419
4279 1069.75 301.8828110783774
4280 1070 301.8827233343503
4281 1070.25 301.8826364236121
4282 1070.5 301.8825502471882
4283 1070.75 301.8824645440045
4284 1071 301.882379153935
4285 1071.25 301.8822940401663
4286 1071.5 301.8822092260958
4287 1071.75 301.8821246430705
4288 1072 301.8820415370233
4289 1072.25 301.8819597223663
4290 1072.5 301.8818784865987
4291 1072.75 301.8817973797644
4292 1073 301.8817161587185
4293 1073.25 301.8816347236653
4294 1073.5 301.8815530366326
4295 1073.75 301.8814707699037
4296 1074 301.8813879883496
4297 1074.25 301.8813044998456
4298 1074.5 301.881219249132
4299 1074.75 301.8811324021365
4300 1075 301.8810448069867
4301 1075.25 301.880956965273
4302 1075.5 301.8808690232639
4303 1075.75 301.8807810451731
4304 1076 301.8806930716542
4305 1076.25 301.8806051425321
4306 1076.5 301.8805172999936
4307 1076.75 301.8804295505852
4308 1077 301.8803418470234
4309 1077.25 301.8802541531269
4310 1077.5 301.8801664747477
4311 1077.75 301.8800788090354
4312 1078 301.8799911912155
4313 1078.25 301.8799036346025
4314 1078.5 301.8798161557572
4315 1078.75 301.8797287170696
4316 1079 301.8796413823974
4317 1079.25 301.879554122333
4318 1079.5 301.8794669259694
4319 1079.75 301.8793798060449
4320 1080 301.8792927046855
4321 1080.25 301.8792057498184
4322 1080.5 301.8791188527735
4323 1080.75 301.8790318935744
4324 1081 301.8789473740459
4325 1081.25 301.8788631394301
4326 1081.5 301.8787790070695
4327 1081.75 301.8786927855838
4328 1082 301.8786040134955
4329 1082.25 301.8785133322991
4330 1082.5 301.8784218392703
4331 1082.75 301.8783300617554
4332 1083 301.8782381718942
4333 1083.25 301.8781461817292
4334 1083.5 301.8780540538517
4335 1083.75 301.8779617405996
4336 1084 301.8778692150738
4337 1084.25 301.8777763914659
4338 1084.5 301.8776832371923
4339 1084.75 301.8775896806081
4340 1085 301.8774956870876
4341 1085.25 301.8774012510549
4342 1085.5 301.8773063438575
4343 1085.75 301.8772109994685
4344 1086 301.8771152576152
4345 1086.25 301.8770191890229
4346 1086.5 301.8769228200316
4347 1086.75 301.8768262527918
4348 1087 301.8767303964839
4349 1087.25 301.8766374849173
4350 1087.5 301.8765473051556
4351 1087.75 301.8764593480706
4352 1088 301.8763726594693
4353 1088.25 301.8762867711112
4354 1088.5 301.8762014498445
4355 1088.75 301.8761165995346
4356 1089 301.8760320560557
4357 1089.25 301.8759477031946
4358 1089.5 301.8758634181725
4359 1089.75 301.875779098222
4360 1090 301.8756946465551
4361 1090.25 301.8756099800015
4362 1090.5 301.875525037092
4363 1090.75 301.8754397624092
4364 1091 301.8753541161906
4365 1091.25 301.8752680311752
4366 1091.5 301.8751814316562
4367 1091.75 301.8750942274729
4368 1092 301.8750063413293
4369 1092.25 301.8749176852743
4370 1092.5 301.8748281847909
4371 1092.75 301.8747377811158
4372 1093 301.8746464585711
4373 1093.25 301.8745542811795
4374 1093.5 301.8744613670229
4375 1093.75 301.8743678504381
4376 1094 301.8742738808414
4377 1094.25 301.8741796108324
4378 1094.5 301.874085103671
4379 1094.75 301.8739903668178
4380 1095 301.8738954045115
4381 1095.25 301.8738002419635
4382 1095.5 301.8737044338854
4383 1095.75 301.8736081023062
4384 1096 301.8735120483765
4385 1096.25 301.8734154866901
4386 1096.5 301.8733178102198
4387 1096.75 301.873219682622
4388 1097 301.8731216038062
4389 1097.25 301.8730238157308
4390 1097.5 301.8729264740819
4391 1097.75 301.8728296838408
4392 1098 301.8727335085779
4393 1098.25 301.8726380068624
4394 1098.5 301.8725432047477
4395 1098.75 301.8724490362793
4396 1099 301.8723553008891
4397 1099.25 301.8722619372364
4398 1099.5 301.8721688869927
4399 1099.75 301.8720761845893
4400 1100 301.8719839227228
4401 1100.25 301.8718921330955
4402 1100.5 301.8718007649283
4403 1100.75 301.8717096538451
4404 1101 301.8716186763256
4405 1101.25 301.8715276428199
4406 1101.5 301.8714364859666
4407 1101.75 301.8713450899195
4408 1102 301.8712533386901
4409 1102.25 301.8711611794073
4410 1102.5 301.8710685543072
4411 1102.75 301.870975366055
4412 1103 301.8708815880101
4413 1103.25 301.870787140241
4414 1103.5 301.8706920078834
4415 1103.75 301.8705961811247
4416 1104 301.8704996187871
4417 1104.25 301.8704022990045
4418 1104.5 301.8703042143027
4419 1104.75 301.8702055180119
4420 1105 301.8701064022033
4421 1105.25 301.87000702106
4422 1105.5 301.8699074645325
4423 1105.75 301.8698078137465
4424 1106 301.8697081098105
4425 1106.25 301.8696084007084
4426 1106.5 301.8695091827763
4427 1106.75 301.869410760228
4428 1107 301.8693126695067
4429 1107.25 301.8692145785369
4430 1107.5 301.869116204719
4431 1107.75 301.8690173083901
4432 1108 301.8689177330284
4433 1108.25 301.8688174626184
4434 1108.5 301.8687164871876
4435 1108.75 301.8686148726093
4436 1109 301.8685127346448
4437 1109.25 301.8684118848199
4438 1109.5 301.8683167567385
4439 1109.75 301.8682238190744
4440 1110 301.8681284049671
4441 1110.25 301.8680294284247
4442 1110.5 301.8679281758436
4443 1110.75 301.8678258900906
4444 1111 301.8677233192711
4445 1111.25 301.8676208047031
4446 1111.5 301.8675184834178
4447 1111.75 301.867416414523
4448 1112 301.8673146534876
4449 1112.25 301.8672132153461
4450 1112.5 301.8671120713877
4451 1112.75 301.8670111609415
4452 1113 301.8669104332632
4453 1113.25 301.8668098056255
4454 1113.5 301.8667092047447
4455 1113.75 301.8666102737
4456 1114 301.8665132132106
4457 1114.25 301.8664186525448
4458 1114.5 301.866326081358
4459 1114.75 301.8662345534888
4460 1115 301.8661435901707
4461 1115.25 301.8660529373747
4462 1115.5 301.8659624669142
4463 1115.75 301.8658720993012
4464 1116 301.8657817519107
4465 1116.25 301.8656913678682
4466 1116.5 301.8656008916934
4467 1116.75 301.865510295943
4468 1117 301.8654195519647
4469 1117.25 301.8653286436854
4470 1117.5 301.8652375589297
4471 1117.75 301.8651462785294
4472 1118 301.8650547811024
4473 1118.25 301.8649630567818
4474 1118.5 301.8648710841833
4475 1118.75 301.8647788560098
4476 1119 301.8646871956229
4477 1119.25 301.8645957771958
4478 1119.5 301.8645043107516
4479 1119.75 301.8644126651625
4480 1120 301.8643208322463
4481 1120.25 301.8642288019769
4482 1120.5 301.8641365985994
4483 1120.75 301.8640442327268
4484 1121 301.8639516790494
4485 1121.25 301.8638589111909
4486 1121.5 301.8637658647928
4487 1121.75 301.8636724622907
4488 1122 301.863578608139
4489 1122.25 301.8634841440143
4490 1122.5 301.8633889269761
4491 1122.75 301.8632928534102
4492 1123 301.8631958214094
4493 1123.25 301.8630977755922
4494 1123.5 301.8629987310366
4495 1123.75 301.8628987672383
4496 1124 301.8627979331271
4497 1124.25 301.8626962617249
4498 1124.5 301.8625937934739
4499 1124.75 301.8624905542683
4500 1125 301.8623865567014
4501 1125.25 301.8622818641005
4502 1125.5 301.8621765058188
4503 1125.75 301.8620705273476
4504 1126 301.8619639969853
4505 1126.25 301.8618570747211
4506 1126.5 301.8617498481535
4507 1126.75 301.8616424008766
4508 1127 301.8615351802984
4509 1127.25 301.861428634351
4510 1127.5 301.8613226181419
4511 1127.75 301.8612170132946
4512 1128 301.8611117354644
4513 1128.25 301.8610067195559
4514 1128.5 301.8609019110398
4515 1128.75 301.8607972557861
4516 1129 301.8606927151658
4517 1129.25 301.8605882620366
4518 1129.5 301.8604838363307
4519 1129.75 301.8603793608035
4520 1130 301.8602747313246
4521 1130.25 301.8601699027195
4522 1130.5 301.8600648567678
4523 1130.75 301.8599596118572
4524 1131 301.8598542061161
4525 1131.25 301.8597486818217
4526 1131.5 301.8596430288446
4527 1131.75 301.8595372407362
4528 1132 301.8594313644797
4529 1132.25 301.8593254607998
4530 1132.5 301.8592195921659
4531 1132.75 301.8591137682748
4532 1133 301.8590080287855
4533 1133.25 301.8589024319324
4534 1133.5 301.8587970238998
4535 1133.75 301.8586918369031
4536 1134 301.85858692759
4537 1134.25 301.8584822180621
4538 1134.5 301.8583818959477
4539 1134.75 301.8582843181748
4540 1135 301.8581885633745
4541 1135.25 301.8580935723822
4542 1135.5 301.8579988710803
4543 1135.75 301.8579042830522
4544 1136 301.8578097189895
4545 1136.25 301.8577150980204
4546 1136.5 301.8576195966654
4547 1136.75 301.8575234573425
4548 1137 301.8574265050901
4549 1137.25 301.8573271285871
4550 1137.5 301.8572249126714
4551 1137.75 301.8571207430032
4552 1138 301.8570153482778
4553 1138.25 301.8569093598925
4554 1138.5 301.8568030903674
4555 1138.75 301.8566966370691
4556 1139 301.8565899964963
4557 1139.25 301.8564832152916
4558 1139.5 301.8563762720262
4559 1139.75 301.8562738653637
4560 1140 301.8561741065491
4561 1140.25 301.8560762345707
4562 1140.5 301.8559793088156
4563 1140.75 301.8558828015964
4564 1141 301.85578653319
4565 1141.25 301.8556904317888
4566 1141.5 301.8555944313682
4567 1141.75 301.8554984674445
4568 1142 301.855402463143
4569 1142.25 301.8553063478331
4570 1142.5 301.8552100698822
4571 1142.75 301.8551135772136
4572 1143 301.8550158037847
4573 1143.25 301.854916840374
4574 1143.5 301.8548164836272
4575 1143.75 301.854714305256
4576 1144 301.8546110495119
4577 1144.25 301.8545073984105
4578 1144.5 301.8544037371215
4579 1144.75 301.8543001680424
4580 1145 301.8541966488656
4581 1145.25 301.8540931035166
4582 1145.5 301.8539894313857
4583 1145.75 301.8538855228418
4584 1146 301.8537812604995
4585 1146.25 301.8536765873678
4586 1146.5 301.8535714740527
4587 1146.75 301.8534659385387
4588 1147 301.8533600354401
4589 1147.25 301.8532538319711
4590 1147.5 301.8531473891292
4591 1147.75 301.8530408121099
4592 1148 301.8529374315663
4593 1148.25 301.8528363778607
4594 1148.5 301.8527365603419
4595 1148.75 301.8526373927469
4596 1149 301.8525385243632
4597 1149.25 301.8524398317813
4598 1149.5 301.8523412626307
4599 1149.75 301.8522427251136
4600 1150 301.852144135267
4601 1150.25 301.8520454195811
4602 1150.5 301.8519465188812
4603 1150.75 301.8518473500263
4604 1151 301.8517478108259
4605 1151.25 301.8516478263635
4606 1151.5 301.851547318404
4607 1151.75 301.8514462461698
4608 1152 301.8513445981241
4609 1152.25 301.8512423330124
4610 1152.5 301.851139486182
4611 1152.75 301.8510360066793
4612 1153 301.8509318424209
4613 1153.25 301.8508268958827
4614 1153.5 301.8507211727028
4615 1153.75 301.850614737567
4616 1154 301.8505076889341
4617 1154.25 301.8504001600622
4618 1154.5 301.8502922329652
4619 1154.75 301.8501840080593
4620 1155 301.8500755617938
4621 1155.25 301.8499669666215
4622 1155.5 301.8498582129208
4623 1155.75 301.8497491233047
4624 1156 301.8496387614261
4625 1156.25 301.8495277919438
4626 1156.5 301.8494168704323
4627 1156.75 301.8493063455835
4628 1157 301.8491960816141
4629 1157.25 301.8490860498235
4630 1157.5 301.8489766420266
4631 1157.75 301.8488682567439
4632 1158 301.8487639959371
4633 1158.25 301.8486622925861
4634 1158.5 301.8485608317922
4635 1158.75 301.8484576679796
4636 1159 301.8483526211519
4637 1159.25 301.8482464163999
4638 1159.5 301.848139852929
4639 1159.75 301.8480332376514
4640 1160 301.8479266318646
4641 1160.25 301.8478200163826
4642 1160.5 301.8477133671948
4643 1160.75 301.8476066874011
4644 1161 301.8474999326457
4645 1161.25 301.8473931373925
4646 1161.5 301.8472863080568
4647 1161.75 301.8471794134507
4648 1162 301.8470724057521
4649 1162.25 301.8469653058185
4650 1162.5 301.8468581203038
4651 1162.75 301.8467509071927
4652 1163 301.8466436313952
4653 1163.25 301.8465363673067
4654 1163.5 301.8464308616304
4655 1163.75 301.8463271134164
4656 1164 301.8462243870595
4657 1164.25 301.8461220750966
4658 1164.5 301.8460198321263
4659 1164.75 301.8459174976418
4660 1165 301.84581500269
4661 1165.25 301.8457122983025
4662 1165.5 301.8456093664307
4663 1165.75 301.8455062177409
4664 1166 301.8454028582081
4665 1166.25 301.8452992872849
4666 1166.5 301.8451954915126
4667 1166.75 301.845091167094
4668 1167 301.8449850948345
4669 1167.25 301.8448777495975
4670 1167.5 301.8447694002035
4671 1167.75 301.8446604304771
4672 1168 301.8445510015606
4673 1168.25 301.8444412101807
4674 1168.5 301.844331152207
4675 1168.75 301.8442209247611
4676 1169 301.8441106212523
4677 1169.25 301.8440003023799
4678 1169.5 301.8438900080458
4679 1169.75 301.8437797865698
4680 1170 301.8436697092391
4681 1170.25 301.8435597694323
4682 1170.5 301.8434499524353
4683 1170.75 301.8433402359336
4684 1171 301.8432304922449
4685 1171.25 301.8431206832864
4686 1171.5 301.8430107569915
4687 1171.75 301.8429007217269
4688 1172 301.8427905945666
4689 1172.25 301.8426804199356
4690 1172.5 301.8425702506772
4691 1172.75 301.8424601652388
4692 1173 301.8423502908225
4693 1173.25 301.8422407203547
4694 1173.5 301.8421315652213
4695 1173.75 301.8420229052424
4696 1174 301.8419146988449
4697 1174.25 301.8418069096979
4698 1174.5 301.8416995471526
4699 1174.75 301.8415925847428
4700 1175 301.8414860124751
4701 1175.25 301.8413797961903
4702 1175.5 301.8412738874983
4703 1175.75 301.8411682804988
4704 1176 301.8410629033405
4705 1176.25 301.8409576581697
4706 1176.5 301.8408524723487
4707 1176.75 301.840747272476
4708 1177 301.8406419940622
4709 1177.25 301.84053656885
4710 1177.5 301.8404309432237
4711 1177.75 301.8403250595333
4712 1178 301.8402188709136
4713 1178.25 301.8401123149167
4714 1178.5 301.8400053335701
4715 1178.75 301.8398979073935
4716 1179 301.8397899719665
4717 1179.25 301.8396815168479
4718 1179.5 301.8395724599799
4719 1179.75 301.8394627034033
4720 1180 301.8393521296971
4721 1180.25 301.8392406470526
4722 1180.5 301.8391282576022
4723 1180.75 301.8390150468314
4724 1181 301.8389013104197
4725 1181.25 301.8387869562386
4726 1181.5 301.8386721954428
4727 1181.75 301.8385571725472
4728 1182 301.8384419896204
4729 1182.25 301.8383267224634
4730 1182.5 301.8382114464553
4731 1182.75 301.8380983436309
4732 1183 301.8379840203389
4733 1183.25 301.837867712442
4734 1183.5 301.8377503062638
4735 1183.75 301.837632550514
4736 1184 301.8375147081965
4737 1184.25 301.8373968786212
4738 1184.5 301.8372790146911
4739 1184.75 301.8371611436168
4740 1185 301.8370433034489
4741 1185.25 301.8369256353334
4742 1185.5 301.8368081994358
4743 1185.75 301.8366910726306
4744 1186 301.8365743386973
4745 1186.25 301.8364580215231
4746 1186.5 301.8363421475982
4747 1186.75 301.8362267405568
4748 1187 301.8361117664298
4749 1187.25 301.83599712402
4750 1187.5 301.8358828079708
4751 1187.75 301.8357688530045
4752 1188 301.8356552598451
4753 1188.25 301.8355421352613
4754 1188.5 301.8354295070148
4755 1188.75 301.8353173531566
4756 1189 301.8352056963892
4757 1189.25 301.8350944876041
4758 1189.5 301.8349837238553
4759 1189.75 301.8348733445655
4760 1190 301.8347632969679
4761 1190.25 301.8346535031591
4762 1190.5 301.8345438316239
4763 1190.75 301.8344341275426
4764 1191 301.8343242733081
4765 1191.25 301.8342141367554
4766 1191.5 301.8341036312418
4767 1191.75 301.8339926528761
4768 1192 301.8338811269016
4769 1192.25 301.8337689806192
4770 1192.5 301.8336561466717
4771 1192.75 301.8335425664047
4772 1193 301.8334282503581
4773 1193.25 301.8333131882236
4774 1193.5 301.8331974544238
4775 1193.75 301.833081066908
4776 1194 301.8329640936711
4777 1194.25 301.8328465974174
4778 1194.5 301.8327286148394
4779 1194.75 301.8326102312683
4780 1195 301.8324914739004
4781 1195.25 301.8323724036116
4782 1195.5 301.8322531239646
4783 1195.75 301.8321336477197
4784 1196 301.8320140985076
4785 1196.25 301.8318944575342
4786 1196.5 301.8317747276904
4787 1196.75 301.831654881385
4788 1197 301.8315349465508
4789 1197.25 301.8314149339544
4790 1197.5 301.8312948847278
4791 1197.75 301.8311748772815
4792 1198 301.8310549876865
4793 1198.25 301.8309352563476
4794 1198.5 301.8308157114811
4795 1198.75 301.8306963858363
4796 1199 301.8305771913281
4797 1199.25 301.83046115162
4798 1199.5 301.8303459466007
4799 1199.75 301.830231094476
4800 1200 301.8301164600521
4801 1200.25 301.8300019348771
4802 1200.5 301.8298874841701
4803 1200.75 301.8297730489627
4804 1201 301.8296585762772
4805 1201.25 301.8295440941017
4806 1201.5 301.8294296264915
4807 1201.75 301.8293152080684
4808 1202 301.8292008596807
4809 1202.25 301.8290865727887
4810 1202.5 301.8289723050049
4811 1202.75 301.8288580263671
4812 1203 301.8287437438429
4813 1203.25 301.8286294439822
4814 1203.5 301.8285151654848
4815 1203.75 301.828400867797
4816 1204 301.8282865414463
4817 1204.25 301.8281721681018
4818 1204.5 301.8280578031612
4819 1204.75 301.8279434539046
4820 1205 301.8278291419949
4821 1205.25 301.8277148234572
4822 1205.5 301.8276004457117
4823 1205.75 301.8274859802285
4824 1206 301.8273714209594
4825 1206.25 301.8272567364975
4826 1206.5 301.8271419446035
4827 1206.75 301.8270270653367
4828 1207 301.8269120738138
4829 1207.25 301.8267969697801
4830 1207.5 301.826681672219
4831 1207.75 301.8265661128883
4832 1208 301.8264502719999
4833 1208.25 301.8263340643781
4834 1208.5 301.8262174762473
4835 1208.75 301.8261004528621
4836 1209 301.8259830007125
4837 1209.25 301.8258652003214
4838 1209.5 301.8257470775184
4839 1209.75 301.8256287138793
4840 1210 301.8255101552995
4841 1210.25 301.8253914670506
4842 1210.5 301.8252726693592
4843 1210.75 301.8251538588596
4844 1211 301.8250351378995
4845 1211.25 301.8249166010121
4846 1211.5 301.8247982766916
4847 1211.75 301.8246802034025
4848 1212 301.8245623782609
4849 1212.25 301.8244448415015
4850 1212.5 301.824327704614
4851 1212.75 301.8242110208794
4852 1213 301.824094850771
4853 1213.25 301.8239801518192
4854 1213.5 301.8238625630955
4855 1213.75 301.8237423753861
4856 1214 301.8236204725592
4857 1214.25 301.8234976727363
4858 1214.5 301.8233744138647
4859 1214.75 301.8232508629391
4860 1215 301.823127115747
4861 1215.25 301.8230032300363
4862 1215.5 301.8228792546291
4863 1215.75 301.8227552463851
4864 1216 301.8226312223779
4865 1216.25 301.8225072011124
4866 1216.5 301.8223831906864
4867 1216.75 301.8222591936189
4868 1217 301.8221352190478
4869 1217.25 301.8220112761181
4870 1217.5 301.8218873599911
4871 1217.75 301.8217634921283
4872 1218 301.8216396565929
4873 1218.25 301.8215158447515
4874 1218.5 301.8213920783176
4875 1218.75 301.8212683681035
4876 1219 301.8211447531943
4877 1219.25 301.8210212425195
4878 1219.5 301.820897887882
4879 1219.75 301.8207747018746
4880 1220 301.8206516999799
4881 1220.25 301.8205288742766
4882 1220.5 301.8204062992714
4883 1220.75 301.8202839867737
4884 1221 301.8201619932929
4885 1221.25 301.8200403477997
4886 1221.5 301.8199190828855
4887 1221.75 301.8197982283835
4888 1222 301.8196777932214
4889 1222.25 301.8195578386147
4890 1222.5 301.8194383606013
4891 1222.75 301.819319383794
4892 1223 301.8192009095334
4893 1223.25 301.8190830394263
4894 1223.5 301.8189657952495
4895 1223.75 301.8188491736986
4896 1224 301.81873315719
4897 1224.25 301.8186176448925
4898 1224.5 301.818502596878
4899 1224.75 301.818387962089
4900 1225 301.8182736785052
4901 1225.25 301.8181597370426
4902 1225.5 301.8180460912414
4903 1225.75 301.8179327012615
4904 1226 301.8178195142569
4905 1226.25 301.8177064916811
4906 1226.5 301.8175935871132
4907 1226.75 301.8174807758213
4908 1227 301.8173679957537
4909 1227.25 301.8172552199138
4910 1227.5 301.817142397873
4911 1227.75 301.8170294638624
4912 1228 301.8169163120804
4913 1228.25 301.816802850892
4914 1228.5 301.8166890074593
4915 1228.75 301.8165746854909
4916 1229 301.8164597959892
4917 1229.25 301.8163442692669
4918 1229.5 301.816228067879
4919 1229.75 301.8161111798377
4920 1230 301.8159936254663
4921 1230.25 301.8158755596083
4922 1230.5 301.8157568152062
4923 1230.75 301.815637633534
4924 1231 301.8155179178348
4925 1231.25 301.8153978398601
4926 1231.5 301.8152775369824
4927 1231.75 301.8151571122546
4928 1232 301.8150367192892
4929 1232.25 301.8149164379787
4930 1232.5 301.8147996537323
4931 1232.75 301.8146856658081
4932 1233 301.8145732231121
4933 1233.25 301.8144620378293
4934 1233.5 301.8143514903993
4935 1233.75 301.8142412768217
4936 1234 301.8141312271972
4937 1234.25 301.8140211992387
4938 1234.5 301.8139110926136
4939 1234.75 301.8138008199201
4940 1235 301.8136902925328
4941 1235.25 301.8135794503007
4942 1235.5 301.8134681970162
4943 1235.75 301.8133564476091
4944 1236 301.8132441122609
4945 1236.25 301.8131310990017
4946 1236.5 301.8130174105878
4947 1236.75 301.8129029864405
4948 1237 301.8127878411715
4949 1237.25 301.812671949348
4950 1237.5 301.8125553602033
4951 1237.75 301.8124381169217
4952 1238 301.812320271496
4953 1238.25 301.8122019061879
4954 1238.5 301.8120830801327
4955 1238.75 301.8119638770002
4956 1239 301.8118443595644
4957 1239.25 301.8117245867732
4958 1239.5 301.8116045697627
4959 1239.75 301.8114842703703
4960 1240 301.8113636632722
4961 1240.25 301.8112417592804
4962 1240.5 301.8111212004608
4963 1240.75 301.8109997221724
4964 1241 301.810876557243
4965 1241.25 301.8107524051633
4966 1241.5 301.8106278877645
4967 1241.75 301.8105033502372
4968 1242 301.8103789423386
4969 1242.25 301.8102547871187
4970 1242.5 301.8101309410158
4971 1242.75 301.810007445266
4972 1243 301.8098844151287
4973 1243.25 301.8097619512362
4974 1243.5 301.8096400727183
4975 1243.75 301.8095188262143
4976 1244 301.8093981620218
4977 1244.25 301.8092780642648
4978 1244.5 301.8091584290647
4979 1244.75 301.8090391741849
4980 1245 301.8089202337454
4981 1245.25 301.808801565576
4982 1245.5 301.8086831673484
4983 1245.75 301.8085650722438
4984 1246 301.8084473000714
4985 1246.25 301.8083298144331
4986 1246.5 301.8082125560249
4987 1246.75 301.8080954892811
4988 1247 301.8079785682809
4989 1247.25 301.8078617657635
4990 1247.5 301.8077450070527
4991 1247.75 301.8076282202753
4992 1248 301.8075113175078
4993 1248.25 301.807394193953
4994 1248.5 301.8072767831072
4995 1248.75 301.8071590113521
4996 1249 301.8070407850079
4997 1249.25 301.8069220436316
4998 1249.5 301.8068027113292
4999 1249.75 301.8066827468431
5000 1250 301.8065620967471
5001 1250.25 301.8064407154247
5002 1250.5 301.8063185745974
5003 1250.75 301.806195677609
5004 1251 301.8060720537049
5005 1251.25 301.8059477682311
5006 1251.5 301.8058229461695
5007 1251.75 301.805697679722
5008 1252 301.8055719952055
5009 1252.25 301.8054459670693
5010 1252.5 301.8053196953065
5011 1252.75 301.8051932160552
5012 1253 301.8050665823783
5013 1253.25 301.8049398245778
5014 1253.5 301.8048129566081
5015 1253.75 301.8046859752413
5016 1254 301.8045588523442
5017 1254.25 301.8044316124086
5018 1254.5 301.8043043547245
5019 1254.75 301.8041770463155
5020 1255 301.8040497128924
5021 1255.25 301.803922349514
5022 1255.5 301.8037949883287
5023 1255.75 301.8036676602902
5024 1256 301.8035403965902
5025 1256.25 301.803413216032
5026 1256.5 301.8032861358215
5027 1256.75 301.8031591771506
5028 1257 301.803032422042
5029 1257.25 301.8029059047175
5030 1257.5 301.8027796119837
5031 1257.75 301.8026536549615
5032 1258 301.8025279319846
5033 1258.25 301.8024024855554
5034 1258.5 301.8022772763838
5035 1258.75 301.8021524320485
5036 1259 301.8020279085371
5037 1259.25 301.8019037202548
5038 1259.5 301.8017798866298
5039 1259.75 301.8016563818547
5040 1260 301.8015332287451
5041 1260.25 301.8014104124051
5042 1260.5 301.8012880133702
5043 1260.75 301.8011672863808
5044 1261 301.8010502075344
5045 1261.25 301.8009356955843
5046 1261.5 301.8008226119693
5047 1261.75 301.8007102026728
5048 1262 301.8005981761633
5049 1262.25 301.8004863665932
5050 1262.5 301.800374694648
5051 1262.75 301.8002630790027
5052 1263 301.8001514643168
5053 1263.25 301.8000398119776
5054 1263.5 301.7999281009181
5055 1263.75 301.7998163104204
5056 1264 301.7997044208118
5057 1264.25 301.7995924069563
5058 1264.5 301.7994802546873
5059 1264.75 301.7993679361325
5060 1265 301.7992554173088
5061 1265.25 301.7991426621974
5062 1265.5 301.7990296260474
5063 1265.75 301.7989162799141
5064 1266 301.798802664925
5065 1266.25 301.7986887046141
5066 1266.5 301.7985743617904
5067 1266.75 301.7984595835412
5068 1267 301.7983442552195
5069 1267.25 301.7982283239521
5070 1267.5 301.798111673765
5071 1267.75 301.7979942058748
5072 1268 301.7978758748008
5073 1268.25 301.7977566251498
5074 1268.5 301.7976365185517
5075 1268.75 301.7975155688551
5076 1269 301.7973937921255
5077 1269.25 301.7972712092132
5078 1269.5 301.7971478801653
5079 1269.75 301.7970238398163
5080 1270 301.7968992183616
5081 1270.25 301.7967747198763
5082 1270.5 301.7966512197587
5083 1270.75 301.7965284729549
5084 1271 301.7964060573963
5085 1271.25 301.796283818459
5086 1271.5 301.7961616043152
5087 1271.75 301.7960393656355
5088 1272 301.7959170100721
5089 1272.25 301.7957944685229
5090 1272.5 301.7956716810097
5091 1272.75 301.7955486489551
5092 1273 301.7954291402746
5093 1273.25 301.7953121000331
5094 1273.5 301.7951963893787
5095 1273.75 301.7950813396839
5096 1274 301.7949666123037
5097 1274.25 301.7948520230708
5098 1274.5 301.7947374404237
5099 1274.75 301.7946227855593
5100 1275 301.7945079794173
5101 1275.25 301.7943929642591
5102 1275.5 301.7942776913657
5103 1275.75 301.7941621679971
5104 1276 301.7940464943794
5105 1276.25 301.7939296539554
5106 1276.5 301.7938117671634
5107 1276.75 301.7936931503987
5108 1277 301.7935740128591
5109 1277.25 301.7934545088239
5110 1277.5 301.7933346782975
5111 1277.75 301.7932145667236
5112 1278 301.7930942250766
5113 1278.25 301.792973732243
5114 1278.5 301.7928531460398
5115 1278.75 301.7927325461173
5116 1279 301.7926119866345
5117 1279.25 301.7924915406977
5118 1279.5 301.7923713105837
5119 1279.75 301.79225131665
5120 1280 301.7921315558825
5121 1280.25 301.7920119802569
5122 1280.5 301.7918924712013
5123 1280.75 301.7917729274455
5124 1281 301.7916532337824
5125 1281.25 301.7915332871304
5126 1281.5 301.7914129605372
5127 1281.75 301.7912920965645
5128 1282 301.7911705989403
5129 1282.25 301.7910484070915
5130 1282.5 301.7909254523004
5131 1282.75 301.7908016900757
5132 1283 301.7906771126092
5133 1283.25 301.7905517323188
5134 1283.5 301.7904256251217
5135 1283.75 301.790298876791
5136 1284 301.7901716194813
5137 1284.25 301.7900439478616
5138 1284.5 301.7899159489119
5139 1284.75 301.789787681596
5140 1285 301.7896591804956
5141 1285.25 301.7895304446551
5142 1285.5 301.7894014344787
5143 1285.75 301.7892721268086
5144 1286 301.7891425463151
5145 1286.25 301.7890127343625
5146 1286.5 301.7888827527805
5147 1286.75 301.7887526506703
5148 1287 301.7886224481892
5149 1287.25 301.7884921718573
5150 1287.5 301.7883618439881
5151 1287.75 301.7882315038538
5152 1288 301.7881011818746
5153 1288.25 301.787970854541
5154 1288.5 301.7878405657945
5155 1288.75 301.7877103396503
5156 1289 301.7875801949127
5157 1289.25 301.7874501574138
5158 1289.5 301.7873202214597
5159 1289.75 301.7871903579917
5160 1290 301.7870605885305
5161 1290.25 301.7869309174527
5162 1290.5 301.7868014417377
5163 1290.75 301.7866722470782
5164 1291 301.7865432653995
5165 1291.25 301.7864144981069
5166 1291.5 301.7862859243534
5167 1291.75 301.7861575194454
5168 1292 301.7860293094196
5169 1292.25 301.7859013145444
5170 1292.5 301.7857735241556
5171 1292.75 301.7856459464746
5172 1293 301.7855185605346
5173 1293.25 301.785391452257
5174 1293.5 301.7852646360897
5175 1293.75 301.7851381396055
5176 1294 301.7850119415323
5177 1294.25 301.7848860250381
5178 1294.5 301.7847604209813
5179 1294.75 301.7846351359022
5180 1295 301.7845102318349
5181 1295.25 301.7843857121181
5182 1295.5 301.7842615888401
5183 1295.75 301.7841378883425
5184 1296 301.7840145529397
5185 1296.25 301.7838915495901
5186 1296.5 301.7837688621671
5187 1296.75 301.7836464619382
5188 1297 301.7835242857676
5189 1297.25 301.7834023659811
5190 1297.5 301.7832807222122
5191 1297.75 301.783159351202
5192 1298 301.783038223935
5193 1298.25 301.7829174794563
5194 1298.5 301.7827971983481
5195 1298.75 301.7826774640454
5196 1299 301.7825582734571
5197 1299.25 301.7824397099678
5198 1299.5 301.7823217712346
5199 1299.75 301.7822044918803
5200 1300 301.7820878365532
5201 1300.25 301.7819717906846
5202 1300.5 301.7818562584914
5203 1300.75 301.7817412308737
5204 1301 301.7816266007773
5205 1301.25 301.7815123303704
5206 1301.5 301.7813983343156
5207 1301.75 301.7812845777021
5208 1302 301.7811709902869
5209 1302.25 301.7810575484716
5210 1302.5 301.7809441810085
5211 1302.75 301.7808308692559
5212 1303 301.7807175557687
5213 1303.25 301.7806042154893
5214 1303.5 301.7804908096015
5215 1303.75 301.7803772952595
5216 1304 301.7802636406731
5217 1304.25 301.7801497858329
5218 1304.5 301.7800357266182
5219 1304.75 301.7799214263229
5220 1305 301.7798068371368
5221 1305.25 301.7796919904442
5222 1305.5 301.7795768413693
5223 1305.75 301.7794613467117
5224 1306 301.7793454094899
5225 1306.25 301.7792290393118
5226 1306.5 301.779112121853
5227 1306.75 301.7789945870764
5228 1307 301.7788764583976
5229 1307.25 301.778757684649
5230 1307.5 301.7786382130228
5231 1307.75 301.7785180737874
5232 1308 301.7783972454713
5233 1308.25 301.7782738993947
5234 1308.5 301.7781492735301
5235 1308.75 301.7780252350877
5236 1309 301.7779022431874
5237 1309.25 301.7777799857625
5238 1309.5 301.777658249844
5239 1309.75 301.7775368447945
5240 1310 301.7774156162306
5241 1310.25 301.7772945530964
5242 1310.5 301.7771736424754
5243 1310.75 301.7770531149009
5244 1311 301.7769342497587
5245 1311.25 301.776817039446
5246 1311.5 301.7767008991341
5247 1311.75 301.7765853558465
5248 1312 301.7764701364985
5249 1312.25 301.776355099178
5250 1312.5 301.7762401254728
5251 1312.75 301.776125128245
5252 1313 301.7760100457892
5253 1313.25 301.7758948194459
5254 1313.5 301.7757793969996
5255 1313.75 301.7756637273195
5256 1314 301.775547741767
5257 1314.25 301.775431368353
5258 1314.5 301.7753145307489
5259 1314.75 301.7751971567541
5260 1315 301.7750791762628
5261 1315.25 301.7749605457008
5262 1315.5 301.7748412128139
5263 1315.75 301.7747211242553
5264 1316 301.774600310742
5265 1316.25 301.7744788243446
5266 1316.5 301.7743593688723
5267 1316.75 301.7742399219057
5268 1317 301.774120442936
5269 1317.25 301.7740011552506
5270 1317.5 301.7738829270472
5271 1317.75 301.7737626445615
5272 1318 301.7736399651752
5273 1318.25 301.7735158143602
5274 1318.5 301.7733909634419
5275 1318.75 301.7732656512331
5276 1319 301.7731399264941
5277 1319.25 301.7730137678079
5278 1319.5 301.772887222013
5279 1319.75 301.7727603480819
5280 1320 301.7726332322237
5281 1320.25 301.7725059884716
5282 1320.5 301.7723787136929
5283 1320.75 301.7722515204145
5284 1321 301.7721244636947
5285 1321.25 301.771997565376
5286 1321.5 301.7718708346216
5287 1321.75 301.7717442803505
5288 1322 301.7716178795965
5289 1322.25 301.7714916026928
5290 1322.5 301.7713654237075
5291 1322.75 301.7712393091644
5292 1323 301.7711132321335
5293 1323.25 301.7709871211295
5294 1323.5 301.7708608721082
5295 1323.75 301.7707344121041
5296 1324 301.7706076977677
5297 1324.25 301.7704806556646
5298 1324.5 301.7703532559422
5299 1324.75 301.7702254639264
5300 1325 301.7700972952288
5301 1325.25 301.7699687780947
5302 1325.5 301.7698399767534
5303 1325.75 301.769710904557
5304 1326 301.7695815814109
5305 1326.25 301.7694520660322
5306 1326.5 301.7693224018171
5307 1326.75 301.7691925841945
5308 1327 301.7690626043497
5309 1327.25 301.7689324607318
5310 1327.5 301.7688021762638
5311 1327.75 301.768671820782
5312 1328 301.7685414712191
5313 1328.25 301.7684111606774
5314 1328.5 301.7682808795111
5315 1328.75 301.7681505841397
5316 1329 301.7680202779674
5317 1329.25 301.7678900205156
5318 1329.5 301.7677598593879
5319 1329.75 301.7676297739328
5320 1330 301.7674997683224
5321 1330.25 301.767369862682
5322 1330.5 301.7672401094571
5323 1330.75 301.767110527632
5324 1331 301.766981163329
5325 1331.25 301.766852033718
5326 1331.5 301.7667231639364
5327 1331.75 301.7665945227751
5328 1332 301.7664661245852
5329 1332.25 301.76633795412
5330 1332.5 301.7662100413634
5331 1332.75 301.7660823438008
5332 1333 301.7659548850519
5333 1333.25 301.7658276304758
5334 1333.5 301.7657006027729
5335 1333.75 301.7655737737059
5336 1334 301.7654471373672
5337 1334.25 301.7653206985685
5338 1334.5 301.7651944934025
5339 1334.75 301.7650685915888
5340 1335 301.7649430303536
5341 1335.25 301.7648178720975
5342 1335.5 301.7646932057066
5343 1335.75 301.7645691101601
5344 1336 301.7644456564986
5345 1336.25 301.7643228284011
5346 1336.5 301.7642006183626
5347 1336.75 301.764079202204
5348 1337 301.7639585374114
5349 1337.25 301.7638375659488
5350 1337.5 301.7637158571944
5351 1337.75 301.7635933210034
5352 1338 301.7634706006451
5353 1338.25 301.7633479682918
5354 1338.5 301.7632255237906
5355 1338.75 301.7631032531364
5356 1339 301.7629815208599
5357 1339.25 301.7628604917062
5358 1339.5 301.7627402014423
5359 1339.75 301.7626208664082
5360 1340 301.7625022024636
5361 1340.25 301.7623839751881
5362 1340.5 301.7622661165532
5363 1340.75 301.7621485741283
5364 1341 301.7620313053315
5365 1341.25 301.7619142412206
5366 1341.5 301.7617973225874
5367 1341.75 301.7616804762391
5368 1342 301.7615636266275
5369 1342.25 301.7614467039422
5370 1342.5 301.7613296315982
5371 1342.75 301.7612123158563
5372 1343 301.7610946821466
5373 1343.25 301.7609766250189
5374 1343.5 301.7608580689957
5375 1343.75 301.7607389597561
5376 1344 301.7606192940253
5377 1344.25 301.7604991136618
5378 1344.5 301.7603784606556
5379 1344.75 301.7602573693527
5380 1345 301.7601359071222
5381 1345.25 301.7600141811054
5382 1345.5 301.7598922752609
5383 1345.75 301.7597702356771
5384 1346 301.7596481110122
5385 1346.25 301.7595259952538
5386 1346.5 301.7594039370851
5387 1346.75 301.7592834139253
5388 1347 301.7591625881695
5389 1347.25 301.759040587596
5390 1347.5 301.7589181528754
5391 1347.75 301.7587958644488
5392 1348 301.7586738050057
5393 1348.25 301.7585518436921
5394 1348.5 301.7584299339325
5395 1348.75 301.7583080921349
5396 1349 301.7581863815713
5397 1349.25 301.758064849132
5398 1349.5 301.7579435105641
5399 1349.75 301.7578223649305
5400 1350 301.757701343667
5401 1350.25 301.7575804388478
5402 1350.5 301.7574596146725
5403 1350.75 301.7573388523378
5404 1351 301.7572182024588
5405 1351.25 301.7570976832455
5406 1351.5 301.7569773435656
5407 1351.75 301.7568572074748
5408 1352 301.7567373068571
5409 1352.25 301.7566176446789
5410 1352.5 301.7564982126131
5411 1352.75 301.7563789731289
5412 1353 301.7562598623446
5413 1353.25 301.7561408226074
5414 1353.5 301.7560218008067
5415 1353.75 301.7559026654251
5416 1354 301.7557833473208
5417 1354.25 301.7556637653682
5418 1354.5 301.7555438328172
5419 1354.75 301.7554235221127
5420 1355 301.7553027633044
5421 1355.25 301.7551815324439
5422 1355.5 301.7550597822905
5423 1355.75 301.7549374939357
5424 1356 301.7548146773133
5425 1356.25 301.7546913909526
5426 1356.5 301.7545676279308
5427 1356.75 301.7544434710234
5428 1357 301.7543189228447
5429 1357.25 301.7541940198877
5430 1357.5 301.7540688277402
5431 1357.75 301.7539433964452
5432 1358 301.7538177913203
5433 1358.25 301.7536920504998
5434 1358.5 301.7535662443442
5435 1358.75 301.7534404167706
5436 1359 301.7533145727083
5437 1359.25 301.7531886636994
5438 1359.5 301.7530627051447
5439 1359.75 301.7529367473161
5440 1360 301.7528108612637
5441 1360.25 301.7526850976232
5442 1360.5 301.7525595173288
5443 1360.75 301.7524341254243
5444 1361 301.7523089579105
5445 1361.25 301.7521840474614
5446 1361.5 301.7520593725897
5447 1361.75 301.7519350202033
5448 1362 301.7518109282536
5449 1362.25 301.751688528379
5450 1362.5 301.7515677624866
5451 1362.75 301.7514482817672
5452 1363 301.7513295979958
5453 1363.25 301.7512114502166
5454 1363.5 301.7510935455746
5455 1363.75 301.7509758934433
5456 1364 301.7508583777621
5457 1364.25 301.7507411630798
5458 1364.5 301.7506241994412
5459 1364.75 301.7505075330245
5460 1365 301.750391214503
5461 1365.25 301.7502749498449
5462 1365.5 301.7501590796179
5463 1365.75 301.7500433973796
5464 1366 301.7499276712318
5465 1366.25 301.7498116915228
5466 1366.5 301.7496953464077
5467 1366.75 301.7495785959265
5468 1367 301.7494613552448
5469 1367.25 301.7493435349845
5470 1367.5 301.7492251224007
5471 1367.75 301.7491061301363
5472 1368 301.748986608498
5473 1368.25 301.7488666994046
5474 1368.5 301.7487466071838
5475 1368.75 301.7486264386137
5476 1369 301.7485063381326
5477 1369.25 301.7483864021848
5478 1369.5 301.7482667423429
5479 1369.75 301.7481474496
5480 1370 301.7480285744041
5481 1370.25 301.747910160154
5482 1370.5 301.7477921812791
5483 1370.75 301.7476746328921
5484 1371 301.7475574774876
5485 1371.25 301.7474406958095
5486 1371.5 301.7473242299249
5487 1371.75 301.7472079823739
5488 1372 301.7470918183786
5489 1372.25 301.7469756251542
5490 1372.5 301.7468593135734
5491 1372.75 301.7467427761603
5492 1373 301.7466259410211
5493 1373.25 301.7465087568204
5494 1373.5 301.7463911859958
5495 1373.75 301.7462751698104
5496 1374 301.7461604322737
5497 1374.25 301.7460462933904
5498 1374.5 301.7459324326384
5499 1374.75 301.7458188099741
5500 1375 301.7457054099891
5501 1375.25 301.745592176033
5502 1375.5 301.7454790431764
5503 1375.75 301.7453659566327
5504 1376 301.7452528871794
5505 1376.25 301.7451398317138
5506 1376.5 301.7450267788387
5507 1376.75 301.7449137226902
5508 1377 301.744800647162
5509 1377.25 301.7446875673451
5510 1377.5 301.7445744830178
5511 1377.75 301.7444614208092
5512 1378 301.7443483736189
5513 1378.25 301.744235310982
5514 1378.5 301.7441222012635
5515 1378.75 301.7440090200524
5516 1379 301.7438957443687
5517 1379.25 301.7437823907981
5518 1379.5 301.7436689460984
5519 1379.75 301.7435554114568
5520 1380 301.7434417985941
5521 1380.25 301.7433281207447
5522 1380.5 301.7432143685908
5523 1380.75 301.7431005329402
5524 1381 301.7429865788049
5525 1381.25 301.7428724945578
5526 1381.5 301.7427582476832
5527 1381.75 301.7426438003996
5528 1382 301.7425291283297
5529 1382.25 301.7424141946831
5530 1382.5 301.7422989802327
5531 1382.75 301.7421834400049
5532 1383 301.7420674868652
5533 1383.25 301.7419510194919
5534 1383.5 301.7418339197579
5535 1383.75 301.7417161083211
5536 1384 301.7415975846724
5537 1384.25 301.7414793210594
5538 1384.5 301.7413622450158
5539 1384.75 301.7412466820813
5540 1385 301.7411319826757
5541 1385.25 301.7410182654592
5542 1385.5 301.7409055174758
5543 1385.75 301.7407934473529
5544 1386 301.7406818981798
5545 1386.25 301.7405707790891
5546 1386.5 301.740460029663
5547 1386.75 301.7403495861906
5548 1387 301.740239418811
5549 1387.25 301.74012945897
5550 1387.5 301.7400196582852
5551 1387.75 301.739909965086
5552 1388 301.7398003158262
5553 1388.25 301.7396906457295
5554 1388.5 301.7395808718153
5555 1388.75 301.7394709604278
5556 1389 301.739360850501
5557 1389.25 301.7392504531691
5558 1389.5 301.7391396669533
5559 1389.75 301.7390284375919
5560 1390 301.7389167184425
5561 1390.25 301.738804449756
5562 1390.5 301.7386915784148
5563 1390.75 301.7385780526282
5564 1391 301.7384638296587
5565 1391.25 301.7383488312774
5566 1391.5 301.7382330556188
5567 1391.75 301.738116521721
5568 1392 301.7379992955794
5569 1392.25 301.7378813964128
5570 1392.5 301.7377628460971
5571 1392.75 301.737643686035
5572 1393 301.7375239185907
5573 1393.25 301.7374035416454
5574 1393.5 301.737282540007
5575 1393.75 301.7371610395607
5576 1394 301.7370390557231
5577 1394.25 301.7369166800602
5578 1394.5 301.7367939243283
5579 1394.75 301.7366708799688
5580 1395 301.7365476060058
5581 1395.25 301.7364241639389
5582 1395.5 301.736300600208
5583 1395.75 301.7361769793596
5584 1396 301.736053344349
5585 1396.25 301.7359297600102
5586 1396.5 301.7358062521754
5587 1396.75 301.7356828547603
5588 1397 301.735559618694
5589 1397.25 301.7354365809905
5590 1397.5 301.7353137365169
5591 1397.75 301.735191155222
5592 1398 301.735068901381
5593 1398.25 301.7349470041965
5594 1398.5 301.7348255346774
5595 1398.75 301.7347045588804
5596 1399 301.7345840883693
5597 1399.25 301.7344641948064
5598 1399.5 301.7343448462452
5599 1399.75 301.7342260316204
5600 1400 301.7341077470154
5601 1400.25 301.7339899753957
5602 1400.5 301.7338726402878
5603 1400.75 301.7337556828264
5604 1401 301.7336390010516
5605 1401.25 301.7335225631352
5606 1401.5 301.7334062372534
5607 1401.75 301.7332899164585
5608 1402 301.7331734493466
5609 1402.25 301.7330567515663
5610 1402.5 301.7329397045759
5611 1402.75 301.7328222942124
5612 1403 301.7327044603141
5613 1403.25 301.7325862673177
5614 1403.5 301.7324677470755
5615 1403.75 301.7323490353718
5616 1404 301.7322301470999
5617 1404.25 301.7321112091507
5618 1404.5 301.7319921342023
5619 1404.75 301.7318728879057
5620 1405 301.7317534073679
5621 1405.25 301.7316337393434
5622 1405.5 301.7315138671115
5623 1405.75 301.731393883176
5624 1406 301.7312737690752
5625 1406.25 301.7311536001768
5626 1406.5 301.7310332848505
5627 1406.75 301.7309129656219
5628 1407 301.730792698099
5629 1407.25 301.7306726781749
5630 1407.5 301.730554818672
5631 1407.75 301.7304401099072
5632 1408 301.7303276843443
5633 1408.25 301.7302167874687
5634 1408.5 301.7301050132762
5635 1408.75 301.7299921148509
5636 1409 301.7298786796361
5637 1409.25 301.7297651377688
5638 1409.5 301.7296516331479
5639 1409.75 301.7295382107799
5640 1410 301.7294249200425
5641 1410.25 301.7293118073256
5642 1410.5 301.7291989187746
5643 1410.75 301.7290862806377
5644 1411 301.7289739168464
5645 1411.25 301.7288618565491
5646 1411.5 301.7287501283336
5647 1411.75 301.7286387817179
5648 1412 301.7285278763378
5649 1412.25 301.7284174661657
5650 1412.5 301.7283075625171
5651 1412.75 301.7281981359409
5652 1413 301.7280891184452
5653 1413.25 301.727980423537
5654 1413.5 301.7278719460158
5655 1413.75 301.7277636103524
5656 1414 301.7276553509592
5657 1414.25 301.7275470777687
5658 1414.5 301.727438663388
5659 1414.75 301.7273299556102
5660 1415 301.7272208672507
5661 1415.25 301.7271113251355
5662 1415.5 301.7270013004569
5663 1415.75 301.7268906644082
5664 1416 301.7267793474414
5665 1416.25 301.7266672775696
5666 1416.5 301.7265544027433
5667 1416.75 301.7264407021963
5668 1417 301.7263262074522
5669 1417.25 301.7262109663109
5670 1417.5 301.7260950238917
5671 1417.75 301.725978434967
5672 1418 301.7258612560539
5673 1418.25 301.7257435640199
5674 1418.5 301.7256254445311
5675 1418.75 301.725506918716
5676 1419 301.7253880673992
5677 1419.25 301.7252688769202
5678 1419.5 301.7251493582985
5679 1419.75 301.7250294971114
5680 1420 301.7249093776931
5681 1420.25 301.724789052981
5682 1420.5 301.7246686200569
5683 1420.75 301.7245481559311
5684 1421 301.7244277123189
5685 1421.25 301.7243073196596
5686 1421.5 301.7241869722998
5687 1421.75 301.7240667172757
5688 1422 301.7239465986765
5689 1422.25 301.7238266366904
5690 1422.5 301.7237068691759
5691 1422.75 301.7235873016906
5692 1423 301.7234679729283
5693 1423.25 301.7233489307222
5694 1423.5 301.723230195849
5695 1423.75 301.723111781989
5696 1424 301.7229937100476
5697 1424.25 301.7228759996735
5698 1424.5 301.7227586821105
5699 1424.75 301.7226417724015
5700 1425 301.7225252936939
5701 1425.25 301.7224092147927
5702 1425.5 301.7222937149923
5703 1425.75 301.7221787009791
5704 1426 301.7220641221827
5705 1426.25 301.7219498670141
5706 1426.5 301.7218358920647
5707 1426.75 301.7217220771271
5708 1427 301.7216083163521
5709 1427.25 301.7214944956095
5710 1427.5 301.7213805931463
5711 1427.75 301.7212665753225
5712 1428 301.7211524584669
5713 1428.25 301.7210382483582
5714 1428.5 301.7209239656128
5715 1428.75 301.7208096377234
5716 1429 301.7206953094522
5717 1429.25 301.7205810210512
5718 1429.5 301.7204668698282
5719 1429.75 301.7203528760398
5720 1430 301.7202390567728
5721 1430.25 301.7201254482026
5722 1430.5 301.7200121077438
5723 1430.75 301.7198990115422
5724 1431 301.7197861370874
5725 1431.25 301.7196734883036
5726 1431.5 301.7195610072183
5727 1431.75 301.7194487315759
5728 1432 301.7193366496958
5729 1432.25 301.719224817923
5730 1432.5 301.7191132965197
5731 1432.75 301.7190021138323
5732 1433 301.7188912722565
5733 1433.25 301.7187808219835
5734 1433.5 301.7186708057607
5735 1433.75 301.7185612918808
5736 1434 301.7184523270973
5737 1434.25 301.7183439166792
5738 1434.5 301.7182361134661
5739 1434.75 301.7181290157566
5740 1435 301.7180226613544
5741 1435.25 301.7179169839221
5742 1435.5 301.7178118964305
5743 1435.75 301.7177072846612
5744 1436 301.7176030210498
5745 1436.25 301.7174990077156
5746 1436.5 301.7173952125888
5747 1436.75 301.717291626396
5748 1437 301.7171882355164
5749 1437.25 301.7170849521888
5750 1437.5 301.7169817296813
5751 1437.75 301.7168784580494
5752 1438 301.7167750426397
5753 1438.25 301.7166713927922
5754 1438.5 301.7165674494137
5755 1438.75 301.7164631249132
5756 1439 301.7163583529296
5757 1439.25 301.716253054233
5758 1439.5 301.7161471879184
5759 1439.75 301.7160407755297
5760 1440 301.7159337035159
5761 1440.25 301.7158259918479
5762 1440.5 301.7157176359984
5763 1440.75 301.7156085601
5764 1441 301.7154987523177
5765 1441.25 301.7153882295512
5766 1441.5 301.7152771524934
5767 1441.75 301.7151654293194
5768 1442 301.7150531749656
5769 1442.25 301.7149404807771
5770 1442.5 301.7148273764727
5771 1442.75 301.714714027128
5772 1443 301.7146003672828
5773 1443.25 301.7144865129507
5774 1443.5 301.7143726065
5775 1443.75 301.7142587147703
5776 1444 301.7141449637453
5777 1444.25 301.7140313895101
5778 1444.5 301.7139180602429
5779 1444.75 301.713805007358
5780 1445 301.713692282957
5781 1445.25 301.7135798679142
5782 1445.5 301.7134677761799
5783 1445.75 301.7133559710529
5784 1446 301.7132444514565
5785 1446.25 301.7131333059414
5786 1446.5 301.7130226151011
5787 1446.75 301.7129124638113
5788 1447 301.7128029105903
5789 1447.25 301.7126939813559
5790 1447.5 301.7125855999926
5791 1447.75 301.7124777112761
5792 1448 301.7123702458142
5793 1448.25 301.7122631055718
5794 1448.5 301.7121561906385
5795 1448.75 301.7120494119602
5796 1449 301.7119426402253
5797 1449.25 301.7118357938977
5798 1449.5 301.7117287706175
5799 1449.75 301.7116215180401
5800 1450 301.7115139827731
5801 1450.25 301.7114061626006
5802 1450.5 301.7112979447182
5803 1450.75 301.7111893374683
5804 1451 301.7110803481002
5805 1451.25 301.710971005888
5806 1451.5 301.7108628497356
5807 1451.75 301.7107538466499
5808 1452 301.7106430907799
5809 1452.25 301.710531141878
5810 1452.5 301.7104187917805
5811 1452.75 301.7103063855496
5812 1453 301.7101940581333
5813 1453.25 301.7100818864143
5814 1453.5 301.709969925586
5815 1453.75 301.709858262038
5816 1454 301.7097469599289
5817 1454.25 301.709636138165
5818 1454.5 301.7095259304065
5819 1454.75 301.7094164734999
5820 1455 301.7093079065322
5821 1455.25 301.7092003328526
5822 1455.5 301.7090938587683
5823 1455.75 301.7089884686953
5824 1456 301.7088840659878
5825 1456.25 301.7087805752705
5826 1456.5 301.70867792306
5827 1456.75 301.7085760290568
5828 1457 301.708475174084
5829 1457.25 301.7083756642516
5830 1457.5 301.7082768675944
5831 1457.75 301.7081783874414
5832 1458 301.7080800443564
5833 1458.25 301.7079817326618
5834 1458.5 301.7078834033299
5835 1458.75 301.7077850163291
5836 1459 301.7076865488592
5837 1459.25 301.7075879938972
5838 1459.5 301.7074893369703
5839 1459.75 301.7073905570719
5840 1460 301.7072916396384
5841 1460.25 301.7071925512554
5842 1460.5 301.7070932761725
5843 1460.75 301.7069964456426
5844 1461 301.7069006753284
5845 1461.25 301.7068054441921
5846 1461.5 301.7067104815802
5847 1461.75 301.7066157051242
5848 1462 301.7065210490489
5849 1462.25 301.7064264265078
5850 1462.5 301.706331790964
5851 1462.75 301.706237105156
5852 1463 301.706142322618
5853 1463.25 301.7060474158452
5854 1463.5 301.7059523847993
5855 1463.75 301.7058572035503
5856 1464 301.7057618607067
5857 1464.25 301.7056663333688
5858 1464.5 301.7055705843953
5859 1464.75 301.7054745669953
5860 1465 301.7053782081875
5861 1465.25 301.7052814554025
5862 1465.5 301.705184257914
5863 1465.75 301.70508657094
5864 1466 301.7049883926272
5865 1466.25 301.7048897299646
5866 1466.5 301.7047906309937
5867 1466.75 301.704691099531
5868 1467 301.7045911429228
5869 1467.25 301.7044907575416
5870 1467.5 301.7043899493854
5871 1467.75 301.704288726478
5872 1468 301.7041870901294
5873 1468.25 301.7040850519878
5874 1468.5 301.7039826335626
5875 1468.75 301.7038798462146
5876 1469 301.7037767023466
5877 1469.25 301.7036732173375
5878 1469.5 301.7035694120705
5879 1469.75 301.7034652865767
5880 1470 301.7033608537528
5881 1470.25 301.7032561319725
5882 1470.5 301.7031511416284
5883 1470.75 301.7030459116809
5884 1471 301.7029405024635
5885 1471.25 301.7028349613749
5886 1471.5 301.702729289091
5887 1471.75 301.7026234769741
5888 1472 301.7025175215372
5889 1472.25 301.7024164819139
5890 1472.5 301.7023185276535
5891 1472.75 301.7022224469353
5892 1473 301.7021272979085
5893 1473.25 301.7020326695113
5894 1473.5 301.7019383751247
5895 1473.75 301.7018442816596
5896 1474 301.7017503181949
5897 1474.25 301.7016564223396
5898 1474.5 301.7015625558437
5899 1474.75 301.7014686480213
5900 1475 301.7013746658974
5901 1475.25 301.7012805738363
5902 1475.5 301.70118633342
5903 1475.75 301.7010918992198
5904 1476 301.7009972104419
5905 1476.25 301.7009022385488
5906 1476.5 301.7008069794541
5907 1476.75 301.700711432179
5908 1477 301.7006155934735
5909 1477.25 301.7005194967181
5910 1477.5 301.700423115107
5911 1477.75 301.7003265846421
5912 1478 301.700228419301
5913 1478.25 301.7001289431248
5914 1478.5 301.7000290980474
5915 1478.75 301.6999291679157
5916 1479 301.6998291549705
5917 1479.25 301.6997289881148
5918 1479.5 301.6996285905803
5919 1479.75 301.6995279925936
5920 1480 301.6994271971654
5921 1480.25 301.6993262633491
5922 1480.5 301.6992252115948
5923 1480.75 301.6991240534499
5924 1481 301.6990227907235
5925 1481.25 301.6989214487762
5926 1481.5 301.6988200901183
5927 1481.75 301.698718835707
5928 1482 301.6986177985112
5929 1482.25 301.6985171198659
5930 1482.5 301.698416918358
5931 1482.75 301.6983173471041
5932 1483 301.6982184481872
5933 1483.25 301.6981203290914
5934 1483.5 301.6980230550181
5935 1483.75 301.6979266287499
5936 1484 301.6978310553968
5937 1484.25 301.6977338807902
5938 1484.5 301.6976353925164
5939 1484.75 301.6975362360352
5940 1485 301.6974369518571
5941 1485.25 301.6973377235736
5942 1485.5 301.697238647687
5943 1485.75 301.6971398074556
5944 1486 301.6970413059814
5945 1486.25 301.6969432627726
5946 1486.5 301.6968457781371
5947 1486.75 301.6967488626133
5948 1487 301.696652499464
5949 1487.25 301.6965566788303
5950 1487.5 301.6964613441445
5951 1487.75 301.6963664705083
5952 1488 301.6962719762831
5953 1488.25 301.6961777813846
5954 1488.5 301.6960837493553
5955 1488.75 301.6959897494958
5956 1489 301.6958956160864
5957 1489.25 301.6958011604757
5958 1489.5 301.695706293219
5959 1489.75 301.695610945063
5960 1490 301.6955150249928
5961 1490.25 301.695418477465
5962 1490.5 301.695321292261
5963 1490.75 301.6952235011808
5964 1491 301.6951251411904
5965 1491.25 301.6950262331544
5966 1491.5 301.6949268052373
5967 1491.75 301.6948269809331
5968 1492 301.6947268900034
5969 1492.25 301.6946266646765
5970 1492.5 301.6945263498156
5971 1492.75 301.6944260011671
5972 1493 301.6943256169382
5973 1493.25 301.6942251779297
5974 1493.5 301.6941246106585
5975 1493.75 301.6940238380006
5976 1494 301.6939228914806
5977 1494.25 301.6938218185374
5978 1494.5 301.6937206456727
5979 1494.75 301.6936193857399
5980 1495 301.693518024319
5981 1495.25 301.6934165883914
5982 1495.5 301.6933150937149
5983 1495.75 301.6932135679441
5984 1496 301.6931119822237
5985 1496.25 301.6930103555806
5986 1496.5 301.692908664392
5987 1496.75 301.692806889116
5988 1497 301.6927049613154
5989 1497.25 301.6926028737724
5990 1497.5 301.6925006308086
5991 1497.75 301.6923983399141
5992 1498 301.6922960028484
5993 1498.25 301.6921936075921
5994 1498.5 301.6920912066824
5995 1498.75 301.6919887889629
5996 1499 301.6918863442363
5997 1499.25 301.691783883676
5998 1499.5 301.6916814576186
5999 1499.75 301.6915791218044
6000 1500 301.6914769428824
6001 1500.25 301.6913750025113
6002 1500.5 301.6912733697723
6003 1500.75 301.6911721645103
6004 1501 301.6910714470421
6005 1501.25 301.6909713003998
6006 1501.5 301.6908717538783
6007 1501.75 301.6907729407404
6008 1502 301.6906749584321
6009 1502.25 301.6905778076461
6010 1502.5 301.6904815181009
6011 1502.75 301.6903861679763
6012 1503 301.6902916747026
6013 1503.25 301.6901981714162
6014 1503.5 301.6901055775486
6015 1503.75 301.6900139851077
6016 1504 301.6899232567819
6017 1504.25 301.6898349565494
6018 1504.5 301.6897476334502
6019 1504.75 301.6896578908444
6020 1505 301.6895648279543
6021 1505.25 301.6894696318703
6022 1505.5 301.689373466127
6023 1505.75 301.6892769851136
6024 1506 301.6891803999915
6025 1506.25 301.6890837716518
6026 1506.5 301.6889871507509
6027 1506.75 301.6888906066369
6028 1507 301.6887941955806
6029 1507.25 301.6886979921703
6030 1507.5 301.6886020093744
6031 1507.75 301.6885062837707
6032 1508 301.6884108040665
6033 1508.25 301.6883155393498
6034 1508.5 301.6882204542365
6035 1508.75 301.6881254916997
6036 1509 301.6880305898059
6037 1509.25 301.687935720575
6038 1509.5 301.6878408631902
6039 1509.75 301.6877460075379
6040 1510 301.687651149613
6041 1510.25 301.6875562862544
6042 1510.5 301.6874614526112
6043 1510.75 301.6873666446567
6044 1511 301.6872719418668
6045 1511.25 301.6871773806838
6046 1511.5 301.6870830847398
6047 1511.75 301.6869890702297
6048 1512 301.6868953776621
6049 1512.25 301.6868020199901
6050 1512.5 301.6867090412496
6051 1512.75 301.6866164330739
6052 1513 301.6865242161182
6053 1513.25 301.6864324086778
6054 1513.5 301.6863410807217
6055 1513.75 301.6862501697308
6056 1514 301.6861597351964
6057 1514.25 301.6860698168675
6058 1514.5 301.6859805083569
6059 1514.75 301.6858918338369
6060 1515 301.6858038852991
6061 1515.25 301.6857166740246
6062 1515.5 301.6856302148584
6063 1515.75 301.6855444922683
6064 1516 301.6854594620444
6065 1516.25 301.6853750981756
6066 1516.5 301.6852913889016
6067 1516.75 301.6852082509579
6068 1517 301.6851255940021
6069 1517.25 301.6850433217955
6070 1517.5 301.6849613933426
6071 1517.75 301.6848797468029
6072 1518 301.6847983241778
6073 1518.25 301.6847170687705
6074 1518.5 301.68463591322
6075 1518.75 301.6845547772375
6076 1519 301.684473580019
6077 1519.25 301.6843922602695
6078 1519.5 301.68431074622
6079 1519.75 301.6842289691701
6080 1520 301.6841468602329
6081 1520.25 301.6840643834005
6082 1520.5 301.6839813702429
6083 1520.75 301.6838978402915
6084 1521 301.6838135808563
6085 1521.25 301.6837286966415
6086 1521.5 301.6836430417984
6087 1521.75 301.6835566479444
6088 1522 301.683469527311
6089 1522.25 301.6833817130037
6090 1522.5 301.6832934348179
6091 1522.75 301.683204505246
6092 1523 301.6831151667226
6093 1523.25 301.6830256071842
6094 1523.5 301.6829358753762
6095 1523.75 301.6828459931639
6096 1524 301.6827560601986
6097 1524.25 301.6826661908667
6098 1524.5 301.6825764954983
6099 1524.75 301.68248700423
6100 1525 301.6823977455438
6101 1525.25 301.6823109441548
6102 1525.5 301.6822269354099
6103 1525.75 301.6821438085134
6104 1526 301.6820617364114
6105 1526.25 301.6819811699932
6106 1526.5 301.6819017249777
6107 1526.75 301.6818228430462
6108 1527 301.6817443884246
6109 1527.25 301.6816663171529
6110 1527.5 301.6815885700987
6111 1527.75 301.6815110375564
6112 1528 301.6814336671396
6113 1528.25 301.6813563922481
6114 1528.5 301.681279191009
6115 1528.75 301.6812020634463
6116 1529 301.6811250249361
6117 1529.25 301.6810480633256
6118 1529.5 301.6809711396878
6119 1529.75 301.6808941796453
6120 1530 301.6808171452216
6121 1530.25 301.680739972468
6122 1530.5 301.6806626220592
6123 1530.75 301.6805850725084
6124 1531 301.6805072954101
6125 1531.25 301.6804292452825
6126 1531.5 301.6803509057188
6127 1531.75 301.6802722489306
6128 1532 301.6801932334386
6129 1532.25 301.6801137979061
6130 1532.5 301.6800338745755
6131 1532.75 301.6799533813648
6132 1533 301.679872331207
6133 1533.25 301.6797907621988
6134 1533.5 301.679708781582
6135 1533.75 301.6796296851737
6136 1534 301.6795517097437
6137 1534.25 301.679474357301
6138 1534.5 301.6793974435532
6139 1534.75 301.6793209086838
6140 1535 301.6792447732609
6141 1535.25 301.6791689909244
6142 1535.5 301.6790935249555
6143 1535.75 301.6790183182645
6144 1536 301.6789433547102
6145 1536.25 301.6788686355948
6146 1536.5 301.6787941214537
6147 1536.75 301.6787197949913
6148 1537 301.6786456045638
6149 1537.25 301.6785715318628
6150 1537.5 301.6784975669618
6151 1537.75 301.6784236850688
6152 1538 301.6783498693521
6153 1538.25 301.6782760795645
6154 1538.5 301.6782022841369
6155 1538.75 301.6781284392062
6156 1539 301.6780545040257
6157 1539.25 301.677980397947
6158 1539.5 301.6779060314883
6159 1539.75 301.6778313247077
6160 1540 301.6777561934934
6161 1540.25 301.6776805567473
6162 1540.5 301.6776043508365
6163 1540.75 301.6775274814649
6164 1541 301.6774499219908
6165 1541.25 301.6773715574988
6166 1541.5 301.677292374466
6167 1541.75 301.6772123402271
6168 1542 301.6771315824144
6169 1542.25 301.6770500602212
6170 1542.5 301.6769679507545
6171 1542.75 301.6768853132665
6172 1543 301.6768023146232
6173 1543.25 301.6767190731132
6174 1543.5 301.6766356534919
6175 1543.75 301.6765521105562
6176 1544 301.6764684279991
6177 1544.25 301.6763846339491
6178 1544.5 301.6763007146874
6179 1544.75 301.6762166895367
6180 1545 301.676132569328
6181 1545.25 301.6760483343637
6182 1545.5 301.6759639842639
6183 1545.75 301.6758795288349
6184 1546 301.6757942596354
6185 1546.25 301.6757088596386
6186 1546.5 301.6756235779495
6187 1546.75 301.6755386590073
6188 1547 301.6754540869889
6189 1547.25 301.6753698266601
6190 1547.5 301.6752859044807
6191 1547.75 301.6752023923182
6192 1548 301.6751192723544
6193 1548.25 301.6750365199489
6194 1548.5 301.6749541463749
6195 1548.75 301.674872170341
6196 1549 301.6747906922155
6197 1549.25 301.6747097459661
6198 1549.5 301.6746293700369
6199 1549.75 301.6745495919783
6200 1550 301.6744703612515
6201 1550.25 301.6743916950555
6202 1550.5 301.6743135786911
6203 1550.75 301.6743365360169
6204 1551 301.6743955061934
6205 1551.25 301.6744589782145
6206 1551.5 301.6745897136216
6207 1551.75 301.6747528013976
6208 1552 301.6749186150055
6209 1552.25 301.6751564787053
6210 1552.5 301.6754269014689
6211 1552.75 301.6757294622516
6212 1553 301.676068489261
6213 1553.25 301.676450099446
6214 1553.5 301.6768633439307
6215 1553.75 301.6772814514736
6216 1554 301.677780574361
6217 1554.25 301.6783152374831
6218 1554.5 301.6788542433351
6219 1554.75 301.6794749851964
6220 1555 301.6801351386903
6221 1555.25 301.6808441037563
6222 1555.5 301.681593583707
6223 1555.75 301.6823858471812
6224 1556 301.6831841214041
6225 1556.25 301.6840574352692
6226 1556.5 301.6849834666077
6227 1556.75 301.6859172293102
6228 1557 301.6869327805504
6229 1557.25 301.6880027288738
6230 1557.5 301.6891231257772
6231 1557.75 301.6902968089744
6232 1558 301.6915257761036
6233 1558.25 301.6928084183868
6234 1558.5 301.6941495271258
6235 1558.75 301.695549778255
6236 1559 301.6970086433283
6237 1559.25 301.6985266379995
6238 1559.5 301.7001024063946
6239 1559.75 301.7017316199687
6240 1560 301.7019659643304
6241 1560.25 301.7022292374029
6242 1560.5 301.7025103429734
6243 1560.75 301.7028030872578
6244 1561 301.7031036864453
6245 1561.25 301.7034097523278
6246 1561.5 301.7037197163513
6247 1561.75 301.704032508342
6248 1562 301.7043473613872
6249 1562.25 301.7046637084328
6250 1562.5 301.7049811174609
6251 1562.75 301.7052992552181
6252 1563 301.7056178569395
6253 1563.25 301.7059367102023
6254 1563.5 301.7062556421249
6255 1563.75 301.7065745109176
6256 1564 301.706893199866
6257 1564.25 301.7072116129646
6258 1564.5 301.7075296714236
6259 1564.75 301.7078473108153
6260 1565 301.7081644784163
6261 1565.25 301.7084811313309
6262 1565.5 301.7087972345683
6263 1565.75 301.7091127597859
6264 1566 301.7094276840188
6265 1566.25 301.709741988386
6266 1566.5 301.7100556575095
6267 1566.75 301.7103686788068
6268 1567 301.7106810417994
6269 1567.25 301.710992737804
6270 1567.5 301.7113037596415
6271 1567.75 301.7116141012487
6272 1568 301.7119237576006
6273 1568.25 301.7122327245582
6274 1568.5 301.7125409987565
6275 1568.75 301.7128485774395
6276 1569 301.7131554584629
6277 1569.25 301.7134616402251
6278 1569.5 301.7137671216301
6279 1569.75 301.7140719020151
6280 1570 301.7143759810554
6281 1570.25 301.7146793586662
6282 1570.5 301.7149820351618
6283 1570.75 301.7152840111278
6284 1571 301.7155852873899
6285 1571.25 301.7158858650129
6286 1571.5 301.7161857452361
6287 1571.75 301.7164849293404
6288 1572 301.716783418822
6289 1572.25 301.7170812152884
6290 1572.5 301.7173783204736
6291 1572.75 301.7176747362232
6292 1573 301.7179704644765
6293 1573.25 301.7182655072545
6294 1573.5 301.7185598666486
6295 1573.75 301.7188535448138
6296 1574 301.7191465439567
6297 1574.25 301.7194388663311
6298 1574.5 301.719730514233
6299 1574.75 301.7200214899916
6300 1575 301.7203117959697
6301 1575.25 301.7206014345553
6302 1575.5 301.7208904080802
6303 1575.75 301.7211787188656
6304 1576 301.7214663693268
6305 1576.25 301.7217533618875
6306 1576.5 301.7220396989891
6307 1576.75 301.7223253830898
6308 1577 301.7226104166624
6309 1577.25 301.7228948021917
6310 1577.5 301.7231785421703
6311 1577.75 301.7234616391007
6312 1578 301.7237440954886
6313 1578.25 301.7240259138443
6314 1578.5 301.7243070966819
6315 1578.75 301.7245876465157
6316 1579 301.724867565861
6317 1579.25 301.7251468572317
6318 1579.5 301.7254255231409
6319 1579.75 301.7257035661007
6320 1580 301.725980988621
6321 1580.25 301.7262577932082
6322 1580.5 301.7265339823667
6323 1580.75 301.7268095585962
6324 1581 301.727084524392
6325 1581.25 301.727358882246
6326 1581.5 301.7276326346454
6327 1581.75 301.7279057840742
6328 1582 301.7281783330093
6329 1582.25 301.728450283924
6330 1582.5 301.7287216392889
6331 1582.75 301.7289924015661
6332 1583 301.7292625732101
6333 1583.25 301.7295321566714
6334 1583.5 301.7298011543913
6335 1583.75 301.7300695688079
6336 1584 301.7303374023541
6337 1584.25 301.7306046574555
6338 1584.5 301.7308713365304
6339 1584.75 301.7311374419932
6340 1585 301.7314029762483
6341 1585.25 301.7316679416939
6342 1585.5 301.7319323407216
6343 1585.75 301.7321961757163
6344 1586 301.7324594490551
6345 1586.25 301.732722163109
6346 1586.5 301.7329843202406
6347 1586.75 301.7332459228057
6348 1587 301.7335069731523
6349 1587.25 301.7337674736223
6350 1587.5 301.7340274265492
6351 1587.75 301.7342868342599
6352 1588 301.7345456990731
6353 1588.25 301.7348040233011
6354 1588.5 301.735061809246
6355 1588.75 301.7353190592048
6356 1589 301.7355757754652
6357 1589.25 301.7358319603071
6358 1589.5 301.7360876160042
6359 1589.75 301.7363427448223
6360 1590 301.7365973490264
6361 1590.25 301.7368514308739
6362 1590.5 301.73710499264
6363 1590.75 301.7373580365361
6364 1591 301.7376105647836
6365 1591.25 301.7378625795943
6366 1591.5 301.7381140831735
6367 1591.75 301.7383650777202
6368 1592 301.7386155654275
6369 1592.25 301.7388655484795
6370 1592.5 301.7391150290653
6371 1592.75 301.7393640093422
6372 1593 301.739612491485
6373 1593.25 301.7398604776454
6374 1593.5 301.7401079699703
6375 1593.75 301.7403549705982
6376 1594 301.7406014816617
6377 1594.25 301.7408475052849
6378 1594.5 301.741093043585
6379 1594.75 301.7413380986713
6380 1595 301.7415826726452
6381 1595.25 301.7418267676001
6382 1595.5 301.7420703856219
6383 1595.75 301.7423135287872
6384 1596 301.7425561991664
6385 1596.25 301.7427983988201
6386 1596.5 301.7430401298025
6387 1596.75 301.7432813941603
6388 1597 301.7435221939305
6389 1597.25 301.7437625311437
6390 1597.5 301.7440024078223
6391 1597.75 301.7442418259809
6392 1598 301.7444807876258
6393 1598.25 301.7447192947569
6394 1598.5 301.7449573493638
6395 1598.75 301.7451949534312
6396 1599 301.7454321089335
6397 1599.25 301.745668817838
6398 1599.5 301.7459050821065
6399 1599.75 301.7461409036906
6400 1600 301.7463762845346
6401 1600.25 301.7466112265763
6402 1600.5 301.7468457317435
6403 1600.75 301.7470798019585
6404 1601 301.7473134391346
6405 1601.25 301.747546645178
6406 1601.5 301.7477794219872
6407 1601.75 301.7480117714536
6408 1602 301.7482436954638
6409 1602.25 301.74847519589
6410 1602.5 301.7487062745921
6411 1602.75 301.7489369334272
6412 1603 301.7491671742681
6413 1603.25 301.7493969989574
6414 1603.5 301.7496264093313
6415 1603.75 301.749855407218
6416 1604 301.7500839944415
6417 1604.25 301.7503121728158
6418 1604.5 301.7505399441494
6419 1604.75 301.7507673102434
6420 1605 301.7509942728922
6421 1605.25 301.7512208338821
6422 1605.5 301.7514469949932
6423 1605.75 301.7516727579967
6424 1606 301.7518981246577
6425 1606.25 301.7521230967325
6426 1606.5 301.7523476759714
6427 1606.75 301.7525718641177
6428 1607 301.7527956629062
6429 1607.25 301.7530190740648
6430 1607.5 301.7532420993156
6431 1607.75 301.7534647403724
6432 1608 301.7536869989419
6433 1608.25 301.7539088767245
6434 1608.5 301.7541303754121
6435 1608.75 301.7543514966916
6436 1609 301.7545722422406
6437 1609.25 301.7547926137318
6438 1609.5 301.7550126128298
6439 1609.75 301.7552322411913
6440 1610 301.7554515004686
6441 1610.25 301.755670392304
6442 1610.5 301.7558889183364
6443 1610.75 301.7561070801943
6444 1611 301.756324879502
6445 1611.25 301.7565423178753
6446 1611.5 301.7567593969243
6447 1611.75 301.7569761182517
6448 1612 301.757192483454
6449 1612.25 301.7574084941206
6450 1612.5 301.7576241518338
6451 1612.75 301.7578394581694
6452 1613 301.7580544146975
6453 1613.25 301.7582690229801
6454 1613.5 301.7584832845743
6455 1613.75 301.7586972010286
6456 1614 301.7589107738863
6457 1614.25 301.7591240046845
6458 1614.5 301.7593368949517
6459 1614.75 301.7595494462121
6460 1615 301.7597616599829
6461 1615.25 301.7599735377742
6462 1615.5 301.7601850810906
6463 1615.75 301.7603962914293
6464 1616 301.7606071702811
6465 1616.25 301.7608177191315
6466 1616.5 301.7610279394592
6467 1616.75 301.7612378327353
6468 1617 301.7614474004267
6469 1617.25 301.7616566439928
6470 1617.5 301.7618655648873
6471 1617.75 301.7620741645572
6472 1618 301.7622824444435
6473 1618.25 301.7624904059814
6474 1618.5 301.7626980505989
6475 1618.75 301.7629053797191
6476 1619 301.7631123947588
6477 1619.25 301.7633190971274
6478 1619.5 301.7635254882302
6479 1619.75 301.7637315694651
6480 1620 301.7639373422244
6481 1620.25 301.764142807894
6482 1620.5 301.7643479678547
6483 1620.75 301.7645528234812
6484 1621 301.764757376141
6485 1621.25 301.7649616271974
6486 1621.5 301.7651655780065
6487 1621.75 301.7653692299203
6488 1622 301.7655725842823
6489 1622.25 301.7657756424319
6490 1622.5 301.7659784057038
6491 1622.75 301.7661808754245
6492 1623 301.7663830529161
6493 1623.25 301.7665849394952
6494 1623.5 301.766786536472
6495 1623.75 301.7669878451522
6496 1624 301.7671888668333
6497 1624.25 301.7673896028106
6498 1624.5 301.7675900543711
6499 1624.75 301.7677902227977
6500 1625 301.767990109367
6501 1625.25 301.7681897153508
6502 1625.5 301.7683890420143
6503 1625.75 301.7685880906182
6504 1626 301.7687868624176
6505 1626.25 301.7689853586608
6506 1626.5 301.7691835805932
6507 1626.75 301.769381529453
6508 1627 301.7695792064731
6509 1627.25 301.769776612882
6510 1627.5 301.7699737499015
6511 1627.75 301.7701706187489
6512 1628 301.7703672206368
6513 1628.25 301.7705635567718
6514 1628.5 301.7707596283547
6515 1628.75 301.7709554365824
6516 1629 301.7711509826458
6517 1629.25 301.7713462677307
6518 1629.5 301.7715412930174
6519 1629.75 301.771736059682
6520 1630 301.7719305688942
6521 1630.25 301.7721248218204
6522 1630.5 301.7723188196198
6523 1630.75 301.7725125634482
6524 1631 301.7727060544557
6525 1631.25 301.7728992937878
6526 1631.5 301.7730922825842
6527 1631.75 301.7732850219807
6528 1632 301.7734775131064
6529 1632.25 301.7736697570878
6530 1632.5 301.7738617550448
6531 1632.75 301.774053508093
6532 1633 301.7742450173428
6533 1633.25 301.7744362839008
6534 1633.5 301.7746273088667
6535 1633.75 301.7748180933384
6536 1634 301.775008638406
6537 1634.25 301.7751989451568
6538 1634.5 301.7753890146722
6539 1634.75 301.7755788480299
6540 1635 301.7757684463022
6541 1635.25 301.7759578105566
6542 1635.5 301.7761469418572
6543 1635.75 301.7763358412614
6544 1636 301.7765245098233
6545 1636.25 301.7767129485928
6546 1636.5 301.7769011586142
6547 1636.75 301.7770891409274
6548 1637 301.777276896568
6549 1637.25 301.7774644265675
6550 1637.5 301.7776517319517
6551 1637.75 301.7778388137431
6552 1638 301.7780256729592
6553 1638.25 301.7782123106132
6554 1638.5 301.778398727714
6555 1638.75 301.7785849252654
6556 1639 301.7787709042674
6557 1639.25 301.7789566657158
6558 1639.5 301.7791422106016
6559 1639.75 301.7793275399116
6560 1640 301.7795126546285
6561 1640.25 301.7796975557297
6562 1640.5 301.7798822441903
6563 1640.75 301.7800667209785
6564 1641 301.7802509870613
6565 1641.25 301.7804350433993
6566 1641.5 301.7806188909501
6567 1641.75 301.7808025306651
6568 1642 301.7809859634937
6569 1642.25 301.781169190381
6570 1642.5 301.7813522122668
6571 1642.75 301.7815350300865
6572 1643 301.7817176447737
6573 1643.25 301.7819000572549
6574 1643.5 301.7820822684556
6575 1643.75 301.7822642792949
6576 1644 301.7824460906887
6577 1644.25 301.7826277035487
6578 1644.5 301.7828091187832
6579 1644.75 301.782990337296
6580 1645 301.7831713599871
6581 1645.25 301.7833521877523
6582 1645.5 301.7835328214842
6583 1645.75 301.7837132620703
6584 1646 301.7838935103956
6585 1646.25 301.7840735673402
6586 1646.5 301.7842534337801
6587 1646.75 301.7844331105891
6588 1647 301.7846125986355
6589 1647.25 301.7847918987841
6590 1647.5 301.7849710118969
6591 1647.75 301.7851499388307
6592 1648 301.7853286804399
6593 1648.25 301.7855072375739
6594 1648.5 301.7856856110795
6595 1648.75 301.7858638017989
6596 1649 301.7860418105715
6597 1649.25 301.786219638232
6598 1649.5 301.7863972856125
6599 1649.75 301.7865747535396
6600 1650 301.7867520428393
6601 1650.25 301.7869291543316
6602 1650.5 301.7871060888332
6603 1650.75 301.7872828471577
6604 1651 301.7874594301156
6605 1651.25 301.7876358385124
6606 1651.5 301.7878120731521
6607 1651.75 301.7879881348329
6608 1652 301.7881640243513
6609 1652.25 301.7883397424993
6610 1652.5 301.7885152900656
6611 1652.75 301.7886906678361
6612 1653 301.7888658765929
6613 1653.25 301.789040917114
6614 1653.5 301.7892157901741
6615 1653.75 301.7893904965464
6616 1654 301.7895650369975
6617 1654.25 301.7897394122942
6618 1654.5 301.7899136231966
6619 1654.75 301.7900876704636
6620 1655 301.7902615548504
6621 1655.25 301.7904352771083
6622 1655.5 301.7906088379854
6623 1655.75 301.7907822382278
6624 1656 301.7909554785765
6625 1656.25 301.7911285597699
6626 1656.5 301.791301482544
6627 1656.75 301.7914742476307
6628 1657 301.7916468557582
6629 1657.25 301.7918193076532
6630 1657.5 301.791991604038
6631 1657.75 301.7921637456312
6632 1658 301.7923357331503
6633 1658.25 301.7925075673072
6634 1658.5 301.7926792488127
6635 1658.75 301.792850778373
6636 1659 301.793022156692
6637 1659.25 301.7931933844709
6638 1659.5 301.7933644624067
6639 1659.75 301.7935353911942
6640 1660 301.793706171525
6641 1660.25 301.7938768040874
6642 1660.5 301.7940472895669
6643 1660.75 301.7942176286456
6644 1661 301.794387822004
6645 1661.25 301.7945578703172
6646 1661.5 301.7947277742598
6647 1661.75 301.7948975345017
6648 1662 301.7950671517113
6649 1662.25 301.7952366265522
6650 1662.5 301.7954059596873
6651 1662.75 301.795575151775
6652 1663 301.7957442034711
6653 1663.25 301.7959131154296
6654 1663.5 301.7960818883001
6655 1663.75 301.79625052273
6656 1664 301.796419019364
6657 1664.25 301.7965873788439
6658 1664.5 301.7967556018089
6659 1664.75 301.7969236888952
6660 1665 301.7970916407362
6661 1665.25 301.7972594579616
6662 1665.5 301.7974271412006
6663 1665.75 301.797594691078
6664 1666 301.7977621082155
6665 1666.25 301.7979293932336
6666 1666.5 301.7980965467483
6667 1666.75 301.7982635693753
6668 1667 301.7984304617246
6669 1667.25 301.7985972244056
6670 1667.5 301.7987638580252
6671 1667.75 301.7989303631862
6672 1668 301.7990967404896
6673 1668.25 301.7992629905342
6674 1668.5 301.7994291139151
6675 1668.75 301.7995951112262
6676 1669 301.7997609830567
6677 1669.25 301.7999267299958
6678 1669.5 301.8000923526287
6679 1669.75 301.8002578515369
6680 1670 301.8004232273019
6681 1670.25 301.8005884805011
6682 1670.5 301.8007536117096
6683 1670.75 301.8009186214998
6684 1671 301.8010835104422
6685 1671.25 301.8012482791044
6686 1671.5 301.8014129280515
6687 1671.75 301.8015774578465
6688 1672 301.8017418690488
6689 1672.25 301.8019061622172
6690 1672.5 301.8020703379066
6691 1672.75 301.8022343966695
6692 1673 301.8023983390577
6693 1673.25 301.8025621656186
6694 1673.5 301.8027258768971
6695 1673.75 301.8028894734377
6696 1674 301.8030529557809
6697 1674.25 301.8032163244656
6698 1674.5 301.8033795800275
6699 1674.75 301.8035427230013
6700 1675 301.8037057539178
6701 1675.25 301.8038686733066
6702 1675.5 301.8040314816947
6703 1675.75 301.8041941796064
6704 1676 301.8043567675649
6705 1676.25 301.804519246089
6706 1676.5 301.8046816156977
6707 1676.75 301.8048438769057
6708 1677 301.8050060302268
6709 1677.25 301.8051680761721
6710 1677.5 301.8053300152504
6711 1677.75 301.8054918479681
6712 1678 301.8056535748293
6713 1678.25 301.805815196337
6714 1678.5 301.8059767129902
6715 1678.75 301.8061381252877
6716 1679 301.8062994337251
6717 1679.25 301.8064606387949
6718 1679.5 301.8066217409894
6719 1679.75 301.8067827407978
6720 1680 301.8069436387061
6721 1680.25 301.8071044352008
6722 1680.5 301.8072651307633
6723 1680.75 301.8074257258754
6724 1681 301.8075862210148
6725 1681.25 301.8077466166594
6726 1681.5 301.8079069132822
6727 1681.75 301.8080671113564
6728 1682 301.8082272113525
6729 1682.25 301.8083872137379
6730 1682.5 301.8085471189798
6731 1682.75 301.8087069275419
6732 1683 301.8088666398864
6733 1683.25 301.8090262564738
6734 1683.5 301.8091857777621
6735 1683.75 301.8093452042073
6736 1684 301.8095045362642
6737 1684.25 301.8096637743845
6738 1684.5 301.8098229190184
6739 1684.75 301.8099819706147
6740 1685 301.8101409296193
6741 1685.25 301.8102997964766
6742 1685.5 301.8104585716293
6743 1685.75 301.8106172555176
6744 1686 301.8107758485808
6745 1686.25 301.8109343512551
6746 1686.5 301.811092763975
6747 1686.75 301.8112510871742
6748 1687 301.8114093212831
6749 1687.25 301.8115674667314
6750 1687.5 301.8117255239461
6751 1687.75 301.8118834933524
6752 1688 301.8120413753746
6753 1688.25 301.8121991704335
6754 1688.5 301.8123568789501
6755 1688.75 301.8125145013417
6756 1689 301.8126720380245
6757 1689.25 301.8128294894133
6758 1689.5 301.8129868559212
6759 1689.75 301.8131441379588
6760 1690 301.813301335934
6761 1690.25 301.8134584502561
6762 1690.5 301.8136154813292
6763 1690.75 301.8137724295578
6764 1691 301.8139292953433
6765 1691.25 301.8140860790869
6766 1691.5 301.8142427811861
6767 1691.75 301.8143994020384
6768 1692 301.8145559420389
6769 1692.25 301.8147124015802
6770 1692.5 301.814868781055
6771 1692.75 301.8150250808525
6772 1693 301.8151813013614
6773 1693.25 301.815337442968
6774 1693.5 301.8154935060576
6775 1693.75 301.8156494910131
6776 1694 301.8158053982161
6777 1694.25 301.8159612280469
6778 1694.5 301.8161169808831
6779 1694.75 301.8162726571018
6780 1695 301.8164282570781
6781 1695.25 301.816583781185
6782 1695.5 301.8167392297943
6783 1695.75 301.8168946032768
6784 1696 301.8170499020004
6785 1696.25 301.8172051263314
6786 1696.5 301.8173602766365
6787 1696.75 301.8175153532787
6788 1697 301.817670356621
6789 1697.25 301.8178252870225
6790 1697.5 301.8179801448441
6791 1697.75 301.8181349304415
6792 1698 301.8182896441721
6793 1698.25 301.8184442863897
6794 1698.5 301.8185988574473
6795 1698.75 301.8187533576963
6796 1699 301.8189077874863
6797 1699.25 301.8190621471662
6798 1699.5 301.8192164370817
6799 1699.75 301.8193706575792
6800 1700 301.8195248090019
6801 1700.25 301.8196788916928
6802 1700.5 301.8198329059917
6803 1700.75 301.8199868522389
6804 1701 301.820140730772
6805 1701.25 301.8202945419275
6806 1701.5 301.8204482860406
6807 1701.75 301.8206019634439
6808 1702 301.8207555744708
6809 1702.25 301.8209091194507
6810 1702.5 301.8210625987138
6811 1702.75 301.8212160125878
6812 1703 301.8213693613992
6813 1703.25 301.8215226454719
6814 1703.5 301.8216758651306
6815 1703.75 301.8218290206974
6816 1704 301.8270443419361
6817 1704.25 301.8322748510215
6818 1704.5 301.8375205962332
6819 1704.75 301.8427815180052
6820 1705 301.8480575154461
6821 1705.25 301.8533484695761
6822 1705.5 301.8586542529744
6823 1705.75 301.8639747341816
6824 1706 301.8693097798265
6825 1706.25 301.87465925572
6826 1706.5 301.8800230274575
6827 1706.75 301.8854009607772
6828 1707 301.8907929217894
6829 1707.25 301.8961987771426
6830 1707.5 301.901618394126
6831 1707.75 301.9070516407867
6832 1708 301.9124983859944
6833 1708.25 301.917958499503
6834 1708.5 301.9234318519975
6835 1708.75 301.928918315138
6836 1709 301.9344177615891
6837 1709.25 301.9399300650513
6838 1709.5 301.9454551002796
6839 1709.75 301.9509927431029
6840 1710 301.9565428704349
6841 1710.25 301.9621053602876
6842 1710.5 301.9676800917748
6843 1710.75 301.9732669451201
6844 1711 301.9788658016573
6845 1711.25 301.9844765438317
6846 1711.5 301.9900990551993
6847 1711.75 301.9957332204254
6848 1712 302.0013789252802
6849 1712.25 302.0070360566365
6850 1712.5 302.0127045024615
6851 1712.75 302.0183841518132
6852 1713 302.0240748948349
6853 1713.25 302.0297766227454
6854 1713.5 302.0354892278332
6855 1713.75 302.0412126034496
6856 1714 302.0469466439997
6857 1714.25 302.0526912449338
6858 1714.5 302.058446302761
6859 1714.75 302.0642117150303
6860 1715 302.0699873803187
6861 1715.25 302.0757731982255
6862 1715.5 302.0815690693585
6863 1715.75 302.0873748953187
6864 1716 302.0931905786935
6865 1716.25 302.09901602306
6866 1716.5 302.1048511329735
6867 1716.75 302.1106958139594
6868 1717 302.1165499724961
6869 1717.25 302.1224135160027
6870 1717.5 302.1282863528338
6871 1717.75 302.1341683922689
6872 1718 302.1400595445003
6873 1718.25 302.1459597206202
6874 1718.5 302.1518688326159
6875 1718.75 302.1577867933597
6876 1719 302.1637135165992
6877 1719.25 302.1696489169511
6878 1719.5 302.1755929098914
6879 1719.75 302.1815454117477
6880 1720 302.1875063396888
6881 1720.25 302.1934756117189
6882 1720.5 302.1994531466682
6883 1720.75 302.2054388641847
6884 1721 302.2114326847257
6885 1721.25 302.2174345295507
6886 1721.5 302.223444320713
6887 1721.75 302.2294619810511
6888 1722 302.2354874341817
6889 1722.25 302.2415206044928
6890 1722.5 302.247561417134
6891 1722.75 302.2536097980101
6892 1723 302.2596656737744
6893 1723.25 302.265728971819
6894 1723.5 302.271799620269
6895 1723.75 302.2778775479757
6896 1724 302.2839626845073
6897 1724.25 302.2900549601453
6898 1724.5 302.2961543058718
6899 1724.75 302.3022606533703
6900 1725 302.3083739350099
6901 1725.25 302.3144940838447
6902 1725.5 302.320621033606
6903 1725.75 302.3267547186935
6904 1726 302.33289507417
6905 1726.25 302.3390420357553
6906 1726.5 302.3451955398173
6907 1726.75 302.3513555233695
6908 1727 302.3575219240607
6909 1727.25 302.3636946801695
6910 1727.5 302.3698737306027
6911 1727.75 302.3760590148798
6912 1728 302.3822504731354
6913 1728.25 302.3884480461086
6914 1728.5 302.3946516751407
6915 1728.75 302.4008613021631
6916 1729 302.4070768696984
6917 1729.25 302.4132983208482
6918 1729.5 302.4195255992927
6919 1729.75 302.4257586492816
6920 1730 302.4319974156292
6921 1730.25 302.4382418437098
6922 1730.5 302.4444918794504
6923 1730.75 302.4507474693264
6924 1731 302.4570085603567
6925 1731.25 302.4632751000953
6926 1731.5 302.4695470366307
6927 1731.75 302.4758243185761
6928 1732 302.4821068950669
6929 1732.25 302.4883947157614
6930 1732.5 302.4946877308593
6931 1732.75 302.500985891126
6932 1733 302.5072891478619
6933 1733.25 302.5135974528862
6934 1733.5 302.5199107585227
6935 1733.75 302.526229017583
6936 1734 302.5494755951117
6937 1734.25 302.5727053403914
6938 1734.5 302.5959193169585
6939 1734.75 302.6191182101692
6940 1735 302.6423025517136
6941 1735.25 302.66547279868
6942 1735.5 302.6886293653513
6943 1735.75 302.7117726382107
6944 1736 302.7349029836628
6945 1736.25 302.7580207522518
6946 1736.5 302.7811262812563
6947 1736.75 302.804219896217
6948 1737 302.8273019118283
6949 1737.25 302.8503726320004
6950 1737.5 302.8734323507805
6951 1737.75 302.8964813529086
6952 1738 302.9195199148621
6953 1738.25 302.9425483063598
6954 1738.5 302.9655667887345
6955 1738.75 302.988575615715
6956 1739 303.011575034349
6957 1739.25 303.0345652854052
6958 1739.5 303.0575466051858
6959 1739.75 303.0805192237157
6960 1740 303.1034833647503
6961 1740.25 303.1264392465226
6962 1740.5 303.1493870817481
6963 1740.75 303.1723270771126
6964 1741 303.1952594339945
6965 1741.25 303.2181843489776
6966 1741.5 303.2411020140866
6967 1741.75 303.2640126171524
6968 1742 303.2869163414251
6969 1742.25 303.309813366049
6970 1742.5 303.3327038659458
6971 1742.75 303.3555880111636
6972 1743 303.3784659673736
6973 1743.25 303.4013378960115
6974 1743.5 303.4242039544238
6975 1743.75 303.4470642977995
6976 1744 303.4699190795794
6977 1744.25 303.4927684501386
6978 1744.5 303.5156125568406
6979 1744.75 303.5384515425268
6980 1745 303.5612855464294
6981 1745.25 303.5841147042977
6982 1745.5 303.6069391484918
6983 1745.75 303.6297590082582
6984 1746 303.6525744117632
6985 1746.25 303.6753854842763
6986 1746.5 303.6981923482671
6987 1746.75 303.7209951239929
6988 1747 303.7437939283623
6989 1747.25 303.7665888755891
6990 1747.5 303.7893800783631
6991 1747.75 303.8121676484004
6992 1748 303.8349516954707
6993 1748.25 303.8577323258952
6994 1748.5 303.8805096441077
6995 1748.75 303.9032837530737
6996 1749 303.9260547533532
6997 1749.25 303.9488227426327
6998 1749.5 303.9715878162488
6999 1749.75 303.994350067258
7000 1750 304.0171095870249
7001 1750.25 304.0398664662438
7002 1750.5 304.0626207964725
7003 1750.75 304.0853726662532
7004 1751 304.1081221631568
7005 1751.25 304.1308693724778
7006 1751.5 304.1536143770715
7007 1751.75 304.1763572578454
7008 1752 304.1990980938133
7009 1752.25 304.221836963122
7010 1752.5 304.2445739438926
7011 1752.75 304.2673091117525
7012 1753 304.2900425434952
7013 1753.25 304.312774315464
7014 1753.5 304.3355045008073
7015 1753.75 304.3582331707959
7016 1754 304.3809603950688
7017 1754.25 304.4036862416757
7018 1754.5 304.4264107771234
7019 1754.75 304.4491340664137
7020 1755 304.4718561730877
7021 1755.25 304.4945771592649
7022 1755.5 304.5172970856847
7023 1755.75 304.5400160133004
7024 1756 304.5627340060722
7025 1756.25 304.585451124197
7026 1756.5 304.6081674261021
7027 1756.75 304.6308829689315
7028 1757 304.6535978085839
7029 1757.25 304.6763120000547
7030 1757.5 304.6990256000266
7031 1757.75 304.72173866266
7032 1758 304.7444512428301
7033 1758.25 304.767163394606
7034 1758.5 304.7898751699155
7035 1758.75 304.8125866195559
7036 1759 304.8352977955706
7037 1759.25 304.8580087491402
7038 1759.5 304.8807195294098
7039 1759.75 304.9034301844628
7040 1760 304.9261407615043
7041 1760.25 304.9488513094151
7042 1760.5 304.9715618756792
7043 1760.75 304.9942725059915
7044 1761 305.0169832451139
7045 1761.25 305.0396941369033
7046 1761.5 305.0624052243344
7047 1761.75 305.0851165495252
7048 1762 305.1078281537575
7049 1762.25 305.1305400775041
7050 1762.5 305.1532523604475
7051 1762.75 305.1759650414997
7052 1763 305.1986781588288
7053 1763.25 305.2213917498738
7054 1763.5 305.2441058513675
7055 1763.75 305.2668204993539
7056 1764 305.2895357292088
7057 1764.25 305.3122515756552
7058 1764.5 305.3349680727835
7059 1764.75 305.3576852540666
7060 1765 305.3804031523794
7061 1765.25 305.4031218000118
7062 1765.5 305.4258412286861
7063 1765.75 305.4485614695724
7064 1766 305.4712825533034
7065 1766.25 305.4940045099896
7066 1766.5 305.5167273692306
7067 1766.75 305.5394511601326
7068 1767 305.5621759113197
7069 1767.25 305.5849016509468
7070 1767.5 305.6076284067137
7071 1767.75 305.6303562058753
7072 1768 305.6530850752551
7073 1768.25 305.6758150412555
7074 1768.5 305.6985461298719
7075 1768.75 305.7212783667004
7076 1769 305.7440117769495
7077 1769.25 305.7667463854521
7078 1769.5 305.7894822166735
7079 1769.75 305.8122192947229
7080 1770 305.8349576433604
7081 1770.25 305.8576972860106
7082 1770.5 305.880438245767
7083 1770.75 305.9031805454055
7084 1771 305.9259242073873
7085 1771.25 305.9486692538729
7086 1771.5 305.9714157067269
7087 1771.75 305.9941635875259
7088 1772 306.016912917568
7089 1772.25 306.0396637178791
7090 1772.5 306.0624160092194
7091 1772.75 306.0851698120924
7092 1773 306.1079251467499
7093 1773.25 306.1306820332001
7094 1773.5 306.1534404912122
7095 1773.75 306.1762005403255
7096 1774 306.1989621998532
7097 1774.25 306.2217254888897
7098 1774.5 306.2444904263151
7099 1774.75 306.2672570308023
7100 1775 306.2900253208213
7101 1775.25 306.3127953146452
7102 1775.5 306.3355670303556
7103 1775.75 306.3583404858476
7104 1776 306.3811156988342
7105 1776.25 306.4038926868505
7106 1776.5 306.4266714672606
7107 1776.75 306.44945205726
7108 1777 306.4722344738809
7109 1777.25 306.495018733996
7110 1777.5 306.517804854324
7111 1777.75 306.5405928514309
7112 1778 306.5633827417376
7113 1778.25 306.5861745415207
7114 1778.5 306.6089682669179
7115 1778.75 306.6317639339301
7116 1779 306.6545615584271
7117 1779.25 306.67736115615
7118 1779.5 306.7001627427131
7119 1779.75 306.7229663336092
7120 1780 306.7457719442116
7121 1780.25 306.7685795897783
7122 1780.5 306.791389285454
7123 1780.75 306.8142010462728
7124 1781 306.8370148871618
7125 1781.25 306.8598308229435
7126 1781.5 306.882648868339
7127 1781.75 306.9054690379685
7128 1782 306.9282913463576
7129 1782.25 306.9511158079357
7130 1782.5 306.9739424370419
7131 1782.75 306.9967712479245
7132 1783 307.0196022547452
7133 1783.25 307.0424354715802
7134 1783.5 307.0652709124224
7135 1783.75 307.0881085911852
7136 1784 307.1109485217008
7137 1784.25 307.1337907177271
7138 1784.5 307.1566351929451
7139 1784.75 307.1794819609631
7140 1785 307.2023310353194
7141 1785.25 307.2251824294808
7142 1785.5 307.248036156847
7143 1785.75 307.2708922307525
7144 1786 307.2937506644651
7145 1786.25 307.3166114711921
7146 1786.5 307.3394746640778
7147 1786.75 307.3623402562066
7148 1787 307.3852082606054
7149 1787.25 307.4080786902425
7150 1787.5 307.4309515580319
7151 1787.75 307.4538268768328
7152 1788 307.4767046594503
7153 1788.25 307.4995849186389
7154 1788.5 307.5224676671024
7155 1788.75 307.545352917494
7156 1789 307.5682406824207
7157 1789.25 307.5911309744396
7158 1789.5 307.6140238060648
7159 1789.75 307.6369191897628
7160 1790 307.6598171379579
7161 1790.25 307.6827176630312
7162 1790.5 307.7056207773207
7163 1790.75 307.7285264931243
7164 1791 307.7514348227004
7165 1791.25 307.7743457782666
7166 1791.5 307.7972593720042
7167 1791.75 307.8201756160556
7168 1792 307.8430945225267
7169 1792.25 307.866016103488
7170 1792.5 307.8889403709748
7171 1792.75 307.9118673369882
7172 1793 307.9347970134959
7173 1793.25 307.9577294124319
7174 1793.5 307.9806645456994
7175 1793.75 308.0036024251694
7176 1794 308.0265430626819
7177 1794.25 308.0494864700473
7178 1794.5 308.0724326590461
7179 1794.75 308.0953816414303
7180 1795 308.1183334289228
7181 1795.25 308.1412880332197
7182 1795.5 308.1642454659888
7183 1795.75 308.1872057388716
7184 1796 308.2101688634848
7185 1796.25 308.2331348514175
7186 1796.5 308.2561037142349
7187 1796.75 308.2790754634767
7188 1797 308.3020501106588
7189 1797.25 308.3250276672744
7190 1797.5 308.3480081447911
7191 1797.75 308.3709915546555
7192 1798 308.3939779082914
7193 1798.25 308.4169672170997
7194 1798.5 308.439959492461
7195 1798.75 308.462954745734
7196 1799 308.4859529882552
7197 1799.25 308.5089542313421
7198 1799.5 308.5319584862934
7199 1799.75 308.554965764385
7200 1800 308.577976076873
7201 1800.25 308.6009894349978
7202 1800.5 308.624005849978
7203 1800.75 308.6470253330152
7204 1801 308.6700478952912
7205 1801.25 308.6930735479704
7206 1801.5 308.7161023022003
7207 1801.75 308.7391341691103
7208 1802 308.7621691598117
7209 1802.25 308.7852072854009
7210 1802.5 308.808248556955
7211 1802.75 308.8312929855368
7212 1803 308.8543405821921
7213 1803.25 308.8773913579503
7214 1803.5 308.9004453238254
7215 1803.75 308.9235024908157
7216 1804 308.9465628699044
7217 1804.25 308.9696264720588
7218 1804.5 308.9926933082322
7219 1804.75 309.0157633893616
7220 1805 309.0388367263711
7221 1805.25 309.0619133301693
7222 1805.5 309.0849932116507
7223 1805.75 309.1080763816957
7224 1806 309.1311628511712
7225 1806.25 309.154252630929
7226 1806.5 309.1773457318089
7227 1806.75 309.200442164636
7228 1807 309.2235419402221
7229 1807.25 309.2466450693665
7230 1807.5 309.2697515628553
7231 1807.75 309.2928614314608
7232 1808 309.3159746859432
7233 1808.25 309.339091337049
7234 1808.5 309.362211395514
7235 1808.75 309.3853348720597
7236 1809 309.4084617773949
7237 1809.25 309.4315921222191
7238 1809.5 309.4547259172157
7239 1809.75 309.4778631730586
7240 1810 309.5010039004093
7241 1810.25 309.5241481099162
7242 1810.5 309.5472958122175
7243 1810.75 309.5704470179386
7244 1811 309.593601737694
7245 1811.25 309.6167599820858
7246 1811.5 309.6399217617049
7247 1811.75 309.6630870871319
7248 1812 309.6862559689341
7249 1812.25 309.709428417669
7250 1812.5 309.7326044438828
7251 1812.75 309.7557840581093
7252 1813 309.7789672708735
7253 1813.25 309.8021540926876
7254 1813.5 309.8253445340526
7255 1813.75 309.8485386054605
7256 1814 309.8717363173906
7257 1814.25 309.8949376803124
7258 1814.5 309.9181427046846
7259 1814.75 309.9413514009548
7260 1815 309.9645637795606
7261 1815.25 309.9877798509279
7262 1815.5 310.0109996254737
7263 1815.75 310.0342231136026
7264 1816 310.0574503257111
7265 1816.25 310.0806812721831
7266 1816.5 310.1039159633928
7267 1816.75 310.1271544097049
7268 1817 310.1503966214723
7269 1817.25 310.1736426090395
7270 1817.5 310.1968923827379
7271 1817.75 310.2201459528924
7272 1818 310.2434033298151
7273 1818.25 310.2666645238082
7274 1818.5 310.2899295451646
7275 1818.75 310.3131984041668
7276 1819 310.3364711110871
7277 1819.25 310.3597476761874
7278 1819.5 310.3830281097206
7279 1819.75 310.4063124219281
7280 1820 310.429600623043
7281 1820.25 310.4528927232875
7282 1820.5 310.4761887328734
7283 1820.75 310.4994886620036
7284 1821 310.5227925208705
7285 1821.25 310.5461003196564
7286 1821.5 310.5694120685346
7287 1821.75 310.5927277776674
7288 1822 310.6160474572081
7289 1822.25 310.6393711172994
7290 1822.5 310.6626987680761
7291 1822.75 310.6860304196598
7292 1823 310.7093660821653
7293 1823.25 310.7327057656962
7294 1823.5 310.7560494803473
7295 1823.75 310.7793972362025
7296 1824 310.8027490433363
7297 1824.25 310.8261049118138
7298 1824.5 310.8494648516902
7299 1824.75 310.8728288730107
7300 1825 310.8961969858108
7301 1825.25 310.9195692001168
7302 1825.5 310.9429455259446
7303 1825.75 310.9663259733013
7304 1826 310.9897105521832
7305 1826.25 311.0130992725765
7306 1826.5 311.0364921444609
7307 1826.75 311.0598891778018
7308 1827 311.0832903825588
7309 1827.25 311.1066957686796
7310 1827.5 311.1301053461022
7311 1827.75 311.1535191247569
7312 1828 311.1769371145618
7313 1828.25 311.2003593254271
7314 1828.5 311.2237857672528
7315 1828.75 311.2472164499288
7316 1829 311.270651383336
7317 1829.25 311.2940905773449
7318 1829.5 311.3175340418173
7319 1829.75 311.3409817866042
7320 1830 311.3644338215486
7321 1830.25 311.3878901564814
7322 1830.5 311.4113508012254
7323 1830.75 311.4348157655948
7324 1831 311.4582850593914
7325 1831.25 311.4817586924099
7326 1831.5 311.5052366744328
7327 1831.75 311.5287190152355
7328 1832 311.5522057245826
7329 1832.25 311.5756968122285
7330 1832.5 311.599192287919
7331 1832.75 311.6226921613893
7332 1833 311.6461964423648
7333 1833.25 311.6697051405631
7334 1833.5 311.6932182656898
7335 1833.75 311.7167358274419
7336 1834 311.7402578355071
7337 1834.25 311.7637842995627
7338 1834.5 311.7873152292767
7339 1834.75 311.8108506343067
7340 1835 311.8343905243023
7341 1835.25 311.8579349089016
7342 1835.5 311.8814837977337
7343 1835.75 311.9050372004185
7344 1836 311.9285951265661
7345 1836.25 311.9521575857761
7346 1836.5 311.9757245876388
7347 1836.75 311.9992961417357
7348 1837 312.022872257638
7349 1837.25 312.046452944906
7350 1837.5 312.0700382130923
7351 1837.75 312.0936280717391
7352 1838 312.1172225303782
7353 1838.25 312.1408215985327
7354 1838.5 312.1644252857154
7355 1838.75 312.1880336014298
7356 1839 312.2116465551691
7357 1839.25 312.2352641564175
7358 1839.5 312.2588864146498
7359 1839.75 312.2825133393297
7360 1840 312.3061449399127
7361 1840.25 312.3297812258434
7362 1840.5 312.3534222065578
7363 1840.75 312.3770678914818
7364 1841 312.4007182900306
7365 1841.25 312.4243734116121
7366 1841.5 312.448033265622
7367 1841.75 312.4716978614478
7368 1842 312.4953672084669
7369 1842.25 312.519041316047
7370 1842.5 312.5427201935457
7371 1842.75 312.5664038503127
7372 1843 312.5900922956852
7373 1843.25 312.6137855389932
7374 1843.5 312.6374835895555
7375 1843.75 312.6611864566819
7376 1844 312.6848941496726
7377 1844.25 312.7086066778184
7378 1844.5 312.7323240503991
7379 1844.75 312.7560462766864
7380 1845 312.7797733659413
7381 1845.25 312.8035053274156
7382 1845.5 312.8272421703518
7383 1845.75 312.8509839039821
7384 1846 312.8747305375293
7385 1846.25 312.8984820802065
7386 1846.5 312.9222385412176
7387 1846.75 312.9459999297559
7388 1847 312.9697662550063
7389 1847.25 312.9935375261438
7390 1847.5 313.0173137523322
7391 1847.75 313.0410949427281
7392 1848 313.0648811064771
7393 1848.25 313.0886722527158
7394 1848.5 313.1124683905699
7395 1848.75 313.1362695291572
7396 1849 313.1600756775855
7397 1849.25 313.1838868449519
7398 1849.5 313.2077030403454
7399 1849.75 313.2315242728453
7400 1850 313.25535055152
7401 1850.25 313.27918188543
7402 1850.5 313.3030182836247
7403 1850.75 313.326859755146
7404 1851 313.350706309024
7405 1851.25 313.3745579542813
7406 1851.5 313.3984146999289
7407 1851.75 313.4222765549708
7408 1852 313.4461435283991
7409 1852.25 313.4700156291988
7410 1852.5 313.4938928663429
7411 1852.75 313.5177752487972
7412 1853 313.5416627855168
7413 1853.25 313.5655554854472
7414 1853.5 313.5894533575261
7415 1853.75 313.6133564106793
7416 1854 313.6372646538261
7417 1854.25 313.6611780958732
7418 1854.5 313.685096745721
7419 1854.75 313.7090206122585
7420 1855 313.7329497043664
7421 1855.25 313.756884030915
7422 1855.5 313.7808236007668
7423 1855.75 313.8047684227737
7424 1856 313.8287185057787
7425 1856.25 313.8526738586156
7426 1856.5 313.876634490109
7427 1856.75 313.9006004090749
7428 1857 313.9245716243178
7429 1857.25 313.9485481446362
7430 1857.5 313.972529978817
7431 1857.75 313.9965171356375
7432 1858 314.020509623869
7433 1858.25 314.0445074522706
7434 1858.5 314.0685106295932
7435 1858.75 314.0925191645785
7436 1859 314.1165330659597
7437 1859.25 314.1405523424605
7438 1859.5 314.164577002795
7439 1859.75 314.188607055669
7440 1860 314.2126425097793
7441 1860.25 314.2366833738134
7442 1860.5 314.260729656449
7443 1860.75 314.2847813663563
7444 1861 314.3088385121966
7445 1861.25 314.33290110262
7446 1861.5 314.3569691462704
7447 1861.75 314.3810426517809
7448 1862 314.405121627777
7449 1862.25 314.4292060828745
7450 1862.5 314.4532960256813
7451 1862.75 314.4773914647952
7452 1863 314.5014924088066
7453 1863.25 314.5255988662955
7454 1863.5 314.5497108458346
7455 1863.75 314.5738283559878
7456 1864 314.5979514053093
7457 1864.25 314.6220800023456
7458 1864.5 314.6462141556344
7459 1864.75 314.6703538737043
7460 1865 314.6944991650755
7461 1865.25 314.7186500382601
7462 1865.5 314.7428065017604
7463 1865.75 314.7669685640723
7464 1866 314.7911362336817
7465 1866.25 314.8153095190655
7466 1866.5 314.8394884286941
7467 1866.75 314.8636729710275
7468 1867 314.8878631545193
7469 1867.25 314.9120589876122
7470 1867.5 314.9362604787435
7471 1867.75 314.9604676363402
7472 1868 314.9846804688216
7473 1868.25 315.0088989845987
7474 1868.5 315.0331231920745
7475 1868.75 315.0573530996442
7476 1869 315.0815887156933
7477 1869.25 315.1058300486008
7478 1869.5 315.1300771067375
7479 1869.75 315.1543298984653
7480 1870 315.1785884321388
7481 1870.25 315.202852716104
7482 1870.5 315.2271227586999
7483 1870.75 315.2513985682564
7484 1871 315.2756801530966
7485 1871.25 315.2999675215348
7486 1871.5 315.3242606818782
7487 1871.75 315.3485596424266
7488 1872 315.3728644114709
7489 1872.25 315.3971749972945
7490 1872.5 315.4214914081746
7491 1872.75 315.4458136523786
7492 1873 315.4701417381683
7493 1873.25 315.4944756737962
7494 1873.5 315.518815467509
7495 1873.75 315.5431611275439
7496 1874 315.5675126621331
7497 1874.25 315.5918700794995
7498 1874.5 315.6162333878593
7499 1874.75 315.6406025954212
7500 1875 315.6649777220385
7501 1875.25 315.689358800813
7502 1875.5 315.7137458521058
7503 1875.75 315.7381388852665
7504 1876 315.7625379084669
7505 1876.25 315.7869429298717
7506 1876.5 315.811353957639
7507 1876.75 315.8357709999204
7508 1877 315.8601940648603
7509 1877.25 315.8846231628733
7510 1877.5 315.9090583318371
7511 1877.75 315.933499597294
7512 1878 315.9579469679525
7513 1878.25 315.982400451926
7514 1878.5 316.0068600573214
7515 1878.75 316.031325792237
7516 1879 316.0557976647674
7517 1879.25 316.0802756829969
7518 1879.5 316.1047598550056
7519 1879.75 316.1292501888664
7520 1880 316.1537466926455
7521 1880.25 316.1782493744014
7522 1880.5 316.2027582421875
7523 1880.75 316.2272733040503
7524 1881 316.2517945680284
7525 1881.25 316.2763220421553
7526 1881.5 316.3008557344587
7527 1881.75 316.3253956529575
7528 1882 316.34994180586
7529 1882.25 316.3744942364114
7530 1882.5 316.3990530085734
7531 1882.75 316.423618138946
7532 1883 316.4481896355297
7533 1883.25 316.4727675063246
7534 1883.5 316.4973517593229
7535 1883.75 316.5219424025102
7536 1884 316.5465394438795
7537 1884.25 316.5711429178004
7538 1884.5 316.5957528550357
7539 1884.75 316.6203692642686
7540 1885 316.644992170496
7541 1885.25 316.6696216089091
7542 1885.5 316.694257593151
7543 1885.75 316.7189001311766
7544 1886 316.7435492309357
7545 1886.25 316.7682049003726
7546 1886.5 316.7928671474227
7547 1886.75 316.8175359800184
7548 1887 316.8422114060837
7549 1887.25 316.8668934335367
7550 1887.5 316.8915820737548
7551 1887.75 316.916277371281
7552 1888 316.9409793437779
7553 1888.25 316.9656879991495
7554 1888.5 316.9904033453854
7555 1888.75 317.0151254152402
7556 1889 317.0398542388012
7557 1889.25 317.0645898267081
7558 1889.5 317.0893321868504
7559 1889.75 317.1140813271123
7560 1890 317.1388372553726
7561 1890.25 317.1635999795016
7562 1890.5 317.188369509721
7563 1890.75 317.2131458926293
7564 1891 317.237929181696
7565 1891.25 317.2627193975749
7566 1891.5 317.287516548292
7567 1891.75 317.3123206417142
7568 1892 317.3371316857035
7569 1892.25 317.3619496881157
7570 1892.5 317.3867746567993
7571 1892.75 317.4116065995987
7572 1893 317.4364455243505
7573 1893.25 317.4612914388857
7574 1893.5 317.4861443510298
7575 1893.75 317.5110042686029
7576 1894 317.5358711994191
7577 1894.25 317.560745151344
7578 1894.5 317.5856261571052
7579 1894.75 317.6105142937862
7580 1895 317.6354096010353
7581 1895.25 317.6603121001673
7582 1895.5 317.6852218074931
7583 1895.75 317.7101387394155
7584 1896 317.7350629206528
7585 1896.25 317.7599943793415
7586 1896.5 317.7849331290176
7587 1896.75 317.8098791775071
7588 1897 317.834832532631
7589 1897.25 317.859793202203
7590 1897.5 317.8847611940316
7591 1897.75 317.9097365159183
7592 1898 317.934719180506
7593 1898.25 317.9597092150008
7594 1898.5 317.9847066911545
7595 1898.75 318.0097116529325
7596 1899 318.0347241274114
7597 1899.25 318.0597441286102
7598 1899.5 318.084771664459
7599 1899.75 318.1098067775968
7600 1900 318.1348495067689
7601 1900.25 318.1598998802252
7602 1900.5 318.1849579194898
7603 1900.75 318.2100236430416
7604 1901 318.2350970787651
7605 1901.25 318.2601782524991
7606 1901.5 318.2852671730568
7607 1901.75 318.3103638482738
7608 1902 318.3354682863479
7609 1902.25 318.3605805033695
7610 1902.5 318.3857005287622
7611 1902.75 318.4108284104365
7612 1903 318.4359641815886
7613 1903.25 318.4611078695553
7614 1903.5 318.4862595156932
7615 1903.75 318.5114191285592
7616 1904 318.536586716003
7617 1904.25 318.5617622877438
7618 1904.5 318.5869458646482
7619 1904.75 318.6121374761229
7620 1905 318.6373371433974
7621 1905.25 318.6625449050333
7622 1905.5 318.6877607975165
7623 1905.75 318.7129848617708
7624 1906 318.7382171489646
7625 1906.25 318.7634576803515
7626 1906.5 318.788706467686
7627 1906.75 318.8139635392908
7628 1907 318.839228926677
7629 1907.25 318.8645026395149
7630 1907.5 318.8897846856855
7631 1907.75 318.9150750731569
7632 1908 318.9403738208276
7633 1908.25 318.9656809638258
7634 1908.5 318.9909965215362
7635 1908.75 319.0163205177973
7636 1909 319.0416530298494
7637 1909.25 319.0669940791089
7638 1909.5 319.0923436734825
7639 1909.75 319.1177018208716
7640 1910 319.143068529166
7641 1910.25 319.1684438062478
7642 1910.5 319.1938276636894
7643 1910.75 319.2192201904259
7644 1911 319.2446214569673
7645 1911.25 319.2700314723344
7646 1911.5 319.2954502444665
7647 1911.75 319.3208777812921
7648 1912 319.3463140907309
7649 1912.25 319.371759180695
7650 1912.5 319.3972130590849
7651 1912.75 319.4226757337933
7652 1913 319.4481472129119
7653 1913.25 319.4736275270693
7654 1913.5 319.499116738107
7655 1913.75 319.5246148758113
7656 1914 319.5501219481033
7657 1914.25 319.5756379628961
7658 1914.5 319.6011629280944
7659 1914.75 319.6266968634174
7660 1915 319.6522398141931
7661 1915.25 319.6777917883999
7662 1915.5 319.7033527939488
7663 1915.75 319.7289228514742
7664 1916 319.7545019858083
7665 1916.25 319.7800902146408
7666 1916.5 319.8056875601612
7667 1916.75 319.8312940516979
7668 1917 319.8569097147589
7669 1917.25 319.8825346022607
7670 1917.5 319.9081687308918
7671 1917.75 319.9338121093626
7672 1918 319.9594647456207
7673 1918.25 319.9851266476054
7674 1918.5 320.0107978232496
7675 1918.75 320.0364782804779
7676 1919 320.0621680272075
7677 1919.25 320.087867071351
7678 1919.5 320.113575420813
7679 1919.75 320.1392930834928
7680 1920 320.1392695988516
