"min"
"Time Step" "flow-time etc.."
("Time Step" "flow-time" "min")
0 0 298.1499999999999
1 0.25 298.1666154084968
2 0.5 298.1833118327286
3 0.75 298.2000867930518
4 1 298.2169376160403
5 1.25 298.2338615926097
6 1.5 298.2508560728482
7 1.75 298.2679184566505
8 2 298.2850462261879
9 2.25 298.3022369464704
10 2.5 298.319488264865
11 2.75 298.3367979097577
12 3 298.3541636887273
13 3.25 298.3715834864221
14 3.5 298.389055262289
15 3.75 298.4065770401582
16 4 298.4241469427714
17 4.25 298.4417631344687
18 4.5 298.4594238475091
19 4.75 298.4771273787788
20 5 298.4948720869347
21 5.25 298.5126563899381
22 5.5 298.5304787628558
23 5.75 298.5483377357896
24 6 298.5606820823565
25 6.25 298.5730550125312
26 6.5 298.5854555462831
27 6.75 298.5978828256083
28 7 298.6103360575105
29 7.25 298.6228144841427
30 7.5 298.6353173815506
31 7.75 298.6478440479705
32 8 298.6603938035507
33 8.25 298.672965988823
34 8.5 298.6855599635443
35 8.75 298.698175105813
36 9 298.7108108113109
37 9.25 298.723466492665
38 9.5 298.736141578867
39 9.75 298.7488355147502
40 10 298.7615477605001
41 10.25 298.7742777911944
42 10.5 298.7870250963688
43 10.75 298.7997891795998
44 11 298.8125695581079
45 11.25 298.8253657623847
46 11.5 298.8381773357995
47 11.75 298.8510038342637
48 12 298.8638448258858
49 12.25 298.8766998906187
50 12.5 298.8895686199604
51 12.75 298.9024506166203
52 13 298.9153454942229
53 13.25 298.9282528770094
54 13.5 298.9411723995576
55 13.75 298.9541037064868
56 14 298.9670464522044
57 14.25 298.9800003006255
58 14.5 298.9929649249289
59 14.75 299.0059400073033
60 15 299.0189252386955
61 15.25 299.0319203185971
62 15.5 299.0449249547901
63 15.75 299.0579388631356
64 16 299.0709617673587
65 16.25 299.0839933988351
66 16.5 299.0970334963804
67 16.75 299.1100818060527
68 17 299.1231380809699
69 17.25 299.1362020810997
70 17.5 299.1492735730842
71 17.75 299.1623523300739
72 18 299.1754381315294
73 18.25 299.1885307630708
74 18.5 299.2016300163015
75 18.75 299.214735688654
76 19 299.2278475832329
77 19.25 299.2409655086526
78 19.5 299.2540892789036
79 19.75 299.2672187132025
80 20 299.2803536358456
81 20.25 299.2934938760841
82 20.5 299.3066392679777
83 20.75 299.3197896502752
84 21 299.3329448662886
85 21.25 299.3461047637683
86 21.5 299.3592691947694
87 21.75 299.3724380155682
88 22 299.3856110865173
89 22.25 299.3987882719553
90 22.5 299.411969440089
91 22.75 299.425154462892
92 23 299.4383432160105
93 23.25 299.4515355786534
94 23.5 299.4647314335003
95 23.75 299.4779306666143
96 24 299.4911331673375
97 24.25 299.5043388282244
98 24.5 299.5175475449273
99 24.75 299.5307592161317
100 25 299.5439737434713
101 25.25 299.5571910314509
102 25.5 299.5704109873574
103 25.75 299.5836335211893
104 26 299.5968585456009
105 26.25 299.6100859758041
106 26.5 299.6233157295115
107 26.75 299.6365477268738
108 27 299.6497818904026
109 27.25 299.6630181449192
110 27.5 299.6762564174775
111 27.75 299.6894966373143
112 28 299.702738735788
113 28.25 299.71598264632
114 28.5 299.7292283043354
115 28.75 299.7424756472158
116 29 299.7557246142377
117 29.25 299.7689751465302
118 29.5 299.7822271870164
119 29.75 299.7954806803736
120 30 299.8087355729662
121 30.25 299.8219918128345
122 30.5 299.8352493496081
123 30.75 299.8485081344965
124 31 299.8617681202251
125 31.25 299.8750292610001
126 31.5 299.8882915124709
127 31.75 299.9015548316903
128 32 299.9148191770706
129 32.25 299.9280845083503
130 32.5 299.941350786561
131 32.75 299.9546179739808
132 33 299.9678860341137
133 33.25 299.9811549316504
134 33.5 299.9944246324278
135 33.75 300.0076951034146
136 34 300.0209663126636
137 34.25 300.0342382292842
138 34.5 300.0475108234291
139 34.75 300.0607840662468
140 35 300.0740579298575
141 35.25 300.0873323873359
142 35.5 300.1006074126785
143 35.75 300.113882980774
144 36 300.1173331520613
145 36.25 300.120785537966
146 36.5 300.1242397702774
147 36.75 300.1276956633756
148 37 300.1311531058597
149 37.25 300.1346120281936
150 37.5 300.1380723786207
151 37.75 300.1415341160595
152 38 300.1449972061954
153 38.25 300.1484616192374
154 38.5 300.1519273285975
155 38.75 300.1553943100538
156 39 300.1588625412277
157 39.25 300.1623320012191
158 39.5 300.1658026703486
159 39.75 300.1692745299655
160 40 300.1727475623138
161 40.25 300.1762217504314
162 40.5 300.1796970766513
163 40.75 300.1831735273968
164 41 300.1866510858489
165 41.25 300.1901297379758
166 41.5 300.1936094698885
167 41.75 300.1970902680125
168 42 300.2005721191302
169 42.25 300.2040550103778
170 42.5 300.2075389292269
171 42.75 300.2110238634862
172 43 300.2145098012628
173 43.25 300.2179967309629
174 43.5 300.2214846412692
175 43.75 300.2249735211346
176 44 300.2284633597658
177 44.25 300.231954146607
178 44.5 300.2354458713471
179 44.75 300.2389385238864
180 45 300.242432094349
181 45.25 300.2459265730607
182 45.5 300.2494219505486
183 45.75 300.2529182185484
184 46 300.2564153644254
185 46.25 300.2599133834447
186 46.5 300.2634122640344
187 46.75 300.2669119981104
188 47 300.2704125775321
189 47.25 300.2739139942024
190 47.5 300.2774162400976
191 47.75 300.2809193073239
192 48 300.2844231881102
193 48.25 300.2879278748158
194 48.5 300.2914333599259
195 48.75 300.2949396360606
196 49 300.2984466959626
197 49.25 300.3019545325009
198 49.5 300.3054631386715
199 49.75 300.3089725075776
200 50 300.3124826324571
201 50.25 300.3159935066477
202 50.5 300.3195051236085
203 50.75 300.3230174769078
204 51 300.3265305602196
205 51.25 300.3300443673239
206 51.5 300.3335588921047
207 51.75 300.3370741285484
208 52 300.3405900707406
209 52.25 300.3441067128651
210 52.5 300.3476240491985
211 52.75 300.3511420741145
212 53 300.3546607820731
213 53.25 300.3581801676362
214 53.5 300.3617002254439
215 53.75 300.3652209502237
216 54 300.368742336792
217 54.25 300.3722643800515
218 54.5 300.3757870749791
219 54.75 300.3793104166391
220 55 300.382834400174
221 55.25 300.3863590208023
222 55.5 300.3898842738232
223 55.75 300.3934101546071
224 56 300.3969366585992
225 56.25 300.4004637813175
226 56.5 300.4039915183525
227 56.75 300.4075198653676
228 57 300.4110488180916
229 57.25 300.414578372321
230 57.5 300.4181085239232
231 57.75 300.421639268827
232 58 300.4251706030308
233 58.25 300.4287025225904
234 58.5 300.4322350236305
235 58.75 300.435768102335
236 59 300.4393017549479
237 59.25 300.442835977775
238 59.5 300.44637076718
239 59.75 300.4499061195799
240 60 300.4534420314593
241 60.25 300.4569784993509
242 60.5 300.4605155198421
243 60.75 300.4640530895771
244 61 300.4675912052568
245 61.25 300.4711298636332
246 61.5 300.4746690615009
247 61.75 300.4782087957227
248 62 300.4817490631967
249 62.25 300.4852898608811
250 62.5 300.4888311857785
251 62.75 300.4923730349341
252 63 300.4959154054512
253 63.25 300.4994582944752
254 63.5 300.5030016991944
255 63.75 300.5065456168502
256 64 300.510090044716
257 64.25 300.5136349801203
258 64.5 300.5171804204341
259 64.75 300.5207263630672
260 65 300.5242728054731
261 65.25 300.5278197451441
262 65.5 300.531367179619
263 65.75 300.5349151064722
264 66 300.538463523319
265 66.25 300.5420124278123
266 66.5 300.5455618176508
267 66.75 300.5491116905574
268 67 300.5526620443082
269 67.25 300.5562128767035
270 67.5 300.5597641855884
271 67.75 300.5633159688387
272 68 300.5668682243665
273 68.25 300.57042095012
274 68.5 300.5739741440814
275 68.75 300.5775278042664
276 69 300.5810819287234
277 69.25 300.5846365155327
278 69.5 300.5881915628068
279 69.75 300.591747068697
280 70 300.5953030313747
281 70.25 300.5988594490522
282 70.5 300.6024163199663
283 70.75 300.6059736423855
284 71 300.6095314146099
285 71.25 300.6130896349658
286 71.5 300.6166483018091
287 71.75 300.6202074135218
288 72 300.6237669685219
289 72.25 300.6273269652468
290 72.5 300.6308874021642
291 72.75 300.6344482777643
292 73 300.6380095905751
293 73.25 300.6415713391403
294 73.5 300.6451335220299
295 73.75 300.6486961378421
296 74 300.6522591851992
297 74.25 300.6558226627508
298 74.5 300.6593865691619
299 74.75 300.6629509031341
300 75 300.6665156633828
301 75.25 300.6700808486487
302 75.5 300.6736464576993
303 75.75 300.6772124893172
304 76 300.6807789423157
305 76.25 300.6843458155251
306 76.5 300.6879131077927
307 76.75 300.6914808179983
308 77 300.6950489450365
309 77.25 300.6986174878209
310 77.5 300.7021864452877
311 77.75 300.7057558163901
312 78 300.7093256001067
313 78.25 300.7128957954329
314 78.5 300.7164664013811
315 78.75 300.7200374169835
316 79 300.7236088412945
317 79.25 300.7271806733829
318 79.5 300.7307529123377
319 79.75 300.7343255572645
320 80 300.7378986072824
321 80.25 300.741472061539
322 80.5 300.7450459191934
323 80.75 300.7486201794123
324 81 300.7521948413938
325 81.25 300.7557699043406
326 81.5 300.7593453674847
327 81.75 300.762921230057
328 82 300.7664974913206
329 82.25 300.7700741505393
330 82.5 300.7736512070039
331 82.75 300.7772286600119
332 83 300.7808065088838
333 83.25 300.7843847529455
334 83.5 300.7879633915433
335 83.75 300.7915424240341
336 84 300.7951218497937
337 84.25 300.7987016682063
338 84.5 300.8022818786729
339 84.75 300.8058624806031
340 85 300.8094434734252
341 85.25 300.8130248565803
342 85.5 300.8166066295183
343 85.75 300.8201887917007
344 86 300.8237713426124
345 86.25 300.8273542817316
346 86.5 300.8309376085659
347 86.75 300.8345213226265
348 87 300.8381054234372
349 87.25 300.8416899105312
350 87.5 300.8452747834596
351 87.75 300.8488600417772
352 88 300.8524456850546
353 88.25 300.8560317128707
354 88.5 300.859618124813
355 88.75 300.8632049204872
356 89 300.8667920995007
357 89.25 300.8703796614803
358 89.5 300.8739676060486
359 89.75 300.8775559328486
360 90 300.8811446415382
361 90.25 300.8847337317688
362 90.5 300.8883232032121
363 90.75 300.8919130555484
364 91 300.8955032884668
365 91.25 300.8990939016613
366 91.5 300.902684894838
367 91.75 300.9062762677113
368 92 300.9098680200069
369 92.25 300.9134601514543
370 92.5 300.9170526617877
371 92.75 300.9206455507592
372 93 300.9242388181257
373 93.25 300.927832463651
374 93.5 300.9314264871043
375 93.75 300.9350208882637
376 94 300.9386156669203
377 94.25 300.9422108228637
378 94.5 300.9458063558948
379 94.75 300.9494022658253
380 95 300.9529985524686
381 95.25 300.9565952156486
382 95.5 300.9601922551893
383 95.75 300.9637896709351
384 96 300.9673874627252
385 96.25 300.9709856304027
386 96.5 300.9745841738321
387 96.75 300.9781830928708
388 97 300.9817823873893
389 97.25 300.9853820572562
390 97.5 300.9889821023561
391 97.75 300.9925825225745
392 98 300.9961833178022
393 98.25 300.9997844879372
394 98.5 301.0033860328833
395 98.75 301.0069879525491
396 99 301.0105902468457
397 99.25 301.0141929156961
398 99.5 301.0177959590218
399 99.75 301.0213993767566
400 100 301.0250031688333
401 100.25 301.0286073351899
402 100.5 301.0322118757725
403 100.75 301.0358167905314
404 101 301.0394220794183
405 101.25 301.0430277423934
406 101.5 301.046633779422
407 101.75 301.0502401904689
408 102 301.0538469755093
409 102.25 301.0574541345192
410 102.5 301.0610616674767
411 102.75 301.064669574369
412 103 301.0682778551835
413 103.25 301.0718865099179
414 103.5 301.0754955385622
415 103.75 301.0791049411232
416 104 301.0827147176033
417 104.25 301.0863248680121
418 104.5 301.0899353923605
419 104.75 301.0935462906636
420 105 301.0971575629433
421 105.25 301.1007692092198
422 105.5 301.1043812295188
423 105.75 301.1079936238737
424 106 301.1116063923135
425 106.25 301.115219534873
426 106.5 301.1188330515968
427 106.75 301.1224469425248
428 107 301.1260612076971
429 107.25 301.1296758471682
430 107.5 301.1332908609878
431 107.75 301.1369062492075
432 108 301.1405220118876
433 108.25 301.1441381490833
434 108.5 301.1477546608579
435 108.75 301.1513715472793
436 109 301.1549888084099
437 109.25 301.1586064443272
438 109.5 301.1622244550921
439 109.75 301.1658428407889
440 110 301.1694616014921
441 110.25 301.1730807372784
442 110.5 301.1767002482341
443 110.75 301.1803201344358
444 111 301.1839403959748
445 111.25 301.187561032938
446 111.5 301.1911820454181
447 111.75 301.1948034335034
448 112 301.1984251972889
449 112.25 301.2020473368713
450 112.5 301.2056698523485
451 112.75 301.2092927438213
452 113 301.2129160113883
453 113.25 301.2165396551556
454 113.5 301.2201636752266
455 113.75 301.2237880717093
456 114 301.2274128447089
457 114.25 301.2310379943394
458 114.5 301.2346635207109
459 114.75 301.238289423934
460 115 301.2419157041257
461 115.25 301.2455423614016
462 115.5 301.2491693958759
463 115.75 301.2527968076711
464 116 301.2564245969052
465 116.25 301.260052763698
466 116.5 301.2636813081742
467 116.75 301.2673102304545
468 117 301.2709395306667
469 117.25 301.2745692089387
470 117.5 301.2781992653881
471 117.75 301.2818297001512
472 118 301.2854605133543
473 118.25 301.2890917051296
474 118.5 301.2927232756036
475 118.75 301.2963552249109
476 119 301.2999875531847
477 119.25 301.3036202605593
478 119.5 301.3072533471659
479 119.75 301.3108868131425
480 120 301.3145206586236
481 120.25 301.3181548837475
482 120.5 301.3217894886511
483 120.75 301.3254244734717
484 121 301.3290598383498
485 121.25 301.3326955834252
486 121.5 301.3363317088344
487 121.75 301.3399682147233
488 122 301.3436051012299
489 122.25 301.3472423684958
490 122.5 301.3508800166642
491 122.75 301.3545180458774
492 123 301.3581564562814
493 123.25 301.3617952480159
494 123.5 301.3654344212252
495 123.75 301.3690739760553
496 124 301.3727139126502
497 124.25 301.3763542311552
498 124.5 301.3799949317159
499 124.75 301.3836360144763
500 125 301.3872774795869
501 125.25 301.3909193271876
502 125.5 301.3945615574268
503 125.75 301.3982041704538
504 126 301.401847166412
505 126.25 301.4054905454501
506 126.5 301.4091343077166
507 126.75 301.4127784533536
508 127 301.416422982513
509 127.25 301.4200678953386
510 127.5 301.4237131919802
511 127.75 301.427358872583
512 128 301.4310049372962
513 128.25 301.4346513862637
514 128.5 301.4382982196365
515 128.75 301.4419454375594
516 129 301.4455930401834
517 129.25 301.4492410276516
518 129.5 301.4528894001119
519 129.75 301.4565381577111
520 130 301.4601873005965
521 130.25 301.4638368289114
522 130.5 301.4674867428056
523 130.75 301.4711370424251
524 131 301.4747877279165
525 131.25 301.4784387994201
526 131.5 301.482090257088
527 131.75 301.4857421010623
528 132 301.4893943314892
529 132.25 301.4930469485119
530 132.5 301.4966999522753
531 132.75 301.5003533429245
532 133 301.5040071206021
533 133.25 301.5076612854505
534 133.5 301.511315837616
535 133.75 301.5149707772368
536 134 301.5186261044587
537 134.25 301.5222818194213
538 134.5 301.5259379222676
539 134.75 301.5295944131393
540 135 301.5332512921764
541 135.25 301.5369085595165
542 135.5 301.5405662153013
543 135.75 301.5442242596703
544 136 301.5478826927626
545 136.25 301.5515415147154
546 136.5 301.5552007256681
547 136.75 301.5588603257563
548 137 301.5625203151156
549 137.25 301.566180693882
550 137.5 301.5698414621967
551 137.75 301.5735026201895
552 138 301.5771641679958
553 138.25 301.5808261057497
554 138.5 301.584488433582
555 138.75 301.5881511516293
556 139 301.5918142600207
557 139.25 301.595477758889
558 139.5 301.5991416483635
559 139.75 301.6028059285773
560 140 301.6064705996598
561 140.25 301.6101356617359
562 140.5 301.6138011149336
563 140.75 301.6174669593865
564 141 301.6211331952142
565 141.25 301.6247998225463
566 141.5 301.628466841509
567 141.75 301.6321342522231
568 142 301.6358020548163
569 142.25 301.6394702494101
570 142.5 301.6431388361227
571 142.75 301.6468078150858
572 143 301.6504771864115
573 143.25 301.654146950222
574 143.5 301.6578171066387
575 143.75 301.6614876557776
576 144 301.6651585977592
577 144.25 301.668829932696
578 144.5 301.6725016607066
579 144.75 301.6761737819087
580 145 301.6798462964126
581 145.25 301.6835192043309
582 145.5 301.6871925057857
583 145.75 301.690866200877
584 146 301.6945402897229
585 146.25 301.6982147724329
586 146.5 301.7018896491147
587 146.75 301.7055649198777
588 147 301.7092405848286
589 147.25 301.7129166440773
590 147.5 301.716593097724
591 147.75 301.7202699458786
592 148 301.723947188644
593 148.25 301.7276248261247
594 148.5 301.731302858419
595 148.75 301.7349812856295
596 149 301.7386601078575
597 149.25 301.7423393252066
598 149.5 301.7460189377678
599 149.75 301.7496989456436
600 150 301.7533793489287
601 150.25 301.7570601477202
602 150.5 301.7607413421106
603 150.75 301.7644229321989
604 151 301.768104918072
605 151.25 301.7717872998237
606 151.5 301.775470077547
607 151.75 301.7791532513284
608 152 301.7828368212633
609 152.25 301.7865207874289
610 152.5 301.7902051499234
611 152.75 301.7938899088269
612 153 301.7975750642237
613 153.25 301.8012606162038
614 153.5 301.8049465648431
615 153.75 301.8086329102275
616 154 301.8123196524374
617 154.25 301.8160067915516
618 154.5 301.8196943276498
619 154.75 301.8233822608137
620 155 301.8270705911131
621 155.25 301.8307593186275
622 155.5 301.8344484434343
623 155.75 301.8381379656038
624 156 301.8418278852098
625 156.25 301.8455182023247
626 156.5 301.8492089170166
627 156.75 301.8529000293616
628 157 301.8565915394196
629 157.25 301.8602834472654
630 157.5 301.8639757529617
631 157.75 301.8676684565743
632 158 301.8713615581677
633 158.25 301.8750550578066
634 158.5 301.8787489555551
635 158.75 301.8824432514689
636 159 301.8861379456101
637 159.25 301.889833038041
638 159.5 301.8935285288147
639 159.75 301.8972244179927
640 160 301.9009207056283
641 160.25 301.9046173917739
642 160.5 301.9083144764896
643 160.75 301.9120119598204
644 161 301.9157098418231
645 161.25 301.9194081225467
646 161.5 301.9231068020411
647 161.75 301.9268058803496
648 162 301.930505357527
649 162.25 301.9342052336144
650 162.5 301.9379055086594
651 162.75 301.9416061827016
652 163 301.9453072557865
653 163.25 301.9490087279549
654 163.5 301.9527105992487
655 163.75 301.956412869706
656 164 301.9601155393654
657 164.25 301.9638186082628
658 164.5 301.9675220764356
659 164.75 301.9712259439183
660 165 301.9749302107438
661 165.25 301.9786348769487
662 165.5 301.982339942557
663 165.75 301.9860454076056
664 166 301.9897512721201
665 166.25 301.9934575361304
666 166.5 301.9971641996633
667 166.75 302.0008712627458
668 167 302.004578725402
669 167.25 302.0082865876516
670 167.5 302.0119948495213
671 167.75 302.0157035110323
672 168 302.0194125722072
673 168.25 302.023122033059
674 168.5 302.0268318936068
675 168.75 302.030542153873
676 169 302.0342528138673
677 169.25 302.0379638736068
678 169.5 302.0416753331047
679 169.75 302.0453871923737
680 170 302.0490994514242
681 170.25 302.0528121102676
682 170.5 302.0565251689104
683 170.75 302.0602386273617
684 171 302.063952485629
685 171.25 302.0676667437141
686 171.5 302.0713814016249
687 171.75 302.0750964593649
688 172 302.0788119169353
689 172.25 302.0825277743348
690 172.5 302.086244031564
691 172.75 302.0899606886231
692 173 302.093677745511
693 173.25 302.0973952022184
694 173.5 302.1011130587445
695 173.75 302.1048313150816
696 174 302.1085499712276
697 174.25 302.1122690271665
698 174.5 302.115988482894
699 174.75 302.1197083383953
700 175 302.1234285936626
701 175.25 302.1271492486841
702 175.5 302.1308703034403
703 175.75 302.1345917579211
704 176 302.1383136121036
705 176.25 302.1420358659811
706 176.5 302.1457585195254
707 176.75 302.1494815727226
708 177 302.1532050255469
709 177.25 302.1569288779784
710 177.5 302.1606531299981
711 177.75 302.1643777815715
712 178 302.168102832684
713 178.25 302.171828283304
714 178.5 302.1755541334004
715 178.75 302.1792803829533
716 179 302.1830070319241
717 179.25 302.1867340802821
718 179.5 302.1904615280009
719 179.75 302.194189375042
720 180 302.1959738584059
721 180.25 302.1977575277609
722 180.5 302.1995403566306
723 180.75 302.2013325754205
724 181 302.2031215583643
725 181.25 302.2049089609607
726 181.5 302.2066953732123
727 181.75 302.2084811390058
728 182 302.2102571401592
729 182.25 302.2120206254651
730 182.5 302.2137733876165
731 182.75 302.2155206217273
732 183 302.2172669994159
733 183.25 302.2189841333537
734 183.5 302.2206683078766
735 183.75 302.2223339628952
736 184 302.2239896462349
737 184.25 302.2256089577211
738 184.5 302.2271920025469
739 184.75 302.2287573923471
740 185 302.2302951070952
741 185.25 302.2318183410525
742 185.5 302.2333131584928
743 185.75 302.2347936464151
744 186 302.2362441425554
745 186.25 302.2376811215551
746 186.5 302.2390906387359
747 186.75 302.2404874270833
748 187 302.2418528007584
749 187.25 302.24318465572
750 187.5 302.2444989798374
751 187.75 302.2457517538393
752 188 302.2469470647617
753 188.25 302.2481219031225
754 188.5 302.2492286001794
755 188.75 302.250312897346
756 189 302.2513198193079
757 189.25 302.2523078209124
758 189.5 302.2532292128156
759 189.75 302.2541370529893
760 190 302.2549900834094
761 190.25 302.2558454834605
762 190.5 302.2567132923814
763 190.75 302.2575928714925
764 191 302.2584804280248
765 191.25 302.2593720294639
766 191.5 302.2602644259172
767 191.75 302.2611557063161
768 192 302.2620446012272
769 192.25 302.2629304506588
770 192.5 302.2638130331366
771 192.75 302.2646916791417
772 193 302.2655661429597
773 193.25 302.2664358360966
774 193.5 302.2672999992625
775 193.75 302.2681586320703
776 194 302.269012291032
777 194.25 302.2698613821186
778 194.5 302.2707061676885
779 194.75 302.271546634693
780 195 302.2723825887605
781 195.25 302.2732143102289
782 195.5 302.2740418312243
783 195.75 302.2748653179005
784 196 302.2756851424318
785 196.25 302.2765019234175
786 196.5 302.2773159859462
787 196.75 302.2781283112071
788 197 302.2789390885583
789 197.25 302.2797488192629
790 197.5 302.2805575132768
791 197.75 302.2813658782588
792 198 302.2821739895231
793 198.25 302.2829826985833
794 198.5 302.2837922873143
795 198.75 302.2846031746956
796 199 302.2854151098083
797 199.25 302.2862286554054
798 199.5 302.2870434078002
799 199.75 302.2878599698776
800 200 302.2886789233377
801 200.25 302.2895006955966
802 200.5 302.2903256182601
803 200.75 302.2911535817754
804 201 302.2919847177583
805 201.25 302.2928192401733
806 201.5 302.2936573164417
807 201.75 302.2944986702939
808 202 302.2953434923103
809 202.25 302.2961917445519
810 202.5 302.297043224304
811 202.75 302.2978978017591
812 203 302.2987555150402
813 203.25 302.2996163494083
814 203.5 302.3004801711546
815 203.75 302.3013468616679
816 204 302.3022160949437
817 204.25 302.3030873508444
818 204.5 302.3039608554628
819 204.75 302.3048357235118
820 205 302.30571167893
821 205.25 302.3065877877087
822 205.5 302.307463561156
823 205.75 302.3083388266929
824 206 302.3092130321829
825 206.25 302.3100859394212
826 206.5 302.3109575664713
827 206.75 302.3118277500312
828 207 302.3126965428992
829 207.25 302.313563963951
830 207.5 302.3144294593803
831 207.75 302.3152929675584
832 208 302.316154943119
833 208.25 302.317015026791
834 208.5 302.3178735549309
835 208.75 302.3187309254364
836 209 302.3195860068067
837 209.25 302.3204387861952
838 209.5 302.3212898908787
839 209.75 302.322139567984
840 210 302.3229877592656
841 210.25 302.3238347975058
842 210.5 302.3246810745022
843 210.75 302.3255265986794
844 211 302.3263714860358
845 211.25 302.3272157647947
846 211.5 302.3280593528791
847 211.75 302.3289020840563
848 212 302.3297438935549
849 212.25 302.3305849168455
850 212.5 302.3314253944884
851 212.75 302.332265478713
852 213 302.3331050572689
853 213.25 302.3339440491861
854 213.5 302.3347824612999
855 213.75 302.3356203417708
856 214 302.3364576156736
857 214.25 302.337293852442
858 214.5 302.3381290535139
859 214.75 302.3389631290614
860 215 302.3397963613043
861 215.25 302.3406288130415
862 215.5 302.3414606704845
863 215.75 302.3422917584243
864 216 302.3431222776427
865 216.25 302.3439519522117
866 216.5 302.3447810637477
867 216.75 302.3456093692026
868 217 302.3464367749939
869 217.25 302.3472634675138
870 217.5 302.3480888645616
871 217.75 302.3489131246246
872 218 302.3497359944508
873 218.25 302.350557698331
874 218.5 302.3513782844685
875 218.75 302.3521978210622
876 219 302.3530167158456
877 219.25 302.3538348835838
878 219.5 302.354652672449
879 219.75 302.3554700789131
880 220 302.3562873428099
881 220.25 302.3571041584573
882 220.5 302.3579206275409
883 220.75 302.3587366712924
884 221 302.3595523440067
885 221.25 302.3603676366322
886 221.5 302.3611823254836
887 221.75 302.3619961748111
888 222 302.3628093099011
889 222.25 302.3636216959586
890 222.5 302.364433573377
891 222.75 302.3652448530968
892 223 302.3660555619265
893 223.25 302.3668654241878
894 223.5 302.3676742591306
895 223.75 302.3684814918466
896 224 302.3692871958785
897 224.25 302.3700911180088
898 224.5 302.3708935036053
899 224.75 302.3716940355341
900 225 302.3724926773134
901 225.25 302.3732898980146
902 225.5 302.3740863063786
903 225.75 302.3748804984043
904 226 302.3756721592438
905 226.25 302.3764606056776
906 226.5 302.3772464170532
907 226.75 302.3780278563173
908 227 302.3788062164264
909 227.25 302.3795822259145
910 227.5 302.3803569656232
911 227.75 302.3811291228881
912 228 302.3818990930943
913 228.25 302.3826673915238
914 228.5 302.3834330547052
915 228.75 302.3841963224646
916 229 302.3849568631774
917 229.25 302.3857148302413
918 229.5 302.38646995294
919 229.75 302.387221851834
920 230 302.3879713249802
921 230.25 302.388717126994
922 230.5 302.3894589759705
923 230.75 302.3901969088732
924 231 302.3909308046708
925 231.25 302.391660353226
926 231.5 302.3923856926403
927 231.75 302.393106809662
928 232 302.3938235430643
929 232.25 302.3945359412995
930 232.5 302.3952442767669
931 232.75 302.3959484638081
932 233 302.3966486369146
933 233.25 302.3973446748351
934 233.5 302.3980364364633
935 233.75 302.3987234583287
936 234 302.3994059490307
937 234.25 302.4000839573831
938 234.5 302.4007580407482
939 234.75 302.4014284909619
940 235 302.4020964586292
941 235.25 302.4027623814264
942 235.5 302.403427400699
943 235.75 302.4040917264405
944 236 302.4047561605216
945 236.25 302.4054215022925
946 236.5 302.4060891499036
947 236.75 302.4067595159183
948 237 302.4074339162029
949 237.25 302.408113128286
950 237.5 302.4087972729434
951 237.75 302.4094863704598
952 238 302.4101805164681
953 238.25 302.4108800185495
954 238.5 302.4115850794666
955 238.75 302.4122959244924
956 239 302.4130124210158
957 239.25 302.4137347076672
958 239.5 302.414462463614
959 239.75 302.4151969584269
960 240 302.4159371205834
961 240.25 302.4166813125381
962 240.5 302.417430813748
963 240.75 302.4181847788627
964 241 302.4189428980797
965 241.25 302.4197037802466
966 241.5 302.42046784027
967 241.75 302.4212349888505
968 242 302.4220049427535
969 242.25 302.4227773180668
970 242.5 302.4235518032688
971 242.75 302.4243282965463
972 243 302.4251066857971
973 243.25 302.4258870968985
974 243.5 302.42666947832
975 243.75 302.4274536485102
976 244 302.4282389804077
977 244.25 302.4290249912698
978 244.5 302.4298112466667
979 244.75 302.4305974651159
980 245 302.4313834908223
981 245.25 302.4321689302207
982 245.5 302.4329532352179
983 245.75 302.4337359785423
984 246 302.4345167942984
985 246.25 302.4352955906383
986 246.5 302.4360722499893
987 246.75 302.436846300511
988 247 302.4376176086479
989 247.25 302.4383860811677
990 247.5 302.4391517066176
991 247.75 302.4399146506964
992 248 302.440675020157
993 248.25 302.4414331587774
994 248.5 302.4421891429354
995 248.75 302.4429430129271
996 249 302.4436945744386
997 249.25 302.4444447140075
998 249.5 302.445193227629
999 249.75 302.4459396908925
1000 250 302.4466844141511
1001 250.25 302.4474272624264
1002 250.5 302.4481684888406
1003 250.75 302.4489077556161
1004 251 302.4496456778957
1005 251.25 302.4503823650402
1006 251.5 302.451117958423
1007 251.75 302.4518525090648
1008 252 302.4525860122672
1009 252.25 302.4533181879327
1010 252.5 302.4540486914048
1011 252.75 302.4547774506681
1012 253 302.4555045497834
1013 253.25 302.4562301248822
1014 253.5 302.4569542195892
1015 253.75 302.4576770477016
1016 254 302.4583984273555
1017 254.25 302.4591187301052
1018 254.5 302.4598380312299
1019 254.75 302.4605567866311
1020 255 302.4612751699635
1021 255.25 302.4619933775971
1022 255.5 302.462711151459
1023 255.75 302.4634284379211
1024 256 302.4641448607456
1025 256.25 302.4648602800717
1026 256.5 302.4655744735443
1027 256.75 302.4662877224108
1028 257 302.4669998637718
1029 257.25 302.4677109749442
1030 257.5 302.4684209076543
1031 257.75 302.4691298176527
1032 258 302.4698374506528
1033 258.25 302.4705437372284
1034 258.5 302.4712484451766
1035 258.75 302.4719518063055
1036 259 302.472653344069
1037 259.25 302.4733530152687
1038 259.5 302.4740510432177
1039 259.75 302.4747469299464
1040 260 302.4754408025283
1041 260.25 302.4761325919787
1042 260.5 302.4768223407089
1043 260.75 302.4775096992396
1044 261 302.4781947478176
1045 261.25 302.4788776247447
1046 261.5 302.4795585436785
1047 261.75 302.4802374547214
1048 262 302.4809147015753
1049 262.25 302.4815906136715
1050 262.5 302.4822654563093
1051 262.75 302.4829394691102
1052 263 302.4836127625067
1053 263.25 302.4842852376291
1054 263.5 302.4849569579382
1055 263.75 302.4856280588848
1056 264 302.4862986666842
1057 264.25 302.4869689389012
1058 264.5 302.4876380789526
1059 264.75 302.4883058352576
1060 265 302.488971507389
1061 265.25 302.4896348332852
1062 265.5 302.4902952027863
1063 265.75 302.4909525029305
1064 266 302.4916058403096
1065 266.25 302.4922554197187
1066 266.5 302.4929012706132
1067 266.75 302.4935437118909
1068 267 302.4941827004903
1069 267.25 302.4948183731562
1070 267.5 302.495450998402
1071 267.75 302.4960811590149
1072 268 302.4967089203788
1073 268.25 302.4973346485601
1074 268.5 302.4979590867868
1075 268.75 302.4985824743039
1076 269 302.4992052498724
1077 269.25 302.4998277223024
1078 269.5 302.5004503926852
1079 269.75 302.5010735319358
1080 270 302.501697310143
1081 270.25 302.5023218165547
1082 270.5 302.5029471849505
1083 270.75 302.5035735876725
1084 271 302.5042011399528
1085 271.25 302.5048300009306
1086 271.5 302.5054604529118
1087 271.75 302.5060925053788
1088 272 302.506726318655
1089 272.25 302.5073621080635
1090 272.5 302.5080002904433
1091 272.75 302.5086410119474
1092 273 302.509284564985
1093 273.25 302.5099311545628
1094 273.5 302.5105807123147
1095 273.75 302.5112328258643
1096 274 302.5118873356395
1097 274.25 302.5125440579635
1098 274.5 302.5132029417342
1099 274.75 302.5138637639489
1100 275 302.5145263344565
1101 275.25 302.5151902813236
1102 275.5 302.5158555225154
1103 275.75 302.5165218335788
1104 276 302.5171892463913
1105 276.25 302.5178580761548
1106 276.5 302.5185285743482
1107 276.75 302.51920102039
1108 277 302.5198759094306
1109 277.25 302.5205534752363
1110 277.5 302.5212338712481
1111 277.75 302.5219170904105
1112 278 302.522602858927
1113 278.25 302.5232907962609
1114 278.5 302.5239809609199
1115 278.75 302.524673268691
1116 279 302.525367267855
1117 279.25 302.5260628504122
1118 279.5 302.5267598938768
1119 279.75 302.5274582430359
1120 280 302.5281575871664
1121 280.25 302.5288578307388
1122 280.5 302.5295588027337
1123 280.75 302.5302602738257
1124 281 302.5309622057787
1125 281.25 302.531664700346
1126 281.5 302.5323676568803
1127 281.75 302.5330718299202
1128 282 302.533777234262
1129 282.25 302.5344838497854
1130 282.5 302.5351914445764
1131 282.75 302.5359002848778
1132 283 302.5366104893233
1133 283.25 302.5373219970413
1134 283.5 302.5380347344721
1135 283.75 302.5387486841748
1136 284 302.5394637327391
1137 284.25 302.5401798908163
1138 284.5 302.5408969678785
1139 284.75 302.5416149471052
1140 285 302.5423335885899
1141 285.25 302.5430528322365
1142 285.5 302.5437724057349
1143 285.75 302.5444923313615
1144 286 302.545212444547
1145 286.25 302.5459328273443
1146 286.5 302.546653303576
1147 286.75 302.5473739921844
1148 287 302.5480946702988
1149 287.25 302.5488155150358
1150 287.5 302.5495362920506
1151 287.75 302.5502571397711
1152 288 302.5509779370026
1153 288.25 302.551698858386
1154 288.5 302.5524195425962
1155 288.75 302.5531400493789
1156 289 302.5538600778684
1157 289.25 302.5545797981171
1158 289.5 302.555299040462
1159 289.75 302.5560179904388
1160 290 302.556736441824
1161 290.25 302.5574546054394
1162 290.5 302.5581720585661
1163 290.75 302.5588888852964
1164 291 302.5596046969903
1165 291.25 302.5603197089819
1166 291.5 302.5610336469916
1167 291.75 302.5617468102795
1168 292 302.5624590196519
1169 292.25 302.5631704050414
1170 292.5 302.5638805208961
1171 292.75 302.5645895889685
1172 293 302.5652972900352
1173 293.25 302.5660040997743
1174 293.5 302.5667098730863
1175 293.75 302.5674151642471
1176 294 302.5681199095507
1177 294.25 302.5688243808031
1178 294.5 302.5695282631516
1179 294.75 302.5702317954546
1180 295 302.5709346455795
1181 295.25 302.5716372379785
1182 295.5 302.5723396453689
1183 295.75 302.5730417961058
1184 296 302.5737434375426
1185 296.25 302.5744447279438
1186 296.5 302.5751456187832
1187 296.75 302.575845955313
1188 297 302.5765457733645
1189 297.25 302.5772452082507
1190 297.5 302.5779443636319
1191 297.75 302.578643334555
1192 298 302.5793419429081
1193 298.25 302.5800402370332
1194 298.5 302.5807383012353
1195 298.75 302.5814361559379
1196 299 302.5821339152732
1197 299.25 302.582831630205
1198 299.5 302.5835291460089
1199 299.75 302.5842267089961
1200 300 302.5849244472915
1201 300.25 302.5856226007945
1202 300.5 302.5863208866201
1203 300.75 302.587018930661
1204 301 302.5877166632259
1205 301.25 302.5884142258878
1206 301.5 302.589112020398
1207 301.75 302.5898100530235
1208 302 302.5905084825686
1209 302.25 302.5912073414785
1210 302.5 302.59190665466
1211 302.75 302.5926064073638
1212 303 302.5933064792815
1213 303.25 302.594006667498
1214 303.5 302.594706830171
1215 303.75 302.5954068635553
1216 304 302.5961067403318
1217 304.25 302.596806565281
1218 304.5 302.5975064073961
1219 304.75 302.5982063334285
1220 305 302.5989061993281
1221 305.25 302.599606010741
1222 305.5 302.6003055933276
1223 305.75 302.601005031836
1224 306 302.6017041003535
1225 306.25 302.6024027525667
1226 306.5 302.6031007485937
1227 306.75 302.6037981704436
1228 307 302.6044948697872
1229 307.25 302.6051910057558
1230 307.5 302.6058865786711
1231 307.75 302.6065817791188
1232 308 302.6072765256015
1233 308.25 302.6079710680359
1234 308.5 302.6086652939034
1235 308.75 302.6093593042984
1236 309 302.6100530800792
1237 309.25 302.6107467753174
1238 309.5 302.6114403635642
1239 309.75 302.6121341061132
1240 310 302.6128280128413
1241 310.25 302.6135224428839
1242 310.5 302.6142176629953
1243 310.75 302.6149137231124
1244 311 302.6156107482703
1245 311.25 302.6163087403554
1246 311.5 302.6170078922154
1247 311.75 302.6177084569532
1248 312 302.6184103270572
1249 312.25 302.6191135885106
1250 312.5 302.619818222966
1251 312.75 302.6205240375888
1252 313 302.621231128271
1253 313.25 302.6219397258685
1254 313.5 302.6226499416485
1255 313.75 302.6233624195979
1256 314 302.6240766877864
1257 314.25 302.6247918639063
1258 314.5 302.6255088374778
1259 314.75 302.6262268318075
1260 315 302.6269453463888
1261 315.25 302.6276636502618
1262 315.5 302.6283821204884
1263 315.75 302.6291003554736
1264 316 302.6298182401932
1265 316.25 302.630535247215
1266 316.5 302.6312521824309
1267 316.75 302.6319686223974
1268 317 302.6326843800348
1269 317.25 302.6333991158565
1270 317.5 302.6341128796507
1271 317.75 302.6348252548483
1272 318 302.6355358412563
1273 318.25 302.6362447742039
1274 318.5 302.636952123483
1275 318.75 302.6376577820134
1276 319 302.63836163754
1277 319.25 302.6390635118368
1278 319.5 302.6397632337807
1279 319.75 302.640460740176
1280 320 302.6411559188961
1281 320.25 302.6418486821624
1282 320.5 302.6425389081358
1283 320.75 302.6432266213737
1284 321 302.6439118335463
1285 321.25 302.6445946888461
1286 321.5 302.6452751856665
1287 321.75 302.6459530751411
1288 322 302.6466282606118
1289 322.25 302.6473008907024
1290 322.5 302.6479710709236
1291 322.75 302.6486387988011
1292 323 302.6493042014744
1293 323.25 302.6499675468642
1294 323.5 302.6506289805027
1295 323.75 302.651288845954
1296 324 302.6519473554166
1297 324.25 302.6526048873346
1298 324.5 302.6532617438729
1299 324.75 302.6539181214982
1300 325 302.6545741402738
1301 325.25 302.6552299869527
1302 325.5 302.6558856798933
1303 325.75 302.6565412432589
1304 326 302.6571965424766
1305 326.25 302.6578516528725
1306 326.5 302.6585066244752
1307 326.75 302.6591614931023
1308 327 302.6598160793085
1309 327.25 302.6604703705349
1310 327.5 302.6611246222819
1311 327.75 302.6617785379527
1312 328 302.6624317692513
1313 328.25 302.6630846751332
1314 328.5 302.6637370634979
1315 328.75 302.6643888913658
1316 329 302.6650400188514
1317 329.25 302.665690693131
1318 329.5 302.6663408953317
1319 329.75 302.6669907179225
1320 330 302.6676402059998
1321 330.25 302.6682892229198
1322 330.5 302.6689376396125
1323 330.75 302.6695853323288
1324 331 302.6702322557092
1325 331.25 302.6708781528891
1326 331.5 302.6715230444168
1327 331.75 302.6721668238589
1328 332 302.6728093188178
1329 332.25 302.6734503056632
1330 332.5 302.6740896563748
1331 332.75 302.6747272140422
1332 333 302.6753632331173
1333 333.25 302.6759976031802
1334 333.5 302.6766303472004
1335 333.75 302.6772614346322
1336 334 302.6778911828069
1337 334.25 302.6785196136611
1338 334.5 302.6791471683499
1339 334.75 302.6797737900681
1340 335 302.6803995490505
1341 335.25 302.6810241167361
1342 335.5 302.6816473454431
1343 335.75 302.6822688155697
1344 336 302.6828884380112
1345 336.25 302.6835059740965
1346 336.5 302.6841216106453
1347 336.75 302.6847351988387
1348 337 302.6853469767887
1349 337.25 302.6859565016745
1350 337.5 302.686564132315
1351 337.75 302.6871704485419
1352 338 302.6877752139228
1353 338.25 302.6883785267593
1354 338.5 302.6889805253586
1355 338.75 302.6895808943485
1356 339 302.6901800543921
1357 339.25 302.690778556654
1358 339.5 302.691376757876
1359 339.75 302.6919747140072
1360 340 302.6925725937252
1361 340.25 302.6931703088046
1362 340.5 302.6937682086075
1363 340.75 302.6943661439709
1364 341 302.6949638653659
1365 341.25 302.6955621580809
1366 341.5 302.6961610711828
1367 341.75 302.6967604656873
1368 342 302.697360353787
1369 342.25 302.6979604543058
1370 342.5 302.6985607941467
1371 342.75 302.6991613858478
1372 343 302.6997622328864
1373 343.25 302.7003630939441
1374 343.5 302.7009636016961
1375 343.75 302.7015634299254
1376 344 302.7021620127522
1377 344.25 302.7027591233893
1378 344.5 302.7033544914803
1379 344.75 302.7039476459549
1380 345 302.7045376165125
1381 345.25 302.7051241605599
1382 345.5 302.7057067284591
1383 345.75 302.7062850119465
1384 346 302.7068584940758
1385 346.25 302.7074265887516
1386 346.5 302.7079900209873
1387 346.75 302.70855023095
1388 347 302.7091067170876
1389 347.25 302.7096602709275
1390 347.5 302.7102114151057
1391 347.75 302.7107607251663
1392 348 302.7113084280986
1393 348.25 302.7118552425792
1394 348.5 302.7124018984246
1395 348.75 302.7129489498955
1396 349 302.7134974022372
1397 349.25 302.7140478483141
1398 349.5 302.7146007258776
1399 349.75 302.715155800276
1400 350 302.7157145688041
1401 350.25 302.7162772804103
1402 350.5 302.7168440597426
1403 350.75 302.7174153156597
1404 351 302.7179908581873
1405 351.25 302.7185706350816
1406 351.5 302.7191540424517
1407 351.75 302.719741417652
1408 352 302.7203327263484
1409 352.25 302.7209275954887
1410 352.5 302.7215256107294
1411 352.75 302.7221263023997
1412 353 302.7227293134777
1413 353.25 302.7233341516864
1414 353.5 302.7239403771506
1415 353.75 302.7245472590956
1416 354 302.7251543760818
1417 354.25 302.7257611566907
1418 354.5 302.7263671968655
1419 354.75 302.7269722698956
1420 355 302.7275763377014
1421 355.25 302.7281789453619
1422 355.5 302.7287802890857
1423 355.75 302.7293805748226
1424 356 302.7299798559122
1425 356.25 302.7305784747516
1426 356.5 302.7311764306543
1427 356.75 302.7317739649881
1428 357 302.7323711244533
1429 357.25 302.732968195488
1430 357.5 302.7335651285579
1431 357.75 302.7341621555844
1432 358 302.7347595969786
1433 358.25 302.7353576575027
1434 358.5 302.7359565354628
1435 358.75 302.7365562858016
1436 359 302.7371569252501
1437 359.25 302.7377583839287
1438 359.5 302.7383606856227
1439 359.75 302.7389637182437
1440 360 302.7395674727447
1441 360.25 302.7401716890793
1442 360.5 302.7407762882188
1443 360.75 302.741381152843
1444 361 302.7419862496479
1445 361.25 302.7425912811363
1446 361.5 302.7431960937436
1447 361.75 302.7438005409091
1448 362 302.7444045800507
1449 362.25 302.745008035763
1450 362.5 302.7456108966987
1451 362.75 302.7462131821255
1452 363 302.7468149839498
1453 363.25 302.7474162146112
1454 363.5 302.7480171783186
1455 363.75 302.7486176801914
1456 364 302.7492175127454
1457 364.25 302.7498172850921
1458 364.5 302.7504167970278
1459 364.75 302.7510160007262
1460 365 302.7516152910288
1461 365.25 302.7522147326849
1462 365.5 302.7528143200773
1463 365.75 302.753414559881
1464 366 302.7540154222406
1465 366.25 302.754617057282
1466 366.5 302.7552192230561
1467 366.75 302.7558223163355
1468 367 302.756426349486
1469 367.25 302.7570314076657
1470 367.5 302.7576374155618
1471 367.75 302.7582443312318
1472 368 302.7588521618003
1473 368.25 302.759460834051
1474 368.5 302.7600704407614
1475 368.75 302.7606810353491
1476 369 302.7612926471607
1477 369.25 302.7619052518247
1478 369.5 302.7625187291351
1479 369.75 302.7631328756829
1480 370 302.7637475306545
1481 370.25 302.7643624917953
1482 370.5 302.7649777215801
1483 370.75 302.7655931806661
1484 371 302.7662088661925
1485 371.25 302.7668246093242
1486 371.5 302.767440401006
1487 371.75 302.7680560192961
1488 372 302.7686713198236
1489 372.25 302.7692860924006
1490 372.5 302.7699004931707
1491 372.75 302.7705143073583
1492 373 302.7711275113126
1493 373.25 302.7717399789657
1494 373.5 302.7723519519348
1495 373.75 302.7729637557691
1496 374 302.7735754351436
1497 374.25 302.7741872911226
1498 374.5 302.7747993290063
1499 374.75 302.7754113100996
1500 375 302.7760234686597
1501 375.25 302.7766358776761
1502 375.5 302.7772485876399
1503 375.75 302.7778613686777
1504 376 302.7784739808994
1505 376.25 302.7790865758996
1506 376.5 302.7796988983613
1507 376.75 302.7803108458258
1508 377 302.7809221560957
1509 377.25 302.7815329257573
1510 377.5 302.7821431021946
1511 377.75 302.7827526016576
1512 378 302.7833611687714
1513 378.25 302.7839688720535
1514 378.5 302.7845757702233
1515 378.75 302.7851820348321
1516 379 302.7857878180688
1517 379.25 302.7863932128532
1518 379.5 302.7869983926561
1519 379.75 302.7876036271076
1520 380 302.7882091278784
1521 380.25 302.7888150077678
1522 380.5 302.7894211899241
1523 380.75 302.7900276687374
1524 381 302.7906344652745
1525 381.25 302.7912417721868
1526 381.5 302.7918497022193
1527 381.75 302.7924582046039
1528 382 302.7930669154795
1529 382.25 302.7936756463005
1530 382.5 302.7942840796807
1531 382.75 302.7948915017204
1532 383 302.7954974510195
1533 383.25 302.7961018720993
1534 383.5 302.7967044827669
1535 383.75 302.7973054822672
1536 384 302.797904724767
1537 384.25 302.798501752518
1538 384.5 302.7990959449837
1539 384.75 302.7996869833566
1540 385 302.8002745118025
1541 385.25 302.8008583917899
1542 385.5 302.8014390744838
1543 385.75 302.8020164045892
1544 386 302.8025908630108
1545 386.25 302.8031630682661
1546 386.5 302.8037333567254
1547 386.75 302.8043027324921
1548 387 302.804871250479
1549 387.25 302.8054393125962
1550 387.5 302.8060068481508
1551 387.75 302.8065750257128
1552 388 302.8071437189606
1553 388.25 302.807712304068
1554 388.5 302.8082822298323
1555 388.75 302.8088529698354
1556 389 302.8094242582258
1557 389.25 302.8099954599458
1558 389.5 302.8105672983032
1559 389.75 302.8111390830614
1560 390 302.8117100709932
1561 390.25 302.8122807594203
1562 390.5 302.8128507453659
1563 390.75 302.8134198008252
1564 391 302.8139876701671
1565 391.25 302.8145547168044
1566 391.5 302.8151209854835
1567 391.75 302.8156866222915
1568 392 302.81625136626
1569 392.25 302.8168151167154
1570 392.5 302.8173774866268
1571 392.75 302.8179384094498
1572 393 302.8184975416099
1573 393.25 302.8190548773368
1574 393.5 302.819610484563
1575 393.75 302.8201647360732
1576 394 302.820718014403
1577 394.25 302.8212709377744
1578 394.5 302.8218237669082
1579 394.75 302.8223767269977
1580 395 302.8229297227398
1581 395.25 302.8234828477138
1582 395.5 302.8240361080092
1583 395.75 302.8245895630634
1584 396 302.8251429563365
1585 396.25 302.8256965465485
1586 396.5 302.8262502487567
1587 396.75 302.8268042827939
1588 397 302.8273583636399
1589 397.25 302.8279126519035
1590 397.5 302.8284671685279
1591 397.75 302.8290220240946
1592 398 302.829577303406
1593 398.25 302.8301334078736
1594 398.5 302.830690465892
1595 398.75 302.8312485663938
1596 399 302.8318077682111
1597 399.25 302.8323679883931
1598 399.5 302.8329290679775
1599 399.75 302.8334907744398
1600 400 302.8340529182355
1601 400.25 302.8346150073643
1602 400.5 302.835176867529
1603 400.75 302.8357383819974
1604 401 302.8362990381817
1605 401.25 302.8368586060244
1606 401.5 302.8374167324093
1607 401.75 302.8379734696045
1608 402 302.8385286228878
1609 402.25 302.8390816461703
1610 402.5 302.8396321680135
1611 402.75 302.8401794545915
1612 403 302.8407229244128
1613 403.25 302.8412621413615
1614 403.5 302.8417967694276
1615 403.75 302.84232616835
1616 404 302.8428500388277
1617 404.25 302.8433680971864
1618 404.5 302.8438805500305
1619 404.75 302.8443875418585
1620 405 302.8448893209905
1621 405.25 302.8453860882568
1622 405.5 302.845878590556
1623 405.75 302.8463674937755
1624 406 302.8468533836488
1625 406.25 302.8473369149498
1626 406.5 302.8478187838126
1627 406.75 302.8482994424926
1628 407 302.8487793502175
1629 407.25 302.8492588868352
1630 407.5 302.8497381671999
1631 407.75 302.8502176830625
1632 408 302.8506974573941
1633 408.25 302.851177610631
1634 408.5 302.8516581790086
1635 408.75 302.8521390980517
1636 409 302.8526206153649
1637 409.25 302.853102623861
1638 409.5 302.8535852736411
1639 409.75 302.854068863729
1640 410 302.8545537489271
1641 410.25 302.8550401364509
1642 410.5 302.8555282861901
1643 410.75 302.856017966917
1644 411 302.8565090619265
1645 411.25 302.8570011256994
1646 411.5 302.8574938968746
1647 411.75 302.8579869690948
1648 412 302.8584802384599
1649 412.25 302.8589733531138
1650 412.5 302.8594662067872
1651 412.75 302.8599585144383
1652 413 302.8604498957204
1653 413.25 302.8609400324087
1654 413.5 302.8614289468201
1655 413.75 302.8619165262366
1656 414 302.862402834832
1657 414.25 302.8628878709141
1658 414.5 302.863371958299
1659 414.75 302.86385526732
1660 415 302.8643384284658
1661 415.25 302.8648215767382
1662 415.5 302.8653051745758
1663 415.75 302.8657898174005
1664 416 302.8662756242056
1665 416.25 302.8667625299262
1666 416.5 302.8672510776273
1667 416.75 302.8677420153946
1668 417 302.8682356058543
1669 417.25 302.8687317738695
1670 417.5 302.8692316027669
1671 417.75 302.8697354632422
1672 418 302.8702430645594
1673 418.25 302.870755452046
1674 418.5 302.871272511086
1675 418.75 302.8717941439258
1676 419 302.8723195009144
1677 419.25 302.8728495785023
1678 419.5 302.8733839749829
1679 419.75 302.8739218295775
1680 420 302.8744635895535
1681 420.25 302.8750086173008
1682 420.5 302.8755563008162
1683 420.75 302.8761059506331
1684 421 302.8766575958959
1685 421.25 302.877210771951
1686 421.5 302.8777648261198
1687 421.75 302.8783196662696
1688 422 302.8788751772738
1689 422.25 302.8794314384072
1690 422.5 302.8799880846689
1691 422.75 302.8805449181237
1692 423 302.881101660875
1693 423.25 302.8816580674249
1694 423.5 302.8822140830024
1695 423.75 302.8827697290271
1696 424 302.8833248722714
1697 424.25 302.8838794327674
1698 424.5 302.8844333041513
1699 424.75 302.8849863847846
1700 425 302.8855385012484
1701 425.25 302.8860896486098
1702 425.5 302.886639752855
1703 425.75 302.8871888647022
1704 426 302.8877369773728
1705 426.25 302.88828401836
1706 426.5 302.8888298928029
1707 426.75 302.8893745155294
1708 427 302.8899179441914
1709 427.25 302.8904599814855
1710 427.5 302.8910006108982
1711 427.75 302.8915397626619
1712 428 302.8920773109957
1713 428.25 302.8926135242278
1714 428.5 302.8931485625718
1715 428.75 302.8936821282138
1716 429 302.8942142840755
1717 429.25 302.8947451918482
1718 429.5 302.8952745912135
1719 429.75 302.8958026517877
1720 430 302.8963295284092
1721 430.25 302.896854951734
1722 430.5 302.8973790231674
1723 430.75 302.8979019684336
1724 431 302.8984236607536
1725 431.25 302.8989441035884
1726 431.5 302.8994632639854
1727 431.75 302.8999811690574
1728 432 302.9004977643991
1729 432.25 302.9010131906401
1730 432.5 302.9015275361327
1731 432.75 302.9020410493733
1732 433 302.9025540063806
1733 433.25 302.9030664209216
1734 433.5 302.9035784611405
1735 433.75 302.9040902812934
1736 434 302.9046017215567
1737 434.25 302.9051128437839
1738 434.5 302.9056236660144
1739 434.75 302.9061343588286
1740 435 302.9066452016273
1741 435.25 302.9071563954419
1742 435.5 302.9076679672613
1743 435.75 302.9081799483225
1744 436 302.9086925052294
1745 436.25 302.9092058447961
1746 436.5 302.9097199395571
1747 436.75 302.9102343294419
1748 437 302.9107487602068
1749 437.25 302.9112630756395
1750 437.5 302.9117771620652
1751 437.75 302.9122909921271
1752 438 302.9128045756366
1753 438.25 302.9133179975296
1754 438.5 302.9138311733142
1755 438.75 302.9143439767614
1756 439 302.9148562680867
1757 439.25 302.915368005675
1758 439.5 302.9158791035633
1759 439.75 302.9163896167933
1760 440 302.9168998289797
1761 440.25 302.9174100694785
1762 440.5 302.9179202907639
1763 440.75 302.9184307455928
1764 441 302.9189415193517
1765 441.25 302.9194527261694
1766 441.5 302.9199642930446
1767 441.75 302.9204762373545
1768 442 302.9209886374059
1769 442.25 302.9215013689685
1770 442.5 302.9220141628651
1771 442.75 302.9225266997357
1772 443 302.9230387495021
1773 443.25 302.9235503299183
1774 443.5 302.9240614217262
1775 443.75 302.9245721956846
1776 444 302.9250826538247
1777 444.25 302.9255929240367
1778 444.5 302.9261029805975
1779 444.75 302.9266132317744
1780 445 302.9271236976999
1781 445.25 302.927634435996
1782 445.5 302.9281453551779
1783 445.75 302.9286560709753
1784 446 302.9291663424037
1785 446.25 302.9296756209273
1786 446.5 302.930183261043
1787 446.75 302.9306886364062
1788 447 302.9311913041827
1789 447.25 302.9316908092871
1790 447.5 302.9321868270259
1791 447.75 302.9326789982205
1792 448 302.9331674679844
1793 448.25 302.9336523520543
1794 448.5 302.9341338919136
1795 448.75 302.9346120941376
1796 449 302.9350875815067
1797 449.25 302.9355616889201
1798 449.5 302.9360356308512
1799 449.75 302.9365106952991
1800 450 302.9369880566529
1801 450.25 302.9374688748991
1802 450.5 302.9379540378509
1803 450.75 302.9384439454715
1804 451 302.9389385832936
1805 451.25 302.9394380238778
1806 451.5 302.9399436074295
1807 451.75 302.9404532731317
1808 452 302.9409685826831
1809 452.25 302.9414889760524
1810 452.5 302.9420129129205
1811 452.75 302.9425417649371
1812 453 302.9430742090232
1813 453.25 302.9436082911479
1814 453.5 302.9441445805475
1815 453.75 302.9446819041627
1816 454 302.9452194205703
1817 454.25 302.9457573018879
1818 454.5 302.946295656478
1819 454.75 302.946833953827
1820 455 302.9473716615187
1821 455.25 302.9479088839866
1822 455.5 302.948445028863
1823 455.75 302.9489795228136
1824 456 302.9495115669161
1825 456.25 302.9500403209769
1826 456.5 302.9505652524066
1827 456.75 302.9510862438299
1828 457 302.9516028719857
1829 457.25 302.9521151156275
1830 457.5 302.9526234368016
1831 457.75 302.9531284685846
1832 458 302.9536307536513
1833 458.25 302.9541309288356
1834 458.5 302.9546299031535
1835 458.75 302.955128275288
1836 459 302.9556267234863
1837 459.25 302.9561250322546
1838 459.5 302.9566239034575
1839 459.75 302.9571237156614
1840 460 302.9576244406991
1841 460.25 302.9581262712795
1842 460.5 302.9586289062618
1843 460.75 302.9591321641558
1844 461 302.9596358436923
1845 461.25 302.9601396629655
1846 461.5 302.9606431159203
1847 461.75 302.9611457801749
1848 462 302.96164685232
1849 462.25 302.9621456548045
1850 462.5 302.9626415713906
1851 462.75 302.9631348029437
1852 463 302.9636246841238
1853 463.25 302.9641112013212
1854 463.5 302.9645947563657
1855 463.75 302.9650749880133
1856 464 302.9655519080168
1857 464.25 302.9660258792724
1858 464.5 302.9664974566763
1859 464.75 302.96696709028
1860 465 302.9674356371983
1861 465.25 302.9679039848039
1862 465.5 302.9683738342478
1863 465.75 302.9688454672162
1864 466 302.9693192610454
1865 466.25 302.9697950176265
1866 466.5 302.9702735107051
1867 466.75 302.9707543537736
1868 467 302.9712369003171
1869 467.25 302.9717211722697
1870 467.5 302.9722066166546
1871 467.75 302.9726925119709
1872 468 302.9731783453959
1873 468.25 302.9736632225628
1874 468.5 302.974146511015
1875 468.75 302.9746273387782
1876 469 302.9751050777625
1877 469.25 302.9755790887186
1878 469.5 302.9760490458589
1879 469.75 302.9765145088012
1880 470 302.9769751016148
1881 470.25 302.9774310397629
1882 470.5 302.9778817168129
1883 470.75 302.9783273509401
1884 471 302.9787684443547
1885 471.25 302.9792058919775
1886 471.5 302.979640195881
1887 471.75 302.9800718056098
1888 472 302.9805011095694
1889 472.25 302.9809287822995
1890 472.5 302.9813553756903
1891 472.75 302.9817814375795
1892 473 302.9822073452819
1893 473.25 302.9826336442997
1894 473.5 302.983060580338
1895 473.75 302.9834885733385
1896 474 302.9839177741752
1897 474.25 302.9843484149781
1898 474.5 302.9847804981714
1899 474.75 302.9852141269859
1900 475 302.9856492276937
1901 475.25 302.9860858523421
1902 475.5 302.9865235878601
1903 475.75 302.98696203811
1904 476 302.9874012176138
1905 476.25 302.9878404537739
1906 476.5 302.9882792379829
1907 476.75 302.9887178766363
1908 477 302.9891561323828
1909 477.25 302.9895937298704
1910 477.5 302.9900308069417
1911 477.75 302.9904674765634
1912 478 302.9909041220119
1913 478.25 302.9913406480757
1914 478.5 302.9917767377779
1915 478.75 302.992213650407
1916 479 302.9926513859433
1917 479.25 302.9930901430905
1918 479.5 302.9935293271331
1919 479.75 302.9939704639779
1920 480 302.9944135014609
1921 480.25 302.9948576764766
1922 480.5 302.9953044501349
1923 480.75 302.995752961659
1924 481 302.9962024666754
1925 481.25 302.9966517906813
1926 481.5 302.9971013936589
1927 481.75 302.997550592088
1928 482 302.9979989028548
1929 482.25 302.9984469442621
1930 482.5 302.9988946648235
1931 482.75 302.9993418788191
1932 483 302.9997887865383
1933 483.25 303.000235348975
1934 483.5 303.0006815200369
1935 483.75 303.0011273644191
1936 484 303.0015728303366
1937 484.25 303.0020178350344
1938 484.5 303.002462246009
1939 484.75 303.0029061735452
1940 485 303.0033495356941
1941 485.25 303.0037923973363
1942 485.5 303.0042348062693
1943 485.75 303.0046768880464
1944 486 303.0051186213379
1945 486.25 303.0055604772325
1946 486.5 303.0060025676738
1947 486.75 303.0064452927795
1948 487 303.0068888721639
1949 487.25 303.007333493233
1950 487.5 303.0077794613409
1951 487.75 303.0082268913319
1952 488 303.0086760302893
1953 488.25 303.009126878546
1954 488.5 303.0095789704739
1955 488.75 303.0100324572862
1956 489 303.0104869914244
1957 489.25 303.0109424279509
1958 489.5 303.011398299545
1959 489.75 303.011854308423
1960 490 303.0123103754715
1961 490.25 303.0127662199956
1962 490.5 303.0132214991474
1963 490.75 303.0136764423704
1964 491 303.014130987277
1965 491.25 303.0145852544575
1966 491.5 303.0150389228925
1967 491.75 303.015492226737
1968 492 303.0159454013612
1969 492.25 303.0163984612317
1970 492.5 303.0168514758395
1971 492.75 303.0173044746833
1972 493 303.017757627344
1973 493.25 303.0182111807987
1974 493.5 303.0186655083133
1975 493.75 303.0191207972534
1976 494 303.0195772500535
1977 494.25 303.0200349648848
1978 494.5 303.0204939796415
1979 494.75 303.020954336955
1980 495 303.0214158528347
1981 495.25 303.021878472645
1982 495.5 303.0223419630954
1983 495.75 303.0228062008848
1984 496 303.0232709788308
1985 496.25 303.0237359995459
1986 496.5 303.0242009548928
1987 496.75 303.0246655752834
1988 497 303.025129730823
1989 497.25 303.0255930984443
1990 497.5 303.0260554892722
1991 497.75 303.0265167963932
1992 498 303.0269767926845
1993 498.25 303.0274354185797
1994 498.5 303.0278928150883
1995 498.75 303.0283492466682
1996 499 303.0288050345969
1997 499.25 303.0292605696155
1998 499.5 303.0297161969384
1999 499.75 303.0301718385492
2000 500 303.0306272404507
2001 500.25 303.0310828156835
2002 500.5 303.0315385616109
2003 500.75 303.0319945341828
2004 501 303.032450422234
2005 501.25 303.0329063640027
2006 501.5 303.0333622437846
2007 501.75 303.0338180091252
2008 502 303.0342735847686
2009 502.25 303.0347288237668
2010 502.5 303.0351836634699
2011 502.75 303.0356379979668
2012 503 303.0360919100714
2013 503.25 303.0365453934786
2014 503.5 303.0369985763729
2015 503.75 303.0374515005107
2016 504 303.0379042406195
2017 504.25 303.0383564804101
2018 504.5 303.0388082309622
2019 504.75 303.039259312966
2020 505 303.0397098625088
2021 505.25 303.0401598271059
2022 505.5 303.0406093128605
2023 505.75 303.0410581679517
2024 506 303.0415065134213
2025 506.25 303.0419540992067
2026 506.5 303.0424009465166
2027 506.75 303.0428471569075
2028 507 303.0432924540117
2029 507.25 303.0437368861598
2030 507.5 303.0441806473322
2031 507.75 303.0446233219423
2032 508 303.0450650137945
2033 508.25 303.0455058847659
2034 508.5 303.0459454891342
2035 508.75 303.0463839565214
2036 509 303.0468215418301
2037 509.25 303.0472577833406
2038 509.5 303.0476929498859
2039 509.75 303.0481271857168
2040 510 303.0485605531985
2041 510.25 303.0489927860629
2042 510.5 303.0494238523367
2043 510.75 303.0498538489979
2044 511 303.0502828452712
2045 511.25 303.0507109242952
2046 511.5 303.0511381131685
2047 511.75 303.051564577093
2048 512 303.0519904387439
2049 512.25 303.0524159033221
2050 512.5 303.0528410081829
2051 512.75 303.0532658899916
2052 513 303.0536905805677
2053 513.25 303.0541152654354
2054 513.5 303.0545399384525
2055 513.75 303.0549647354672
2056 514 303.0553896498819
2057 514.25 303.0558148141184
2058 514.5 303.0562401810946
2059 514.75 303.0566658379394
2060 515 303.0570917770181
2061 515.25 303.0575180641915
2062 515.5 303.0579447581857
2063 515.75 303.058371866559
2064 516 303.0587990250427
2065 516.25 303.0592262987366
2066 516.5 303.0596534726951
2067 516.75 303.0600803538028
2068 517 303.0605072414493
2069 517.25 303.0609341231764
2070 517.5 303.0613608189586
2071 517.75 303.061787785291
2072 518 303.0622149916135
2073 518.25 303.0626422803059
2074 518.5 303.0630700472778
2075 518.75 303.0634980906963
2076 519 303.0639263425137
2077 519.25 303.064354816185
2078 519.5 303.0647834267261
2079 519.75 303.0652121675355
2080 520 303.0656410575843
2081 520.25 303.0660700026063
2082 520.5 303.0664989411389
2083 520.75 303.0669276551549
2084 521 303.0673561206253
2085 521.25 303.0677841567345
2086 521.5 303.06821164431
2087 521.75 303.0686384958268
2088 522 303.0690646331132
2089 522.25 303.0694899176993
2090 522.5 303.0699142776634
2091 522.75 303.070337458618
2092 523 303.0707594018864
2093 523.25 303.0711798752191
2094 523.5 303.0715988529694
2095 523.75 303.0720161970573
2096 524 303.0724317526699
2097 524.25 303.0728456009198
2098 524.5 303.0732580110265
2099 524.75 303.0736688931165
2100 525 303.0740782751511
2101 525.25 303.0744863757767
2102 525.5 303.0748930995335
2103 525.75 303.0752985281609
2104 526 303.0757029149993
2105 526.25 303.0761061749626
2106 526.5 303.076508464366
2107 526.75 303.0769098377078
2108 527 303.0773101354394
2109 527.25 303.0777093313966
2110 527.5 303.0781074973968
2111 527.75 303.0785049795618
2112 528 303.0789018331627
2113 528.25 303.0792981998377
2114 528.5 303.0796941757334
2115 528.75 303.0800898856407
2116 529 303.0804854039195
2117 529.25 303.0808808295357
2118 529.5 303.0812760910034
2119 529.75 303.0816713867178
2120 530 303.0820668177772
2121 530.25 303.0824626939921
2122 530.5 303.0828590465123
2123 530.75 303.0832559995243
2124 531 303.0836535070055
2125 531.25 303.0840519159659
2126 531.5 303.084451412078
2127 531.75 303.0848522870991
2128 532 303.0852545213476
2129 532.25 303.0856584551794
2130 532.5 303.0860640689424
2131 532.75 303.0864716089729
2132 533 303.0868814540235
2133 533.25 303.0872932077268
2134 533.5 303.0877060593771
2135 533.75 303.0881206571906
2136 534 303.0885368656638
2137 534.25 303.0889542324211
2138 534.5 303.0893731291999
2139 534.75 303.0897930007537
2140 535 303.0902131889693
2141 535.25 303.0906343265037
2142 535.5 303.0910560221433
2143 535.75 303.0914778271445
2144 536 303.0919003940637
2145 536.25 303.0923231992813
2146 536.5 303.092746016856
2147 536.75 303.0931684913851
2148 537 303.0935912323071
2149 537.25 303.0940140656654
2150 537.5 303.0944367318759
2151 537.75 303.0948598990785
2152 538 303.0952833922961
2153 538.25 303.0957070499046
2154 538.5 303.0961302568851
2155 538.75 303.096553821566
2156 539 303.0969774338121
2157 539.25 303.0974009701707
2158 539.5 303.0978237734317
2159 539.75 303.0982462014774
2160 540 303.0986676111105
2161 540.25 303.0990873889183
2162 540.5 303.0995056234426
2163 540.75 303.0999218582826
2164 541 303.1003356573672
2165 541.25 303.1007469028743
2166 541.5 303.1011553286537
2167 541.75 303.1015609571829
2168 542 303.1019636857753
2169 542.25 303.1023637483464
2170 542.5 303.102761221922
2171 542.75 303.1031560923953
2172 543 303.1035482797109
2173 543.25 303.1039376894234
2174 543.5 303.1043242667776
2175 543.75 303.1047078779398
2176 544 303.1050887244783
2177 544.25 303.1054668767428
2178 544.5 303.1058423721098
2179 544.75 303.106215478316
2180 545 303.1065867771091
2181 545.25 303.1069564614754
2182 545.5 303.1073250390807
2183 545.75 303.107693016136
2184 546 303.1080606998863
2185 546.25 303.1084281910155
2186 546.5 303.1087955331869
2187 546.75 303.1091623554729
2188 547 303.1095285645827
2189 547.25 303.1098939913888
2190 547.5 303.1102585781814
2191 547.75 303.110622576844
2192 548 303.1109864103994
2193 548.25 303.1113505216388
2194 548.5 303.11171565353
2195 548.75 303.1120821560032
2196 549 303.1124506051955
2197 549.25 303.1128209559785
2198 549.5 303.1131929702328
2199 549.75 303.1135671715332
2200 550 303.1139432028194
2201 550.25 303.1143205447937
2202 550.5 303.1146984168578
2203 550.75 303.1150764314658
2204 551 303.1154538611158
2205 551.25 303.115830189621
2206 551.5 303.1162054657457
2207 551.75 303.1165789022102
2208 552 303.1169505415605
2209 552.25 303.117320842958
2210 552.5 303.1176894070488
2211 552.75 303.1180565148783
2212 553 303.1184223301908
2213 553.25 303.1187873914865
2214 553.5 303.1191513570287
2215 553.75 303.1195145410002
2216 554 303.1198772391645
2217 554.25 303.1202397441668
2218 554.5 303.1206022302061
2219 554.75 303.1209649481533
2220 555 303.1213281139829
2221 555.25 303.1216920017911
2222 555.5 303.1220567401422
2223 555.75 303.1224224673315
2224 556 303.1227893165604
2225 556.25 303.1231572952125
2226 556.5 303.1235266254565
2227 556.75 303.1238973125613
2228 557 303.1242693677822
2229 557.25 303.1246428366595
2230 557.5 303.1250178157199
2231 557.75 303.1253943605361
2232 558 303.1257726565514
2233 558.25 303.1261527420782
2234 558.5 303.1265346809787
2235 558.75 303.1269187390304
2236 559 303.1273044102882
2237 559.25 303.1276910563582
2238 559.5 303.1280794924736
2239 559.75 303.1284693870178
2240 560 303.1288599996373
2241 560.25 303.1292521275637
2242 560.5 303.1296454539394
2243 560.75 303.1300393708696
2244 561 303.1304344781451
2245 561.25 303.1308304125713
2246 561.5 303.1312267970283
2247 561.75 303.1316243861482
2248 562 303.1320228155433
2249 562.25 303.1324215589571
2250 562.5 303.1328213023983
2251 562.75 303.1332218468262
2252 563 303.1336231320613
2253 563.25 303.1340245915138
2254 563.5 303.1344265587531
2255 563.75 303.1348290788327
2256 564 303.1352320995582
2257 564.25 303.1356356291435
2258 564.5 303.1360394526485
2259 564.75 303.1364433730648
2260 565 303.1368471047568
2261 565.25 303.1372506700795
2262 565.5 303.1376538513203
2263 565.75 303.1380566763804
2264 566 303.1384589279997
2265 566.25 303.1388605425385
2266 566.5 303.1392612488438
2267 566.75 303.1396611485791
2268 567 303.1400600839011
2269 567.25 303.1404581405466
2270 567.5 303.1408552060558
2271 567.75 303.141251245517
2272 568 303.1416463735504
2273 568.25 303.1420408184511
2274 568.5 303.1424343885614
2275 568.75 303.1428272014233
2276 569 303.1432195040075
2277 569.25 303.1436114503983
2278 569.5 303.1440032358037
2279 569.75 303.144394989497
2280 570 303.144786624276
2281 570.25 303.1451783118589
2282 570.5 303.1455702132731
2283 570.75 303.1459626005489
2284 571 303.1463556201807
2285 571.25 303.1467490575558
2286 571.5 303.1471428839337
2287 571.75 303.1475369972999
2288 572 303.1479312733267
2289 572.25 303.1483259373678
2290 572.5 303.1487209811148
2291 572.75 303.1491162524892
2292 573 303.1495117061921
2293 573.25 303.14990729674
2294 573.5 303.1503028795407
2295 573.75 303.1506985406099
2296 574 303.1510943372223
2297 574.25 303.1514903369256
2298 574.5 303.1518866631086
2299 574.75 303.1522834697809
2300 575 303.1526808383343
2301 575.25 303.1530788447957
2302 575.5 303.1534775973239
2303 575.75 303.1538771061396
2304 576 303.1542774478995
2305 576.25 303.1546786126902
2306 576.5 303.1550806758985
2307 576.75 303.1554835620995
2308 577 303.1558874175626
2309 577.25 303.1562920619821
2310 577.5 303.1566977671882
2311 577.75 303.1571042581742
2312 578 303.1575110578352
2313 578.25 303.1579183514714
2314 578.5 303.1583258969578
2315 578.75 303.1587335069082
2316 579 303.159141431798
2317 579.25 303.1595494494059
2318 579.5 303.1599572598125
2319 579.75 303.1603650592398
2320 580 303.1607727466084
2321 580.25 303.1611802268567
2322 580.5 303.1615878352559
2323 580.75 303.1619954487782
2324 581 303.1624029952877
2325 581.25 303.1628104656987
2326 581.5 303.163217717606
2327 581.75 303.1636247006133
2328 582 303.1640312030036
2329 582.25 303.1644371116388
2330 582.5 303.1648424350988
2331 582.75 303.1652472102236
2332 583 303.1656514622471
2333 583.25 303.1660551846703
2334 583.5 303.1664583887126
2335 583.75 303.1668610903511
2336 584 303.1672632831787
2337 584.25 303.1676649229811
2338 584.5 303.1680659905547
2339 584.75 303.1684664870608
2340 585 303.1688663526725
2341 585.25 303.1692655892724
2342 585.5 303.1696641786936
2343 585.75 303.170062049219
2344 586 303.1704591630631
2345 586.25 303.1708554993656
2346 586.5 303.1712510528737
2347 586.75 303.1716458462155
2348 587 303.1720398696364
2349 587.25 303.1724331049253
2350 587.5 303.172825464656
2351 587.75 303.1732167358706
2352 588 303.1736068535002
2353 588.25 303.1739958720219
2354 588.5 303.1743839232716
2355 588.75 303.1747711663492
2356 589 303.1751576776089
2357 589.25 303.1755435169551
2358 589.5 303.1759286338907
2359 589.75 303.1763131262321
2360 590 303.1766971210003
2361 590.25 303.1770807456306
2362 590.5 303.177464125508
2363 590.75 303.1778475364944
2364 591 303.1782310789201
2365 591.25 303.1786148095499
2366 591.5 303.1789988748344
2367 591.75 303.1793834765485
2368 592 303.1797688247693
2369 592.25 303.1801549825112
2370 592.5 303.1805421659395
2371 592.75 303.1809304680773
2372 593 303.1813199238383
2373 593.25 303.1817106347234
2374 593.5 303.1821026785353
2375 593.75 303.1824961316295
2376 594 303.1828909808915
2377 594.25 303.1832872403378
2378 594.5 303.1836848901551
2379 594.75 303.184083808525
2380 595 303.1844838074626
2381 595.25 303.1848847442885
2382 595.5 303.1852864444703
2383 595.75 303.1856888964988
2384 596 303.1860919338836
2385 596.25 303.1864953840723
2386 596.5 303.1868991987409
2387 596.75 303.1873034612364
2388 597 303.1877082107051
2389 597.25 303.1881134820438
2390 597.5 303.1885192038686
2391 597.75 303.1889253382058
2392 598 303.1893318425507
2393 598.25 303.1897387422769
2394 598.5 303.1901462070534
2395 598.75 303.1905539518446
2396 599 303.1909622772026
2397 599.25 303.1913711089858
2398 599.5 303.1917803499011
2399 599.75 303.1921899755004
2400 600 303.1925999589885
2401 600.25 303.1930101649842
2402 600.5 303.1934207076542
2403 600.75 303.1938315175627
2404 601 303.194242556705
2405 601.25 303.1946538666612
2406 601.5 303.1950653508914
2407 601.75 303.1954769308024
2408 602 303.1958887748663
2409 602.25 303.1963007971497
2410 602.5 303.1967128380368
2411 602.75 303.1971249557608
2412 603 303.1975369754717
2413 603.25 303.1979488439388
2414 603.5 303.1983605904358
2415 603.75 303.198772133395
2416 604 303.1991834011146
2417 604.25 303.1995944667435
2418 604.5 303.2000053362322
2419 604.75 303.200416024308
2420 605 303.200826473506
2421 605.25 303.2012364997624
2422 605.5 303.201645934119
2423 605.75 303.2020546283951
2424 606 303.2024626253471
2425 606.25 303.2028700736628
2426 606.5 303.2032768980819
2427 606.75 303.2036832475214
2428 607 303.2040892539075
2429 607.25 303.2044950344695
2430 607.5 303.2049005878882
2431 607.75 303.2053059567435
2432 608 303.2057110022026
2433 608.25 303.2061156433973
2434 608.5 303.2065198379141
2435 608.75 303.2069236413448
2436 609 303.2073268171521
2437 609.25 303.2077294093277
2438 609.5 303.2081313568895
2439 609.75 303.2085327725936
2440 610 303.2089334841202
2441 610.25 303.2093336847054
2442 610.5 303.209733319136
2443 610.75 303.2101325130745
2444 611 303.2105311544173
2445 611.25 303.2109294215212
2446 611.5 303.2113272453464
2447 611.75 303.2117248850188
2448 612 303.212122486832
2449 612.25 303.2125200332479
2450 612.5 303.2129177358304
2451 612.75 303.213315746483
2452 613 303.2137140474042
2453 613.25 303.2141124312217
2454 613.5 303.2145106289495
2455 613.75 303.2149086781606
2456 614 303.2153066518686
2457 614.25 303.2157044744432
2458 614.5 303.2161022807891
2459 614.75 303.2165000215413
2460 615 303.2168975689934
2461 615.25 303.2172946656393
2462 615.5 303.2176911214847
2463 615.75 303.2180868408516
2464 616 303.2184818268713
2465 616.25 303.218876081302
2466 616.5 303.2192695414292
2467 616.75 303.2196622607047
2468 617 303.2200540927041
2469 617.25 303.2204449445744
2470 617.5 303.2208347244716
2471 617.75 303.2212234282446
2472 618 303.2216109171083
2473 618.25 303.221997179595
2474 618.5 303.2223822609224
2475 618.75 303.2227659967636
2476 619 303.2231483367408
2477 619.25 303.2235293736262
2478 619.5 303.2239088956832
2479 619.75 303.2242868187432
2480 620 303.2246632181692
2481 620.25 303.2250377754216
2482 620.5 303.2254104692569
2483 620.75 303.225781494411
2484 621 303.2261505513479
2485 621.25 303.2265176950804
2486 621.5 303.2268831682908
2487 621.75 303.2272466690363
2488 622 303.2276082301319
2489 622.25 303.2279681035943
2490 622.5 303.2283259457831
2491 622.75 303.2286818519125
2492 623 303.229036152559
2493 623.25 303.2293885200567
2494 623.5 303.2297391227285
2495 623.75 303.2300880027241
2496 624 303.2304352223415
2497 624.25 303.2307807900738
2498 624.5 303.2311247190781
2499 624.75 303.2314671330041
2500 625 303.2318081021215
2501 625.25 303.2321476931078
2502 625.5 303.232486051934
2503 625.75 303.2328232501977
2504 626 303.2331593508536
2505 626.25 303.2334945244997
2506 626.5 303.2338288979967
2507 626.75 303.2341623600702
2508 627 303.2344948975498
2509 627.25 303.2348265670576
2510 627.5 303.235157416923
2511 627.75 303.2354875407105
2512 628 303.2358169947395
2513 628.25 303.2361459140129
2514 628.5 303.2364744106024
2515 628.75 303.2368026321535
2516 629 303.2371306965205
2517 629.25 303.2374587399426
2518 629.5 303.2377868451923
2519 629.75 303.2381151838219
2520 630 303.2384437952043
2521 630.25 303.2387728286715
2522 630.5 303.2391025347929
2523 630.75 303.2394328592983
2524 631 303.2397635726775
2525 631.25 303.2400948583428
2526 631.5 303.2404267627105
2527 631.75 303.2407595632193
2528 632 303.2410933580481
2529 632.25 303.2414279530345
2530 632.5 303.2417637215205
2531 632.75 303.2421004238083
2532 633 303.2424376126606
2533 633.25 303.2427756878539
2534 633.5 303.24311449138
2535 633.75 303.2434536607352
2536 634 303.2437934584473
2537 634.25 303.2441335684994
2538 634.5 303.2444736388031
2539 634.75 303.2448139387246
2540 635 303.2451541857583
2541 635.25 303.245493955839
2542 635.5 303.2458335808725
2543 635.75 303.2461729619801
2544 636 303.2465119160597
2545 636.25 303.2468507365901
2546 636.5 303.247189230962
2547 636.75 303.2475272347469
2548 637 303.2478650378659
2549 637.25 303.2482024827489
2550 637.5 303.2485395746169
2551 637.75 303.2488763777456
2552 638 303.2492128338184
2553 638.25 303.2495489120483
2554 638.5 303.2498845184336
2555 638.75 303.2502196427719
2556 639 303.2505542258863
2557 639.25 303.2508882858625
2558 639.5 303.2512219373394
2559 639.75 303.2515552836669
2560 640 303.2518881670286
2561 640.25 303.2522204481185
2562 640.5 303.2525520926424
2563 640.75 303.2528831650245
2564 641 303.2532136606714
2565 641.25 303.2535435274177
2566 641.5 303.2538728570511
2567 641.75 303.2542015981284
2568 642 303.2545297673313
2569 642.25 303.2548573299749
2570 642.5 303.2551842456662
2571 642.75 303.255510487845
2572 643 303.2558361079116
2573 643.25 303.2561611839798
2574 643.5 303.2564857020089
2575 643.75 303.2568098177798
2576 644 303.2571336311665
2577 644.25 303.2574568821116
2578 644.5 303.2577794928553
2579 644.75 303.2581015229087
2580 645 303.2584228929363
2581 645.25 303.2587435620241
2582 645.5 303.2590633240297
2583 645.75 303.2593824012154
2584 646 303.2597010860557
2585 646.25 303.2600191963811
2586 646.5 303.2603367899604
2587 646.75 303.2606540855194
2588 647 303.2609710267433
2589 647.25 303.261287529474
2590 647.5 303.2616035011887
2591 647.75 303.2619186727358
2592 648 303.2622331141585
2593 648.25 303.2625470667483
2594 648.5 303.262860410871
2595 648.75 303.2631732068543
2596 649 303.2634854951675
2597 649.25 303.2637971346565
2598 649.5 303.2641083194758
2599 649.75 303.2644190954388
2600 650 303.2647293678303
2601 650.25 303.2650391303005
2602 650.5 303.2653484562355
2603 650.75 303.2656573786172
2604 651 303.2659659921313
2605 651.25 303.266274305302
2606 651.5 303.2665824683313
2607 651.75 303.2668906080411
2608 652 303.2671987441927
2609 652.25 303.2675067172581
2610 652.5 303.267814770782
2611 652.75 303.2681228442806
2612 653 303.2684308148934
2613 653.25 303.2687389822802
2614 653.5 303.2690474091285
2615 653.75 303.2693561571339
2616 654 303.2696652794362
2617 654.25 303.2699744364177
2618 654.5 303.2702833568497
2619 654.75 303.2705918576233
2620 655 303.2709000602705
2621 655.25 303.2712078507668
2622 655.5 303.2715151341547
2623 655.75 303.2718221522268
2624 656 303.2721289225784
2625 656.25 303.2724353934703
2626 656.5 303.2727417095438
2627 656.75 303.2730480661143
2628 657 303.2733543062993
2629 657.25 303.273660752734
2630 657.5 303.2739675822824
2631 657.75 303.2742749622028
2632 658 303.2745829823939
2633 658.25 303.274891759323
2634 658.5 303.2752012822917
2635 658.75 303.2755117213685
2636 659 303.2758230493625
2637 659.25 303.2761355605502
2638 659.5 303.276449230538
2639 659.75 303.2767641502702
2640 660 303.2770801877427
2641 660.25 303.2773974087571
2642 660.5 303.2777158006682
2643 660.75 303.2780354794505
2644 661 303.2783563504301
2645 661.25 303.2786783695063
2646 661.5 303.2790014642169
2647 661.75 303.2793257383694
2648 662 303.2796506096002
2649 662.25 303.2799761453029
2650 662.5 303.2803020862231
2651 662.75 303.2806281159746
2652 663 303.2809544789238
2653 663.25 303.2812810203436
2654 663.5 303.2816073926658
2655 663.75 303.2819333912458
2656 664 303.2822588471937
2657 664.25 303.2825834384596
2658 664.5 303.2829070136088
2659 664.75 303.2832292665433
2660 665 303.2835500484903
2661 665.25 303.2838691463596
2662 665.5 303.2841864137215
2663 665.75 303.2845018179495
2664 666 303.2848155529054
2665 666.25 303.2851275603107
2666 666.5 303.2854379690752
2667 666.75 303.285746750879
2668 667 303.2860542472427
2669 667.25 303.2863604389185
2670 667.5 303.2866653957168
2671 667.75 303.2869690514174
2672 668 303.2872715149589
2673 668.25 303.2875725283483
2674 668.5 303.2878718376369
2675 668.75 303.2881694309929
2676 669 303.2884645922842
2677 669.25 303.2887572355518
2678 669.5 303.2890475538723
2679 669.75 303.2893353520004
2680 670 303.289620444272
2681 670.25 303.2899029987742
2682 670.5 303.2901831567134
2683 670.75 303.2904610853088
2684 671 303.2907366618981
2685 671.25 303.2910097071448
2686 671.5 303.2912807376643
2687 671.75 303.2915504525126
2688 672 303.2918187798559
2689 672.25 303.2920862299146
2690 672.5 303.2923531157325
2691 672.75 303.2926200667607
2692 673 303.2928873736385
2693 673.25 303.2931549006507
2694 673.5 303.2934229266343
2695 673.75 303.2936913359692
2696 674 303.2939597089326
2697 674.25 303.2942284476059
2698 674.5 303.2944977566409
2699 674.75 303.2947678115423
2700 675 303.2950390340602
2701 675.25 303.2953106306213
2702 675.5 303.295581733723
2703 675.75 303.2958527439104
2704 676 303.2961233350412
2705 676.25 303.2963933570834
2706 676.5 303.2966634159561
2707 676.75 303.2969336784145
2708 677 303.297204130145
2709 677.25 303.2974758267454
2710 677.5 303.2977488049836
2711 677.75 303.2980229724737
2712 678 303.2982990695071
2713 678.25 303.2985769812189
2714 678.5 303.2988563431412
2715 678.75 303.2991376340594
2716 679 303.2994206828241
2717 679.25 303.2997053312446
2718 679.5 303.2999919727352
2719 679.75 303.3002805684209
2720 680 303.3005711705915
2721 680.25 303.3008635414172
2722 680.5 303.3011580559912
2723 680.75 303.3014547357354
2724 681 303.3017535028967
2725 681.25 303.3020546412491
2726 681.5 303.3023582595212
2727 681.75 303.3026644371599
2728 682 303.3029728752873
2729 682.25 303.303283776126
2730 682.5 303.3035971130092
2731 682.75 303.3039126119209
2732 683 303.3042304587475
2733 683.25 303.3045504142997
2734 683.5 303.3048723946018
2735 683.75 303.3051959168893
2736 684 303.3055216450723
2737 684.25 303.3058493210378
2738 684.5 303.3061787635733
2739 684.75 303.3065092971657
2740 685 303.3068412565953
2741 685.25 303.3071740933215
2742 685.5 303.3075073070367
2743 685.75 303.3078414319345
2744 686 303.3081761289867
2745 686.25 303.3085112117469
2746 686.5 303.3088460871069
2747 686.75 303.309181043844
2748 687 303.3095158531642
2749 687.25 303.3098501243861
2750 687.5 303.3101836541827
2751 687.75 303.3105162288579
2752 688 303.3108477728771
2753 688.25 303.3111783547183
2754 688.5 303.3115080247795
2755 688.75 303.3118368511912
2756 689 303.312164704757
2757 689.25 303.3124916636089
2758 689.5 303.3128176749125
2759 689.75 303.3131428090834
2760 690 303.3134667324288
2761 690.25 303.3137892523112
2762 690.5 303.3141103865032
2763 690.75 303.3144300382705
2764 691 303.3147482051528
2765 691.25 303.3150649725044
2766 691.5 303.3153802534073
2767 691.75 303.3156941055931
2768 692 303.3160064993613
2769 692.25 303.3163174370363
2770 692.5 303.3166270788723
2771 692.75 303.3169354404155
2772 693 303.3172425066685
2773 693.25 303.317548474846
2774 693.5 303.3178531461212
2775 693.75 303.3181564553425
2776 694 303.3184584660257
2777 694.25 303.3187588876705
2778 694.5 303.319057764367
2779 694.75 303.3193551220596
2780 695 303.3196513077043
2781 695.25 303.3199459218526
2782 695.5 303.320238611964
2783 695.75 303.3205295970457
2784 696 303.3208194072369
2785 696.25 303.3211072519314
2786 696.5 303.321393387226
2787 696.75 303.321678056028
2788 697 303.3219613807262
2789 697.25 303.3222435498416
2790 697.5 303.3225250718806
2791 697.75 303.3228058976142
2792 698 303.3230861329584
2793 698.25 303.3233660795501
2794 698.5 303.3236459507306
2795 698.75 303.3239260531607
2796 699 303.3242066105537
2797 699.25 303.3244878606067
2798 699.5 303.324769909415
2799 699.75 303.3250529708146
2800 700 303.3253372057771
2801 700.25 303.3256229460648
2802 700.5 303.325910076393
2803 700.75 303.3261982631204
2804 701 303.3264880298929
2805 701.25 303.3267793030045
2806 701.5 303.3270718023605
2807 701.75 303.327365600746
2808 702 303.3276605030701
2809 702.25 303.3279564869148
2810 702.5 303.3282538857271
2811 702.75 303.3285522979185
2812 703 303.3288510793163
2813 703.25 303.3291507274977
2814 703.5 303.329451013755
2815 703.75 303.3297515839141
2816 704 303.3300526071592
2817 704.25 303.3303541650201
2818 704.5 303.3306560467983
2819 704.75 303.3309583602226
2820 705 303.3312607175462
2821 705.25 303.3315627450504
2822 705.5 303.3318647760173
2823 705.75 303.3321664180212
2824 706 303.3324671827172
2825 706.25 303.3327670825617
2826 706.5 303.3330657662869
2827 706.75 303.3333628866063
2828 707 303.333658000102
2829 707.25 303.3339508829422
2830 707.5 303.3342413943914
2831 707.75 303.3345293518726
2832 708 303.3348148304984
2833 708.25 303.3350974571105
2834 708.5 303.3353771464486
2835 708.75 303.3356543831345
2836 709 303.3359290195529
2837 709.25 303.3362012798224
2838 709.5 303.336471499214
2839 709.75 303.336739513677
2840 710 303.3370055979166
2841 710.25 303.337270208448
2842 710.5 303.3375333714756
2843 710.75 303.3377952794185
2844 711 303.338056128717
2845 711.25 303.3383157024859
2846 711.5 303.3385741379736
2847 711.75 303.3388316374144
2848 712 303.3390877689313
2849 712.25 303.3393423204082
2850 712.5 303.3395952231703
2851 712.75 303.3398467233964
2852 713 303.3400964345754
2853 713.25 303.3403446116466
2854 713.5 303.3405917107455
2855 713.75 303.3408374934313
2856 714 303.3410820193263
2857 714.25 303.3413255676191
2858 714.5 303.3415678300672
2859 714.75 303.3418090536694
2860 715 303.3420497126581
2861 715.25 303.3422897920561
2862 715.5 303.3425295961767
2863 715.75 303.3427693251517
2864 716 303.3430091848894
2865 716.25 303.3432492613559
2866 716.5 303.3434896911501
2867 716.75 303.3437304901434
2868 717 303.3439718083218
2869 717.25 303.3442135642459
2870 717.5 303.3444554643967
2871 717.75 303.3446972524462
2872 718 303.3449388908028
2873 718.25 303.3451804202037
2874 718.5 303.3454218198302
2875 718.75 303.3456632490212
2876 719 303.3459047275177
2877 719.25 303.3461461726367
2878 719.5 303.3463874247385
2879 719.75 303.3466283269008
2880 720 303.3468687304277
2881 720.25 303.3471087018903
2882 720.5 303.3473482423687
2883 720.75 303.3475875420034
2884 721 303.3478265724644
2885 721.25 303.3480652294755
2886 721.5 303.348303628075
2887 721.75 303.3485419540109
2888 722 303.3487804492279
2889 722.25 303.3490191016205
2890 722.5 303.3492579427904
2891 722.75 303.349496904342
2892 723 303.3497361015981
2893 723.25 303.3499756356194
2894 723.5 303.3502158318211
2895 723.75 303.3504568699669
2896 724 303.3506989618029
2897 724.25 303.3509419955928
2898 724.5 303.3511866206156
2899 724.75 303.3514329369808
2900 725 303.3516809220859
2901 725.25 303.3519300847774
2902 725.5 303.3521810035417
2903 725.75 303.3524336215475
2904 726 303.3526880474537
2905 726.25 303.3529439859469
2906 726.5 303.3532020523987
2907 726.75 303.3534618785399
2908 727 303.3537232514345
2909 727.25 303.3539856700887
2910 727.5 303.3542495792795
2911 727.75 303.3545146959522
2912 728 303.3547809216587
2913 728.25 303.3550479288548
2914 728.5 303.3553161071158
2915 728.75 303.3555852518671
2916 729 303.3558550717885
2917 729.25 303.3561259665034
2918 729.5 303.3563978969433
2919 729.75 303.3566708582741
2920 730 303.3569444057093
2921 730.25 303.3572186590809
2922 730.5 303.357493531516
2923 730.75 303.3577688991686
2924 731 303.3580446739595
2925 731.25 303.3583207231524
2926 731.5 303.3585969946461
2927 731.75 303.3588732025461
2928 732 303.3591490470183
2929 732.25 303.3594242742474
2930 732.5 303.3596988012551
2931 732.75 303.3599724452435
2932 733 303.3602451330054
2933 733.25 303.3605167679028
2934 733.5 303.3607873789333
2935 733.75 303.3610569874886
2936 734 303.3613256297468
2937 734.25 303.3615930555177
2938 734.5 303.3618591608951
2939 734.75 303.3621238172363
2940 735 303.3623870828239
2941 735.25 303.3626488681772
2942 735.5 303.3629092216996
2943 735.75 303.3631683113634
2944 736 303.3634258472592
2945 736.25 303.3636817644657
2946 736.5 303.3639362680063
2947 736.75 303.3641893444028
2948 737 303.3644411787429
2949 737.25 303.3646919192659
2950 737.5 303.3649413002514
2951 737.75 303.3651893135852
2952 738 303.3654362663297
2953 738.25 303.3656818759396
2954 738.5 303.365926196448
2955 738.75 303.3661694518012
2956 739 303.3664116651017
2957 739.25 303.3666530418326
2958 739.5 303.3668936389692
2959 739.75 303.367133474471
2960 740 303.3673725753189
2961 740.25 303.3676109258161
2962 740.5 303.3678484894971
2963 740.75 303.3680852338439
2964 741 303.3683210375008
2965 741.25 303.3685558901297
2966 741.5 303.3687895314928
2967 741.75 303.3690219516232
2968 742 303.3692530340367
2969 742.25 303.369482786192
2970 742.5 303.3697106341041
2971 742.75 303.3699365657947
2972 743 303.3701608291501
2973 743.25 303.3703828589358
2974 743.5 303.3706029369732
2975 743.75 303.3708211932052
2976 744 303.3710380533439
2977 744.25 303.3712535176076
2978 744.5 303.3714677307748
2979 744.75 303.3716810827088
2980 745 303.3718938719381
2981 745.25 303.3721065412857
2982 745.5 303.372319220616
2983 745.75 303.3725323397298
2984 746 303.3727460823776
2985 746.25 303.372960767338
2986 746.5 303.3731767121881
2987 746.75 303.37339418234
2988 747 303.373613279447
2989 747.25 303.3738345314011
2990 747.5 303.3740581116369
2991 747.75 303.3742840726324
2992 748 303.3745121365312
2993 748.25 303.3747428762771
2994 748.5 303.3749762240251
2995 748.75 303.3752117866584
2996 749 303.3754502874086
2997 749.25 303.3756916274087
2998 749.5 303.3759356997035
2999 749.75 303.3761819870186
3000 750 303.3764310560867
3001 750.25 303.3766826860513
3002 750.5 303.3769368461971
3003 750.75 303.3771929326314
3004 751 303.3774516520206
3005 751.25 303.3777126198737
3006 751.5 303.3779756800374
3007 751.75 303.378240216144
3008 752 303.3785066989952
3009 752.25 303.3787746846961
3010 752.5 303.3790439287324
3011 752.75 303.3793139592573
3012 753 303.3795852332901
3013 753.25 303.379857309453
3014 753.5 303.3801296564077
3015 753.75 303.3804026733611
3016 754 303.3806760177505
3017 754.25 303.3809495800353
3018 754.5 303.3812229834535
3019 754.75 303.3814967953343
3020 755 303.3817707767224
3021 755.25 303.3820448381823
3022 755.5 303.3823184744003
3023 755.75 303.3825920533118
3024 756 303.3828651677732
3025 756.25 303.3831376854269
3026 756.5 303.3834092994959
3027 756.75 303.3836801520965
3028 757 303.3839499322338
3029 757.25 303.3842185068659
3030 757.5 303.3844856309915
3031 757.75 303.384751110755
3032 758 303.3850145743066
3033 758.25 303.3852758171237
3034 758.5 303.3855348757289
3035 758.75 303.3857915107507
3036 759 303.3860455873215
3037 759.25 303.3862970313118
3038 759.5 303.3865461786721
3039 759.75 303.386792592065
3040 760 303.387036449675
3041 760.25 303.3872778230037
3042 760.5 303.3875171029272
3043 760.75 303.3877537381742
3044 761 303.3879878500529
3045 761.25 303.3882194095413
3046 761.5 303.388448490751
3047 761.75 303.3886757404812
3048 762 303.3889008149814
3049 762.25 303.3891241688272
3050 762.5 303.3893461717543
3051 762.75 303.3895674875573
3052 763 303.3897880225277
3053 763.25 303.3900082926737
3054 763.5 303.3902286479837
3055 763.75 303.3904494304237
3056 764 303.3906708250929
3057 764.25 303.3908929565773
3058 764.5 303.3911157786084
3059 764.75 303.3913393099202
3060 765 303.3915635157301
3061 765.25 303.3917883691356
3062 765.5 303.3920137118436
3063 765.75 303.3922392726392
3064 766 303.3924650981104
3065 766.25 303.3926910635136
3066 766.5 303.3929170768112
3067 766.75 303.3931430766476
3068 767 303.3933693092125
3069 767.25 303.3935959750856
3070 767.5 303.3938233647189
3071 767.75 303.3940514700809
3072 768 303.3942806350568
3073 768.25 303.3945109149661
3074 768.5 303.3947424009602
3075 768.75 303.3949747783419
3076 769 303.3952087441684
3077 769.25 303.3954443256853
3078 769.5 303.395681647903
3079 769.75 303.395920245751
3080 770 303.3961606805851
3081 770.25 303.3964026456444
3082 770.5 303.3966460405907
3083 770.75 303.3968904319406
3084 771 303.3971363711394
3085 771.25 303.3973834035385
3086 771.5 303.3976312226412
3087 771.75 303.3978792272434
3088 772 303.3981279933635
3089 772.25 303.3983772432074
3090 772.5 303.3986269584915
3091 772.75 303.3988768563849
3092 773 303.3991275072981
3093 773.25 303.3993786630059
3094 773.5 303.3996302199275
3095 773.75 303.3998818527724
3096 774 303.4001338156024
3097 774.25 303.4003857931573
3098 774.5 303.4006376343602
3099 774.75 303.4008890337212
3100 775 303.4011401353728
3101 775.25 303.4013905708482
3102 775.5 303.4016400384438
3103 775.75 303.4018885196783
3104 776 303.4021357452363
3105 776.25 303.4023816408389
3106 776.5 303.4026262212143
3107 776.75 303.4028694780599
3108 777 303.4031113066042
3109 777.25 303.403351701465
3110 777.5 303.4035907045129
3111 777.75 303.4038283095769
3112 778 303.4040645125768
3113 778.25 303.4042992991782
3114 778.5 303.4045325845982
3115 778.75 303.4047642951323
3116 779 303.4049944861324
3117 779.25 303.4052232931836
3118 779.5 303.4054509197938
3119 779.75 303.4056774797945
3120 780 303.4059030915028
3121 780.25 303.40612768456
3122 780.5 303.4063512546877
3123 780.75 303.4065736852392
3124 781 303.4067950254502
3125 781.25 303.407015165901
3126 781.5 303.4072340826583
3127 781.75 303.4074515024693
3128 782 303.4076671301829
3129 782.25 303.4078810257232
3130 782.5 303.4080934905291
3131 782.75 303.4083039826248
3132 783 303.4085126234166
3133 783.25 303.4087197239467
3134 783.5 303.4089249245557
3135 783.75 303.4091284576504
3136 784 303.4093306610968
3137 784.25 303.4095312410495
3138 784.5 303.4097305754324
3139 784.75 303.409929035116
3140 785 303.4101268239311
3141 785.25 303.4103242722965
3142 785.5 303.4105216013951
3143 785.75 303.4107190344745
3144 786 303.4109168267448
3145 786.25 303.4111152834838
3146 786.5 303.4113144715159
3147 786.75 303.4115147205933
3148 787 303.4117164282834
3149 787.25 303.4119197034158
3150 787.5 303.4121246690838
3151 787.75 303.4123309390324
3152 788 303.412539048993
3153 788.25 303.4127488770332
3154 788.5 303.4129600347314
3155 788.75 303.4131731433098
3156 789 303.4133880858078
3157 789.25 303.4136044462371
3158 789.5 303.413822914161
3159 789.75 303.4140433861047
3160 790 303.414265486334
3161 790.25 303.4144896322076
3162 790.5 303.4147152991353
3163 790.75 303.4149422917847
3164 791 303.4151702295316
3165 791.25 303.4153999107317
3166 791.5 303.4156311311994
3167 791.75 303.4158634404064
3168 792 303.4160973228999
3169 792.25 303.4163323659482
3170 792.5 303.4165684412661
3171 792.75 303.416805214608
3172 793 303.4170432746961
3173 793.25 303.4172823036114
3174 793.5 303.4175218650416
3175 793.75 303.4177621443717
3176 794 303.418002766597
3177 794.25 303.4182436475501
3178 794.5 303.4184846935034
3179 794.75 303.4187260323461
3180 795 303.4189674595111
3181 795.25 303.4192088571162
3182 795.5 303.4194502261732
3183 795.75 303.4196915503862
3184 796 303.4199328535116
3185 796.25 303.4201741903328
3186 796.5 303.4204153952165
3187 796.75 303.4206562883803
3188 797 303.4208968562708
3189 797.25 303.4211369657021
3190 797.5 303.4213765006583
3191 797.75 303.4216155202569
3192 798 303.4218540728542
3193 798.25 303.4220921393089
3194 798.5 303.4223297763417
3195 798.75 303.4225669259823
3196 799 303.4228034819555
3197 799.25 303.4230394580563
3198 799.5 303.4232748790692
3199 799.75 303.4235097300777
3200 800 303.4237439993723
3201 800.25 303.4239777385198
3202 800.5 303.4242108409101
3203 800.75 303.4244433351718
3204 801 303.4246751351309
3205 801.25 303.4249061663211
3206 801.5 303.4251364618006
3207 801.75 303.4253661472636
3208 802 303.4255950226728
3209 802.25 303.4258230377672
3210 802.5 303.4260502640959
3211 802.75 303.4262765812182
3212 803 303.4265020686457
3213 803.25 303.426726875422
3214 803.5 303.426950939091
3215 803.75 303.4271742840259
3216 804 303.4273969411497
3217 804.25 303.4276189377944
3218 804.5 303.427840367889
3219 804.75 303.4280614442687
3220 805 303.4282822497064
3221 805.25 303.4285029529821
3222 805.5 303.4287236483271
3223 805.75 303.4289445727088
3224 806 303.4291659265506
3225 806.25 303.4293878785624
3226 806.5 303.4296105562628
3227 806.75 303.4298341233351
3228 807 303.4300589130228
3229 807.25 303.430285098287
3230 807.5 303.4305125817192
3231 807.75 303.4307417049753
3232 808 303.4309724328334
3233 808.25 303.4312047740493
3234 808.5 303.4314382995296
3235 808.75 303.4316729147487
3236 809 303.4319087668511
3237 809.25 303.4321457713519
3238 809.5 303.4323836260766
3239 809.75 303.4326226557394
3240 810 303.4328627259421
3241 810.25 303.4331036049176
3242 810.5 303.4333454282814
3243 810.75 303.4335879741586
3244 811 303.4338311469391
3245 811.25 303.4340747776184
3246 811.5 303.4343190217589
3247 811.75 303.4345639749181
3248 812 303.4348095173175
3249 812.25 303.4350553809423
3250 812.5 303.4353017130246
3251 812.75 303.4355483723634
3252 813 303.4357952528722
3253 813.25 303.4360422120841
3254 813.5 303.4362893064678
3255 813.75 303.4365364496717
3256 814 303.4367835421139
3257 814.25 303.4370304929222
3258 814.5 303.4372774355882
3259 814.75 303.4375244015999
3260 815 303.4377713324751
3261 815.25 303.4380180562279
3262 815.5 303.4382646527439
3263 815.75 303.4385110813771
3264 816 303.4387571388305
3265 816.25 303.4390027042012
3266 816.5 303.4392477630129
3267 816.75 303.4394924630345
3268 817 303.4397366916078
3269 817.25 303.4399804861958
3270 817.5 303.4402238712873
3271 817.75 303.4404669440638
3272 818 303.4407093371915
3273 818.25 303.4409509414469
3274 818.5 303.4411918813902
3275 818.75 303.4414319711973
3276 819 303.4416712745219
3277 819.25 303.441909683254
3278 819.5 303.4421472420185
3279 819.75 303.4423836001413
3280 820 303.4426189705033
3281 820.25 303.4428537938369
3282 820.5 303.4430877598946
3283 820.75 303.4433209737832
3284 821 303.443553481964
3285 821.25 303.4437855153398
3286 821.5 303.4440168544386
3287 821.75 303.4442476812509
3288 822 303.444478132192
3289 822.25 303.4447079443136
3290 822.5 303.4449371798777
3291 822.75 303.4451659250752
3292 823 303.445394359172
3293 823.25 303.4456223653838
3294 823.5 303.445849905519
3295 823.75 303.4460769262529
3296 824 303.4463032429419
3297 824.25 303.4465289258094
3298 824.5 303.4467540588187
3299 824.75 303.4469786542596
3300 825 303.4472026493966
3301 825.25 303.447426060823
3302 825.5 303.4476488672304
3303 825.75 303.4478710881311
3304 826 303.4480926270339
3305 826.25 303.4483133765783
3306 826.5 303.4485331847827
3307 826.75 303.448751998997
3308 827 303.4489697644422
3309 827.25 303.4491864222397
3310 827.5 303.4494019037726
3311 827.75 303.4496160496869
3312 828 303.4498287922039
3313 828.25 303.4500401751266
3314 828.5 303.4502499944405
3315 828.75 303.4504581371294
3316 829 303.4506646958496
3317 829.25 303.4508692990873
3318 829.5 303.4510718698616
3319 829.75 303.4512725592666
3320 830 303.4514709709724
3321 830.25 303.4516670998155
3322 830.5 303.4518612558941
3323 830.75 303.4520528188136
3324 831 303.4522418302945
3325 831.25 303.4524286943056
3326 831.5 303.452612936792
3327 831.75 303.4527948032771
3328 832 303.4529747898937
3329 832.25 303.4531524291892
3330 832.5 303.4533279483147
3331 832.75 303.4535017754524
3332 833 303.4536734062442
3333 833.25 303.4538430110661
3334 833.5 303.4540110316725
3335 833.75 303.4541770448484
3336 834 303.4543413085387
3337 834.25 303.4545038878508
3338 834.5 303.454665138808
3339 834.75 303.4548249556024
3340 835 303.4549832033822
3341 835.25 303.4551401462934
3342 835.5 303.4552960914044
3343 835.75 303.4554509082267
3344 836 303.4556049199394
3345 836.25 303.455758231375
3346 836.5 303.4559108622986
3347 836.75 303.4560628147098
3348 837 303.4562141132713
3349 837.25 303.4563648600993
3350 837.5 303.4565152183514
3351 837.75 303.4566653887435
3352 838 303.4568155855395
3353 838.25 303.4569660337409
3354 838.5 303.457116841435
3355 838.75 303.457268398159
3356 839 303.457420766316
3357 839.25 303.457573817468
3358 839.5 303.4577281140763
3359 839.75 303.4578834078429
3360 840 303.4580390841668
3361 840.25 303.4581954829458
3362 840.5 303.4583524050806
3363 840.75 303.4585099258393
3364 841 303.4586679069542
3365 841.25 303.4588270586939
3366 841.5 303.4589873518446
3367 841.75 303.4591483481223
3368 842 303.4593107391777
3369 842.25 303.459474144379
3370 842.5 303.4596386039827
3371 842.75 303.4598036106622
3372 843 303.4599701303847
3373 843.25 303.4601377953251
3374 843.5 303.4603058957617
3375 843.75 303.4604751537923
3376 844 303.4606448969452
3377 844.25 303.4608143417889
3378 844.5 303.4609842842856
3379 844.75 303.4611544873086
3380 845 303.4613248566852
3381 845.25 303.4614949055236
3382 845.5 303.4616653120598
3383 845.75 303.4618357549265
3384 846 303.4620061869845
3385 846.25 303.4621761259239
3386 846.5 303.4623461270207
3387 846.75 303.462515827341
3388 847 303.462684856796
3389 847.25 303.4628537511551
3390 847.5 303.4630223146518
3391 847.75 303.4631905551558
3392 848 303.4633582506617
3393 848.25 303.4635258931496
3394 848.5 303.463693288347
3395 848.75 303.4638602046879
3396 849 303.4640269575399
3397 849.25 303.4641933854454
3398 849.5 303.4643595050683
3399 849.75 303.4645251932634
3400 850 303.4646907937428
3401 850.25 303.4648562586173
3402 850.5 303.4650215094695
3403 850.75 303.4651863098669
3404 851 303.4653509259283
3405 851.25 303.4655153490495
3406 851.5 303.465679649288
3407 851.75 303.4658437429103
3408 852 303.4660077534753
3409 852.25 303.4661716680733
3410 852.5 303.4663356125748
3411 852.75 303.4664996723712
3412 853 303.4666639613845
3413 853.25 303.4668286634129
3414 853.5 303.4669936201316
3415 853.75 303.4671588231681
3416 854 303.4673241051597
3417 854.25 303.4674894649119
3418 854.5 303.4676549105864
3419 854.75 303.4678204548586
3420 855 303.4679860955431
3421 855.25 303.4681518513735
3422 855.5 303.4683177693307
3423 855.75 303.4684837424061
3424 856 303.468649737258
3425 856.25 303.4688157763887
3426 856.5 303.468981695275
3427 856.75 303.469147424183
3428 857 303.4693129002391
3429 857.25 303.4694781384889
3430 857.5 303.469643115616
3431 857.75 303.4698079437014
3432 858 303.4699727496248
3433 858.25 303.4701377404731
3434 858.5 303.4703029078048
3435 858.75 303.4704683787633
3436 859 303.4706342180944
3437 859.25 303.4708004504391
3438 859.5 303.4709669220161
3439 859.75 303.4711336737529
3440 860 303.4713007509567
3441 860.25 303.4714682823841
3442 860.5 303.4716362745975
3443 860.75 303.4718049346496
3444 861 303.4719743716608
3445 861.25 303.4721445302272
3446 861.5 303.4723154448462
3447 861.75 303.4724871018389
3448 862 303.4726596210141
3449 862.25 303.4728330644318
3450 862.5 303.473007778558
3451 862.75 303.4731838294437
3452 863 303.4733612249356
3453 863.25 303.4735398517404
3454 863.5 303.4737200843808
3455 863.75 303.4739019776083
3456 864 303.4740850154983
3457 864.25 303.474269410649
3458 864.5 303.4744549306932
3459 864.75 303.4746415715907
3460 865 303.474829121788
3461 865.25 303.4750176544413
3462 865.5 303.475206935037
3463 865.75 303.4753968178195
3464 866 303.4755869828912
3465 866.25 303.4757774583472
3466 866.5 303.4759680146205
3467 866.75 303.476158525196
3468 867 303.4763488272473
3469 867.25 303.4765389754887
3470 867.5 303.4767288525279
3471 867.75 303.4769183206204
3472 868 303.4771072771778
3473 868.25 303.477295576229
3474 868.5 303.4774832382446
3475 868.75 303.4776704105564
3476 869 303.4778570296684
3477 869.25 303.4780431018362
3478 869.5 303.4782285926042
3479 869.75 303.4784135082325
3480 870 303.4785978688522
3481 870.25 303.4787817068121
3482 870.5 303.4789650096791
3483 870.75 303.4791478637443
3484 871 303.4793303925535
3485 871.25 303.4795128131632
3486 871.5 303.4796952418138
3487 871.75 303.4798775834277
3488 872 303.4800596991221
3489 872.25 303.4802416241382
3490 872.5 303.4804234333931
3491 872.75 303.4806051402543
3492 873 303.4807867550214
3493 873.25 303.4809683209809
3494 873.5 303.4811498249162
3495 873.75 303.4813312516246
3496 874 303.4815126860838
3497 874.25 303.481694074895
3498 874.5 303.4818754449493
3499 874.75 303.4820568771315
3500 875 303.4822384095391
3501 875.25 303.482420219668
3502 875.5 303.4826024175505
3503 875.75 303.482784923218
3504 876 303.4829676128794
3505 876.25 303.483150399099
3506 876.5 303.4833332414065
3507 876.75 303.4835162054783
3508 877 303.4836992924092
3509 877.25 303.4838824904809
3510 877.5 303.4840657877643
3511 877.75 303.484249207766
3512 878 303.4844326954383
3513 878.25 303.4846161807641
3514 878.5 303.4847996134637
3515 878.75 303.4849829484881
3516 879 303.4851661192657
3517 879.25 303.4853491090074
3518 879.5 303.485531890154
3519 879.75 303.4857144733268
3520 880 303.4858967361756
3521 880.25 303.4860785444811
3522 880.5 303.4862597987118
3523 880.75 303.4864404550815
3524 881 303.4866204130659
3525 881.25 303.4867995920472
3526 881.5 303.4869779264108
3527 881.75 303.4871552438752
3528 882 303.4873315540411
3529 882.25 303.4875067946882
3530 882.5 303.4876810180878
3531 882.75 303.4878541154943
3532 883 303.4880258770552
3533 883.25 303.4881963897325
3534 883.5 303.4883658017629
3535 883.75 303.4885338166031
3536 884 303.4887005446658
3537 884.25 303.4888661691851
3538 884.5 303.4890303302408
3539 884.75 303.4891930647181
3540 885 303.4893546371118
3541 885.25 303.4895147416807
3542 885.5 303.489673504707
3543 885.75 303.4898309545229
3544 886 303.4899873254384
3545 886.25 303.4901425986487
3546 886.5 303.4902964810177
3547 886.75 303.490449129277
3548 887 303.4906008309163
3549 887.25 303.4907512844406
3550 887.5 303.4909006869116
3551 887.75 303.4910493008205
3552 888 303.4911967297838
3553 888.25 303.4913430921272
3554 888.5 303.4914883028093
3555 888.75 303.4916324460441
3556 889 303.4917753800797
3557 889.25 303.4919169562678
3558 889.5 303.4920573430829
3559 889.75 303.4921968311295
3560 890 303.4923353368353
3561 890.25 303.4924729357041
3562 890.5 303.4926096564814
3563 890.75 303.4927456113963
3564 891 303.4928808365014
3565 891.25 303.4930153035464
3566 891.5 303.4931489995092
3567 891.75 303.4932819661473
3568 892 303.4934141775125
3569 892.25 303.4935456497125
3570 892.5 303.4936764520331
3571 892.75 303.4938066222271
3572 893 303.4939361610046
3573 893.25 303.4940650203144
3574 893.5 303.4941933229343
3575 893.75 303.4943210809828
3576 894 303.4944483365317
3577 894.25 303.4945752767568
3578 894.5 303.4947019173774
3579 894.75 303.4948283837307
3580 895 303.4949546200634
3581 895.25 303.495081083833
3582 895.5 303.4952076555481
3583 895.75 303.4953340670177
3584 896 303.4954606007581
3585 896.25 303.49558708038
3586 896.5 303.4957134819491
3587 896.75 303.4958397606185
3588 897 303.4959658688633
3589 897.25 303.4960916144315
3590 897.5 303.4962168872236
3591 897.75 303.4963415675314
3592 898 303.4964655855962
3593 898.25 303.4965887971441
3594 898.5 303.4967111160479
3595 898.75 303.4968324435268
3596 899 303.4969527604423
3597 899.25 303.4970719405473
3598 899.5 303.4971898525458
3599 899.75 303.4973064146015
3600 900 303.4974215820869
3601 900.25 303.4975353132387
3602 900.5 303.4976475614278
3603 900.75 303.4977583468679
3604 901 303.4978679044838
3605 901.25 303.4979763596037
3606 901.5 303.4980834335257
3607 901.75 303.4981890927714
3608 902 303.4982935408644
3609 902.25 303.4983966350594
3610 902.5 303.498498514175
3611 902.75 303.4985994842578
3612 903 303.4986994518361
3613 903.25 303.4987986130608
3614 903.5 303.4988971253582
3615 903.75 303.4989947585142
3616 904 303.4990915384931
3617 904.25 303.4991875606898
3618 904.5 303.4992824982931
3619 904.75 303.4993763941889
3620 905 303.4994694846743
3621 905.25 303.4995613647903
3622 905.5 303.4996520324103
3623 905.75 303.499741744884
3624 906 303.499830055735
3625 906.25 303.4999170017423
3626 906.5 303.500002877484
3627 906.75 303.5000872005534
3628 907 303.500170053201
3629 907.25 303.5002517519675
3630 907.5 303.5003318610724
3631 907.75 303.5004105838401
3632 908 303.5004883666704
3633 908.25 303.5005651186439
3634 908.5 303.5006407641347
3635 908.75 303.5007155738626
3636 909 303.5007898620659
3637 909.25 303.5008636038499
3638 909.5 303.500937178793
3639 909.75 303.5010109122903
3640 910 303.5010850049582
3641 910.25 303.5011597380695
3642 910.5 303.5012352345703
3643 910.75 303.5013118820538
3644 911 303.5013897689109
3645 911.25 303.5014686498692
3646 911.5 303.5015489556018
3647 911.75 303.5016305566078
3648 912 303.501713177324
3649 912.25 303.501797250147
3650 912.5 303.5018826510459
3651 912.75 303.5019691035544
3652 913 303.5020570364792
3653 913.25 303.5021460953893
3654 913.5 303.5022358626634
3655 913.75 303.5023267765141
3656 914 303.5024186392974
3657 914.25 303.5025110798821
3658 914.5 303.5026047431502
3659 914.75 303.5026995256542
3660 915 303.502795058112
3661 915.25 303.5028921608047
3662 915.5 303.502990714438
3663 915.75 303.503090205662
3664 916 303.5031913197527
3665 916.25 303.5032937218593
3666 916.5 303.5033973161981
3667 916.75 303.5035016049619
3668 917 303.5036073113034
3669 917.25 303.5037139160828
3670 917.5 303.5038207740308
3671 917.75 303.5039284162071
3672 918 303.5040364519176
3673 918.25 303.5041444399129
3674 918.5 303.5042528428795
3675 918.75 303.50436132873
3676 919 303.5044694951595
3677 919.25 303.5045777130142
3678 919.5 303.5046857141974
3679 919.75 303.5047934758686
3680 920 303.5049009308702
3681 920.25 303.5050083526672
3682 920.5 303.5051154719791
3683 920.75 303.505222091984
3684 921 303.505328416611
3685 921.25 303.5054343583083
3686 921.5 303.5055398357665
3687 921.75 303.5056451995486
3688 922 303.5057503834103
3689 922.25 303.5058554629494
3690 922.5 303.5059603558398
3691 922.75 303.5060652595883
3692 923 303.5061700549832
3693 923.25 303.5062746782127
3694 923.5 303.5063793626607
3695 923.75 303.5064840199495
3696 924 303.5065886299646
3697 924.25 303.5066930486283
3698 924.5 303.5067972005044
3699 924.75 303.5069009221151
3700 925 303.5070041491867
3701 925.25 303.5071067576438
3702 925.5 303.5072085071748
3703 925.75 303.5073092765433
3704 926 303.5074091372244
3705 926.25 303.507507909127
3706 926.5 303.5076056177114
3707 926.75 303.5077025701104
3708 927 303.5077986709147
3709 927.25 303.5078940898334
3710 927.5 303.5079890451676
3711 927.75 303.5080837861258
3712 928 303.5081783798638
3713 928.25 303.5082730200255
3714 928.5 303.5083679199182
3715 928.75 303.5084632839129
3716 929 303.5085590764274
3717 929.25 303.5086553767281
3718 929.5 303.5087521949253
3719 929.75 303.5088494440462
3720 930 303.5089471206933
3721 930.25 303.5090451586791
3722 930.5 303.5091435952502
3723 930.75 303.5092423517177
3724 931 303.5093415344751
3725 931.25 303.5094411733226
3726 931.5 303.5095413150416
3727 931.75 303.509641881222
3728 932 303.5097429352739
3729 932.25 303.5098444412531
3730 932.5 303.5099462923854
3731 932.75 303.5100485614661
3732 933 303.5101513429316
3733 933.25 303.510254629384
3734 933.5 303.5103585948072
3735 933.75 303.5104634763135
3736 934 303.5105694639185
3737 934.25 303.5106764270881
3738 934.5 303.5107844461327
3739 934.75 303.5108935249234
3740 935 303.5110035792915
3741 935.25 303.5111142510945
3742 935.5 303.5112255835592
3743 935.75 303.5113376528416
3744 936 303.5114501999817
3745 936.25 303.5115630960898
3746 936.5 303.5116762387345
3747 936.75 303.5117898571655
3748 937 303.5119038080262
3749 937.25 303.5120178601478
3750 937.5 303.5121318112414
3751 937.75 303.5122457406841
3752 938 303.5123595673181
3753 938.25 303.5124732520074
3754 938.5 303.512586760007
3755 938.75 303.5126999746079
3756 939 303.512812902998
3757 939.25 303.5129257137693
3758 939.5 303.513038249239
3759 939.75 303.513150392224
3760 940 303.5132620667701
3761 940.25 303.5133732145853
3762 940.5 303.5134838250509
3763 940.75 303.5135938649612
3764 941 303.5137033230038
3765 941.25 303.5138121166972
3766 941.5 303.5139203546331
3767 941.75 303.5140282808056
3768 942 303.5141361384088
3769 942.25 303.5142440489811
3770 942.5 303.5143519234567
3771 942.75 303.514459702733
3772 943 303.5145674434476
3773 943.25 303.514675342216
3774 943.5 303.5147834606936
3775 943.75 303.5148919149461
3776 944 303.5150007831277
3777 944.25 303.5151101373298
3778 944.5 303.5152201406962
3779 944.75 303.515330849518
3780 945 303.5154420425282
3781 945.25 303.5155537624534
3782 945.5 303.5156659840283
3783 945.75 303.515778627478
3784 946 303.5158917669116
3785 946.25 303.5160052851546
3786 946.5 303.5161189821641
3787 946.75 303.5162329390712
3788 947 303.5163470723938
3789 947.25 303.5164613341858
3790 947.5 303.5165756178936
3791 947.75 303.5166898103992
3792 948 303.5168038113707
3793 948.25 303.5169175686836
3794 948.5 303.5170308354372
3795 948.75 303.5171435537017
3796 949 303.5172556262679
3797 949.25 303.5173670318685
3798 949.5 303.5174775491553
3799 949.75 303.5175871182576
3800 950 303.5176957719815
3801 950.25 303.5178031543139
3802 950.5 303.5179090827215
3803 950.75 303.5180135627733
3804 951 303.5181162602149
3805 951.25 303.5182171720002
3806 951.5 303.5183165136938
3807 951.75 303.5184139247668
3808 952 303.5185094809414
3809 952.25 303.5186032677917
3810 952.5 303.5186956635831
3811 952.75 303.5187865581734
3812 953 303.5188755971043
3813 953.25 303.5189630112837
3814 953.5 303.5190491909986
3815 953.75 303.5191338138164
3816 954 303.5192171126446
3817 954.25 303.5192993966348
3818 954.5 303.5193803353507
3819 954.75 303.5194601627651
3820 955 303.5195390403246
3821 955.25 303.519617251943
3822 955.5 303.5196945567204
3823 955.75 303.519771060536
3824 956 303.5198468598099
3825 956.25 303.519921728653
3826 956.5 303.5199958483963
3827 956.75 303.520069306349
3828 957 303.5201421963436
3829 957.25 303.520214397138
3830 957.5 303.5202860423567
3831 957.75 303.5203572870543
3832 958 303.5204281814705
3833 958.25 303.5204988609184
3834 958.5 303.5205694455815
3835 958.75 303.5206399665044
3836 959 303.5207106295645
3837 959.25 303.5207814094287
3838 959.5 303.5208521401715
3839 959.75 303.5209230262176
3840 960 303.5209939806911
3841 960.25 303.5210650090956
3842 960.5 303.5211360083567
3843 960.75 303.5212072466971
3844 961 303.5212786756643
3845 961.25 303.5213502484522
3846 961.5 303.5214220707848
3847 961.75 303.5214941094434
3848 962 303.5215663409285
3849 962.25 303.5216386855655
3850 962.5 303.5217112286613
3851 962.75 303.5217839521953
3852 963 303.5218568191307
3853 963.25 303.5219297404666
3854 963.5 303.5220027540356
3855 963.75 303.5220758315198
3856 964 303.5221489437967
3857 964.25 303.5222220755499
3858 964.5 303.5222952507065
3859 964.75 303.5223684327403
3860 965 303.5224415829811
3861 965.25 303.5225146180047
3862 965.5 303.5225875295511
3863 965.75 303.5226602967685
3864 966 303.5227328438011
3865 966.25 303.5228052642556
3866 966.5 303.522877564224
3867 966.75 303.5229497661694
3868 967 303.5230216750793
3869 967.25 303.5230935389683
3870 967.5 303.5231652962215
3871 967.75 303.523237002193
3872 968 303.523308372728
3873 968.25 303.5233797752452
3874 968.5 303.5234509576435
3875 968.75 303.5235218586486
3876 969 303.5235921881924
3877 969.25 303.5236622329307
3878 969.5 303.5237316816624
3879 969.75 303.523800371656
3880 970 303.5238679889842
3881 970.25 303.5239345967012
3882 970.5 303.5239998194983
3883 970.75 303.5240634100181
3884 971 303.5241252679666
3885 971.25 303.5241851489396
3886 971.5 303.5242429730014
3887 971.75 303.5242986459664
3888 972 303.5243521585678
3889 972.25 303.5244036615185
3890 972.5 303.5244530663356
3891 972.75 303.524500211483
3892 973 303.5245451691263
3893 973.25 303.5245881788817
3894 973.5 303.5246292361308
3895 973.75 303.5246683537785
3896 974 303.5247056038563
3897 974.25 303.52474121983
3898 974.5 303.5247753069925
3899 974.75 303.5248080021653
3900 975 303.5248391781658
3901 975.25 303.5248686351018
3902 975.5 303.5248960892791
3903 975.75 303.5249215071477
3904 976 303.5249452357747
3905 976.25 303.5249671706736
3906 976.5 303.5249875686184
3907 976.75 303.5250066505669
3908 977 303.5250246996067
3909 977.25 303.5250415637955
3910 977.5 303.5250574986183
3911 977.75 303.5250727103936
3912 978 303.525087478481
3913 978.25 303.5251018959689
3914 978.5 303.5251163302645
3915 978.75 303.5251311023452
3916 979 303.5251463616656
3917 979.25 303.5251624698841
3918 979.5 303.5251796122276
3919 979.75 303.5251979932492
3920 980 303.5252175292807
3921 980.25 303.5252387629495
3922 980.5 303.525261699572
3923 980.75 303.5252863382528
3924 981 303.525312416309
3925 981.25 303.5253400722913
3926 981.5 303.525369477123
3927 981.75 303.5254003720937
3928 982 303.5254325340154
3929 982.25 303.5254655970155
3930 982.5 303.5254997934637
3931 982.75 303.5255350115158
3932 983 303.525571232127
3933 983.25 303.5256081344104
3934 983.5 303.5256457455337
3935 983.75 303.52568382322
3936 984 303.5257222480009
3937 984.25 303.525760851706
3938 984.5 303.5257997203963
3939 984.75 303.5258387281932
3940 985 303.52587782987
3941 985.25 303.5259168954347
3942 985.5 303.5259559335086
3943 985.75 303.5259948041462
3944 986 303.5260335161135
3945 986.25 303.5260720892365
3946 986.5 303.5261107687737
3947 986.75 303.5261495734266
3948 987 303.5261884377255
3949 987.25 303.5262274285215
3950 987.5 303.5262665076891
3951 987.75 303.5263058261642
3952 988 303.5263454254515
3953 988.25 303.5263856290411
3954 988.5 303.5264263631078
3955 988.75 303.5264675390937
3956 989 303.5265089819969
3957 989.25 303.5265509195437
3958 989.5 303.5265932644725
3959 989.75 303.5266360318748
3960 990 303.5266790558791
3961 990.25 303.5267226151756
3962 990.5 303.526766495593
3963 990.75 303.5268105936516
3964 991 303.526854726824
3965 991.25 303.5268990126496
3966 991.5 303.526943231798
3967 991.75 303.5269872368827
3968 992 303.527030884774
3969 992.25 303.5270741317549
3970 992.5 303.5271168125753
3971 992.75 303.5271588971004
3972 993 303.5272001469918
3973 993.25 303.5272403942874
3974 993.5 303.5272794939913
3975 993.75 303.5273174650192
3976 994 303.5273541085285
3977 994.25 303.5273893673813
3978 994.5 303.5274231375345
3979 994.75 303.527455522199
3980 995 303.5274864044128
3981 995.25 303.5275159220193
3982 995.5 303.527544169694
3983 995.75 303.5275713295081
3984 996 303.5275972336775
3985 996.25 303.5276220812053
3986 996.5 303.5276460978291
3987 996.75 303.5276696787851
3988 997 303.5276927936455
3989 997.25 303.5277156315129
3990 997.5 303.5277384039838
3991 997.75 303.5277613998099
3992 998 303.5277848360328
3993 998.25 303.5278090425795
3994 998.5 303.5278342179125
3995 998.75 303.527860593748
3996 999 303.5278882427806
3997 999.25 303.5279171655982
3998 999.5 303.5279472117345
3999 999.75 303.5279786973554
4000 1000 303.528011585664
4001 1000.25 303.5280458560404
4002 1000.5 303.5280813223892
4003 1000.75 303.5281183956253
4004 1001 303.5281570810548
4005 1001.25 303.528197443142
4006 1001.5 303.5282392805071
4007 1001.75 303.5282830255109
4008 1002 303.5283286019125
4009 1002.25 303.5283756530652
4010 1002.5 303.5284246288092
4011 1002.75 303.5284753868146
4012 1003 303.5285279369547
4013 1003.25 303.5285819509324
4014 1003.5 303.5286381470281
4015 1003.75 303.5286964500821
4016 1004 303.528756885519
4017 1004.25 303.5288190182847
4018 1004.5 303.5288835316103
4019 1004.75 303.5289500693833
4020 1005 303.5290184369194
4021 1005.25 303.529088035331
4022 1005.5 303.5291594868339
4023 1005.75 303.5292325457958
4024 1006 303.5293070741006
4025 1006.25 303.5293825965483
4026 1006.5 303.52945921714
4027 1006.75 303.5295371023072
4028 1007 303.5296160139131
4029 1007.25 303.5296957168603
4030 1007.5 303.5297757960778
4031 1007.75 303.5298563145195
4032 1008 303.529937071104
4033 1008.25 303.5300179354061
4034 1008.5 303.5300986692402
4035 1008.75 303.5301790456523
4036 1009 303.5302589177519
4037 1009.25 303.5303382254729
4038 1009.5 303.530417067698
4039 1009.75 303.5304952554208
4040 1010 303.5305728618535
4041 1010.25 303.5306498997219
4042 1010.5 303.5307264631927
4043 1010.75 303.5308023646302
4044 1011 303.530877622366
4045 1011.25 303.5309523428081
4046 1011.5 303.5310264664744
4047 1011.75 303.5311002079246
4048 1012 303.5311737922598
4049 1012.25 303.5312474027157
4050 1012.5 303.531320848596
4051 1012.75 303.5313939541076
4052 1013 303.5314666726142
4053 1013.25 303.5315391842677
4054 1013.5 303.5316114026763
4055 1013.75 303.5316834161706
4056 1014 303.531755284065
4057 1014.25 303.531827111596
4058 1014.5 303.5318989143176
4059 1014.75 303.5319707878558
4060 1015 303.5320427579312
4061 1015.25 303.5321148659719
4062 1015.5 303.5321871251461
4063 1015.75 303.5322596783981
4064 1016 303.5323325542117
4065 1016.25 303.5324057957237
4066 1016.5 303.5324794493448
4067 1016.75 303.5325536100672
4068 1017 303.5326282332933
4069 1017.25 303.5327032903352
4070 1017.5 303.5327788621422
4071 1017.75 303.532855014774
4072 1018 303.5329317686976
4073 1018.25 303.5330089339654
4074 1018.5 303.5330866448044
4075 1018.75 303.5331648194378
4076 1019 303.5332432380182
4077 1019.25 303.5333219595327
4078 1019.5 303.5334007847508
4079 1019.75 303.5334795842329
4080 1020 303.5335581734352
4081 1020.25 303.5336365920206
4082 1020.5 303.5337146592292
4083 1020.75 303.5337922214952
4084 1021 303.5338691546918
4085 1021.25 303.5339452453183
4086 1021.5 303.5340203060761
4087 1021.75 303.5340941402765
4088 1022 303.5341667237488
4089 1022.25 303.5342377112289
4090 1022.5 303.5343069576002
4091 1022.75 303.534374221473
4092 1023 303.5344396104398
4093 1023.25 303.53450264544
4094 1023.5 303.5345634365467
4095 1023.75 303.5346220205687
4096 1024 303.5346787456318
4097 1024.25 303.5347331435793
4098 1024.5 303.534785358437
4099 1024.75 303.5348354272821
4100 1025 303.5348837273376
4101 1025.25 303.5349297492781
4102 1025.5 303.5349736329322
4103 1025.75 303.5350154012336
4104 1026 303.5350553937781
4105 1026.25 303.5350931288179
4106 1026.5 303.5351287965757
4107 1026.75 303.5351627551445
4108 1027 303.5351944881796
4109 1027.25 303.5352241310686
4110 1027.5 303.5352518640355
4111 1027.75 303.5352781586959
4112 1028 303.5353029752634
4113 1028.25 303.5353264923525
4114 1028.5 303.5353488859582
4115 1028.75 303.5353703510999
4116 1029 303.5353908922754
4117 1029.25 303.5354105665583
4118 1029.5 303.5354294632362
4119 1029.75 303.5354477266814
4120 1030 303.5354653457875
4121 1030.25 303.5354823246611
4122 1030.5 303.5354987225741
4123 1030.75 303.5355146603058
4124 1031 303.5355300818358
4125 1031.25 303.5355447891923
4126 1031.5 303.5355587117875
4127 1031.75 303.5355718433203
4128 1032 303.5355842164108
4129 1032.25 303.5355959040738
4130 1032.5 303.5356070196218
4131 1032.75 303.5356177281241
4132 1033 303.5356278882488
4133 1033.25 303.5356376435742
4134 1033.5 303.5356472688924
4135 1033.75 303.5356564554949
4136 1034 303.5356654785258
4137 1034.25 303.535674572104
4138 1034.5 303.5356837745034
4139 1034.75 303.5356934763764
4140 1035 303.5357039150515
4141 1035.25 303.5357151959219
4142 1035.5 303.5357274642727
4143 1035.75 303.5357412181611
4144 1036 303.5357567112075
4145 1036.25 303.5357741146555
4146 1036.5 303.5357931136379
4147 1036.75 303.5358137186953
4148 1037 303.5358361652697
4149 1037.25 303.5358601689428
4150 1037.5 303.5358852364448
4151 1037.75 303.5359118203537
4152 1038 303.5359395799951
4153 1038.25 303.5359683372497
4154 1038.5 303.535997678962
4155 1038.75 303.5360280095214
4156 1039 303.5360591563191
4157 1039.25 303.5360906252348
4158 1039.5 303.5361230765768
4159 1039.75 303.5361561997852
4160 1040 303.5361894208446
4161 1040.25 303.5362235694341
4162 1040.5 303.5362583024157
4163 1040.75 303.5362934626276
4164 1041 303.5363285610498
4165 1041.25 303.5363641215532
4166 1041.5 303.5363996699089
4167 1041.75 303.5364347396887
4168 1042 303.5364698157675
4169 1042.25 303.5365044505864
4170 1042.5 303.536538428393
4171 1042.75 303.5365712557816
4172 1043 303.5366031937704
4173 1043.25 303.5366345413206
4174 1043.5 303.5366648546899
4175 1043.75 303.5366939273327
4176 1044 303.5367214432412
4177 1044.25 303.5367479352011
4178 1044.5 303.5367730503705
4179 1044.75 303.536796544122
4180 1045 303.5368189054328
4181 1045.25 303.5368398043196
4182 1045.5 303.536859100074
4183 1045.75 303.5368764393247
4184 1046 303.5368921558965
4185 1046.25 303.5369058982004
4186 1046.5 303.5369174991005
4187 1046.75 303.5369273812012
4188 1047 303.5369354981241
4189 1047.25 303.5369420639294
4190 1047.5 303.536947309495
4191 1047.75 303.5369514693501
4192 1048 303.5369544580445
4193 1048.25 303.5369562402166
4194 1048.5 303.5369568194022
4195 1048.75 303.5369561305466
4196 1049 303.5369539362484
4197 1049.25 303.5369500319111
4198 1049.5 303.5369444065692
4199 1049.75 303.5369367928604
4200 1050 303.5369272020263
4201 1050.25 303.5369160086724
4202 1050.5 303.5369027961708
4203 1050.75 303.5368878057475
4204 1051 303.5368712230994
4205 1051.25 303.5368534689489
4206 1051.5 303.5368344219841
4207 1051.75 303.5368144626615
4208 1052 303.5367939141426
4209 1052.25 303.5367732468386
4210 1052.5 303.5367523492278
4211 1052.75 303.5367316383736
4212 1053 303.5367114307258
4213 1053.25 303.5366919932414
4214 1053.5 303.5366733800252
4215 1053.75 303.5366558275688
4216 1054 303.5366394235875
4217 1054.25 303.536624217647
4218 1054.5 303.536609905097
4219 1054.75 303.5365962299857
4220 1055 303.5365832761904
4221 1055.25 303.5365709655025
4222 1055.5 303.5365591318372
4223 1055.75 303.536547593135
4224 1056 303.536536121838
4225 1056.25 303.536524510335
4226 1056.5 303.5365125915441
4227 1056.75 303.5365002407367
4228 1057 303.5364872767868
4229 1057.25 303.536473635685
4230 1057.5 303.5364592929141
4231 1057.75 303.536444242808
4232 1058 303.5364284843839
4233 1058.25 303.5364120868941
4234 1058.5 303.5363951852365
4235 1058.75 303.5363778112244
4236 1059 303.536359952636
4237 1059.25 303.5363414702292
4238 1059.5 303.5363222838338
4239 1059.75 303.5363022271852
4240 1060 303.5362814482941
4241 1060.25 303.5362600482671
4242 1060.5 303.536238186293
4243 1060.75 303.5362158654718
4244 1061 303.5361933510225
4245 1061.25 303.5361709026226
4246 1061.5 303.5361487578529
4247 1061.75 303.5361272458097
4248 1062 303.536106537243
4249 1062.25 303.536086865211
4250 1062.5 303.5360682642503
4251 1062.75 303.5360510989946
4252 1063 303.5360354165804
4253 1063.25 303.5360209393291
4254 1063.5 303.5360078539001
4255 1063.75 303.5359960231087
4256 1064 303.5359853698657
4257 1064.25 303.5359755994385
4258 1064.5 303.5359669567328
4259 1064.75 303.5359592155992
4260 1065 303.5359522437853
4261 1065.25 303.5359457804155
4262 1065.5 303.5359400701976
4263 1065.75 303.5359348696811
4264 1066 303.5359298515849
4265 1066.25 303.535925202502
4266 1066.5 303.5359206383612
4267 1066.75 303.5359160954379
4268 1067 303.5359113117311
4269 1067.25 303.5359065820967
4270 1067.5 303.5359017050101
4271 1067.75 303.5358966759404
4272 1068 303.5358914421602
4273 1068.25 303.5358861842713
4274 1068.5 303.535880816178
4275 1068.75 303.5358753471749
4276 1069 303.5358696756169
4277 1069.25 303.5358637512878
4278 1069.5 303.5358574157552
4279 1069.75 303.5358506644857
4280 1070 303.5358436294709
4281 1070.25 303.5358363353454
4282 1070.5 303.5358289319009
4283 1070.75 303.5358215397718
4284 1071 303.5358142775047
4285 1071.25 303.5358071036936
4286 1071.5 303.5358001818354
4287 1071.75 303.5357935626971
4288 1072 303.5357872051562
4289 1072.25 303.5357811742479
4290 1072.5 303.5357755128346
4291 1072.75 303.5357702863622
4292 1073 303.5357653655039
4293 1073.25 303.5357606055243
4294 1073.5 303.5357558768247
4295 1073.75 303.5357511401998
4296 1074 303.5357463926161
4297 1074.25 303.5357415957018
4298 1074.5 303.5357368621807
4299 1074.75 303.5357323105632
4300 1075 303.5357280510204
4301 1075.25 303.5357239695156
4302 1075.5 303.535720193536
4303 1075.75 303.5357168384493
4304 1076 303.5357139945496
4305 1076.25 303.5357116199509
4306 1076.5 303.5357098687334
4307 1076.75 303.5357087693966
4308 1077 303.535708301917
4309 1077.25 303.535708327509
4310 1077.5 303.5357089371681
4311 1077.75 303.535710212273
4312 1078 303.5357122958694
4313 1078.25 303.5357150691436
4314 1078.5 303.5357185931663
4315 1078.75 303.5357228705261
4316 1079 303.5357279104803
4317 1079.25 303.5357337707446
4318 1079.5 303.5357404836033
4319 1079.75 303.5357480400983
4320 1080 303.5357563817361
4321 1080.25 303.5357655791484
4322 1080.5 303.5357756107629
4323 1080.75 303.5357863472883
4324 1081 303.5357977101497
4325 1081.25 303.5358094957639
4326 1081.5 303.5358215655991
4327 1081.75 303.5358337714248
4328 1082 303.5358460720645
4329 1082.25 303.5358583371634
4330 1082.5 303.5358705759187
4331 1082.75 303.535882831458
4332 1083 303.5358949508532
4333 1083.25 303.5359069721347
4334 1083.5 303.5359188853808
4335 1083.75 303.5359306931278
4336 1084 303.535942212143
4337 1084.25 303.5359534260228
4338 1084.5 303.5359642482225
4339 1084.75 303.5359745396269
4340 1085 303.5359842292132
4341 1085.25 303.535993227442
4342 1085.5 303.5360012363716
4343 1085.75 303.5360081604363
4344 1086 303.5360139533154
4345 1086.25 303.5360185495684
4346 1086.5 303.5360220029406
4347 1086.75 303.5360243012162
4348 1087 303.5360254642738
4349 1087.25 303.5360255053882
4350 1087.5 303.5360245304562
4351 1087.75 303.5360226075707
4352 1088 303.5360198814417
4353 1088.25 303.5360166282132
4354 1088.5 303.536013024832
4355 1088.75 303.5360090917326
4356 1089 303.5360048874616
4357 1089.25 303.5360004603226
4358 1089.5 303.5359961318679
4359 1089.75 303.5359921552615
4360 1090 303.5359884239506
4361 1090.25 303.5359849380449
4362 1090.5 303.5359815205786
4363 1090.75 303.5359779797703
4364 1091 303.5359741099126
4365 1091.25 303.5359697800318
4366 1091.5 303.5359647971083
4367 1091.75 303.5359591642649
4368 1092 303.5359529317556
4369 1092.25 303.535946105475
4370 1092.5 303.5359387143714
4371 1092.75 303.5359307570404
4372 1093 303.5359223186371
4373 1093.25 303.5359134524418
4374 1093.5 303.5359041643579
4375 1093.75 303.5358945923959
4376 1094 303.5358846810796
4377 1094.25 303.5358744217764
4378 1094.5 303.5358639391305
4379 1094.75 303.5358532211498
4380 1095 303.5358422583775
4381 1095.25 303.5358309981638
4382 1095.5 303.5358194676688
4383 1095.75 303.5358075699482
4384 1096 303.5357952745234
4385 1096.25 303.5357826078129
4386 1096.5 303.5357696150577
4387 1096.75 303.5357563360081
4388 1097 303.5357428314836
4389 1097.25 303.5357291349939
4390 1097.5 303.5357151646955
4391 1097.75 303.5357009629247
4392 1098 303.5356865008025
4393 1098.25 303.5356717684832
4394 1098.5 303.5356568076007
4395 1098.75 303.5356413523985
4396 1099 303.5356251774413
4397 1099.25 303.535608170108
4398 1099.5 303.5355899279508
4399 1099.75 303.5355703918256
4400 1100 303.5355495251737
4401 1100.25 303.5355274436874
4402 1100.5 303.5355038600987
4403 1100.75 303.5354787615943
4404 1101 303.5354522479185
4405 1101.25 303.5354241350706
4406 1101.5 303.5353944695751
4407 1101.75 303.5353633813876
4408 1102 303.5353310105482
4409 1102.25 303.5352975942681
4410 1102.5 303.5352632072414
4411 1102.75 303.5352277866281
4412 1103 303.5351912676211
4413 1103.25 303.5351534931193
4414 1103.5 303.5351144690546
4415 1103.75 303.5350742232886
4416 1104 303.5350328419883
4417 1104.25 303.5349903108159
4418 1104.5 303.5349466327697
4419 1104.75 303.5349017347612
4420 1105 303.5348553301431
4421 1105.25 303.5348071244692
4422 1105.5 303.5347569574438
4423 1105.75 303.5347050298396
4424 1106 303.534651046321
4425 1106.25 303.5345949590451
4426 1106.5 303.5345369722828
4427 1106.75 303.5344768117815
4428 1107 303.5344143494306
4429 1107.25 303.53434963352
4430 1107.5 303.5342830313211
4431 1107.75 303.5342146496911
4432 1108 303.5341447427229
4433 1108.25 303.5340736187581
4434 1108.5 303.5340015190035
4435 1108.75 303.5339285615276
4436 1109 303.5338547031972
4437 1109.25 303.5337799384214
4438 1109.5 303.5337042716213
4439 1109.75 303.5336278337214
4440 1110 303.5335506597656
4441 1110.25 303.5334728261572
4442 1110.5 303.5333944335608
4443 1110.75 303.5333157023955
4444 1111 303.5332368140095
4445 1111.25 303.5331579705251
4446 1111.5 303.5330792122154
4447 1111.75 303.5330009362643
4448 1112 303.5329232163077
4449 1112.25 303.5328459976521
4450 1112.5 303.5327696579533
4451 1112.75 303.5326943769681
4452 1113 303.5326203041428
4453 1113.25 303.5325473082374
4454 1113.5 303.5324760186326
4455 1113.75 303.532406412687
4456 1114 303.532338601705
4457 1114.25 303.5322723402564
4458 1114.5 303.5322082488872
4459 1114.75 303.5321462588972
4460 1115 303.5320863500839
4461 1115.25 303.5320281097372
4462 1115.5 303.5319721007551
4463 1115.75 303.5319180995672
4464 1116 303.5318660140762
4465 1116.25 303.5318152984281
4466 1116.5 303.5317660225151
4467 1116.75 303.5317177578348
4468 1117 303.5316702856109
4469 1117.25 303.5316233528725
4470 1117.5 303.5315770331305
4471 1117.75 303.5315311480045
4472 1118 303.5314855095874
4473 1118.25 303.5314400177261
4474 1118.5 303.5313945058184
4475 1118.75 303.5313488374385
4476 1119 303.5313028907859
4477 1119.25 303.5312566740612
4478 1119.5 303.5312100810799
4479 1119.75 303.5311631326724
4480 1120 303.5311158842774
4481 1120.25 303.5310683554384
4482 1120.5 303.5310205638501
4483 1120.75 303.5309725784163
4484 1121 303.530924559057
4485 1121.25 303.5308766426676
4486 1121.5 303.5308289646518
4487 1121.75 303.5307815201978
4488 1122 303.5307343896166
4489 1122.25 303.5306875811989
4490 1122.5 303.5306413713145
4491 1122.75 303.5305957692403
4492 1123 303.5305507915929
4493 1123.25 303.5305062359751
4494 1123.5 303.5304623446809
4495 1123.75 303.530418958521
4496 1124 303.5303760315342
4497 1124.25 303.5303334109556
4498 1124.5 303.5302911947383
4499 1124.75 303.5302492776751
4500 1125 303.5302076742782
4501 1125.25 303.53016622299
4502 1125.5 303.5301248700775
4503 1125.75 303.530083408756
4504 1126 303.5300417395138
4505 1126.25 303.529999663679
4506 1126.5 303.5299569455202
4507 1126.75 303.5299132982983
4508 1127 303.5298685293067
4509 1127.25 303.5298225281442
4510 1127.5 303.5297749227265
4511 1127.75 303.5297256673157
4512 1128 303.529674809966
4513 1128.25 303.5296226824499
4514 1128.5 303.5295690094251
4515 1128.75 303.5295137810876
4516 1129 303.5294569435562
4517 1129.25 303.5293986987147
4518 1129.5 303.5293390067656
4519 1129.75 303.5292780329635
4520 1130 303.5292160259432
4521 1130.25 303.5291527498989
4522 1130.5 303.5290884708852
4523 1130.75 303.5290235362944
4524 1131 303.5289582673817
4525 1131.25 303.5288927583291
4526 1131.5 303.5288273349738
4527 1131.75 303.5287623432436
4528 1132 303.5286980776139
4529 1132.25 303.5286348716348
4530 1132.5 303.5285731084946
4531 1132.75 303.5285129202539
4532 1133 303.5284541286941
4533 1133.25 303.5283970762973
4534 1133.5 303.5283417162616
4535 1133.75 303.5282880304205
4536 1134 303.5282357874278
4537 1134.25 303.5281853018195
4538 1134.5 303.5281363519006
4539 1134.75 303.5280888221196
4540 1135 303.5280424448074
4541 1135.25 303.5279976361112
4542 1135.5 303.5279542974695
4543 1135.75 303.5279123770836
4544 1136 303.5278715901742
4545 1136.25 303.5278324619964
4546 1136.5 303.5277948492877
4547 1136.75 303.5277586746549
4548 1137 303.5277235443431
4549 1137.25 303.5276900216572
4550 1137.5 303.5276579919101
4551 1137.75 303.5276274231885
4552 1138 303.5275979366771
4553 1138.25 303.5275699595313
4554 1138.5 303.527543288941
4555 1138.75 303.527517888259
4556 1139 303.5274934434464
4557 1139.25 303.5274704392044
4558 1139.5 303.5274487319873
4559 1139.75 303.5274282799002
4560 1140 303.5274088143757
4561 1140.25 303.5273906939876
4562 1140.5 303.5273737699751
4563 1140.75 303.5273579566629
4564 1141 303.5273429006423
4565 1141.25 303.5273286974173
4566 1141.5 303.5273151328409
4567 1141.75 303.5273020114772
4568 1142 303.527289027959
4569 1142.25 303.5272760369137
4570 1142.5 303.5272629442921
4571 1142.75 303.5272497253263
4572 1143 303.5272362971841
4573 1143.25 303.5272227478208
4574 1143.5 303.5272090719454
4575 1143.75 303.5271951520293
4576 1144 303.527180831215
4577 1144.25 303.5271658589933
4578 1144.5 303.5271502581614
4579 1144.75 303.5271341662622
4580 1145 303.5271178288514
4581 1145.25 303.5271013803202
4582 1145.5 303.5270851620891
4583 1145.75 303.5270693194622
4584 1146 303.5270538295527
4585 1146.25 303.5270386978096
4586 1146.5 303.5270240641956
4587 1146.75 303.5270099294785
4588 1147 303.5269960662114
4589 1147.25 303.5269823398831
4590 1147.5 303.5269687336651
4591 1147.75 303.5269553079618
4592 1148 303.5269421283078
4593 1148.25 303.5269292834828
4594 1148.5 303.5269168273016
4595 1148.75 303.5269046270668
4596 1149 303.5268925550022
4597 1149.25 303.5268805638036
4598 1149.5 303.526868711191
4599 1149.75 303.5268570365035
4600 1150 303.5268454877256
4601 1150.25 303.5268341592518
4602 1150.5 303.5268230028759
4603 1150.75 303.5268120353006
4604 1151 303.5268013092976
4605 1151.25 303.5267908578238
4606 1151.5 303.526780715805
4607 1151.75 303.52677099391
4608 1152 303.5267618001994
4609 1152.25 303.526753131984
4610 1152.5 303.5267447796149
4611 1152.75 303.5267365483487
4612 1153 303.5267283575665
4613 1153.25 303.5267201790688
4614 1153.5 303.5267120802235
4615 1153.75 303.5267038770529
4616 1154 303.5266954332683
4617 1154.25 303.5266864964671
4618 1154.5 303.5266769425796
4619 1154.75 303.5266665052568
4620 1155 303.5266550392304
4621 1155.25 303.5266425270589
4622 1155.5 303.5266285953958
4623 1155.75 303.5266131107256
4624 1156 303.5265961318496
4625 1156.25 303.5265771740624
4626 1156.5 303.5265562025569
4627 1156.75 303.526533390729
4628 1157 303.5265082298558
4629 1157.25 303.5264807469776
4630 1157.5 303.5264512759533
4631 1157.75 303.5264192732393
4632 1158 303.5263850571222
4633 1158.25 303.5263491901185
4634 1158.5 303.5263111218061
4635 1158.75 303.5262711271795
4636 1159 303.5262297761459
4637 1159.25 303.5261864014488
4638 1159.5 303.5261412733254
4639 1159.75 303.5260944983477
4640 1160 303.5260465271469
4641 1160.25 303.5259968018367
4642 1160.5 303.5259454776986
4643 1160.75 303.5258929030284
4644 1161 303.5258386555998
4645 1161.25 303.5257830518742
4646 1161.5 303.5257264945964
4647 1161.75 303.5256686805407
4648 1162 303.5256097990683
4649 1162.25 303.5255499206789
4650 1162.5 303.5254892417708
4651 1162.75 303.5254276281141
4652 1163 303.5253651565828
4653 1163.25 303.5253020151318
4654 1163.5 303.5252380347982
4655 1163.75 303.5251733626478
4656 1164 303.5251080586428
4657 1164.25 303.5250423001534
4658 1164.5 303.5249759659584
4659 1164.75 303.5249091071502
4660 1165 303.5248417990621
4661 1165.25 303.5247737970575
4662 1165.5 303.5247051034117
4663 1165.75 303.5246356584144
4664 1166 303.5245657164014
4665 1166.25 303.5244950415221
4666 1166.5 303.5244238901603
4667 1166.75 303.5243525740526
4668 1167 303.5242809712696
4669 1167.25 303.5242093614077
4670 1167.5 303.5241379049953
4671 1167.75 303.5240667265565
4672 1168 303.5239959783695
4673 1168.25 303.52392585654
4674 1168.5 303.5238564825787
4675 1168.75 303.5237878087304
4676 1169 303.5237201150094
4677 1169.25 303.523653447292
4678 1169.5 303.5235877072664
4679 1169.75 303.5235225809125
4680 1170 303.5234583263634
4681 1170.25 303.5233948059591
4682 1170.5 303.5233318266268
4683 1170.75 303.5232696226202
4684 1171 303.5232081086374
4685 1171.25 303.523147132736
4686 1171.5 303.5230863528363
4687 1171.75 303.5230258909745
4688 1172 303.5229657686128
4689 1172.25 303.5229058103741
4690 1172.5 303.5228458088201
4691 1172.75 303.5227855806801
4692 1173 303.5227250798139
4693 1173.25 303.5226642311816
4694 1173.5 303.5226030506528
4695 1173.75 303.5225413850462
4696 1174 303.5224791930297
4697 1174.25 303.5224162854543
4698 1174.5 303.5223526071706
4699 1174.75 303.5222881658112
4700 1175 303.5222230225865
4701 1175.25 303.5221572736645
4702 1175.5 303.522090973271
4703 1175.75 303.5220242466083
4704 1176 303.5219568012554
4705 1176.25 303.521888346126
4706 1176.5 303.5218192550834
4707 1176.75 303.5217493626456
4708 1177 303.5216785778405
4709 1177.25 303.5216073052013
4710 1177.5 303.5215355472157
4711 1177.75 303.5214631978148
4712 1178 303.5213906615444
4713 1178.25 303.5213177785289
4714 1178.5 303.5212443229473
4715 1178.75 303.5211706539591
4716 1179 303.521096479201
4717 1179.25 303.5210213662657
4718 1179.5 303.5209452756135
4719 1179.75 303.5208678901228
4720 1180 303.5207890326978
4721 1180.25 303.520708537729
4722 1180.5 303.5206262183851
4723 1180.75 303.520542260829
4724 1181 303.5204563975602
4725 1181.25 303.5203686856224
4726 1181.5 303.5202794651375
4727 1181.75 303.5201883716501
4728 1182 303.520095559807
4729 1182.25 303.5200015275185
4730 1182.5 303.5199060080362
4731 1182.75 303.5198093359638
4732 1183 303.5197117998094
4733 1183.25 303.5196138689316
4734 1183.5 303.5195150957481
4735 1183.75 303.5194156582561
4736 1184 303.5193159830164
4737 1184.25 303.5192158714449
4738 1184.5 303.5191156476314
4739 1184.75 303.5190156463826
4740 1185 303.5189158735998
4741 1185.25 303.5188165810727
4742 1185.5 303.5187179355992
4743 1185.75 303.5186199906633
4744 1186 303.5185227808734
4745 1186.25 303.5184263339596
4746 1186.5 303.5183304567154
4747 1186.75 303.5182352143033
4748 1187 303.518140372317
4749 1187.25 303.5180456600069
4750 1187.5 303.5179507915902
4751 1187.75 303.517855849062
4752 1188 303.5177608816275
4753 1188.25 303.5176658479006
4754 1188.5 303.517570918536
4755 1188.75 303.5174761169596
4756 1189 303.5173815165846
4757 1189.25 303.5172870038286
4758 1189.5 303.5171925904294
4759 1189.75 303.5170982186745
4760 1190 303.5170037486291
4761 1190.25 303.5169090901228
4762 1190.5 303.5168142995313
4763 1190.75 303.5167194793906
4764 1191 303.5166247117081
4765 1191.25 303.5165298337832
4766 1191.5 303.5164346376192
4767 1191.75 303.5163391165706
4768 1192 303.5162433566812
4769 1192.25 303.5161473828567
4770 1192.5 303.5160511288444
4771 1192.75 303.5159545753011
4772 1193 303.5158578741718
4773 1193.25 303.5157610959408
4774 1193.5 303.5156641797504
4775 1193.75 303.5155671843539
4776 1194 303.5154703635047
4777 1194.25 303.5153739223692
4778 1194.5 303.5152778252797
4779 1194.75 303.5151824963292
4780 1195 303.5150878631342
4781 1195.25 303.514993742109
4782 1195.5 303.5149005676676
4783 1195.75 303.5148083422878
4784 1196 303.5147168973313
4785 1196.25 303.5146269731903
4786 1196.5 303.5145383611958
4787 1196.75 303.5144506270849
4788 1197 303.5143641900283
4789 1197.25 303.5142786794
4790 1197.5 303.5141935567979
4791 1197.75 303.5141092120617
4792 1198 303.5140252593011
4793 1198.25 303.5139414097034
4794 1198.5 303.5138577347536
4795 1198.75 303.5137739744762
4796 1199 303.5136899075712
4797 1199.25 303.5136055279913
4798 1199.5 303.5135205946528
4799 1199.75 303.51343481322
4800 1200 303.5133480681096
4801 1200.25 303.5132600108313
4802 1200.5 303.5131705807108
4803 1200.75 303.513079822405
4804 1201 303.5129877045717
4805 1201.25 303.5128943200356
4806 1201.5 303.5127998228224
4807 1201.75 303.512704317068
4808 1202 303.5126077285465
4809 1202.25 303.512510290204
4810 1202.5 303.5124123693428
4811 1202.75 303.5123138642924
4812 1203 303.5122150156143
4813 1203.25 303.5121161420809
4814 1203.5 303.5120172217817
4815 1203.75 303.5119184889618
4816 1204 303.5118200784675
4817 1204.25 303.511722107062
4818 1204.5 303.5116245104028
4819 1204.75 303.5115275093468
4820 1205 303.5114312668733
4821 1205.25 303.5113355545725
4822 1205.5 303.511240284526
4823 1205.75 303.5111453771073
4824 1206 303.5110509021671
4825 1206.25 303.5109569183426
4826 1206.5 303.5108636146817
4827 1206.75 303.5107711176473
4828 1207 303.5106795368716
4829 1207.25 303.5105889729477
4830 1207.5 303.5104995367161
4831 1207.75 303.5104111980928
4832 1208 303.5103239586463
4833 1208.25 303.5102379281197
4834 1208.5 303.5101531344668
4835 1208.75 303.5100695000118
4836 1209 303.509987135686
4837 1209.25 303.5099060811756
4838 1209.5 303.5098261829044
4839 1209.75 303.5097475710834
4840 1210 303.5096701983222
4841 1210.25 303.5095940701539
4842 1210.5 303.5095189920772
4843 1210.75 303.5094450455534
4844 1211 303.5093722588169
4845 1211.25 303.5093005085697
4846 1211.5 303.509229725099
4847 1211.75 303.5091597207439
4848 1212 303.5090904066451
4849 1212.25 303.5090216553156
4850 1212.5 303.5089533803265
4851 1212.75 303.5088854015354
4852 1213 303.5088177381624
4853 1213.25 303.5087500300351
4854 1213.5 303.5086820985341
4855 1213.75 303.5086136871448
4856 1214 303.508544688804
4857 1214.25 303.5084751353506
4858 1214.5 303.5084049062943
4859 1214.75 303.5083340457123
4860 1215 303.508262431792
4861 1215.25 303.5081897524938
4862 1215.5 303.5081159936733
4863 1215.75 303.5080412628187
4864 1216 303.507965203013
4865 1216.25 303.5078879439784
4866 1216.5 303.5078097760812
4867 1216.75 303.5077305819257
4868 1217 303.5076503318764
4869 1217.25 303.5075687887756
4870 1217.5 303.5074862205442
4871 1217.75 303.5074030299463
4872 1218 303.507318811352
4873 1218.25 303.5072338577103
4874 1218.5 303.5071485104249
4875 1218.75 303.5070624902758
4876 1219 303.5069761437342
4877 1219.25 303.5068898419389
4878 1219.5 303.5068034035911
4879 1219.75 303.5067171286517
4880 1220 303.5066312770605
4881 1220.25 303.5065458812011
4882 1220.5 303.5064611306881
4883 1220.75 303.5063769695423
4884 1221 303.506293215059
4885 1221.25 303.5062096595234
4886 1221.5 303.5061261815304
4887 1221.75 303.5060428089836
4888 1222 303.5059595815751
4889 1222.25 303.5058764781173
4890 1222.5 303.5057934529389
4891 1222.75 303.5057104108581
4892 1223 303.5056274690368
4893 1223.25 303.5055447221603
4894 1223.5 303.5054621932426
4895 1223.75 303.5053798227743
4896 1224 303.5052976500741
4897 1224.25 303.5052158093999
4898 1224.5 303.5051342891827
4899 1224.75 303.5050532410988
4900 1225 303.5049727771141
4901 1225.25 303.5048930019939
4902 1225.5 303.5048138419288
4903 1225.75 303.5047353748556
4904 1226 303.5046575708267
4905 1226.25 303.5045804721665
4906 1226.5 303.5045040588807
4907 1226.75 303.5044284174176
4908 1227 303.5043535078148
4909 1227.25 303.5042793737593
4910 1227.5 303.5042061202882
4911 1227.75 303.504133563538
4912 1228 303.5040614415536
4913 1228.25 303.5039897835188
4914 1228.5 303.5039184977035
4915 1228.75 303.5038474724738
4916 1229 303.5037767410947
4917 1229.25 303.503706306296
4918 1229.5 303.5036360477478
4919 1229.75 303.5035657600559
4920 1230 303.5034952508785
4921 1230.25 303.5034245168975
4922 1230.5 303.503353551087
4923 1230.75 303.5032822554082
4924 1231 303.5032105512481
4925 1231.25 303.503138357462
4926 1231.5 303.5030655458573
4927 1231.75 303.5029920120168
4928 1232 303.5029176401631
4929 1232.25 303.5028423718744
4930 1232.5 303.5027659654693
4931 1232.75 303.5026882777577
4932 1233 303.5026092989295
4933 1233.25 303.5025286030133
4934 1233.5 303.5024462519396
4935 1233.75 303.5023625580005
4936 1234 303.5022769600288
4937 1234.25 303.5021894827264
4938 1234.5 303.502100310653
4939 1234.75 303.5020087388115
4940 1235 303.5019146201911
4941 1235.25 303.5018177806806
4942 1235.5 303.5017184781331
4943 1235.75 303.5016158778326
4944 1236 303.5015099279052
4945 1236.25 303.5014010906929
4946 1236.5 303.5012883206371
4947 1236.75 303.5011718231769
4948 1237 303.5010523117889
4949 1237.25 303.5009289231835
4950 1237.5 303.5008020164162
4951 1237.75 303.5006723645358
4952 1238 303.5005392653869
4953 1238.25 303.5004031609283
4954 1238.5 303.5002642747548
4955 1238.75 303.5001232365807
4956 1239 303.4999795020158
4957 1239.25 303.4998334012935
4958 1239.5 303.4996855601916
4959 1239.75 303.4995354121493
4960 1240 303.4993834219931
4961 1240.25 303.4992297867283
4962 1240.5 303.4990750057495
4963 1240.75 303.4989188237649
4964 1241 303.4987616960164
4965 1241.25 303.4986041270287
4966 1241.5 303.4984459372544
4967 1241.75 303.4982872819831
4968 1242 303.4981281019047
4969 1242.25 303.4979685558225
4970 1242.5 303.4978085860746
4971 1242.75 303.4976485008744
4972 1243 303.4974886688636
4973 1243.25 303.4973293790573
4974 1243.5 303.4971709519756
4975 1243.75 303.4970136099182
4976 1244 303.4968572718685
4977 1244.25 303.4967022352687
4978 1244.5 303.4965488461954
4979 1244.75 303.496397246032
4980 1245 303.4962474769902
4981 1245.25 303.4960996537894
4982 1245.5 303.4959538518733
4983 1245.75 303.4958100179284
4984 1246 303.495668122984
4985 1246.25 303.4955282590865
4986 1246.5 303.4953904673221
4987 1246.75 303.4952548872517
4988 1247 303.4951221124529
4989 1247.25 303.4949917684103
4990 1247.5 303.4948630267124
4991 1247.75 303.4947368830545
4992 1248 303.4946129023587
4993 1248.25 303.4944903036996
4994 1248.5 303.4943700438847
4995 1248.75 303.49425176576
4996 1249 303.4941344934418
4997 1249.25 303.4940192568159
4998 1249.5 303.4939055328862
4999 1249.75 303.4937925636635
5000 1250 303.4936811183473
5001 1250.25 303.4935706980963
5002 1250.5 303.4934604400504
5003 1250.75 303.4933509581792
5004 1251 303.4932416547013
5005 1251.25 303.4931319628942
5006 1251.5 303.4930224025438
5007 1251.75 303.4929126971502
5008 1252 303.4928026266809
5009 1252.25 303.492692646413
5010 1252.5 303.4925825063553
5011 1252.75 303.4924719127914
5012 1253 303.4923610522856
5013 1253.25 303.4922494691902
5014 1253.5 303.4921367554045
5015 1253.75 303.4920232243781
5016 1254 303.4919087132634
5017 1254.25 303.4917932694558
5018 1254.5 303.4916768461908
5019 1254.75 303.4915595048856
5020 1255 303.4914414335294
5021 1255.25 303.4913225167967
5022 1255.5 303.4912026967512
5023 1255.75 303.4910819822847
5024 1256 303.4909601945749
5025 1256.25 303.4908373307628
5026 1256.5 303.4907136519726
5027 1256.75 303.4905888569634
5028 1257 303.4904629501489
5029 1257.25 303.4903362011572
5030 1257.5 303.4902084143713
5031 1257.75 303.4900798323063
5032 1258 303.4899504568392
5033 1258.25 303.4898202145217
5034 1258.5 303.4896885231229
5035 1258.75 303.4895553503084
5036 1259 303.4894209780307
5037 1259.25 303.4892850017243
5038 1259.5 303.4891473845925
5039 1259.75 303.4890079937239
5040 1260 303.488867122892
5041 1260.25 303.4887242595345
5042 1260.5 303.4885793720879
5043 1260.75 303.4884329055889
5044 1261 303.4882844726289
5045 1261.25 303.4881345824641
5046 1261.5 303.4879835608941
5047 1261.75 303.4878318515667
5048 1262 303.4876791840926
5049 1262.25 303.4875256530344
5050 1262.5 303.4873712065913
5051 1262.75 303.4872159969466
5052 1263 303.4870600053064
5053 1263.25 303.4869035533424
5054 1263.5 303.4867469413186
5055 1263.75 303.4865902256199
5056 1264 303.4864334710847
5057 1264.25 303.4862766815554
5058 1264.5 303.486119976585
5059 1264.75 303.4859634371969
5060 1265 303.4858071840364
5061 1265.25 303.4856513881477
5062 1265.5 303.4854962474748
5063 1265.75 303.4853416592782
5064 1266 303.4851875953314
5065 1266.25 303.4850340307405
5066 1266.5 303.484881052882
5067 1266.75 303.4847287066484
5068 1267 303.4845770148104
5069 1267.25 303.4844262041795
5070 1267.5 303.4842763873635
5071 1267.75 303.4841278370137
5072 1268 303.4839807048541
5073 1268.25 303.4838349608718
5074 1268.5 303.4836911953645
5075 1268.75 303.4835496085911
5076 1269 303.4834098912169
5077 1269.25 303.4832726748914
5078 1269.5 303.4831379274509
5079 1269.75 303.4830052878706
5080 1270 303.4828746569711
5081 1270.25 303.482746373085
5082 1270.5 303.4826202340277
5083 1270.75 303.4824956955682
5084 1271 303.4823731316372
5085 1271.25 303.4822522945856
5086 1271.5 303.4821328152249
5087 1271.75 303.4820149516057
5088 1272 303.4818984677642
5089 1272.25 303.4817830759234
5090 1272.5 303.4816690614959
5091 1272.75 303.4815562219498
5092 1273 303.481444225993
5093 1273.25 303.4813335152984
5094 1273.5 303.4812239697973
5095 1273.75 303.4811152970595
5096 1274 303.481007950293
5097 1274.25 303.4809017452358
5098 1274.5 303.4807963556054
5099 1274.75 303.4806918973011
5100 1275 303.4805881011094
5101 1275.25 303.4804846788399
5102 1275.5 303.4803816159299
5103 1275.75 303.4802787749221
5104 1276 303.4801760268751
5105 1276.25 303.48007319865
5106 1276.5 303.4799699657042
5107 1276.75 303.4798661745585
5108 1277 303.4797618391302
5109 1277.25 303.4796567407063
5110 1277.5 303.4795508150036
5111 1277.75 303.479444182654
5112 1278 303.4793366041368
5113 1278.25 303.4792281969896
5114 1278.5 303.479119195501
5115 1278.75 303.4790100035946
5116 1279 303.4789009055901
5117 1279.25 303.4787923189262
5118 1279.5 303.4786844331384
5119 1279.75 303.4785772567633
5120 1280 303.4784708781669
5121 1280.25 303.4783652896167
5122 1280.5 303.4782604278307
5123 1280.75 303.4781560863141
5124 1281 303.4780522661096
5125 1281.25 303.4779489558165
5126 1281.5 303.4778457904938
5127 1281.75 303.4777428416675
5128 1282 303.477640032955
5129 1282.25 303.4775373743347
5130 1282.5 303.4774348018665
5131 1282.75 303.4773324173251
5132 1283 303.4772302215068
5133 1283.25 303.4771282564542
5134 1283.5 303.4770265128969
5135 1283.75 303.4769250400668
5136 1284 303.4768237889485
5137 1284.25 303.4767227964496
5138 1284.5 303.4766221582694
5139 1284.75 303.476521892257
5140 1285 303.4764221078928
5141 1285.25 303.4763228255391
5142 1285.5 303.4762240383292
5143 1285.75 303.476125707079
5144 1286 303.4760278719145
5145 1286.25 303.4759304876784
5146 1286.5 303.4758335801696
5147 1286.75 303.4757371113453
5148 1287 303.4756410255297
5149 1287.25 303.4755452440257
5150 1287.5 303.4754496746093
5151 1287.75 303.4753541957409
5152 1288 303.4752586037721
5153 1288.25 303.4751627738494
5154 1288.5 303.4750665331013
5155 1288.75 303.4749698582769
5156 1289 303.4748728689435
5157 1289.25 303.4747755050281
5158 1289.5 303.4746777017391
5159 1289.75 303.4745796947063
5160 1290 303.4744817144058
5161 1290.25 303.4743836294455
5162 1290.5 303.4742856323639
5163 1290.75 303.4741877261642
5164 1291 303.4740898101016
5165 1291.25 303.4739918862027
5166 1291.5 303.4738939376608
5167 1291.75 303.4737962030237
5168 1292 303.4736987783648
5169 1292.25 303.4736016762708
5170 1292.5 303.4735050538933
5171 1292.75 303.4734089208123
5172 1293 303.4733129785759
5173 1293.25 303.4732173172609
5174 1293.5 303.4731218107169
5175 1293.75 303.4730263672254
5176 1294 303.4729308283491
5177 1294.25 303.4728351806049
5178 1294.5 303.472739195935
5179 1294.75 303.4726427167721
5180 1295 303.4725456575262
5181 1295.25 303.4724479068527
5182 1295.5 303.4723492866311
5183 1295.75 303.4722496275534
5184 1296 303.4721489854724
5185 1296.25 303.4720471154826
5186 1296.5 303.471943984806
5187 1296.75 303.4718397983196
5188 1297 303.4717342867522
5189 1297.25 303.4716275184259
5190 1297.5 303.4715194823397
5191 1297.75 303.4714103798532
5192 1298 303.4713000494139
5193 1298.25 303.4711887425571
5194 1298.5 303.4710766812719
5195 1298.75 303.4709636752752
5196 1299 303.4708497585248
5197 1299.25 303.4707351013607
5198 1299.5 303.4706194351522
5199 1299.75 303.470502783351
5200 1300 303.4703852358282
5201 1300.25 303.4702670323017
5202 1300.5 303.4701479982548
5203 1300.75 303.4700280484251
5204 1301 303.469907198793
5205 1301.25 303.4697854756672
5206 1301.5 303.4696629698274
5207 1301.75 303.4695396643139
5208 1302 303.469415532159
5209 1302.25 303.4692905707331
5210 1302.5 303.4691648788857
5211 1302.75 303.4690385388478
5212 1303 303.4689117339186
5213 1303.25 303.4687845990731
5214 1303.5 303.4686574380863
5215 1303.75 303.468530219358
5216 1304 303.4684032467667
5217 1304.25 303.4682767539063
5218 1304.5 303.4681508191269
5219 1304.75 303.4680257849486
5220 1305 303.4679016767242
5221 1305.25 303.46777861823
5222 1305.5 303.4676567916322
5223 1305.75 303.4675360599179
5224 1306 303.4674166821698
5225 1306.25 303.4672985959726
5226 1306.5 303.4671814472113
5227 1306.75 303.4670658052146
5228 1307 303.4669516351852
5229 1307.25 303.4668385419006
5230 1307.5 303.4667270857096
5231 1307.75 303.4666169789888
5232 1308 303.4665077347854
5233 1308.25 303.4664000804377
5234 1308.5 303.4662938199241
5235 1308.75 303.4661885105116
5236 1309 303.4660848701681
5237 1309.25 303.4659827112608
5238 1309.5 303.4658815100414
5239 1309.75 303.4657818486385
5240 1310 303.4656835410268
5241 1310.25 303.4655860600628
5242 1310.5 303.4654900601926
5243 1310.75 303.4653951523742
5244 1311 303.4653011366697
5245 1311.25 303.4652073886773
5246 1311.5 303.4651142946497
5247 1311.75 303.4650224450346
5248 1312 303.4649313673791
5249 1312.25 303.4648405611439
5250 1312.5 303.464750634077
5251 1312.75 303.4646611931225
5252 1313 303.4645720450196
5253 1313.25 303.4644826919543
5254 1313.5 303.4643936131785
5255 1313.75 303.464304475267
5256 1314 303.4642148788595
5257 1314.25 303.4641252146974
5258 1314.5 303.464035153339
5259 1314.75 303.4639444747557
5260 1315 303.4638529563513
5261 1315.25 303.4637606151122
5262 1315.5 303.4636672208011
5263 1315.75 303.4635726864453
5264 1316 303.4634770871969
5265 1316.25 303.4633804016682
5266 1316.5 303.4632824949495
5267 1316.75 303.4631834941397
5268 1317 303.4630829823757
5269 1317.25 303.4629808812967
5270 1317.5 303.4628770654754
5271 1317.75 303.4627718118571
5272 1318 303.4626646886574
5273 1318.25 303.4625559518791
5274 1318.5 303.4624460914849
5275 1318.75 303.4623345610242
5276 1319 303.4622213477345
5277 1319.25 303.462106314063
5278 1319.5 303.4619897951683
5279 1319.75 303.4618710103704
5280 1320 303.4617500886873
5281 1320.25 303.4616270503415
5282 1320.5 303.4615024080272
5283 1320.75 303.4613753376749
5284 1321 303.4612461506783
5285 1321.25 303.461114965748
5286 1321.5 303.4609822502543
5287 1321.75 303.4608473760914
5288 1322 303.4607106328743
5289 1322.25 303.4605725770426
5290 1322.5 303.4604325696163
5291 1322.75 303.4602910153328
5292 1323 303.4601482217222
5293 1323.25 303.4600046908154
5294 1323.5 303.4598600552994
5295 1323.75 303.4597145559593
5296 1324 303.4595683044728
5297 1324.25 303.4594215023554
5298 1324.5 303.4592740188526
5299 1324.75 303.4591260818364
5300 1325 303.4589777852718
5301 1325.25 303.458829274534
5302 1325.5 303.4586806063383
5303 1325.75 303.4585319561577
5304 1326 303.4583834045595
5305 1326.25 303.4582349995117
5306 1326.5 303.4580867296185
5307 1326.75 303.4579387690964
5308 1327 303.4577912411892
5309 1327.25 303.457644183094
5310 1327.5 303.4574978353605
5311 1327.75 303.4573522858153
5312 1328 303.4572074426292
5313 1328.25 303.4570635689932
5314 1328.5 303.4569206406582
5315 1328.75 303.456778685356
5316 1329 303.4566375169752
5317 1329.25 303.4564973765047
5318 1329.5 303.4563584821241
5319 1329.75 303.4562210221883
5320 1330 303.4560851812473
5321 1330.25 303.4559511289369
5322 1330.5 303.455818917405
5323 1330.75 303.4556884932566
5324 1331 303.4555598645646
5325 1331.25 303.4554330101375
5326 1331.5 303.4553080476266
5327 1331.75 303.4551849539873
5328 1332 303.4550636595447
5329 1332.25 303.4549440417621
5330 1332.5 303.4548260468035
5331 1332.75 303.4547095389696
5332 1333 303.4545944576845
5333 1333.25 303.4544806126183
5334 1333.5 303.4543679825554
5335 1333.75 303.454256648667
5336 1334 303.4541462748634
5337 1334.25 303.4540365443878
5338 1334.5 303.4539276333575
5339 1334.75 303.4538193061754
5340 1335 303.4537113592015
5341 1335.25 303.4536038873802
5342 1335.5 303.4534967722469
5343 1335.75 303.4533899070815
5344 1336 303.4532832858943
5345 1336.25 303.4531768470233
5346 1336.5 303.4530704492082
5347 1336.75 303.4529639793676
5348 1337 303.4528573573033
5349 1337.25 303.452750521919
5350 1337.5 303.4526435476228
5351 1337.75 303.4525362513078
5352 1338 303.4524286689432
5353 1338.25 303.4523209863796
5354 1338.5 303.452212902328
5355 1338.75 303.4521044756881
5356 1339 303.4519957633959
5357 1339.25 303.4518870208522
5358 1339.5 303.4517779956421
5359 1339.75 303.4516687845185
5360 1340 303.4515595760141
5361 1340.25 303.4514502103914
5362 1340.5 303.4513408239227
5363 1340.75 303.4512315584465
5364 1341 303.4511222500844
5365 1341.25 303.4510131027177
5366 1341.5 303.4509043637102
5367 1341.75 303.4507961869115
5368 1342 303.4506884723544
5369 1342.25 303.4505813989588
5370 1342.5 303.4504750627866
5371 1342.75 303.4503694683941
5372 1343 303.4502646380382
5373 1343.25 303.4501605240787
5374 1343.5 303.4500570472865
5375 1343.75 303.4499541761499
5376 1344 303.4498519681546
5377 1344.25 303.4497504453843
5378 1344.5 303.4496495482257
5379 1344.75 303.4495493650977
5380 1345 303.4494498826418
5381 1345.25 303.4493510573503
5382 1345.5 303.4492529089517
5383 1345.75 303.4491554480682
5384 1346 303.449058561035
5385 1346.25 303.4489622699259
5386 1346.5 303.4488665794805
5387 1346.75 303.4487714557536
5388 1347 303.4486768907419
5389 1347.25 303.4485828677091
5390 1347.5 303.4484893306937
5391 1347.75 303.4483961776457
5392 1348 303.4483033884858
5393 1348.25 303.4482108969825
5394 1348.5 303.4481186025124
5395 1348.75 303.448026318056
5396 1349 303.447933899949
5397 1349.25 303.4478413410295
5398 1349.5 303.4477487076751
5399 1349.75 303.4476560638596
5400 1350 303.4475634118084
5401 1350.25 303.4474706269692
5402 1350.5 303.4473776663635
5403 1350.75 303.4472845535157
5404 1351 303.4471911907318
5405 1351.25 303.4470975532102
5406 1351.5 303.447003665133
5407 1351.75 303.4469093756038
5408 1352 303.4468147636053
5409 1352.25 303.4467200084058
5410 1352.5 303.446625106491
5411 1352.75 303.446530114488
5412 1353 303.4464349802875
5413 1353.25 303.4463393908884
5414 1353.5 303.4462433630751
5415 1353.75 303.4461470202427
5416 1354 303.4460504221474
5417 1354.25 303.4459537169265
5418 1354.5 303.4458570297593
5419 1354.75 303.4457603400236
5420 1355 303.4456638146178
5421 1355.25 303.4455675414497
5422 1355.5 303.4454715877462
5423 1355.75 303.4453761445704
5424 1356 303.4452812756851
5425 1356.25 303.4451870456215
5426 1356.5 303.4450934291131
5427 1356.75 303.4450002241818
5428 1357 303.4449074120442
5429 1357.25 303.4448150066405
5430 1357.5 303.4447229352412
5431 1357.75 303.444631173016
5432 1358 303.4445396589831
5433 1358.25 303.4444482838775
5434 1358.5 303.4443569855836
5435 1358.75 303.4442656837899
5436 1359 303.4441743515515
5437 1359.25 303.4440829776133
5438 1359.5 303.4439915771105
5439 1359.75 303.4439001074584
5440 1360 303.4438084778736
5441 1360.25 303.4437166300767
5442 1360.5 303.4436246259016
5443 1360.75 303.4435325017172
5444 1361 303.4434402447244
5445 1361.25 303.4433477913647
5446 1361.5 303.4432550415686
5447 1361.75 303.4431619196088
5448 1362 303.4430683588702
5449 1362.25 303.4429743591297
5450 1362.5 303.4428798552463
5451 1362.75 303.4427848008455
5452 1363 303.4426890948943
5453 1363.25 303.4425926311054
5454 1363.5 303.4424952688454
5455 1363.75 303.4423969618082
5456 1364 303.4422975686716
5457 1364.25 303.4421970707658
5458 1364.5 303.4420953734764
5459 1364.75 303.4419924718595
5460 1365 303.4418882201086
5461 1365.25 303.4417822435815
5462 1365.5 303.4416745682911
5463 1365.75 303.4415654359668
5464 1366 303.4414543961818
5465 1366.25 303.4413415564719
5466 1366.5 303.4412272241599
5467 1366.75 303.4411109811014
5468 1367 303.4409930207955
5469 1367.25 303.4408737104158
5470 1367.5 303.44075263136
5471 1367.75 303.4406299086766
5472 1368 303.4405057276527
5473 1368.25 303.4403795956001
5474 1368.5 303.4402516389952
5475 1368.75 303.4401221858672
5476 1369 303.4399910016379
5477 1369.25 303.4398579708154
5478 1369.5 303.439722817669
5479 1369.75 303.4395857524799
5480 1370 303.4394472125356
5481 1370.25 303.4393070198119
5482 1370.5 303.4391653651375
5483 1370.75 303.439022430002
5484 1371 303.4388779355664
5485 1371.25 303.4387320701186
5486 1371.5 303.4385852594529
5487 1371.75 303.4384374700028
5488 1372 303.4382889295223
5489 1372.25 303.4381398461631
5490 1372.5 303.437990015392
5491 1372.75 303.4378394630908
5492 1373 303.4376883372757
5493 1373.25 303.4375366440553
5494 1373.5 303.4373845959333
5495 1373.75 303.4372323631459
5496 1374 303.4370801747196
5497 1374.25 303.4369281070724
5498 1374.5 303.4367760938657
5499 1374.75 303.4366241089281
5500 1375 303.4364723585233
5501 1375.25 303.4363209958985
5502 1375.5 303.4361700937529
5503 1375.75 303.4360201431979
5504 1376 303.4358713135873
5505 1376.25 303.4357236471543
5506 1376.5 303.4355767624413
5507 1376.75 303.4354307238494
5508 1377 303.435286007831
5509 1377.25 303.4351425952522
5510 1377.5 303.4350001988108
5511 1377.75 303.4348595664386
5512 1378 303.434720671269
5513 1378.25 303.4345835082045
5514 1378.5 303.4344475490968
5515 1378.75 303.434313501729
5516 1379 303.434181132734
5517 1379.25 303.4340499409632
5518 1379.5 303.433920655246
5519 1379.75 303.433793110709
5520 1380 303.4336671602871
5521 1380.25 303.4335427739764
5522 1380.5 303.4334197974617
5523 1380.75 303.4332980734231
5524 1381 303.4331768549579
5525 1381.25 303.4330562092971
5526 1381.5 303.4329360580692
5527 1381.75 303.4328164340388
5528 1382 303.4326972789973
5529 1382.25 303.4325785131068
5530 1382.5 303.4324601384112
5531 1382.75 303.4323420055658
5532 1383 303.4322240603416
5533 1383.25 303.4321061725672
5534 1383.5 303.4319886326246
5535 1383.75 303.431871202201
5536 1384 303.4317535378448
5537 1384.25 303.4316360367721
5538 1384.5 303.4315184473993
5539 1384.75 303.4314005330148
5540 1385 303.4312826836839
5541 1385.25 303.431164673459
5542 1385.5 303.431046121767
5543 1385.75 303.4309269429484
5544 1386 303.4308067016696
5545 1386.25 303.4306852197661
5546 1386.5 303.4305625859366
5547 1386.75 303.430438839576
5548 1387 303.4303138918356
5549 1387.25 303.4301877843363
5550 1387.5 303.430060389747
5551 1387.75 303.429931604333
5552 1388 303.4298014981283
5553 1388.25 303.4296700529702
5554 1388.5 303.4295373658376
5555 1388.75 303.4294035921433
5556 1389 303.4292685868078
5557 1389.25 303.429132317521
5558 1389.5 303.4289949726776
5559 1389.75 303.4288562525796
5560 1390 303.4287162271161
5561 1390.25 303.4285752104821
5562 1390.5 303.4284327949318
5563 1390.75 303.4282892175998
5564 1391 303.4281447738171
5565 1391.25 303.4279990239174
5566 1391.5 303.4278521567936
5567 1391.75 303.4277045826958
5568 1392 303.4275561063386
5569 1392.25 303.427406966273
5570 1392.5 303.4272575020224
5571 1392.75 303.4271074704634
5572 1393 303.4269569906621
5573 1393.25 303.4268062500577
5574 1393.5 303.4266549352591
5575 1393.75 303.4265029928821
5576 1394 303.4263504976097
5577 1394.25 303.426197082631
5578 1394.5 303.4260426541719
5579 1394.75 303.4258872924524
5580 1395 303.4257307327985
5581 1395.25 303.4255729480099
5582 1395.5 303.4254139584119
5583 1395.75 303.4252540324261
5584 1396 303.4250930750798
5585 1396.25 303.4249312711765
5586 1396.5 303.4247688666359
5587 1396.75 303.4246059349516
5588 1397 303.4244427573195
5589 1397.25 303.4242795846375
5590 1397.5 303.4241165411866
5591 1397.75 303.4239538774328
5592 1398 303.4237917723017
5593 1398.25 303.4236304223711
5594 1398.5 303.4234697419179
5595 1398.75 303.4233098279105
5596 1399 303.4231507142438
5597 1399.25 303.422992603783
5598 1399.5 303.4228357429569
5599 1399.75 303.4226803442141
5600 1400 303.4225263816282
5601 1400.25 303.4223741368911
5602 1400.5 303.4222236388304
5603 1400.75 303.4220748745948
5604 1401 303.4219276661474
5605 1401.25 303.4217823260795
5606 1401.5 303.4216388840601
5607 1401.75 303.4214970065765
5608 1402 303.4213567843993
5609 1402.25 303.4212179465318
5610 1402.5 303.4210803176214
5611 1402.75 303.4209435654907
5612 1403 303.4208077596515
5613 1403.25 303.420672729824
5614 1403.5 303.4205383980497
5615 1403.75 303.4204045453017
5616 1404 303.4202713204203
5617 1404.25 303.4201386240793
5618 1404.5 303.4200064394168
5619 1404.75 303.4198746282068
5620 1405 303.4197432814336
5621 1405.25 303.4196122996776
5622 1405.5 303.4194815989343
5623 1405.75 303.4193509623885
5624 1406 303.419220206776
5625 1406.25 303.4190891023954
5626 1406.5 303.4189575715749
5627 1406.75 303.4188254033713
5628 1407 303.4186925201853
5629 1407.25 303.4185589786976
5630 1407.5 303.4184250297122
5631 1407.75 303.4182906070217
5632 1408 303.4181556023989
5633 1408.25 303.4180200392074
5634 1408.5 303.417884078858
5635 1408.75 303.4177478054959
5636 1409 303.4176112682057
5637 1409.25 303.417474599573
5638 1409.5 303.4173380158925
5639 1409.75 303.4172015933357
5640 1410 303.4170653359758
5641 1410.25 303.4169291743523
5642 1410.5 303.4167931643434
5643 1410.75 303.4166573862514
5644 1411 303.4165219365011
5645 1411.25 303.4163868908929
5646 1411.5 303.4162523112144
5647 1411.75 303.4161182909459
5648 1412 303.4159848197444
5649 1412.25 303.4158519726535
5650 1412.5 303.4157197603849
5651 1412.75 303.4155881092059
5652 1413 303.4154571237086
5653 1413.25 303.4153267376515
5654 1413.5 303.4151968111154
5655 1413.75 303.4150674218385
5656 1414 303.4149384538561
5657 1414.25 303.4148097900962
5658 1414.5 303.4146816115191
5659 1414.75 303.4145539087429
5660 1415 303.4144265612606
5661 1415.25 303.4142997437716
5662 1415.5 303.4141734437086
5663 1415.75 303.4140476359095
5664 1416 303.4139225282734
5665 1416.25 303.4137981935111
5666 1416.5 303.413674600028
5667 1416.75 303.4135518158442
5668 1417 303.4134298049492
5669 1417.25 303.4133084768864
5670 1417.5 303.413188113447
5671 1417.75 303.4130688060068
5672 1418 303.4129504556086
5673 1418.25 303.4128333001519
5674 1418.5 303.4127174453927
5675 1418.75 303.4126030063754
5676 1419 303.4124897932124
5677 1419.25 303.4123779609008
5678 1419.5 303.4122673439779
5679 1419.75 303.412157661026
5680 1420 303.4120490999807
5681 1420.25 303.4119415288129
5682 1420.5 303.4118347018635
5683 1420.75 303.4117288148122
5684 1421 303.4116236503812
5685 1421.25 303.4115189027361
5686 1421.5 303.4114146453044
5687 1421.75 303.4113108422956
5688 1422 303.4112074984623
5689 1422.25 303.411104520701
5690 1422.5 303.4110020494022
5691 1422.75 303.4108999624625
5692 1423 303.4107981272364
5693 1423.25 303.4106965786179
5694 1423.5 303.4105953351797
5695 1423.75 303.4104943171515
5696 1424 303.4103936563915
5697 1424.25 303.41029325424
5698 1424.5 303.4101930318181
5699 1424.75 303.410092871417
5700 1425 303.4099927409221
5701 1425.25 303.4098926217842
5702 1425.5 303.409792460387
5703 1425.75 303.4096922851211
5704 1426 303.4095920522373
5705 1426.25 303.4094917143715
5706 1426.5 303.4093912398559
5707 1426.75 303.4092904325406
5708 1427 303.4091892793295
5709 1427.25 303.4090878635886
5710 1427.5 303.4089860022442
5711 1427.75 303.4088837736016
5712 1428 303.4087810600587
5713 1428.25 303.4086777622206
5714 1428.5 303.4085736833158
5715 1428.75 303.4084687380171
5716 1429 303.4083632164064
5717 1429.25 303.4082569319958
5718 1429.5 303.4081498679406
5719 1429.75 303.4080420536395
5720 1430 303.407933510505
5721 1430.25 303.4078242884713
5722 1430.5 303.4077144411602
5723 1430.75 303.4076041311501
5724 1431 303.4074933652263
5725 1431.25 303.4073821494257
5726 1431.5 303.4072705321916
5727 1431.75 303.4071585557315
5728 1432 303.4070460874062
5729 1432.25 303.4069333727913
5730 1432.5 303.4068206690814
5731 1432.75 303.4067078544636
5732 1433 303.4065951386094
5733 1433.25 303.4064827835906
5734 1433.5 303.406370624283
5735 1433.75 303.4062587934197
5736 1434 303.4061473820679
5737 1434.25 303.406036243916
5738 1434.5 303.405925482117
5739 1434.75 303.4058151130332
5740 1435 303.4057050370504
5741 1435.25 303.4055953081852
5742 1435.5 303.4054859258554
5743 1435.75 303.4053769238707
5744 1436 303.4052682459078
5745 1436.25 303.4051598890427
5746 1436.5 303.4050518235554
5747 1436.75 303.4049438483597
5748 1437 303.4048358217958
5749 1437.25 303.4047276968022
5750 1437.5 303.4046193436412
5751 1437.75 303.4045107725131
5752 1438 303.404401829717
5753 1438.25 303.4042924032076
5754 1438.5 303.404182294779
5755 1438.75 303.4040713837366
5756 1439 303.4039595801775
5757 1439.25 303.4038466375514
5758 1439.5 303.4037325369806
5759 1439.75 303.4036170857271
5760 1440 303.4035002538272
5761 1440.25 303.4033821661839
5762 1440.5 303.4032626233094
5763 1440.75 303.4031415271622
5764 1441 303.4030188779508
5765 1441.25 303.402894508769
5766 1441.5 303.4027682454863
5767 1441.75 303.4026399483637
5768 1442 303.4025095686782
5769 1442.25 303.4023771466972
5770 1442.5 303.4022424434989
5771 1442.75 303.4021054216731
5772 1443 303.4019662763395
5773 1443.25 303.4018250111178
5774 1443.5 303.4016816922562
5775 1443.75 303.4015365526874
5776 1444 303.4013895977951
5777 1444.25 303.4012409073838
5778 1444.5 303.4010906755131
5779 1444.75 303.4009391767051
5780 1445 303.40078634735
5781 1445.25 303.4006322978639
5782 1445.5 303.4004771828046
5783 1445.75 303.4003204214348
5784 1446 303.4001618833904
5785 1446.25 303.4000017842936
5786 1446.5 303.3998397728713
5787 1446.75 303.3996761245788
5788 1447 303.399511035672
5789 1447.25 303.399344974905
5790 1447.5 303.3991775848858
5791 1447.75 303.3990090872568
5792 1448 303.3988398400469
5793 1448.25 303.3986694283051
5794 1448.5 303.3984980144598
5795 1448.75 303.3983255631086
5796 1449 303.3981524442571
5797 1449.25 303.3979784730845
5798 1449.5 303.397804060523
5799 1449.75 303.3976295357079
5800 1450 303.3974552735611
5801 1450.25 303.3972813483078
5802 1450.5 303.3971080471201
5803 1450.75 303.3969354337027
5804 1451 303.3967636413892
5805 1451.25 303.3965928401618
5806 1451.5 303.3964232043856
5807 1451.75 303.3962546302251
5808 1452 303.3960876598327
5809 1452.25 303.3959222928623
5810 1452.5 303.3957585271281
5811 1452.75 303.3955960462717
5812 1453 303.3954352877777
5813 1453.25 303.3952761844901
5814 1453.5 303.3951183850274
5815 1453.75 303.394962526297
5816 1454 303.3948084404662
5817 1454.25 303.3946560733872
5818 1454.5 303.3945050203398
5819 1454.75 303.3943558009963
5820 1455 303.3942082383623
5821 1455.25 303.3940623189101
5822 1455.5 303.3939175771401
5823 1455.75 303.393774545767
5824 1456 303.3936329446619
5825 1456.25 303.3934926892084
5826 1456.5 303.3933533102784
5827 1456.75 303.3932151952016
5828 1457 303.3930781115591
5829 1457.25 303.3929419445581
5830 1457.5 303.3928062202208
5831 1457.75 303.3926714061718
5832 1458 303.3925372918645
5833 1458.25 303.3924035487813
5834 1458.5 303.3922705774441
5835 1458.75 303.3921380463346
5836 1459 303.3920058332736
5837 1459.25 303.3918736478146
5838 1459.5 303.3917419587345
5839 1459.75 303.3916106279353
5840 1460 303.3914796325506
5841 1460.25 303.3913486714568
5842 1460.5 303.391218097076
5843 1460.75 303.3910877114205
5844 1461 303.3909575078257
5845 1461.25 303.3908272621167
5846 1461.5 303.3906974808091
5847 1461.75 303.3905679913296
5848 1462 303.3904387555488
5849 1462.25 303.3903095714662
5850 1462.5 303.3901807239476
5851 1462.75 303.3900519289779
5852 1463 303.3899230200757
5853 1463.25 303.3897938140609
5854 1463.5 303.3896645626614
5855 1463.75 303.3895350655195
5856 1464 303.3894053193177
5857 1464.25 303.3892753810996
5858 1464.5 303.3891452131374
5859 1464.75 303.3890148210658
5860 1465 303.3888841811302
5861 1465.25 303.3887532492548
5862 1465.5 303.3886219569542
5863 1465.75 303.3884903757927
5864 1466 303.3883586274003
5865 1466.25 303.3882266903971
5866 1466.5 303.3880947296128
5867 1466.75 303.3879628860452
5868 1467 303.3878313671872
5869 1467.25 303.3877000839856
5870 1467.5 303.3875692090941
5871 1467.75 303.3874388194725
5872 1468 303.3873089699239
5873 1468.25 303.3871794019074
5874 1468.5 303.3870500759353
5875 1468.75 303.3869208993331
5876 1469 303.3867919455373
5877 1469.25 303.3866628464567
5878 1469.5 303.3865335739732
5879 1469.75 303.3864039515518
5880 1470 303.3862740139519
5881 1470.25 303.3861431854111
5882 1470.5 303.3860116018723
5883 1470.75 303.3858792405744
5884 1471 303.3857463250359
5885 1471.25 303.3856124395146
5886 1471.5 303.3854777621488
5887 1471.75 303.3853424028761
5888 1472 303.3852067717265
5889 1472.25 303.3850707517981
5890 1472.5 303.3849348228829
5891 1472.75 303.3847994544207
5892 1473 303.3846650503199
5893 1473.25 303.3845319934381
5894 1473.5 303.3844006738072
5895 1473.75 303.3842712708338
5896 1474 303.3841437215855
5897 1474.25 303.3840183987382
5898 1474.5 303.3838955426116
5899 1474.75 303.3837753083123
5900 1475 303.3836573592643
5901 1475.25 303.3835416356027
5902 1475.5 303.3834278163342
5903 1475.75 303.3833157459908
5904 1476 303.3832051867637
5905 1476.25 303.3830963724135
5906 1476.5 303.3829891326906
5907 1476.75 303.3828833397115
5908 1477 303.3827787299802
5909 1477.25 303.3826754834083
5910 1477.5 303.3825734637333
5911 1477.75 303.3824723765563
5912 1478 303.3823721514511
5913 1478.25 303.3822724226364
5914 1478.5 303.3821728701873
5915 1478.75 303.3820732927855
5916 1479 303.3819736521243
5917 1479.25 303.3818739416774
5918 1479.5 303.3817740746948
5919 1479.75 303.3816740473208
5920 1480 303.3815736460695
5921 1480.25 303.3814729215635
5922 1480.5 303.3813718447695
5923 1480.75 303.3812705069057
5924 1481 303.3811687310371
5925 1481.25 303.3810665997588
5926 1481.5 303.3809642556055
5927 1481.75 303.3808613594517
5928 1482 303.38075795064
5929 1482.25 303.3806540952583
5930 1482.5 303.3805499625963
5931 1482.75 303.3804455138021
5932 1483 303.3803408222137
5933 1483.25 303.3802359637517
5934 1483.5 303.3801310325062
5935 1483.75 303.3800261438433
5936 1484 303.3799213227533
5937 1484.25 303.3798165271215
5938 1484.5 303.3797117902541
5939 1484.75 303.3796072180093
5940 1485 303.3795029653103
5941 1485.25 303.379399093851
5942 1485.5 303.3792956376207
5943 1485.75 303.379192590875
5944 1486 303.3790901214206
5945 1486.25 303.3789882532186
5946 1486.5 303.3788870470281
5947 1486.75 303.3787865276705
5948 1487 303.3786866817212
5949 1487.25 303.3785874784043
5950 1487.5 303.3784888486339
5951 1487.75 303.3783907177276
5952 1488 303.3782929472092
5953 1488.25 303.3781955240597
5954 1488.5 303.378098305294
5955 1488.75 303.378001166649
5956 1489 303.3779042444448
5957 1489.25 303.3778075119869
5958 1489.5 303.3777108939805
5959 1489.75 303.3776141873433
5960 1490 303.3775174138908
5961 1490.25 303.3774206318627
5962 1490.5 303.3773237156459
5963 1490.75 303.3772265667423
5964 1491 303.3771291502346
5965 1491.25 303.377031432866
5966 1491.5 303.3769334332029
5967 1491.75 303.3768350940425
5968 1492 303.3767363266199
5969 1492.25 303.3766370701649
5970 1492.5 303.3765370978164
5971 1492.75 303.3764363551225
5972 1493 303.3763347994756
5973 1493.25 303.3762325749934
5974 1493.5 303.376129410975
5975 1493.75 303.3760252693581
5976 1494 303.3759202897679
5977 1494.25 303.3758140839016
5978 1494.5 303.3757067592182
5979 1494.75 303.3755985364646
5980 1495 303.3754891014035
5981 1495.25 303.3753785407814
5982 1495.5 303.3752670484053
5983 1495.75 303.3751542829398
5984 1496 303.3750403321987
5985 1496.25 303.3749251950315
5986 1496.5 303.3748090809381
5987 1496.75 303.3746918462107
5988 1497 303.3745730785444
5989 1497.25 303.3744528531709
5990 1497.5 303.3743311066781
5991 1497.75 303.3742080646681
5992 1498 303.3740833742134
5993 1498.25 303.3739572090203
5994 1498.5 303.3738299581824
5995 1498.75 303.3737012582287
5996 1499 303.3735713264381
5997 1499.25 303.3734404505126
5998 1499.5 303.3733083152904
5999 1499.75 303.3731749672946
6000 1500 303.3730404323269
6001 1500.25 303.3729049427648
6002 1500.5 303.3727681774122
6003 1500.75 303.3726302870404
6004 1501 303.3724915999622
6005 1501.25 303.372351912887
6006 1501.5 303.3722113945684
6007 1501.75 303.3720703108433
6008 1502 303.3719283654393
6009 1502.25 303.3717856293766
6010 1502.5 303.3716421551269
6011 1502.75 303.3714980046749
6012 1503 303.3713527488598
6013 1503.25 303.3712064738767
6014 1503.5 303.3710593450418
6015 1503.75 303.3709118544847
6016 1504 303.3707639374846
6017 1504.25 303.3706155957368
6018 1504.5 303.3704671300138
6019 1504.75 303.3703187213446
6020 1505 303.3701706152577
6021 1505.25 303.3700227898681
6022 1505.5 303.3698754724034
6023 1505.75 303.3697287947444
6024 1506 303.3695827854539
6025 1506.25 303.3694376827395
6026 1506.5 303.3692936221026
6027 1506.75 303.3691506150753
6028 1507 303.3690090143383
6029 1507.25 303.3688690843504
6030 1507.5 303.3687310521173
6031 1507.75 303.368594703055
6032 1508 303.3684604845811
6033 1508.25 303.3683282878351
6034 1508.5 303.3681977840565
6035 1508.75 303.3680696999097
6036 1509 303.3679438767728
6037 1509.25 303.3678201670569
6038 1509.5 303.3676980804033
6039 1509.75 303.3675783430218
6040 1510 303.3674608149497
6041 1510.25 303.3673453948187
6042 1510.5 303.3672314156436
6043 1510.75 303.3671194752329
6044 1511 303.3670092695608
6045 1511.25 303.3669006933457
6046 1511.5 303.3667931714214
6047 1511.75 303.3666873396322
6048 1512 303.3665829206507
6049 1512.25 303.3664798293269
6050 1512.5 303.3663775681763
6051 1512.75 303.3662763572611
6052 1513 303.3661767091386
6053 1513.25 303.3660781838963
6054 1513.5 303.3659804646856
6055 1513.75 303.365882905287
6056 1514 303.3657859645538
6057 1514.25 303.3656892635641
6058 1514.5 303.3655926064948
6059 1514.75 303.3654956084172
6060 1515 303.3653986322943
6061 1515.25 303.3653013718682
6062 1515.5 303.3652035163224
6063 1515.75 303.3651053756419
6064 1516 303.3650065475688
6065 1516.25 303.3649068542973
6066 1516.5 303.3648060796456
6067 1516.75 303.3647043314874
6068 1517 303.3646013518475
6069 1517.25 303.3644970063968
6070 1517.5 303.3643912716599
6071 1517.75 303.3642841064872
6072 1518 303.3641754409717
6073 1518.25 303.3640653412492
6074 1518.5 303.363953873252
6075 1518.75 303.3638409888379
6076 1519 303.3637267194761
6077 1519.25 303.3636114183911
6078 1519.5 303.3634949589417
6079 1519.75 303.3633773604064
6080 1520 303.3632586686467
6081 1520.25 303.363139157626
6082 1520.5 303.3630184601066
6083 1520.75 303.3628965479334
6084 1521 303.3627733040832
6085 1521.25 303.36264897223
6086 1521.5 303.3625228626399
6087 1521.75 303.3623951411217
6088 1522 303.3622659168583
6089 1522.25 303.3621356077341
6090 1522.5 303.3620034082797
6091 1522.75 303.3618693525594
6092 1523 303.361733382028
6093 1523.25 303.3615959442991
6094 1523.5 303.3614568257215
6095 1523.75 303.3613156965699
6096 1524 303.3611729550325
6097 1524.25 303.3610288004146
6098 1524.5 303.3608837041076
6099 1524.75 303.3607373541095
6100 1525 303.3605900368052
6101 1525.25 303.360442157426
6102 1525.5 303.3602935281427
6103 1525.75 303.3601445414583
6104 1526 303.359995519822
6105 1526.25 303.3598468072414
6106 1526.5 303.3596984139539
6107 1526.75 303.3595506926756
6108 1527 303.3594037991965
6109 1527.25 303.3592576643275
6110 1527.5 303.3591122792833
6111 1527.75 303.3589676177915
6112 1528 303.3588236967164
6113 1528.25 303.3586805667824
6114 1528.5 303.358538375375
6115 1528.75 303.3583971047025
6116 1529 303.358256621234
6117 1529.25 303.3581167269356
6118 1529.5 303.3579776343451
6119 1529.75 303.3578392906293
6120 1530 303.3577015329642
6121 1530.25 303.357564598687
6122 1530.5 303.357428514158
6123 1530.75 303.357293409411
6124 1531 303.3571592613048
6125 1531.25 303.3570265794682
6126 1531.5 303.3568954425301
6127 1531.75 303.3567658927042
6128 1532 303.3566376620429
6129 1532.25 303.3565110952028
6130 1532.5 303.3563862219521
6131 1532.75 303.3562630373764
6132 1533 303.3561412107572
6133 1533.25 303.3560211977097
6134 1533.5 303.355902799832
6135 1533.75 303.3557858721366
6136 1534 303.3556699989142
6137 1534.25 303.3555555412299
6138 1534.5 303.3554422944154
6139 1534.75 303.3553301978919
6140 1535 303.3552190578473
6141 1535.25 303.3551090725824
6142 1535.5 303.3550000186036
6143 1535.75 303.3548916799529
6144 1536 303.3547842152445
6145 1536.25 303.3546775054964
6146 1536.5 303.354571511514
6147 1536.75 303.3544660565052
6148 1537 303.3543612472888
6149 1537.25 303.3542569332714
6150 1537.5 303.3541530602199
6151 1537.75 303.3540494965214
6152 1538 303.353946192561
6153 1538.25 303.3538430329639
6154 1538.5 303.3537399612225
6155 1538.75 303.3536369306972
6156 1539 303.3535339482166
6157 1539.25 303.3534310211766
6158 1539.5 303.3533282574313
6159 1539.75 303.3532254786889
6160 1540 303.3531226962007
6161 1540.25 303.3530199136727
6162 1540.5 303.3529172394272
6163 1540.75 303.3528145065757
6164 1541 303.3527118190693
6165 1541.25 303.3526092860997
6166 1541.5 303.3525070382621
6167 1541.75 303.3524049136973
6168 1542 303.3523030494816
6169 1542.25 303.3522015489563
6170 1542.5 303.352100494263
6171 1542.75 303.3519994942905
6172 1543 303.3518984140748
6173 1543.25 303.351797396737
6174 1543.5 303.3516964679052
6175 1543.75 303.3515960242106
6176 1544 303.3514963258269
6177 1544.25 303.3513975205979
6178 1544.5 303.3512996043689
6179 1544.75 303.3512026550508
6180 1545 303.3511067314913
6181 1545.25 303.3510118952432
6182 1545.5 303.3509181283948
6183 1545.75 303.3508250515216
6184 1546 303.3507323528627
6185 1546.25 303.3506399132702
6186 1546.5 303.3505479002837
6187 1546.75 303.3504564791153
6188 1547 303.3503658201775
6189 1547.25 303.3502758879379
6190 1547.5 303.3501867119826
6191 1547.75 303.3500982539585
6192 1548 303.3500105026761
6193 1548.25 303.3499233757136
6194 1548.5 303.3498368475617
6195 1548.75 303.3497509398314
6196 1549 303.3496658253695
6197 1549.25 303.3495815347223
6198 1549.5 303.3494979940002
6199 1549.75 303.3494151059376
6200 1550 303.3493329361707
6201 1550.25 303.3492514933037
6202 1550.5 303.349170808
6203 1550.75 303.3490608152346
6204 1551 303.3490479392487
6205 1551.25 303.3490685097204
6206 1551.5 303.3490988423975
6207 1551.75 303.3491953173735
6208 1552 303.3493064678007
6209 1552.25 303.349491931514
6210 1552.5 303.3496852292465
6211 1552.75 303.3499400126463
6212 1553 303.3501975949216
6213 1553.25 303.3505145767613
6214 1553.5 303.3508346470361
6215 1553.75 303.3512090064024
6216 1554 303.3515896477656
6217 1554.25 303.3520242471931
6218 1554.5 303.3524662740422
6219 1554.75 303.3529595084967
6220 1555 303.3534646995612
6221 1555.25 303.3540321687028
6222 1555.5 303.354611984157
6223 1555.75 303.3552519274617
6224 1556 303.3559064575782
6225 1556.25 303.3566229003401
6226 1556.5 303.3573547443652
6227 1556.75 303.3581526422308
6228 1557 303.3589707985486
6229 1557.25 303.3598663767822
6230 1557.5 303.3608184851097
6231 1557.75 303.36174785832
6232 1558 303.3627961788961
6233 1558.25 303.3639145875279
6234 1558.5 303.3650969657361
6235 1558.75 303.3663439267467
6236 1559 303.3676577558607
6237 1559.25 303.3690369808649
6238 1559.5 303.3704766373428
6239 1559.75 303.3719657128653
6240 1560 303.3720403804853
6241 1560.25 303.3721326248773
6242 1560.5 303.3722354823439
6243 1560.75 303.3723447661695
6244 1561 303.3724589070357
6245 1561.25 303.3725774649033
6246 1561.5 303.3727003172107
6247 1561.75 303.3728274544065
6248 1562 303.3729587567689
6249 1562.25 303.3730940286969
6250 1562.5 303.3732330060777
6251 1562.75 303.3733754284809
6252 1563 303.373521034869
6253 1563.25 303.3736695663206
6254 1563.5 303.3738207726644
6255 1563.75 303.3739744457851
6256 1564 303.3741303744694
6257 1564.25 303.3742883530777
6258 1564.5 303.3744482097661
6259 1564.75 303.3746097919035
6260 1565 303.3747729423931
6261 1565.25 303.3749375225332
6262 1565.5 303.3751034046585
6263 1565.75 303.3752704588107
6264 1566 303.3754385678979
6265 1566.25 303.3756076153047
6266 1566.5 303.375777496764
6267 1566.75 303.3759481169138
6268 1567 303.3761193876402
6269 1567.25 303.3762912205593
6270 1567.5 303.3764635353112
6271 1567.75 303.3766362579705
6272 1568 303.3768093201938
6273 1568.25 303.376982658171
6274 1568.5 303.377156209208
6275 1568.75 303.3773299158472
6276 1569 303.3775037253353
6277 1569.25 303.3776775889535
6278 1569.5 303.3778514615728
6279 1569.75 303.3780253012762
6280 1570 303.3781990691326
6281 1570.25 303.3783727289395
6282 1570.5 303.3785462470315
6283 1570.75 303.3787195911511
6284 1571 303.3788927312995
6285 1571.25 303.3790656402524
6286 1571.5 303.3792382928005
6287 1571.75 303.3794106659809
6288 1572 303.3795827383778
6289 1572.25 303.3797544902106
6290 1572.5 303.3799259032701
6291 1572.75 303.3800969604929
6292 1573 303.3802676463204
6293 1573.25 303.3804379463576
6294 1573.5 303.3806078472956
6295 1573.75 303.3807773368511
6296 1574 303.3809464036877
6297 1574.25 303.3811150373486
6298 1574.5 303.3812832282036
6299 1574.75 303.3814509673803
6300 1575 303.3816182467219
6301 1575.25 303.3817850585783
6302 1575.5 303.3819513959672
6303 1575.75 303.3821172525107
6304 1576 303.3822826224087
6305 1576.25 303.3824475003819
6306 1576.5 303.3826118816175
6307 1576.75 303.3827757617515
6308 1577 303.3829391368309
6309 1577.25 303.3831020032811
6310 1577.5 303.3832643578825
6311 1577.75 303.3834261977386
6312 1578 303.383587520267
6313 1578.25 303.3837483231652
6314 1578.5 303.3839086043954
6315 1578.75 303.3840683621751
6316 1579 303.3842275949455
6317 1579.25 303.3843863013691
6318 1579.5 303.3845444803126
6319 1579.75 303.3847021308286
6320 1580 303.3848592521515
6321 1580.25 303.3850158436793
6322 1580.5 303.3851719049657
6323 1580.75 303.3853274357138
6324 1581 303.3854824357602
6325 1581.25 303.3856369050682
6326 1581.5 303.3857908437378
6327 1581.75 303.3859442519643
6328 1582 303.3860971300499
6329 1582.25 303.3862494784055
6330 1582.5 303.3864012975337
6331 1582.75 303.3865525880231
6332 1583 303.386703350546
6333 1583.25 303.3868535858541
6334 1583.5 303.3870032947664
6335 1583.75 303.3871524781813
6336 1584 303.3873011370561
6337 1584.25 303.3874492724055
6338 1584.5 303.3875968853108
6339 1584.75 303.3877439768943
6340 1585 303.3878905483434
6341 1585.25 303.3880366008868
6342 1585.5 303.3881821357902
6343 1585.75 303.3883271543739
6344 1586 303.3884716579901
6345 1586.25 303.3886156480353
6346 1586.5 303.3887591259317
6347 1586.75 303.3889020931384
6348 1587 303.3890445511478
6349 1587.25 303.389186501483
6350 1587.5 303.3893279456857
6351 1587.75 303.3894688853294
6352 1588 303.3896093220128
6353 1588.25 303.3897492573489
6354 1588.5 303.389888692979
6355 1588.75 303.390027630564
6356 1589 303.3901660717781
6357 1589.25 303.390304018316
6358 1589.5 303.3904414718924
6359 1589.75 303.3905784342258
6360 1590 303.3907149070561
6361 1590.25 303.3908508921397
6362 1590.5 303.390986391234
6363 1590.75 303.3911214061147
6364 1591 303.3912559385667
6365 1591.25 303.3913899903819
6366 1591.5 303.391523563369
6367 1591.75 303.3916566593292
6368 1592 303.3917892800868
6369 1592.25 303.3919214274604
6370 1592.5 303.3920531032819
6371 1592.75 303.3921843093882
6372 1593 303.392315047616
6373 1593.25 303.3924453198087
6374 1593.5 303.3925751278181
6375 1593.75 303.3927044734891
6376 1594 303.392833358681
6377 1594.25 303.3929617852448
6378 1594.5 303.3930897550418
6379 1594.75 303.3932172699307
6380 1595 303.393344331773
6381 1595.25 303.3934709424319
6382 1595.5 303.3935971037615
6383 1595.75 303.3937228176292
6384 1596 303.3938480858985
6385 1596.25 303.3939729104302
6386 1596.5 303.3940972930823
6387 1596.75 303.3942212357139
6388 1597 303.3943447401853
6389 1597.25 303.3944678083525
6390 1597.5 303.3945904420724
6391 1597.75 303.3947126431943
6392 1598 303.3948344135731
6393 1598.25 303.3949557550524
6394 1598.5 303.3950766694825
6395 1598.75 303.3951971587061
6396 1599 303.3953172245612
6397 1599.25 303.3954368688864
6398 1599.5 303.3955560935138
6399 1599.75 303.3956749002777
6400 1600 303.3957932910006
6401 1600.25 303.3959112675088
6402 1600.5 303.396028831619
6403 1600.75 303.3961459851507
6404 1601 303.3962627299096
6405 1601.25 303.3963790677089
6406 1601.5 303.3964950003457
6407 1601.75 303.3966105296213
6408 1602 303.3967256573312
6409 1602.25 303.3968403852626
6410 1602.5 303.3969547152014
6411 1602.75 303.3970686489296
6412 1603 303.3971821882179
6413 1603.25 303.397295334839
6414 1603.5 303.3974080905595
6415 1603.75 303.3975204571348
6416 1604 303.3976324363276
6417 1604.25 303.397744029883
6418 1604.5 303.3978552395479
6419 1604.75 303.3979660670576
6420 1605 303.3980765141516
6421 1605.25 303.3981865825557
6422 1605.5 303.398296273991
6423 1605.75 303.3984055901826
6424 1606 303.39851453284
6425 1606.25 303.3986231036645
6426 1606.5 303.3987313043599
6427 1606.75 303.3988391366283
6428 1607 303.3989466021499
6429 1607.25 303.3990537026187
6430 1607.5 303.3991604397053
6431 1607.75 303.3992668150831
6432 1608 303.3993728304233
6433 1608.25 303.3994784873849
6434 1608.5 303.3995837876222
6435 1608.75 303.399688732787
6436 1609 303.3997933245196
6437 1609.25 303.39989756446
6438 1609.5 303.4000014542394
6439 1609.75 303.400104995483
6440 1610 303.4002081898129
6441 1610.25 303.4003110388414
6442 1610.5 303.4004135441771
6443 1610.75 303.4005157074232
6444 1611 303.4006175301735
6445 1611.25 303.4007190140197
6446 1611.5 303.4008201605458
6447 1611.75 303.4009209713321
6448 1612 303.4010214479447
6449 1612.25 303.4011215919563
6450 1612.5 303.4012214049226
6451 1612.75 303.4013208884054
6452 1613 303.4014200439427
6453 1613.25 303.401518873082
6454 1613.5 303.4016173773567
6455 1613.75 303.4017155583039
6456 1614 303.4018134174423
6457 1614.25 303.4019109562875
6458 1614.5 303.4020081763589
6459 1614.75 303.4021050791579
6460 1615 303.4022016661861
6461 1615.25 303.4022979389383
6462 1615.5 303.4023938989038
6463 1615.75 303.4024895475605
6464 1616 303.4025848863872
6465 1616.25 303.402679916857
6466 1616.5 303.4027746404323
6467 1616.75 303.4028690585695
6468 1617 303.402963172725
6469 1617.25 303.4030569843448
6470 1617.5 303.4031504948691
6471 1617.75 303.4032437057289
6472 1618 303.403336618358
6473 1618.25 303.4034292341791
6474 1618.5 303.4035215546079
6475 1618.75 303.4036135810594
6476 1619 303.4037053149318
6477 1619.25 303.4037967576332
6478 1619.5 303.4038879105534
6479 1619.75 303.4039787750776
6480 1620 303.4040693525946
6481 1620.25 303.4041596444772
6482 1620.5 303.4042496520947
6483 1620.75 303.4043393768153
6484 1621 303.4044288199976
6485 1621.25 303.4045179829952
6486 1621.5 303.4046068671542
6487 1621.75 303.4046954738193
6488 1622 303.4047838043234
6489 1622.25 303.4048718600034
6490 1622.5 303.4049596421758
6491 1622.75 303.4050471521675
6492 1623 303.4051343912905
6493 1623.25 303.4052213608529
6494 1623.5 303.4053080621537
6495 1623.75 303.405394496497
6496 1624 303.4054806651696
6497 1624.25 303.4055665694589
6498 1624.5 303.4056522106469
6499 1624.75 303.4057375900057
6500 1625 303.4058227088079
6501 1625.25 303.4059075683148
6502 1625.5 303.4059921697877
6503 1625.75 303.4060765144778
6504 1626 303.4061606036289
6505 1626.25 303.4062444384938
6506 1626.5 303.4063280203035
6507 1626.75 303.4064113502873
6508 1627 303.4064944296747
6509 1627.25 303.4065772596852
6510 1627.5 303.4066598415392
6511 1627.75 303.4067421764394
6512 1628 303.406824265599
6513 1628.25 303.4069061102123
6514 1628.5 303.406987711474
6515 1628.75 303.4070690705743
6516 1629 303.4071501886992
6517 1629.25 303.4072310670248
6518 1629.5 303.4073117067295
6519 1629.75 303.4073921089787
6520 1630 303.4074722749338
6521 1630.25 303.4075522057576
6522 1630.5 303.4076319026029
6523 1630.75 303.4077113666182
6524 1631 303.4077905989409
6525 1631.25 303.4078696007151
6526 1631.5 303.4079483730747
6527 1631.75 303.4080269171466
6528 1632 303.40810523405
6529 1632.25 303.4081833249084
6530 1632.5 303.4082611908329
6531 1632.75 303.4083388329332
6532 1633 303.4084162523105
6533 1633.25 303.4084934500648
6534 1633.5 303.4085704272924
6535 1633.75 303.4086471850761
6536 1634 303.4087237245087
6537 1634.25 303.408800046661
6538 1634.5 303.4088761526099
6539 1634.75 303.4089520434289
6540 1635 303.4090277201777
6541 1635.25 303.4091031839214
6542 1635.5 303.4091784357104
6543 1635.75 303.4092534766014
6544 1636 303.4093283076348
6545 1636.25 303.4094029298549
6546 1636.5 303.4094773442982
6547 1636.75 303.409551552
6548 1637 303.4096255539819
6549 1637.25 303.4096993512683
6550 1637.5 303.4097729448835
6551 1637.75 303.4098463358343
6552 1638 303.4099195251331
6553 1638.25 303.4099925137861
6554 1638.5 303.4100653027905
6555 1638.75 303.4101378931457
6556 1639 303.4102102858394
6557 1639.25 303.4102824818617
6558 1639.5 303.4103544821921
6559 1639.75 303.4104262878129
6560 1640 303.4104978996935
6561 1640.25 303.4105693188046
6562 1640.5 303.410640546115
6563 1640.75 303.4107115825809
6564 1641 303.4107824291593
6565 1641.25 303.410853086804
6566 1641.5 303.4109235564665
6567 1641.75 303.4109938390797
6568 1642 303.4110639355918
6569 1642.25 303.4111338469345
6570 1642.5 303.4112035740408
6571 1642.75 303.4112731178359
6572 1643 303.4113424792426
6573 1643.25 303.4114116591772
6574 1643.5 303.411480658562
6575 1643.75 303.4115494782952
6576 1644 303.4116181192922
6577 1644.25 303.4116865824531
6578 1644.5 303.4117548686729
6579 1644.75 303.4118229788464
6580 1645 303.4118909138657
6581 1645.25 303.4119586746138
6582 1645.5 303.412026261973
6583 1645.75 303.4120936768243
6584 1646 303.4121609200395
6585 1646.25 303.412227992484
6586 1646.5 303.4122948950322
6587 1646.75 303.4123616285432
6588 1647 303.4124281938727
6589 1647.25 303.4124945918762
6590 1647.5 303.4125608234037
6591 1647.75 303.4126268893021
6592 1648 303.4126927904164
6593 1648.25 303.4127585275817
6594 1648.5 303.412824101638
6595 1648.75 303.4128895134132
6596 1649 303.412954763735
6597 1649.25 303.4130198534292
6598 1649.5 303.413084783314
6599 1649.75 303.4131495542072
6600 1650 303.4132141669206
6601 1650.25 303.4132786222667
6602 1650.5 303.413342921046
6603 1650.75 303.4134070640634
6604 1651 303.4134710521144
6605 1651.25 303.413534885999
6606 1651.5 303.4135985665017
6607 1651.75 303.4136620944121
6608 1652 303.4137254705146
6609 1652.25 303.41378869559
6610 1652.5 303.4138517704142
6611 1652.75 303.4139146957613
6612 1653 303.4139774724006
6613 1653.25 303.4140401010962
6614 1653.5 303.414102582614
6615 1653.75 303.4141649177109
6616 1654 303.4142271071418
6617 1654.25 303.4142891516641
6618 1654.5 303.4143510520248
6619 1654.75 303.4144128089656
6620 1655 303.4144744232304
6621 1655.25 303.4145358955598
6622 1655.5 303.4145972266876
6623 1655.75 303.4146584173484
6624 1656 303.4147194682676
6625 1656.25 303.4147803801737
6626 1656.5 303.4148411537887
6627 1656.75 303.4149017898287
6628 1657 303.4149622890112
6629 1657.25 303.4150226520479
6630 1657.5 303.4150828796519
6631 1657.75 303.4151429725224
6632 1658 303.4152029313655
6633 1658.25 303.4152627568831
6634 1658.5 303.4153224497683
6635 1658.75 303.415382010714
6636 1659 303.4154414404144
6637 1659.25 303.4155007395512
6638 1659.5 303.4155599088118
6639 1659.75 303.4156189488749
6640 1660 303.4156778604197
6641 1660.25 303.4157366441174
6642 1660.5 303.415795300644
6643 1660.75 303.4158538306654
6644 1661 303.4159122348491
6645 1661.25 303.4159705138532
6646 1661.5 303.4160286683381
6647 1661.75 303.4160866989642
6648 1662 303.416144606381
6649 1662.25 303.4162023912402
6650 1662.5 303.4162600541887
6651 1662.75 303.4163175958714
6652 1663 303.4163750169326
6653 1663.25 303.416432318005
6654 1663.5 303.4164894997263
6655 1663.75 303.4165465627317
6656 1664 303.4166035076497
6657 1664.25 303.4166603351077
6658 1664.5 303.4167170457246
6659 1664.75 303.4167736401351
6660 1665 303.4168301189478
6661 1665.25 303.4168864827755
6662 1665.5 303.4169427322398
6663 1665.75 303.4169988679459
6664 1666 303.4170548905025
6665 1666.25 303.4171108005113
6666 1666.5 303.4171665985791
6667 1666.75 303.4172222852976
6668 1667 303.4172778612746
6669 1667.25 303.4173333270955
6670 1667.5 303.4173886833521
6671 1667.75 303.4174439306333
6672 1668 303.417499069525
6673 1668.25 303.4175541006108
6674 1668.5 303.4176090244686
6675 1668.75 303.4176638416819
6676 1669 303.4177185528187
6677 1669.25 303.4177731584537
6678 1669.5 303.4178276591605
6679 1669.75 303.4178820554983
6680 1670 303.4179363480403
6681 1670.25 303.4179905373429
6682 1670.5 303.418044623967
6683 1670.75 303.4180986084713
6684 1671 303.4181524914102
6685 1671.25 303.4182062733317
6686 1671.5 303.418259954791
6687 1671.75 303.4183135363291
6688 1672 303.4183670184938
6689 1672.25 303.4184204018246
6690 1672.5 303.4184736868652
6691 1672.75 303.4185268741499
6692 1673 303.4185799642116
6693 1673.25 303.4186329575847
6694 1673.5 303.4186858547985
6695 1673.75 303.4187386563806
6696 1674 303.4187913628527
6697 1674.25 303.4188439747433
6698 1674.5 303.4188964925681
6699 1674.75 303.4189489168435
6700 1675 303.41900124809
6701 1675.25 303.4190534868173
6702 1675.5 303.4191056335357
6703 1675.75 303.4191576887558
6704 1676 303.4192096529811
6705 1676.25 303.4192615267149
6706 1676.5 303.4193133104656
6707 1676.75 303.4193650047253
6708 1677 303.4194166099908
6709 1677.25 303.4194681267615
6710 1677.5 303.4195195555234
6711 1677.75 303.4195708967745
6712 1678 303.4196221509952
6713 1678.25 303.4196733186756
6714 1678.5 303.4197244002999
6715 1678.75 303.4197753963466
6716 1679 303.4198263072958
6717 1679.25 303.4198771336248
6718 1679.5 303.4199278758063
6719 1679.75 303.4199785343177
6720 1680 303.4200291096263
6721 1680.25 303.4200796021969
6722 1680.5 303.4201300125026
6723 1680.75 303.4201803410022
6724 1681 303.4202305881607
6725 1681.25 303.4202807544395
6726 1681.5 303.4203308402884
6727 1681.75 303.420380846174
6728 1682 303.4204307725432
6729 1682.25 303.4204806198488
6730 1682.5 303.4205303885357
6731 1682.75 303.4205800790611
6732 1683 303.4206296918637
6733 1683.25 303.4206792273868
6734 1683.5 303.4207286860751
6735 1683.75 303.4207780683668
6736 1684 303.4208273746974
6737 1684.25 303.4208766055031
6738 1684.5 303.4209257612189
6739 1684.75 303.4209748422753
6740 1685 303.4210238491021
6741 1685.25 303.4210727821269
6742 1685.5 303.4211216417709
6743 1685.75 303.4211704284661
6744 1686 303.4212191426257
6745 1686.25 303.4212677846778
6746 1686.5 303.4213163550329
6747 1686.75 303.4213648541128
6748 1687 303.4214132823282
6749 1687.25 303.4214616400913
6750 1687.5 303.421509927813
6751 1687.75 303.4215581459038
6752 1688 303.421606294766
6753 1688.25 303.4216543748095
6754 1688.5 303.4217023864346
6755 1688.75 303.421750330043
6756 1689 303.4217982060325
6757 1689.25 303.4218460148032
6758 1689.5 303.4218937567475
6759 1689.75 303.4219414322636
6760 1690 303.4219890417403
6761 1690.25 303.4220365855694
6762 1690.5 303.4220840641375
6763 1690.75 303.4221314778329
6764 1691 303.422178827041
6765 1691.25 303.4222261121445
6766 1691.5 303.4222733335272
6767 1691.75 303.4223204915681
6768 1692 303.4223675866417
6769 1692.25 303.4224146191248
6770 1692.5 303.4224615894
6771 1692.75 303.42250849783
6772 1693 303.4225553447926
6773 1693.25 303.4226021306546
6774 1693.5 303.4226488557856
6775 1693.75 303.4226955205515
6776 1694 303.422742125317
6777 1694.25 303.4227886704462
6778 1694.5 303.4228351562934
6779 1694.75 303.4228815832295
6780 1695 303.422927951606
6781 1695.25 303.4229742617786
6782 1695.5 303.423020514103
6783 1695.75 303.4230667089361
6784 1696 303.4231128466269
6785 1696.25 303.4231589275261
6786 1696.5 303.423204951979
6787 1696.75 303.4232509203349
6788 1697 303.4232968329403
6789 1697.25 303.4233426901383
6790 1697.5 303.4233884922695
6791 1697.75 303.4234342396764
6792 1698 303.4234799326962
6793 1698.25 303.4235255716688
6794 1698.5 303.4235711569287
6795 1698.75 303.4236166888128
6796 1699 303.4236621676513
6797 1699.25 303.4237075937766
6798 1699.5 303.4237529675206
6799 1699.75 303.4237982892079
6800 1700 303.4238435591687
6801 1700.25 303.423888777726
6802 1700.5 303.4239339452098
6803 1700.75 303.423979061935
6804 1701 303.4240241282299
6805 1701.25 303.4240691444056
6806 1701.5 303.4241141107893
6807 1701.75 303.4241590276944
6808 1702 303.4242038954357
6809 1702.25 303.4242487143273
6810 1702.5 303.4242934846807
6811 1702.75 303.4243382068108
6812 1703 303.4243828810237
6813 1703.25 303.4244275076306
6814 1703.5 303.4244720869386
6815 1703.75 303.4245166192488
6816 1704 303.4295559091619
6817 1704.25 303.4346104475065
6818 1704.5 303.4396802641334
6819 1704.75 303.4447652883007
6820 1705 303.4498654110001
6821 1705.25 303.4549805062081
6822 1705.5 303.4601104398884
6823 1705.75 303.4652550741878
6824 1706 303.4704142695804
6825 1706.25 303.4755878859962
6826 1706.5 303.4807757834599
6827 1706.75 303.4859778224862
6828 1707 303.4911938643192
6829 1707.25 303.4964237710871
6830 1707.5 303.5016674059084
6831 1707.75 303.5069246329813
6832 1708 303.5121953176137
6833 1708.25 303.5174793262727
6834 1708.5 303.5227765266183
6835 1708.75 303.5280867875037
6836 1709 303.5334099790051
6837 1709.25 303.5387459724209
6838 1709.5 303.5440946402736
6839 1709.75 303.5494558563239
6840 1710 303.5548294955515
6841 1710.25 303.5602154341777
6842 1710.5 303.5656135496382
6843 1710.75 303.5710237205909
6844 1711 303.5764458269105
6845 1711.25 303.5818797496783
6846 1711.5 303.5873253711702
6847 1711.75 303.5927825748656
6848 1712 303.5982512454218
6849 1712.25 303.6037312686705
6850 1712.5 303.6092225316152
6851 1712.75 303.6147249224201
6852 1713 303.6202383303931
6853 1713.25 303.6257626459825
6854 1713.5 303.6312977607669
6855 1713.75 303.6368435674486
6856 1714 303.6423999598375
6857 1714.25 303.6479668328429
6858 1714.5 303.6535440824696
6859 1714.75 303.6591316057995
6860 1715 303.6647293009828
6861 1715.25 303.6703370672365
6862 1715.5 303.6759548048312
6863 1715.75 303.6815824150611
6864 1716 303.6872198002715
6865 1716.25 303.6928668638164
6866 1716.5 303.6985235100695
6867 1716.75 303.7041896443956
6868 1717 303.7098651731586
6869 1717.25 303.7155500037013
6870 1717.5 303.7212440443406
6871 1717.75 303.7269472043538
6872 1718 303.7326593939699
6873 1718.25 303.7383805243638
6874 1718.5 303.7441105076427
6875 1718.75 303.7498492568387
6876 1719 303.755596685898
6877 1719.25 303.7613527096752
6878 1719.5 303.7671172439186
6879 1719.75 303.7728902052679
6880 1720 303.7786715112324
6881 1720.25 303.7844610802068
6882 1720.5 303.7902588314302
6883 1720.75 303.7960646850065
6884 1721 303.8018785618694
6885 1721.25 303.8077003838022
6886 1721.5 303.8135300734018
6887 1721.75 303.8193675540892
6888 1722 303.8252127500978
6889 1722.25 303.8310655864488
6890 1722.5 303.8369259889697
6891 1722.75 303.8427938842661
6892 1723 303.8486691997184
6893 1723.25 303.8545518634792
6894 1723.5 303.8604418044579
6895 1723.75 303.8663389523247
6896 1724 303.872243237478
6897 1724.25 303.878154591068
6898 1724.5 303.8840729449681
6899 1724.75 303.8899982317776
6900 1725 303.8959303848012
6901 1725.25 303.901869338061
6902 1725.5 303.9078150262709
6903 1725.75 303.9137673848388
6904 1726 303.9197263498593
6905 1726.25 303.925691858104
6906 1726.5 303.9316638470149
6907 1726.75 303.9376422547011
6908 1727 303.9436270199176
6909 1727.25 303.9496180820854
6910 1727.5 303.955615381257
6911 1727.75 303.9616188581272
6912 1728 303.9676284540129
6913 1728.25 303.9736441108709
6914 1728.5 303.9796657712542
6915 1728.75 303.9856933783441
6916 1729 303.9917268759082
6917 1729.25 303.9977662083288
6918 1729.5 304.0038113205742
6919 1729.75 304.0098621581927
6920 1730 304.0159186673137
6921 1730.25 304.0219807946468
6922 1730.5 304.0280484874598
6923 1730.75 304.0341216935859
6924 1731 304.0402003614115
6925 1731.25 304.0462844398799
6926 1731.5 304.0523738784673
6927 1731.75 304.0584686271962
6928 1732 304.0645686366162
6929 1732.25 304.0706738578112
6930 1732.5 304.0767842423757
6931 1732.75 304.0828997424345
6932 1733 304.0890203106076
6933 1733.25 304.0951459000331
6934 1733.5 304.1012764643381
6935 1733.75 304.1074119576548
6936 1734 304.1303616286985
6937 1734.25 304.1532944027703
6938 1734.5 304.1762113558495
6939 1734.75 304.1991132054974
6940 1735 304.222000522409
6941 1735.25 304.2448738028075
6942 1735.5 304.2677334993215
6943 1735.75 304.2905800356615
6944 1736 304.3134138141911
6945 1736.25 304.3362352201261
6946 1736.5 304.3590446240804
6947 1736.75 304.38184238369
6948 1737 304.4046288447785
6949 1737.25 304.4274043421917
6950 1737.5 304.4501692004693
6951 1737.75 304.4729237344005
6952 1738 304.4956682494915
6953 1738.25 304.5184030423624
6954 1738.5 304.5411284011194
6955 1738.75 304.5638446056892
6956 1739 304.5865519281137
6957 1739.25 304.609250632835
6958 1739.5 304.6319409769639
6959 1739.75 304.6546232105075
6960 1740 304.6772975766347
6961 1740.25 304.6999643118642
6962 1740.5 304.7226236463035
6963 1740.75 304.7452758038211
6964 1741 304.7679210022704
6965 1741.25 304.7905594536579
6966 1741.5 304.8131913643125
6967 1741.75 304.8358169350788
6968 1742 304.8584363614689
6969 1742.25 304.88104983382
6970 1742.5 304.9036575374445
6971 1742.75 304.9262596527874
6972 1743 304.9488563555715
6973 1743.25 304.971447816918
6974 1743.5 304.9940342035004
6975 1743.75 305.016615677657
6976 1744 305.0391923975237
6977 1744.25 305.0617645171624
6978 1744.5 305.0843321866639
6979 1744.75 305.1068955522697
6980 1745 305.1294547564812
6981 1745.25 305.1520099381673
6982 1745.5 305.1745612326656
6983 1745.75 305.1971087718809
6984 1746 305.2196526843933
6985 1746.25 305.2421930955365
6986 1746.5 305.2647301275048
6987 1746.75 305.2872638994305
6988 1747 305.3097945274751
6989 1747.25 305.3323221249186
6990 1747.5 305.354846802224
6991 1747.75 305.3773686671354
6992 1748 305.3998878247494
6993 1748.25 305.4224043775765
6994 1748.5 305.4449184256321
6995 1748.75 305.4674300664917
6996 1749 305.4899393953681
6997 1749.25 305.5124465051759
6998 1749.5 305.5349514865933
6999 1749.75 305.557454428121
7000 1750 305.5799554161566
7001 1750.25 305.602454535034
7002 1750.5 305.6249518671012
7003 1750.75 305.6474474927541
7004 1751 305.6699414905148
7005 1751.25 305.6924339370618
7006 1751.5 305.7149249072909
7007 1751.75 305.7374144743702
7008 1752 305.7599027097735
7009 1752.25 305.7823896833448
7010 1752.5 305.8048754633297
7011 1752.75 305.8273601164192
7012 1753 305.8498437078109
7013 1753.25 305.8723263012267
7014 1753.5 305.8948079589643
7015 1753.75 305.9172887419435
7016 1754 305.9397687097362
7017 1754.25 305.9622479205969
7018 1754.5 305.9847264315124
7019 1754.75 306.0072042982328
7020 1755 306.0296815752995
7021 1755.25 306.0521583160869
7022 1755.5 306.0746345728265
7023 1755.75 306.0971103966464
7024 1756 306.119585837598
7025 1756.25 306.1420609446781
7026 1756.5 306.1645357658759
7027 1756.75 306.1870103481841
7028 1757 306.209484737627
7029 1757.25 306.2319589793063
7030 1757.5 306.2544331173944
7031 1757.75 306.2769071951956
7032 1758 306.2993812551375
7033 1758.25 306.3218553388189
7034 1758.5 306.3443294870193
7035 1758.75 306.3668037397252
7036 1759 306.3892781361507
7037 1759.25 306.4117527147622
7038 1759.5 306.4342275132949
7039 1759.75 306.4567025687807
7040 1760 306.4791779175471
7041 1760.25 306.5016535952651
7042 1760.5 306.5241296369385
7043 1760.75 306.5466060769462
7044 1761 306.5690829490467
7045 1761.25 306.5915602863919
7046 1761.5 306.6140381215607
7047 1761.75 306.6365164865495
7048 1762 306.6589954128051
7049 1762.25 306.6814749312432
7050 1762.5 306.7039550722476
7051 1762.75 306.7264358656971
7052 1763 306.7489173409703
7053 1763.25 306.7713995269664
7054 1763.5 306.7938824521146
7055 1763.75 306.8163661443909
7056 1764 306.8388506313247
7057 1764.25 306.8613359400089
7058 1764.5 306.8838220971215
7059 1764.75 306.9063091289299
7060 1765 306.9287970613103
7061 1765.25 306.951285919737
7062 1765.5 306.9737757293131
7063 1765.75 306.996266514787
7064 1766 307.0187583005359
7065 1766.25 307.0412511105934
7066 1766.5 307.063744968661
7067 1766.75 307.0862398981048
7068 1767 307.1087359219725
7069 1767.25 307.1312330630019
7070 1767.5 307.1537313436275
7071 1767.75 307.176230785993
7072 1768 307.1987314119448
7073 1768.25 307.2212332430605
7074 1768.5 307.2437363006438
7075 1768.75 307.2662406057276
7076 1769 307.2887461790942
7077 1769.25 307.3112530412756
7078 1769.5 307.3337612125564
7079 1769.75 307.3562707129799
7080 1770 307.3787815623715
7081 1770.25 307.4012937803212
7082 1770.5 307.4238073861993
7083 1770.75 307.4463223991704
7084 1771 307.4688388381861
7085 1771.25 307.4913567219979
7086 1771.5 307.5138760691608
7087 1771.75 307.5363968980396
7088 1772 307.5589192268096
7089 1772.25 307.5814430734659
7090 1772.5 307.6039684558298
7091 1772.75 307.6264953915474
7092 1773 307.6490238980982
7093 1773.25 307.6715539927979
7094 1773.5 307.6940856928071
7095 1773.75 307.7166190151268
7096 1774 307.7391539766089
7097 1774.25 307.7616905939588
7098 1774.5 307.7842288837439
7099 1774.75 307.8067688623848
7100 1775 307.8293105461714
7101 1775.25 307.8518539512595
7102 1775.5 307.8743990936807
7103 1775.75 307.8969459893345
7104 1776 307.9194946540034
7105 1776.25 307.9420451033495
7106 1776.5 307.9645973529175
7107 1776.75 307.9871514181444
7108 1777 308.0097073143525
7109 1777.25 308.0322650567597
7110 1777.5 308.0548246604758
7111 1777.75 308.0773861405133
7112 1778 308.0999495117845
7113 1778.25 308.1225147891034
7114 1778.5 308.145081987192
7115 1778.75 308.1676511206788
7116 1779 308.1902222041055
7117 1779.25 308.212795251923
7118 1779.5 308.2353702784987
7119 1779.75 308.2579472981203
7120 1780 308.2805263249909
7121 1780.25 308.3031073732333
7122 1780.5 308.3256904568993
7123 1780.75 308.3482755899607
7124 1781 308.3708627863197
7125 1781.25 308.393452059808
7126 1781.5 308.4160434241807
7127 1781.75 308.4386368931322
7128 1782 308.4612324802918
7129 1782.25 308.483830199215
7130 1782.5 308.506430063405
7131 1782.75 308.5290320863002
7132 1783 308.551636281273
7133 1783.25 308.5742426616457
7134 1783.5 308.5968512406808
7135 1783.75 308.6194620315796
7136 1784 308.6420750475025
7137 1784.25 308.6646903015404
7138 1784.5 308.6873078067425
7139 1784.75 308.7099275761036
7140 1785 308.7325496225706
7141 1785.25 308.7551739590418
7142 1785.5 308.7778005983705
7143 1785.75 308.8004295533582
7144 1786 308.8230608367705
7145 1786.25 308.8456944613123
7146 1786.5 308.8683304396674
7147 1786.75 308.8909687844606
7148 1787 308.9136095082833
7149 1787.25 308.9362526236856
7150 1787.5 308.9588981431772
7151 1787.75 308.9815460792289
7152 1788 309.0041964442745
7153 1788.25 309.026849250712
7154 1788.5 309.0495045109021
7155 1788.75 309.0721622371737
7156 1789 309.0948224418175
7157 1789.25 309.1174851370877
7158 1789.5 309.1401503352132
7159 1789.75 309.162818048386
7160 1790 309.1854882887678
7161 1790.25 309.2081610684886
7162 1790.5 309.2308363996453
7163 1790.75 309.2535142943149
7164 1791 309.276194764529
7165 1791.25 309.2988778223068
7166 1791.5 309.3215634796298
7167 1791.75 309.3442517484572
7168 1792 309.3669426407164
7169 1792.25 309.3896361683139
7170 1792.5 309.4123323431269
7171 1792.75 309.4350311770056
7172 1793 309.4577326817841
7173 1793.25 309.4804368692563
7174 1793.5 309.5031437512105
7175 1793.75 309.525853339397
7176 1794 309.5485656455476
7177 1794.25 309.5712806813761
7178 1794.5 309.5939984585684
7179 1794.75 309.6167189887881
7180 1795 309.6394422836847
7181 1795.25 309.6621683548765
7182 1795.5 309.6848972139668
7183 1795.75 309.7076288725379
7184 1796 309.7303633421525
7185 1796.25 309.7531006343494
7186 1796.5 309.7758407606556
7187 1796.75 309.7985837325706
7188 1797 309.8213295615795
7189 1797.25 309.8440782591457
7190 1797.5 309.8668298367231
7191 1797.75 309.8895843057354
7192 1798 309.9123416775972
7193 1798.25 309.9351019636999
7194 1798.5 309.9578651754262
7195 1798.75 309.9806313241284
7196 1799 310.0034004211573
7197 1799.25 310.0261724778332
7198 1799.5 310.048947505468
7199 1799.75 310.0717255153573
7200 1800 310.0945065187822
7201 1800.25 310.1172905270015
7202 1800.5 310.140077551261
7203 1800.75 310.1628676027961
7204 1801 310.1856606928228
7205 1801.25 310.2084568325399
7206 1801.5 310.2312560331416
7207 1801.75 310.2540583057959
7208 1802 310.2768636616573
7209 1802.25 310.2996721118742
7210 1802.5 310.3224836675766
7211 1802.75 310.3452983398764
7212 1803 310.3681161398815
7213 1803.25 310.3909370786744
7214 1803.5 310.4137611673345
7215 1803.75 310.4365884169183
7216 1804 310.4594188384788
7217 1804.25 310.4822524430483
7218 1804.5 310.5050892416444
7219 1804.75 310.5279292452842
7220 1805 310.5507724649596
7221 1805.25 310.5736189116556
7222 1805.5 310.5964685963386
7223 1805.75 310.6193215299706
7224 1806 310.6421777235008
7225 1806.25 310.6650371878536
7226 1806.5 310.687899933958
7227 1806.75 310.7107659727241
7228 1807 310.7336353150409
7229 1807.25 310.7565079718043
7230 1807.5 310.7793839538734
7231 1807.75 310.8022632721277
7232 1808 310.8251459374019
7233 1808.25 310.8480319605439
7234 1808.5 310.8709213523764
7235 1808.75 310.8938141237129
7236 1809 310.9167102853597
7237 1809.25 310.9396098481101
7238 1809.5 310.9625128227453
7239 1809.75 310.9854192200302
7240 1810 311.0083290507258
7241 1810.25 311.0312423255839
7242 1810.5 311.0541590553366
7243 1810.75 311.0770792507087
7244 1811 311.1000029224173
7245 1811.25 311.122930081161
7246 1811.5 311.1458607376395
7247 1811.75 311.1687949025265
7248 1812 311.1917325864991
7249 1812.25 311.2146738002148
7250 1812.5 311.2376185543233
7251 1812.75 311.2605668594618
7252 1813 311.2835187262607
7253 1813.25 311.3064741653341
7254 1813.5 311.3294331872873
7255 1813.75 311.3523958027261
7256 1814 311.3753620222236
7257 1814.25 311.3983318563631
7258 1814.5 311.4213053157072
7259 1814.75 311.4442824108087
7260 1815 311.4672631522133
7261 1815.25 311.4902475504522
7262 1815.5 311.5132356160492
7263 1815.75 311.5362273595159
7264 1816 311.5592227913601
7265 1816.25 311.5822219220648
7266 1816.5 311.6052247621184
7267 1816.75 311.6282313219954
7268 1817 311.6512416121419
7269 1817.25 311.6742556430284
7270 1817.5 311.6972734250824
7271 1817.75 311.7202949687348
7272 1818 311.7433202844117
7273 1818.25 311.7663493825203
7274 1818.5 311.7893822734611
7275 1818.75 311.8124189676231
7276 1819 311.8354594753859
7277 1819.25 311.8585038071214
7278 1819.5 311.8815519731858
7279 1819.75 311.9046039839297
7280 1820 311.9276598496951
7281 1820.25 311.9507195808059
7282 1820.5 311.9737831875848
7283 1820.75 311.9968506803386
7284 1821 312.0199220693679
7285 1821.25 312.0429973649613
7286 1821.5 312.0660765773963
7287 1821.75 312.0891597169428
7288 1822 312.1122467938594
7289 1822.25 312.1353378183954
7290 1822.5 312.158432800787
7291 1822.75 312.1815317512631
7292 1823 312.2046346800479
7293 1823.25 312.2277415973427
7294 1823.5 312.2508525133467
7295 1823.75 312.2739674382507
7296 1824 312.2970863822338
7297 1824.25 312.3202093554622
7298 1824.5 312.3433363680965
7299 1824.75 312.366467430285
7300 1825 312.3896025521636
7301 1825.25 312.4127417438606
7302 1825.5 312.435885015499
7303 1825.75 312.4590323771807
7304 1826 312.4821838390084
7305 1826.25 312.50533941107
7306 1826.5 312.5284991034422
7307 1826.75 312.5516629261927
7308 1827 312.5748308893806
7309 1827.25 312.5980030030568
7310 1827.5 312.6211792772556
7311 1827.75 312.6443597220073
7312 1828 312.6675443473294
7313 1828.25 312.6907331632297
7314 1828.5 312.7139261797091
7315 1828.75 312.7371234067487
7316 1829 312.7603248543333
7317 1829.25 312.7835305324324
7318 1829.5 312.8067404509977
7319 1829.75 312.8299546199788
7320 1830 312.8531730493137
7321 1830.25 312.8763957489323
7322 1830.5 312.8996227287525
7323 1830.75 312.9228539986801
7324 1831 312.9460895686144
7325 1831.25 312.9693294484412
7326 1831.5 312.9925736480408
7327 1831.75 313.0158221772797
7328 1832 313.0390750460112
7329 1832.25 313.0623322640887
7330 1832.5 313.0855938413491
7331 1832.75 313.1088597876184
7332 1833 313.1321301127102
7333 1833.25 313.1554048264381
7334 1833.5 313.1786839385958
7335 1833.75 313.2019674589723
7336 1834 313.2252553973418
7337 1834.25 313.248547763474
7338 1834.5 313.2718445671189
7339 1834.75 313.2951458180349
7340 1835 313.3184515259515
7341 1835.25 313.3417617005938
7342 1835.5 313.3650763516824
7343 1835.75 313.3883954889217
7344 1836 313.411719122008
7345 1836.25 313.4350472606293
7346 1836.5 313.4583799144604
7347 1836.75 313.4817170931699
7348 1837 313.5050588064055
7349 1837.25 313.5284050638231
7350 1837.5 313.5517558750508
7351 1837.75 313.5751112497204
7352 1838 313.5984711974409
7353 1838.25 313.6218357278258
7354 1838.5 313.6452048504635
7355 1838.75 313.6685785749431
7356 1839 313.6919569108366
7357 1839.25 313.7153398677112
7358 1839.5 313.7387274551215
7359 1839.75 313.7621196826111
7360 1840 313.7855165597156
7361 1840.25 313.808918095962
7362 1840.5 313.8323243008601
7363 1840.75 313.8557351839168
7364 1841 313.8791507546273
7365 1841.25 313.9025710224754
7366 1841.5 313.9259959969314
7367 1841.75 313.9494256874641
7368 1842 313.9728601035253
7369 1842.25 313.9962992545575
7370 1842.5 314.0197431499964
7371 1842.75 314.0431917992674
7372 1843 314.0666452117778
7373 1843.25 314.0901033969335
7374 1843.5 314.1135663641337
7375 1843.75 314.1370341227521
7376 1844 314.1605066821683
7377 1844.25 314.1839840517445
7378 1844.5 314.2074662408297
7379 1844.75 314.2309532587697
7380 1845 314.254445114901
7381 1845.25 314.2779418185377
7382 1845.5 314.3014433790012
7383 1845.75 314.3249498055858
7384 1846 314.348461107593
7385 1846.25 314.3719772942989
7386 1846.5 314.3954983749782
7387 1846.75 314.4190243588888
7388 1847 314.4425552552903
7389 1847.25 314.4660910734208
7390 1847.5 314.4896318225148
7391 1847.75 314.5131775117907
7392 1848 314.5367281504663
7393 1848.25 314.5602837477377
7394 1848.5 314.583844312801
7395 1848.75 314.607409854838
7396 1849 314.6309803830224
7397 1849.25 314.6545559065137
7398 1849.5 314.678136434467
7399 1849.75 314.7017219760193
7400 1850 314.7253125403075
7401 1850.25 314.7489081364558
7402 1850.5 314.7725087735712
7403 1850.75 314.7961144607601
7404 1851 314.8197252071166
7405 1851.25 314.8433410217166
7406 1851.5 314.8669619136398
7407 1851.75 314.8905878919462
7408 1852 314.9142189656902
7409 1852.25 314.9378551439124
7410 1852.5 314.9614964356481
7411 1852.75 314.9851428499209
7412 1853 315.0087943957431
7413 1853.25 315.0324510821197
7414 1853.5 315.0561129180458
7415 1853.75 315.0797799125018
7416 1854 315.1034520744674
7417 1854.25 315.1271294129002
7418 1854.5 315.1508119367605
7419 1854.75 315.1744996549902
7420 1855 315.1981925765278
7421 1855.25 315.221890710296
7422 1855.5 315.2455940652134
7423 1855.75 315.2693026501836
7424 1856 315.293016474102
7425 1856.25 315.3167355458597
7426 1856.5 315.3404598743332
7427 1856.75 315.3641894683842
7428 1857 315.3879243368769
7429 1857.25 315.4116644886547
7430 1857.5 315.4354099325605
7431 1857.75 315.4591606774233
7432 1858 315.4829167320599
7433 1858.25 315.5066781052815
7434 1858.5 315.5304448058889
7435 1858.75 315.5542168426693
7436 1859 315.5779942244098
7437 1859.25 315.6017769598805
7438 1859.5 315.6255650578416
7439 1859.75 315.6493585270463
7440 1860 315.6731573762424
7441 1860.25 315.6969616141605
7442 1860.5 315.7207712495294
7443 1860.75 315.7445862910567
7444 1861 315.768406747456
7445 1861.25 315.7922326274227
7446 1861.5 315.8160639396396
7447 1861.75 315.8399006927943
7448 1862 315.8637428955482
7449 1862.25 315.88759055656
7450 1862.5 315.9114436844862
7451 1862.75 315.9353022879619
7452 1863 315.9591663756264
7453 1863.25 315.9830359560985
7454 1863.5 316.0069110379948
7455 1863.75 316.0307916299123
7456 1864 316.0546777404594
7457 1864.25 316.0785693782123
7458 1864.5 316.1024665517507
7459 1864.75 316.1263692696494
7460 1865 316.1502775404676
7461 1865.25 316.1741913727466
7462 1865.5 316.1981107750364
7463 1865.75 316.2220357558662
7464 1866 316.2459663237664
7465 1866.25 316.2699024872468
7466 1866.5 316.2938442548133
7467 1866.75 316.3177916349644
7468 1867 316.3417446361943
7469 1867.25 316.365703266979
7470 1867.5 316.3896675357891
7471 1867.75 316.4136374510883
7472 1868 316.4376130213329
7473 1868.25 316.4615942549679
7474 1868.5 316.4855811604284
7475 1868.75 316.5095737461475
7476 1869 316.5335720205426
7477 1869.25 316.5575759920228
7478 1869.5 316.5815856689956
7479 1869.75 316.6056010598505
7480 1870 316.6296221729809
7481 1870.25 316.6536490167617
7482 1870.5 316.6776815995613
7483 1870.75 316.7017199297438
7484 1871 316.7257640156593
7485 1871.25 316.7498138656532
7486 1871.5 316.7738694880701
7487 1871.75 316.7979308912271
7488 1872 316.8219980834528
7489 1872.25 316.8460710730566
7490 1872.5 316.8701498683426
7491 1872.75 316.8942344776082
7492 1873 316.9183249091455
7493 1873.25 316.9424211712296
7494 1873.5 316.9665232721365
7495 1873.75 316.99063122013
7496 1874 317.0147450234695
7497 1874.25 317.0388646904015
7498 1874.5 317.0629902291699
7499 1874.75 317.0871216480095
7500 1875 317.1112589551427
7501 1875.25 317.1354021587908
7502 1875.5 317.1595512671674
7503 1875.75 317.1837062884741
7504 1876 317.2078672309051
7505 1876.25 317.2320341026545
7506 1876.5 317.2562069118983
7507 1876.75 317.2803856668133
7508 1877 317.3045703755683
7509 1877.25 317.3287610463191
7510 1877.5 317.3529576872219
7511 1877.75 317.3771603064214
7512 1878 317.401368912052
7513 1878.25 317.4255835122465
7514 1878.5 317.449804115131
7515 1878.75 317.4740307288218
7516 1879 317.4982633614265
7517 1879.25 317.5225020210528
7518 1879.5 317.5467467157953
7519 1879.75 317.5709974537425
7520 1880 317.5952542429774
7521 1880.25 317.6195170915797
7522 1880.5 317.6437860076159
7523 1880.75 317.6680609991468
7524 1881 317.6923420742361
7525 1881.25 317.7166292409271
7526 1881.5 317.7409225072662
7527 1881.75 317.7652218812921
7528 1882 317.7895273710315
7529 1882.25 317.813838984515
7530 1882.5 317.8381567297563
7531 1882.75 317.8624806147695
7532 1883 317.8868106475616
7533 1883.25 317.9111468361318
7534 1883.5 317.935489188473
7535 1883.75 317.9598377125756
7536 1884 317.984192416422
7537 1884.25 318.008553307989
7538 1884.5 318.0329203952442
7539 1884.75 318.0572936861566
7540 1885 318.0816731886821
7541 1885.25 318.1060589107772
7542 1885.5 318.1304508618295
7543 1885.75 318.154849837135
7544 1886 318.1792566899435
7545 1886.25 318.2036717486021
7546 1886.5 318.2280950581244
7547 1886.75 318.2525266266508
7548 1887 318.2769664623198
7549 1887.25 318.3014145732489
7550 1887.5 318.3258709675573
7551 1887.75 318.3503356533648
7552 1888 318.3748086387743
7553 1888.25 318.3992899318737
7554 1888.5 318.4237795407348
7555 1888.75 318.4482774734143
7556 1889 318.4727837379462
7557 1889.25 318.4972983423446
7558 1889.5 318.5218212946129
7559 1889.75 318.5463526027243
7560 1890 318.5708922746402
7561 1890.25 318.5954403183046
7562 1890.5 318.6199967416434
7563 1890.75 318.6445615525616
7564 1891 318.6691347589501
7565 1891.25 318.6937163686792
7566 1891.5 318.7183063896065
7567 1891.75 318.7429048295736
7568 1892 318.767511696404
7569 1892.25 318.7921269979032
7570 1892.5 318.8167507418651
7571 1892.75 318.8413829360653
7572 1893 318.8660235882691
7573 1893.25 318.8906727062202
7574 1893.5 318.9153302976568
7575 1893.75 318.9399963702954
7576 1894 318.9646709318379
7577 1894.25 318.9893539899812
7578 1894.5 319.0140455524033
7579 1894.75 319.0387456267628
7580 1895 319.0634542207183
7581 1895.25 319.0881713419098
7582 1895.5 319.1128969979624
7583 1895.75 319.137631196493
7584 1896 319.1623739451067
7585 1896.25 319.1871252513884
7586 1896.5 319.2118851229276
7587 1896.75 319.2366535672888
7588 1897 319.2614305920317
7589 1897.25 319.2862162046996
7590 1897.5 319.3110104128392
7591 1897.75 319.3358132239708
7592 1898 319.3606246456141
7593 1898.25 319.3854446852874
7594 1898.5 319.4102733505291
7595 1898.75 319.4351106488919
7596 1899 319.4599565879215
7597 1899.25 319.4848111751699
7598 1899.5 319.5096744181812
7599 1899.75 319.5345463245
7600 1900 319.5594269016595
7601 1900.25 319.5843161571857
7602 1900.5 319.6092140986025
7603 1900.75 319.6341207334247
7604 1901 319.6590360691627
7605 1901.25 319.6839601133148
7606 1901.5 319.7088928733789
7607 1901.75 319.7338343568454
7608 1902 319.7587845711925
7609 1902.25 319.7837435239006
7610 1902.5 319.8087112224423
7611 1902.75 319.8336876742794
7612 1903 319.8586728868721
7613 1903.25 319.8836668676709
7614 1903.5 319.908669624125
7615 1903.75 319.9336811636799
7616 1904 319.9587014937687
7617 1904.25 319.9837306218255
7618 1904.5 320.0087685552764
7619 1904.75 320.0338153015446
7620 1905 320.0588708680466
7621 1905.25 320.083935262196
7622 1905.5 320.1090084913987
7623 1905.75 320.1340905630616
7624 1906 320.1591814845837
7625 1906.25 320.1842812633644
7626 1906.5 320.209389906794
7627 1906.75 320.234507422256
7628 1907 320.2596338171389
7629 1907.25 320.2847690988272
7630 1907.5 320.3099132746937
7631 1907.75 320.335066352117
7632 1908 320.3602283384681
7633 1908.25 320.3853992411166
7634 1908.5 320.4105790674259
7635 1908.75 320.4357678247665
7636 1909 320.4609655204891
7637 1909.25 320.4861721619612
7638 1909.5 320.5113877565389
7639 1909.75 320.5366123115722
7640 1910 320.5618458344174
7641 1910.25 320.5870883324225
7642 1910.5 320.6123398129458
7643 1910.75 320.6376002833217
7644 1911 320.6628697509068
7645 1911.25 320.6881482230393
7646 1911.5 320.7134357070688
7647 1911.75 320.7387322103381
7648 1912 320.7640377401857
7649 1912.25 320.7893523039619
7650 1912.5 320.8146759089981
7651 1912.75 320.8400085626356
7652 1913 320.865350272222
7653 1913.25 320.8907010450979
7654 1913.5 320.9160608885948
7655 1913.75 320.9414298100613
7656 1914 320.9668078168339
7657 1914.25 320.9921949162577
7658 1914.5 321.0175911156718
7659 1914.75 321.0429964224203
7660 1915 321.0684108438478
7661 1915.25 321.0938343872926
7662 1915.5 321.1192670601073
7663 1915.75 321.1447088696385
7664 1916 321.1701598232307
7665 1916.25 321.1956199282344
7666 1916.5 321.2210891920031
7667 1916.75 321.2465676218881
7668 1917 321.2720552252437
7669 1917.25 321.2975520094316
7670 1917.5 321.3230579818061
7671 1917.75 321.3485731497332
7672 1918 321.3740975205748
7673 1918.25 321.3996311017009
7674 1918.5 321.4251739004772
7675 1918.75 321.4507259242807
7676 1919 321.4762871804878
7677 1919.25 321.5018576764697
7678 1919.5 321.5274374196193
7679 1919.75 321.5530264173183
7680 1920 321.5528298861722
