"max"
"Time Step" "flow-time etc.."
("Time Step" "flow-time" "max")
0 0 298.1500000000019
1 0.25 298.1666152952466
2 0.5 298.1833114767198
3 0.75 298.200086048118
4 1 298.2169363756857
5 1.25 298.2338597605004
6 1.5 298.2508536016309
7 1.75 298.2679153194188
8 2 298.2850424133085
9 2.25 298.3022324630085
10 2.5 298.319483128235
11 2.75 298.3367921477213
12 3 298.3541573377381
13 3.25 298.3715765902194
14 3.5 298.3890478707498
15 3.75 298.4065691880884
16 4 298.4241386901256
17 4.25 298.4417545461949
18 4.5 298.4594149914094
19 4.75 298.4771183248674
20 5 298.4948629070504
21 5.25 298.5126471574291
22 5.5 298.5304695523096
23 5.75 298.5483286227707
24 6 298.5606732046844
25 6.25 298.5730464894092
26 6.5 298.5854474994674
27 6.75 298.5978753644232
28 7 298.6103292833119
29 7.25 298.6228084921412
30 7.5 298.6353122540427
31 7.75 298.6478398623765
32 8 298.6603906328807
33 8.25 298.6729639020969
34 8.5 298.6855590262169
35 8.75 298.6981753801801
36 9 298.710812356865
37 9.25 298.7234693664028
38 9.5 298.7361458355614
39 9.75 298.7488412071735
40 10 298.7615549396317
41 10.25 298.77428650639
42 10.5 298.7870353955168
43 10.75 298.7998011092561
44 11 298.812583163618
45 11.25 298.8253810879688
46 11.5 298.8381944246642
47 11.75 298.8510227286761
48 12 298.8638655672465
49 12.25 298.876722519523
50 12.5 298.8895931762578
51 12.75 298.9024771394675
52 13 298.9153740221273
53 13.25 298.9282834478668
54 13.5 298.9412050506879
55 13.75 298.9541384746733
56 14 298.967083373716
57 14.25 298.9800394112402
58 14.5 298.9930062599631
59 14.75 299.0059836016223
60 15 299.0189711267488
61 15.25 299.0319685344128
62 15.5 299.0449755320025
63 15.75 299.0579918349971
64 16 299.0710171667477
65 16.25 299.0840512582609
66 16.5 299.0970938480021
67 16.75 299.1101446816883
68 17 299.1232035120921
69 17.25 299.1362700988427
70 17.5 299.1493442082671
71 17.75 299.1624256131859
72 18 299.1755140927426
73 18.25 299.1886094322417
74 18.5 299.2017114229711
75 18.75 299.2148198620641
76 19 299.2279345523108
77 19.25 299.2410553020335
78 19.5 299.2541819249133
79 19.75 299.2673142398713
80 20 299.2804520709084
81 20.25 299.293595246974
82 20.5 299.3067436018372
83 20.75 299.3198969739609
84 21 299.3330552063566
85 21.25 299.3462181464842
86 21.5 299.3593856461174
87 21.75 299.3725575612365
88 22 299.3857337519143
89 22.25 299.398914082193
90 22.5 299.412098420003
91 22.75 299.4252866370308
92 23 299.4384786086299
93 23.25 299.4516742137366
94 23.5 299.4648733347444
95 23.75 299.4780758574338
96 24 299.4912816708655
97 24.25 299.504490667314
98 24.5 299.5177027421515
99 24.75 299.5309177937909
100 25 299.5441357235765
101 25.25 299.5573564357369
102 25.5 299.570579837292
103 25.75 299.5838058379593
104 26 299.5970343501157
105 26.25 299.6102652887052
106 26.5 299.6234985711574
107 26.75 299.6367341173535
108 27 299.6499718495413
109 27.25 299.6632116922609
110 27.5 299.6764535722989
111 27.75 299.6896974186259
112 28 299.7029431623272
113 28.25 299.7161907365611
114 28.5 299.7294400764819
115 28.75 299.7426911192076
116 29 299.7559438037537
117 29.25 299.7691980709774
118 29.5 299.7824538635459
119 29.75 299.7957111258666
120 30 299.8089698040582
121 30.25 299.8222298458772
122 30.5 299.835491200724
123 30.75 299.8487538195231
124 31 299.8620176547589
125 31.25 299.8752826603776
126 31.5 299.8885487917696
127 31.75 299.901816005743
128 32 299.9150842604472
129 32.25 299.9283535153764
130 32.5 299.9416237313087
131 32.75 299.9548948702744
132 33 299.9681668955283
133 33.25 299.9814397715115
134 33.5 299.994713463818
135 33.75 300.0079879391697
136 34 300.0212631653736
137 34.25 300.0345391113015
138 34.5 300.0478157468581
139 34.75 300.0610930429559
140 35 300.074370971474
141 35.25 300.0876495052473
142 35.5 300.1009286180371
143 35.75 300.1142082844902
144 36 300.117662659374
145 36.25 300.1211193351104
146 36.5 300.1245779474129
147 36.75 300.1280382995924
148 37 300.1315002559457
149 37.25 300.1349637316071
150 37.5 300.1384286612935
151 37.75 300.1418949925505
152 38 300.1453626816621
153 38.25 300.1488316910934
154 38.5 300.1523019878541
155 38.75 300.1557735424045
156 39 300.1592463279514
157 39.25 300.1627203198818
158 39.5 300.1661954954176
159 39.75 300.1696718332969
160 40 300.173149313582
161 40.25 300.1766279194587
162 40.5 300.1801076276124
163 40.75 300.1835884270868
164 41 300.1870702981949
165 41.25 300.1905532260233
166 41.5 300.194037196058
167 41.75 300.1975221942437
168 42 300.2010082069834
169 42.25 300.204495221146
170 42.5 300.2079832240312
171 42.75 300.2114722033422
172 43 300.2149621471656
173 43.25 300.2184530439346
174 43.5 300.2219448824163
175 43.75 300.2254376516893
176 44 300.2289313411258
177 44.25 300.2324259403698
178 44.5 300.235921439323
179 44.75 300.2394178281397
180 45 300.2429150971969
181 45.25 300.2464132370995
182 45.5 300.2499122386592
183 45.75 300.2534120945588
184 46 300.2569127919328
185 46.25 300.260414326339
186 46.5 300.2639166870223
187 46.75 300.2674198658715
188 47 300.2709238549161
189 47.25 300.2744286462916
190 47.5 300.2779342322512
191 47.75 300.281440605183
192 48 300.284947757597
193 48.25 300.2884556821376
194 48.5 300.2919643715763
195 48.75 300.2954738188125
196 49 300.2989840168655
197 49.25 300.3024949588752
198 49.5 300.3060066380951
199 49.75 300.3095190478975
200 50 300.3130321817736
201 50.25 300.3165460333047
202 50.5 300.320060596195
203 50.75 300.3235758642522
204 51 300.3270918313768
205 51.25 300.3306084915801
206 51.5 300.334125838965
207 51.75 300.3376438677333
208 52 300.3411625721738
209 52.25 300.3446819466831
210 52.5 300.3482019857312
211 52.75 300.351722683889
212 53 300.3552440358123
213 53.25 300.3587660362377
214 53.5 300.3622886799886
215 53.75 300.3658119619801
216 54 300.3693358771827
217 54.25 300.3728604206784
218 54.5 300.3763855876101
219 54.75 300.3799113732016
220 55 300.3834377727489
221 55.25 300.3869647816311
222 55.5 300.3904923952911
223 55.75 300.3940206092498
224 56 300.3975494190902
225 56.25 300.4010788204897
226 56.5 300.4046088091562
227 56.75 300.4081393809052
228 57 300.4116705315867
229 57.25 300.415202257139
230 57.5 300.4187345535505
231 57.75 300.4222674168749
232 58 300.4258008432419
233 58.25 300.4293348288244
234 58.5 300.4328693698693
235 58.75 300.4364044626748
236 59 300.4399401036076
237 59.25 300.4434762890741
238 59.5 300.4470130155647
239 59.75 300.4505502796046
240 60 300.4540880777809
241 60.25 300.4576264067404
242 60.5 300.4611652631718
243 60.75 300.4647046438303
244 61 300.4682445455155
245 61.25 300.4717849650768
246 61.5 300.4753258994216
247 61.75 300.4788673455015
248 62 300.4824093003233
249 62.25 300.4859517609297
250 62.5 300.4894947244248
251 62.75 300.493038187952
252 63 300.4965821487096
253 63.25 300.5001266039302
254 63.5 300.5036715508953
255 63.75 300.5072169869346
256 64 300.5107629094181
257 64.25 300.5143093157625
258 64.5 300.5178562034252
259 64.75 300.5214035699016
260 65 300.5249514127332
261 65.25 300.5284997294949
262 65.5 300.5320485178171
263 65.75 300.5355977753557
264 66 300.5391474998051
265 66.25 300.5426976889069
266 66.5 300.5462483404373
267 66.75 300.5497994522079
268 67 300.5533510220663
269 67.25 300.5569030478935
270 67.5 300.5604555276179
271 67.75 300.5640084591946
272 68 300.5675618406085
273 68.25 300.571115669893
274 68.5 300.5746699450993
275 68.75 300.5782246643219
276 69 300.5817798256841
277 69.25 300.5853354273444
278 69.5 300.588891467486
279 69.75 300.592447944335
280 70 300.5960048561388
281 70.25 300.5995622011747
282 70.5 300.6031199777604
283 70.75 300.606678184233
284 71 300.6102368189609
285 71.25 300.6137958803417
286 71.5 300.617355366799
287 71.75 300.6209152767962
288 72 300.6244756088057
289 72.25 300.6280363613416
290 72.5 300.6315975329349
291 72.75 300.6351591221495
292 73 300.6387211275741
293 73.25 300.6422835478164
294 73.5 300.6458463815225
295 73.75 300.6494096273449
296 74 300.6529732839819
297 74.25 300.6565373501368
298 74.5 300.6601018245492
299 74.75 300.663666705977
300 75 300.6672319931976
301 75.25 300.6707976850253
302 75.5 300.6743637802746
303 75.75 300.677930277801
304 76 300.6814971764727
305 76.25 300.685064475183
306 76.5 300.6886321728416
307 76.75 300.692200268389
308 77 300.6957687607746
309 77.25 300.6993376489696
310 77.5 300.7029069319754
311 77.75 300.7064766088045
312 78 300.7100466784845
313 78.25 300.7136171400741
314 78.5 300.717187992639
315 78.75 300.7207592352748
316 79 300.7243308670864
317 79.25 300.727902887198
318 79.5 300.7314752947545
319 79.75 300.7350480889148
320 80 300.7386212688606
321 80.25 300.7421948337864
322 80.5 300.745768782903
323 80.75 300.7493431154346
324 81 300.7529178306319
325 81.25 300.7564929277511
326 81.5 300.7600684060652
327 81.75 300.7636442648759
328 82 300.7672205034767
329 82.25 300.7707971212008
330 82.5 300.7743741173773
331 82.75 300.7779514913606
332 83 300.7815292425126
333 83.25 300.7851073702187
334 83.5 300.7886858738659
335 83.75 300.7922647528663
336 84 300.7958440066373
337 84.25 300.7994236346169
338 84.5 300.8030036362452
339 84.75 300.8065840109923
340 85 300.8101647583224
341 85.25 300.8137458777207
342 85.5 300.8173273686924
343 85.75 300.8209092307404
344 86 300.824491463391
345 86.25 300.8280740661734
346 86.5 300.8316570386376
347 86.75 300.8352403803328
348 87 300.8388240908338
349 87.25 300.8424081697186
350 87.5 300.8459926165791
351 87.75 300.8495774310117
352 88 300.8531626126289
353 88.25 300.8567481610543
354 88.5 300.8603340759156
355 88.75 300.8639203568549
356 89 300.8675070035337
357 89.25 300.871094015601
358 89.5 300.8746813927377
359 89.75 300.878269134622
360 90 300.8818572409434
361 90.25 300.8854457113997
362 90.5 300.8890345457013
363 90.75 300.8926237435682
364 91 300.8962133047241
365 91.25 300.8998032289054
366 91.5 300.9033935158511
367 91.75 300.9069841653182
368 92 300.9105751770658
369 92.25 300.9141665508598
370 92.5 300.9177582864793
371 92.75 300.9213503837074
372 93 300.9249428423332
373 93.25 300.9285356621579
374 93.5 300.932128842989
375 93.75 300.9357223846398
376 94 300.9393162869326
377 94.25 300.942910549696
378 94.5 300.9465051727657
379 94.75 300.9501001559784
380 95 300.9536954991902
381 95.25 300.957291202261
382 95.5 300.9608872650409
383 95.75 300.9644836874064
384 96 300.9680804692281
385 96.25 300.9716776103956
386 96.5 300.9752751107903
387 96.75 300.9788729703063
388 97 300.9824711888471
389 97.25 300.9860697663066
390 97.5 300.9896687026131
391 97.75 300.9932679976696
392 98 300.9968676514058
393 98.25 301.000467663745
394 98.5 301.0040680346233
395 98.75 301.007668763977
396 99 301.0112698517516
397 99.25 301.0148712978919
398 99.5 301.0184731023576
399 99.75 301.0220752651067
400 100 301.0256777860932
401 100.25 301.0292806652918
402 100.5 301.032883902679
403 100.75 301.0364874982276
404 101 301.0400914519176
405 101.25 301.0436957637381
406 101.5 301.0473004336795
407 101.75 301.0509054617353
408 102 301.0545108479042
409 102.25 301.058116592187
410 102.5 301.0617226946
411 102.75 301.0653291551473
412 103 301.0689359738387
413 103.25 301.0725431507036
414 103.5 301.0761506857577
415 103.75 301.0797585790247
416 104 301.083366830544
417 104.25 301.086975440337
418 104.5 301.0905844084497
419 104.75 301.0941937349169
420 105 301.0978034197868
421 105.25 301.1014134630996
422 105.5 301.1050238649063
423 105.75 301.1086346252638
424 106 301.1122457442237
425 106.25 301.1158572218458
426 106.5 301.1194690581989
427 106.75 301.1230812533379
428 107 301.1266938073382
429 107.25 301.1303067202606
430 107.5 301.1339199921885
431 107.75 301.1375336231899
432 108 301.1411476133495
433 108.25 301.1447619627418
434 108.5 301.1483766714615
435 108.75 301.151991739579
436 109 301.1556071671935
437 109.25 301.1592229543919
438 109.5 301.1628391012683
439 109.75 301.1664556079155
440 110 301.1700724744291
441 110.25 301.173689700916
442 110.5 301.1773072874714
443 110.75 301.1809252342014
444 111 301.1845435412093
445 111.25 301.1881622086049
446 111.5 301.1917812364968
447 111.75 301.1954006249979
448 112 301.1990203742138
449 112.25 301.2026404842673
450 112.5 301.2062609552728
451 112.75 301.2098817873468
452 113 301.213502980612
453 113.25 301.2171245351873
454 113.5 301.2207464511927
455 113.75 301.2243687287579
456 114 301.2279913680062
457 114.25 301.2316143690695
458 114.5 301.235237732069
459 114.75 301.2388614571408
460 115 301.2424855444136
461 115.25 301.2461099940153
462 115.5 301.2497348060895
463 115.75 301.2533599807657
464 116 301.2569855181806
465 116.25 301.2606114184711
466 116.5 301.2642376817785
467 116.75 301.267864308238
468 117 301.2714912979944
469 117.25 301.2751186511847
470 117.5 301.2787463679539
471 117.75 301.2823744484481
472 118 301.2860028928099
473 118.25 301.2896317011799
474 118.5 301.2932608737102
475 118.75 301.2968904105441
476 119 301.3005203118277
477 119.25 301.3041505777148
478 119.5 301.3077812083508
479 119.75 301.3114122038869
480 120 301.3150435644728
481 120.25 301.3186752902554
482 120.5 301.3223073813941
483 120.75 301.3259398380363
484 121 301.3295726603352
485 121.25 301.3332058484456
486 121.5 301.3368394025167
487 121.75 301.3404733227053
488 122 301.34410760917
489 122.25 301.3477422620566
490 122.5 301.3513772815325
491 122.75 301.3550126677424
492 123 301.3586484208485
493 123.25 301.3622845410018
494 123.5 301.3659210283671
495 123.75 301.3695578830929
496 124 301.3731951053421
497 124.25 301.376832695273
498 124.5 301.3804706530368
499 124.75 301.3841089787975
500 125 301.3877476727042
501 125.25 301.3913867349276
502 125.5 301.3950261656133
503 125.75 301.3986659649293
504 126 301.4023061330268
505 126.25 301.4059466700659
506 126.5 301.40958757621
507 126.75 301.4132288516106
508 127 301.4168704964304
509 127.25 301.4205125108278
510 127.5 301.4241548949539
511 127.75 301.4277976489762
512 128 301.4314407730489
513 128.25 301.435084267328
514 128.5 301.438728131974
515 128.75 301.4423723671414
516 129 301.446016972994
517 129.25 301.4496619496829
518 129.5 301.4533072973676
519 129.75 301.4569530162063
520 130 301.4605991063545
521 130.25 301.4642455679672
522 130.5 301.4678924012013
523 130.75 301.471539606217
524 131 301.4751871831579
525 131.25 301.478835132192
526 131.5 301.482483453471
527 131.75 301.4861321471476
528 132 301.4897812133763
529 132.25 301.4934306523131
530 132.5 301.4970804641103
531 132.75 301.500730648916
532 133 301.5043812068939
533 133.25 301.5080321381879
534 133.5 301.5116834429491
535 133.75 301.5153351213347
536 134 301.5189871734933
537 134.25 301.5226395995751
538 134.5 301.5262923997245
539 134.75 301.5299455741053
540 135 301.533599122851
541 135.25 301.5372530461207
542 135.5 301.5409073440557
543 135.75 301.5445620168079
544 136 301.5482170645209
545 136.25 301.5518724873426
546 136.5 301.5555282854201
547 136.75 301.5591844588973
548 137 301.5628410079127
549 137.25 301.5664979326216
550 137.5 301.5701552331577
551 137.75 301.5738129096704
552 138 301.5774709622985
553 138.25 301.581129391178
554 138.5 301.5847881964573
555 138.75 301.5884473782741
556 139 301.5921069367649
557 139.25 301.5957668720754
558 139.5 301.5994271843334
559 139.75 301.6030878736855
560 140 301.6067489402616
561 140.25 301.6104103842023
562 140.5 301.61407220564
563 140.75 301.6177344047047
564 141 301.6213969815378
565 141.25 301.6250599362654
566 141.5 301.6287232690225
567 141.75 301.6323869799409
568 142 301.6360510691514
569 142.25 301.6397155367814
570 142.5 301.6433803829574
571 142.75 301.6470456078122
572 143 301.6507112114716
573 143.25 301.6543771940618
574 143.5 301.6580435557052
575 143.75 301.6617102965315
576 144 301.6653774166579
577 144.25 301.6690449162137
578 144.5 301.6727127953145
579 144.75 301.6763810540882
580 145 301.6800496926516
581 145.25 301.6837187111253
582 145.5 301.6873881096265
583 145.75 301.691057888271
584 146 301.6947280471794
585 146.25 301.698398586467
586 146.5 301.7020695062424
587 146.75 301.7057408066316
588 147 301.7094124877332
589 147.25 301.7130845496698
590 147.5 301.7167569925512
591 147.75 301.7204298164847
592 148 301.7241030215774
593 148.25 301.7277766079458
594 148.5 301.7314505756881
595 148.75 301.7351249249134
596 149 301.7387996557331
597 149.25 301.7424747682471
598 149.5 301.7461502625575
599 149.75 301.7498261387654
600 150 301.7535023969763
601 150.25 301.7571790372904
602 150.5 301.760856059804
603 150.75 301.7645334646201
604 151 301.7682112518328
605 151.25 301.7718894215378
606 151.5 301.7755679738324
607 151.75 301.7792469088113
608 152 301.7829262265662
609 152.25 301.7866059271955
610 152.5 301.7902860107814
611 152.75 301.7939664774188
612 153 301.7976473271975
613 153.25 301.801328560202
614 153.5 301.8050101765245
615 153.75 301.8086921762546
616 154 301.8123745594631
617 154.25 301.8160573262497
618 154.5 301.8197404766838
619 154.75 301.8234240108596
620 155 301.8271079288493
621 155.25 301.8307922307367
622 155.5 301.8344769166005
623 155.75 301.8381619865123
624 156 301.8418474405594
625 156.25 301.8455332788074
626 156.5 301.8492195013352
627 156.75 301.8529061082187
628 157 301.8565930995284
629 157.25 301.8602804753289
630 157.5 301.8639682356972
631 157.75 301.8676563807002
632 158 301.871344910409
633 158.25 301.8750338248819
634 158.5 301.8787231241929
635 158.75 301.8824128084064
636 159 301.8861028775779
637 159.25 301.8897933317764
638 159.5 301.8934841710622
639 159.75 301.8971753954933
640 160 301.9008670051319
641 160.25 301.9045590000308
642 160.5 301.9082513802536
643 160.75 301.9119441458499
644 161 301.9156372968743
645 161.25 301.9193308333813
646 161.5 301.9230247554332
647 161.75 301.9267190630597
648 162 301.9304137563298
649 162.25 301.9341088352842
650 162.5 301.9378042999661
651 162.75 301.9415001504344
652 163 301.9451963867295
653 163.25 301.9488930088893
654 163.5 301.9525900169612
655 163.75 301.9562874109897
656 164 301.9599851910116
657 164.25 301.9636833570677
658 164.5 301.9673819091963
659 164.75 301.9710808474371
660 165 301.9747801718253
661 165.25 301.9784798823952
662 165.5 301.9821799791814
663 165.75 301.9858804622165
664 166 301.9895813315316
665 166.25 301.993282587159
666 166.5 301.996984229121
667 166.75 302.0006862574571
668 167 302.0043886721876
669 167.25 302.008091473336
670 167.5 302.0117946609336
671 167.75 302.0154982349974
672 168 302.0192021955565
673 168.25 302.0229065426287
674 168.5 302.026611276231
675 168.75 302.0303163963873
676 169 302.034021903109
677 169.25 302.0377277964218
678 169.5 302.0414340763344
679 169.75 302.0451407428624
680 170 302.048847796016
681 170.25 302.0525552358152
682 170.5 302.0562630622629
683 170.75 302.0599712753753
684 171 302.0636798751514
685 171.25 302.0673888616056
686 171.5 302.0710982347462
687 171.75 302.0748079945726
688 172 302.0785181410886
689 172.25 302.0822286742978
690 172.5 302.0859395942045
691 172.75 302.0896509008057
692 173 302.0933625940989
693 173.25 302.097074674087
694 173.5 302.1007871407643
695 173.75 302.1044999941261
696 174 302.1082132341645
697 174.25 302.1119268608769
698 174.5 302.1156408742525
699 174.75 302.1193552742837
700 175 302.1230700609589
701 175.25 302.1267852342673
702 175.5 302.1305007941965
703 175.75 302.1342167407296
704 176 302.1379330738576
705 176.25 302.1416497935577
706 176.5 302.1453668998159
707 176.75 302.1490843926152
708 177 302.1528022719389
709 177.25 302.1565205377552
710 177.5 302.1602391900499
711 177.75 302.1639582288026
712 178 302.1676776539775
713 178.25 302.1713974655613
714 178.5 302.1751176635185
715 178.75 302.1788382478325
716 179 302.1825592184592
717 179.25 302.1862805753777
718 179.5 302.1900023185574
719 179.75 302.1937244479636
720 180 302.1955032787419
721 180.25 302.1972812828531
722 180.5 302.1990584236675
723 180.75 302.2002563553283
724 181 302.2008711805902
725 181.25 302.2011102100757
726 181.5 302.2011300628565
727 181.75 302.2010226373308
728 182 302.2007614385387
729 182.25 302.2003701567621
730 182.5 302.1999733496981
731 182.75 302.1995766878337
732 183 302.199082082743
733 183.25 302.198264736696
734 183.5 302.1973292141852
735 183.75 302.1963917998542
736 184 302.1954556023937
737 184.25 302.1942363459991
738 184.5 302.192922347873
739 184.75 302.191609214991
740 185 302.1901313360598
741 185.25 302.1886532752808
742 185.5 302.1870119260427
743 185.75 302.1853712031851
744 186 302.1835756905689
745 186.25 302.1817818977911
746 186.5 302.1798401523549
747 186.75 302.1779007472883
748 187 302.1758076381432
749 187.25 302.1736512373069
750 187.5 302.171499953136
751 187.75 302.1692027547232
752 188 302.1668468569234
753 188.25 302.1644973411503
754 188.5 302.1620143875601
755 188.75 302.1595372616245
756 189 302.1569347962754
757 189.25 302.1543388324244
758 189.5 302.1516227398758
759 189.75 302.1489135140189
760 190 302.1460873524657
761 190.25 302.143268800963
762 190.5 302.1404573985811
763 190.75 302.1376528603304
764 191 302.1348548823145
765 191.25 302.1320632149454
766 191.5 302.1292776309064
767 191.75 302.1264979332308
768 192 302.1237239292447
769 192.25 302.1209554628967
770 192.5 302.1181924048915
771 192.75 302.1154346117414
772 193 302.1126819633191
773 193.25 302.1099343217713
774 193.5 302.1071915942557
775 193.75 302.1044536618367
776 194 302.1017204360992
777 194.25 302.0989918266021
778 194.5 302.0962677642216
779 194.75 302.0935481594853
780 195 302.0908329440136
781 195.25 302.0881220468317
782 195.5 302.0854154274981
783 195.75 302.0827129888364
784 196 302.0800147129954
785 196.25 302.07732054746
786 196.5 302.0746304952806
787 196.75 302.071944518081
788 197 302.0692626160367
789 197.25 302.0665847520513
790 197.5 302.0639108844555
791 197.75 302.0612409596835
792 198 302.0585749574566
793 198.25 302.05591282854
794 198.5 302.0532545639302
795 198.75 302.0506001185005
796 199 302.0479494779697
797 199.25 302.0453025934924
798 199.5 302.0426594467414
799 199.75 302.0400199982371
800 200 302.0373842381072
801 200.25 302.0347522017054
802 200.5 302.0321237372568
803 200.75 302.0294989013578
804 201 302.0268777727497
805 201.25 302.0242601423967
806 201.5 302.0216460945092
807 201.75 302.0190356008757
808 202 302.0164286437511
809 202.25 302.0138251870995
810 202.5 302.011225236733
811 202.75 302.0086287502602
812 203 302.0060357330378
813 203.25 302.0034461444081
814 203.5 302.0008599754904
815 203.75 301.9982771940688
816 204 301.995697794965
817 204.25 301.9931217922459
818 204.5 301.9905490716419
819 204.75 301.9879797218724
820 205 301.9854133861404
821 205.25 301.9828504102118
822 205.5 301.9802909250989
823 205.75 301.9777344530853
824 206 301.9751812248293
825 206.25 301.9726315125952
826 206.5 301.9700846896739
827 206.75 301.9675411071502
828 207 301.965000680154
829 207.25 301.9624636927178
830 207.5 301.959929566139
831 207.75 301.9573986177432
832 208 301.9548710534634
833 208.25 301.9523463232247
834 208.5 301.9498247169377
835 208.75 301.9473064726418
836 209 301.9447910195583
837 209.25 301.9422786375691
838 209.5 301.9397693247101
839 209.75 301.9372630560455
840 210 301.9347598005494
841 210.25 301.9322595710555
842 210.5 301.9297626543833
843 210.75 301.9272687218867
844 211 301.9247777977426
845 211.25 301.9222898556727
846 211.5 301.9198048930829
847 211.75 301.9173229261771
848 212 301.9148439155759
849 212.25 301.9123678789658
850 212.5 301.9098947844387
851 212.75 301.9074246440671
852 213 301.904957430785
853 213.25 301.9024931580348
854 213.5 301.9000317980123
855 213.75 301.8975733530612
856 214 301.8951178318366
857 214.25 301.8926652053152
858 214.5 301.8902154886139
859 214.75 301.8877686564997
860 215 301.8853247177292
861 215.25 301.8828836844648
862 215.5 301.8804455277605
863 215.75 301.8780102472608
864 216 301.8755778440039
865 216.25 301.8731483096727
866 216.5 301.8707213548394
867 216.75 301.8682972757609
868 217 301.8658763068256
869 217.25 301.8634579061458
870 217.5 301.8610423486292
871 217.75 301.8586296321996
872 218 301.8562200263898
873 218.25 301.8538132513596
874 218.5 301.8514093074598
875 218.75 301.8490081930066
876 219 301.8466098999913
877 219.25 301.8442144313181
878 219.5 301.8418217819026
879 219.75 301.8394319368566
880 220 301.8370448841337
881 220.25 301.8346606240706
882 220.5 301.8322791539525
883 220.75 301.8299004762554
884 221 301.8275245879011
885 221.25 301.8251514877359
886 221.5 301.8227811713855
887 221.75 301.8204136365056
888 222 301.8180488789453
889 222.25 301.8156868958063
890 222.5 301.813327683515
891 222.75 301.8109712388195
892 223 301.8086175587744
893 223.25 301.8062666401487
894 223.5 301.8039184795389
895 223.75 301.8015730749889
896 224 301.799230420527
897 224.25 301.7968905146359
898 224.5 301.7945533520017
899 224.75 301.7922189387255
900 225 301.7898869776742
901 225.25 301.7875577677945
902 225.5 301.7852315365272
903 225.75 301.7829077742006
904 226 301.7805867607145
905 226.25 301.7782684754867
906 226.5 301.7759531637867
907 226.75 301.7736403153338
908 227 301.7713302033801
909 227.25 301.769022803463
910 227.5 301.7667183630828
911 227.75 301.7644163751264
912 228 301.7621171145597
913 228.25 301.7598208128639
914 228.5 301.7575269509215
915 228.75 301.7552357862619
916 229 301.7529473269774
917 229.25 301.7506615596135
918 229.5 301.7483785072212
919 229.75 301.7460981085545
920 230 301.7438206834652
921 230.25 301.7415459452342
922 230.5 301.7392738961698
923 230.75 301.7370045273517
924 231 301.7347378384557
925 231.25 301.7324738278149
926 231.5 301.7302124934698
927 231.75 301.7279538332929
928 232 301.7256978443439
929 232.25 301.7234445234408
930 232.5 301.7211938692973
931 232.75 301.7189458789928
932 233 301.7167005516097
933 233.25 301.7144578834569
934 233.5 301.7122178735152
935 233.75 301.7099805173486
936 234 301.7077458125377
937 234.25 301.7055137564838
938 234.5 301.7032843485169
939 234.75 301.7010573090743
940 235 301.698832928197
941 235.25 301.6966114347491
942 235.5 301.6943922801269
943 235.75 301.6921757745473
944 236 301.689961893302
945 236.25 301.6877506573692
946 236.5 301.6855420127391
947 236.75 301.6833362851469
948 237 301.6811331875602
949 237.25 301.6789327208945
950 237.5 301.6767348800473
951 237.75 301.6745396617064
952 238 301.6723470588801
953 238.25 301.670157065497
954 238.5 301.6679696766377
955 238.75 301.6657848897113
956 239 301.6636027037869
957 239.25 301.6614231200114
958 239.5 301.6592461382485
959 239.75 301.6570714774011
960 240 301.6548994274571
961 240.25 301.6527302257982
962 240.5 301.6505633529167
963 240.75 301.6483990623148
964 241 301.6462373614675
965 241.25 301.6440785251044
966 241.5 301.6419222839937
967 241.75 301.6397686329679
968 242 301.6376175673805
969 242.25 301.6354690833796
970 242.5 301.6333231810834
971 242.75 301.6311798580945
972 243 301.6290391127224
973 243.25 301.6269009420645
974 243.5 301.6247653438425
975 243.75 301.6226323156185
976 244 301.6205018554375
977 244.25 301.6183739616099
978 244.5 301.6162486324427
979 244.75 301.6141258654458
980 245 301.6120056592125
981 245.25 301.609888010795
982 245.5 301.6077729184526
983 245.75 301.6056603800822
984 246 301.6035503938118
985 246.25 301.601442957843
986 246.5 301.5993380693604
987 246.75 301.5972357272991
988 247 301.5951359309601
989 247.25 301.5930386794611
990 247.5 301.5909439708929
991 247.75 301.5888518030666
992 248 301.5867621733011
993 248.25 301.5846750799965
994 248.5 301.5825902432189
995 248.75 301.5805079485336
996 249 301.5784284304877
997 249.25 301.5763511772232
998 249.5 301.5742764600245
999 249.75 301.5722045138609
1000 250 301.5701348244845
1001 250.25 301.5680676393906
1002 250.5 301.566002970481
1003 250.75 301.5639410861945
1004 251 301.5618817214963
1005 251.25 301.559824867525
1006 251.5 301.5577705199346
1007 251.75 301.5557186720765
1008 252 301.5536693263901
1009 252.25 301.5516224774496
1010 252.5 301.5495781255369
1011 252.75 301.5475362650444
1012 253 301.5454968953832
1013 253.25 301.5434600125965
1014 253.5 301.541425615211
1015 253.75 301.539393700262
1016 254 301.5373642659014
1017 254.25 301.5353373091971
1018 254.5 301.5333128286426
1019 254.75 301.5312908213768
1020 255 301.5292712858941
1021 255.25 301.5272542199475
1022 255.5 301.5252396207909
1023 255.75 301.5232274871024
1024 256 301.5212178155202
1025 256.25 301.5192106050556
1026 256.5 301.5172058523453
1027 256.75 301.5152035560408
1028 257 301.5132037130514
1029 257.25 301.5112063223519
1030 257.5 301.5092113812432
1031 257.75 301.5072188882403
1032 258 301.5052288414948
1033 258.25 301.5032412380342
1034 258.5 301.5012560760211
1035 258.75 301.4992733535493
1036 259 301.4972927959867
1037 259.25 301.4953146834016
1038 259.5 301.4933392486087
1039 259.75 301.4913659916429
1040 260 301.4893951766407
1041 260.25 301.487426785828
1042 260.5 301.4854610645741
1043 260.75 301.4834975189788
1044 261 301.4815364081393
1045 261.25 301.4795777151692
1046 261.5 301.4776216844434
1047 261.75 301.4756678218019
1048 262 301.4737163851417
1049 262.25 301.4717673581121
1050 262.5 301.4698209844596
1051 262.75 301.4678767713604
1052 263 301.4659349463025
1053 263.25 301.4639958038227
1054 263.5 301.4620590689156
1055 263.75 301.4601247413661
1056 264 301.4581928108868
1057 264.25 301.456263273515
1058 264.5 301.454336129606
1059 264.75 301.4524113743653
1060 265 301.4504890074137
1061 265.25 301.448569024225
1062 265.5 301.4466514241934
1063 265.75 301.4447362026126
1064 266 301.4428230878469
1065 266.25 301.4409123551774
1066 266.5 301.4390039897134
1067 266.75 301.4370982346596
1068 267 301.4351946011331
1069 267.25 301.4332933408663
1070 267.5 301.4313944403969
1071 267.75 301.4294981379471
1072 268 301.4276039460609
1073 268.25 301.4257120951051
1074 268.5 301.4238225971235
1075 268.75 301.4219357209013
1076 269 301.4200512110458
1077 269.25 301.418169055949
1078 269.5 301.4162892496155
1079 269.75 301.4144117856284
1080 270 301.4125366652885
1081 270.25 301.4106638856746
1082 270.5 301.4087934474475
1083 270.75 301.4069253476787
1084 271 301.4050595849093
1085 271.25 301.4031961575895
1086 271.5 301.4013350614301
1087 271.75 301.3994762937336
1088 272 301.3976198493191
1089 272.25 301.3957657270383
1090 272.5 301.3939139226125
1091 272.75 301.3920644362141
1092 273 301.390217263741
1093 273.25 301.3883724058179
1094 273.5 301.3865298588233
1095 273.75 301.3846896228156
1096 274 301.3828516941419
1097 274.25 301.3810160727073
1098 274.5 301.3791827548417
1099 274.75 301.3773517401475
1100 275 301.3755230255792
1101 275.25 301.3736966097532
1102 275.5 301.3718724900107
1103 275.75 301.3700506648577
1104 276 301.3682311314488
1105 276.25 301.3664138878934
1106 276.5 301.3645989321453
1107 276.75 301.3627862617586
1108 277 301.3609758741625
1109 277.25 301.3591677668769
1110 277.5 301.3573619377441
1111 277.75 301.3555583841963
1112 278 301.3537571043202
1113 278.25 301.3519580950387
1114 278.5 301.3501613542396
1115 278.75 301.3483668788644
1116 279 301.3465746669449
1117 279.25 301.3447847156527
1118 279.5 301.3429970227809
1119 279.75 301.3412115853853
1120 280 301.3394284008875
1121 280.25 301.3376472069567
1122 280.5 301.3358682675641
1123 280.75 301.3340918046037
1124 281 301.3323173438739
1125 281.25 301.33054513146
1126 281.5 301.3287753885032
1127 281.75 301.327007638405
1128 282 301.3252421043409
1129 282.25 301.3234788005352
1130 282.5 301.3217179788026
1131 282.75 301.3199593955297
1132 283 301.3182030387327
1133 283.25 301.316448903027
1134 283.5 301.3146969826296
1135 283.75 301.3129472786861
1136 284 301.3111997856518
1137 284.25 301.3094545027644
1138 284.5 301.3077114255877
1139 284.75 301.3059705520614
1140 285 301.3042318784806
1141 285.25 301.3024954033624
1142 285.5 301.3007611242854
1143 285.75 301.2990290396053
1144 286 301.297299146999
1145 286.25 301.2955714451711
1146 286.5 301.2938459314631
1147 286.75 301.2921226046008
1148 287 301.2904014623444
1149 287.25 301.2886825030779
1150 287.5 301.2869657247231
1151 287.75 301.2852511263999
1152 288 301.2835387056043
1153 288.25 301.2818284608622
1154 288.5 301.2801203902864
1155 288.75 301.2784144923934
1156 289 301.2767107648728
1157 289.25 301.2750092059492
1158 289.5 301.2733098137339
1159 289.75 301.2716125867318
1160 290 301.2699175232049
1161 290.25 301.2682246210985
1162 290.5 301.2665338780227
1163 290.75 301.2648452918809
1164 291 301.2631588606968
1165 291.25 301.2614745825819
1166 291.5 301.2597924545592
1167 291.75 301.2581124747787
1168 292 301.2564346403819
1169 292.25 301.254758949704
1170 292.5 301.2530853997168
1171 292.75 301.2514139889206
1172 293 301.2497447141267
1173 293.25 301.2480775737664
1174 293.5 301.2464125646561
1175 293.75 301.2447496847909
1176 294 301.2430889311578
1177 294.25 301.2414303015421
1178 294.5 301.2397737930008
1179 294.75 301.2381194033092
1180 295 301.2364671292294
1181 295.25 301.2348169685491
1182 295.5 301.2331686730712
1183 295.75 301.2315224913698
1184 296 301.2298786323885
1185 296.25 301.228236889246
1186 296.5 301.2265970066331
1187 296.75 301.224959226478
1188 297 301.223323757533
1189 297.25 301.2216901569521
1190 297.5 301.2200586537402
1191 297.75 301.2184294548734
1192 298 301.216802113068
1193 298.25 301.2151768586402
1194 298.5 301.2135539037421
1195 298.75 301.2119328005801
1196 299 301.2103137771405
1197 299.25 301.2086970401802
1198 299.5 301.2070821455636
1199 299.75 301.2054693219736
1200 300 301.2038587798789
1201 300.25 301.2022500729189
1202 300.5 301.2006434291409
1203 300.75 301.1990390572707
1204 301 301.1974365159522
1205 301.25 301.1958360135176
1206 301.5 301.1942375660376
1207 301.75 301.1926411886009
1208 302 301.1910468273342
1209 302.25 301.1894547616998
1210 302.5 301.1878647531883
1211 302.75 301.1862767937127
1212 303 301.18469087548
1213 303.25 301.1831069956328
1214 303.5 301.1815251530153
1215 303.75 301.1799453450116
1216 304 301.1783675705275
1217 304.25 301.1767918264291
1218 304.5 301.175218110629
1219 304.75 301.1736464205634
1220 305 301.1720767538353
1221 305.25 301.1705091082406
1222 305.5 301.1689434812169
1223 305.75 301.1673798707351
1224 306 301.1658182746982
1225 306.25 301.1642586907655
1226 306.5 301.1627011169565
1227 306.75 301.1611455506398
1228 307 301.1595919899688
1229 307.25 301.158040432193
1230 307.5 301.1564908757173
1231 307.75 301.1549433176149
1232 308 301.1533977568117
1233 308.25 301.1518541907113
1234 308.5 301.1503123842741
1235 308.75 301.1487725739123
1236 309 301.147234959269
1237 309.25 301.1456990924203
1238 309.5 301.1441652440702
1239 309.75 301.1426333469216
1240 310 301.1411036643585
1241 310.25 301.1395759774057
1242 310.5 301.1380502745282
1243 310.75 301.136526545054
1244 311 301.1350047911579
1245 311.25 301.1334850116249
1246 311.5 301.1319672023563
1247 311.75 301.1304513632681
1248 312 301.1289374897897
1249 312.25 301.1274255815417
1250 312.5 301.1259156319307
1251 312.75 301.1244076381424
1252 313 301.1229015964389
1253 313.25 301.1213975042604
1254 313.5 301.1198953583224
1255 313.75 301.1183949293765
1256 314 301.1168964466682
1257 314.25 301.115400103397
1258 314.5 301.1139054878809
1259 314.75 301.1124128132034
1260 315 301.1109220678589
1261 315.25 301.1094334487809
1262 315.5 301.1079465471249
1263 315.75 301.1064615693047
1264 316 301.1049785058354
1265 316.25 301.1034975598504
1266 316.5 301.1020183264815
1267 316.75 301.1005410136505
1268 317 301.0990656101583
1269 317.25 301.0975923170763
1270 317.5 301.0961207302677
1271 317.75 301.0946510324322
1272 318 301.0931834699517
1273 318.25 301.0917178208874
1274 318.5 301.090254080624
1275 318.75 301.0887922416817
1276 319 301.0873323021879
1277 319.25 301.0858742589671
1278 319.5 301.0844181069617
1279 319.75 301.0829638463428
1280 320 301.0815114721898
1281 320.25 301.0800609844318
1282 320.5 301.078612379012
1283 320.75 301.0771656556627
1284 321 301.0757208109707
1285 321.25 301.0742778440688
1286 321.5 301.0728367513316
1287 321.75 301.0713973111086
1288 322 301.0699597449088
1289 322.25 301.0685242441106
1290 322.5 301.0670904065453
1291 322.75 301.0656584192031
1292 323 301.0642282957863
1293 323.25 301.0628000294438
1294 323.5 301.0613736416935
1295 323.75 301.0599490848496
1296 324 301.0585266049726
1297 324.25 301.0571059906207
1298 324.5 301.0556872325477
1299 324.75 301.0542703249207
1300 325 301.0528552645387
1301 325.25 301.051442051043
1302 325.5 301.0500306812153
1303 325.75 301.0486211567159
1304 326 301.0472134737323
1305 326.25 301.0458076316447
1306 326.5 301.0444036256122
1307 326.75 301.0430014558922
1308 327 301.0416011193973
1309 327.25 301.0402026163324
1310 327.5 301.0388057289038
1311 327.75 301.0374106735857
1312 328 301.0360176323562
1313 328.25 301.0346262178415
1314 328.5 301.0332366071563
1315 328.75 301.0318488120424
1316 329 301.0304630404474
1317 329.25 301.029079093617
1318 329.5 301.0276969596169
1319 329.75 301.0263166331082
1320 330 301.0249381105398
1321 330.25 301.0235613917145
1322 330.5 301.0221864736163
1323 330.75 301.0208133554215
1324 331 301.0194420339284
1325 331.25 301.018072507513
1326 331.5 301.0167047732253
1327 331.75 301.0153388291094
1328 332 301.0139746731269
1329 332.25 301.012612302803
1330 332.5 301.011251715411
1331 332.75 301.0098929094004
1332 333 301.008535881906
1333 333.25 301.0071806311017
1334 333.5 301.005827154681
1335 333.75 301.0044754508957
1336 334 301.0031255169292
1337 334.25 301.0017773507836
1338 334.5 301.0004309501117
1339 334.75 300.9990863134797
1340 335 300.9977434382948
1341 335.25 300.996402323171
1342 335.5 300.9950629652279
1343 335.75 300.9937253629517
1344 336 300.9923895133601
1345 336.25 300.9910554154993
1346 336.5 300.989723066486
1347 336.75 300.9883924649913
1348 337 300.9870636072409
1349 337.25 300.985736287986
1350 337.5 300.9844107133355
1351 337.75 300.983087059494
1352 338 300.9817649548844
1353 338.25 300.9804445894411
1354 338.5 300.9791261361058
1355 338.75 300.9778092221958
1356 339 300.9764940367098
1357 339.25 300.9751807563247
1358 339.5 300.9738690094393
1359 339.75 300.9725589855807
1360 340 300.9712506764538
1361 340.25 300.9699442622948
1362 340.5 300.9686393793298
1363 340.75 300.9673362140668
1364 341 300.9660349420697
1365 341.25 300.9647351944146
1366 341.5 300.963437141025
1367 341.75 300.9621407978353
1368 342 300.9608461571594
1369 342.25 300.9595532391513
1370 342.5 300.958261998288
1371 342.75 300.9569726612818
1372 343 300.955685034236
1373 343.25 300.9543991084954
1374 343.5 300.9531148763128
1375 343.75 300.9518323346467
1376 344 300.9505514829322
1377 344.25 300.9492723178649
1378 344.5 300.9479948388752
1379 344.75 300.9467190422648
1380 345 300.9454449251058
1381 345.25 300.9441724880797
1382 345.5 300.9429017296754
1383 345.75 300.9416326475309
1384 346 300.9403652393601
1385 346.25 300.9390993085825
1386 346.5 300.9378350503583
1387 346.75 300.9365726309608
1388 347 300.9353116977503
1389 347.25 300.934052431604
1390 347.5 300.9327948227022
1391 347.75 300.9315390425965
1392 348 300.9302847447513
1393 348.25 300.929032105409
1394 348.5 300.9277811157128
1395 348.75 300.9265319451584
1396 349 300.9252842477007
1397 349.25 300.92403819859
1398 349.5 300.9227937918951
1399 349.75 300.9215511998852
1400 350 300.9203100826749
1401 350.25 300.9190705983709
1402 350.5 300.9178327606338
1403 350.75 300.916596563017
1404 351 300.9153620226276
1405 351.25 300.9141290946426
1406 351.5 300.9128979912093
1407 351.75 300.9116685291389
1408 352 300.9104406986495
1409 352.25 300.9092144793778
1410 352.5 300.9079898915509
1411 352.75 300.9067669289284
1412 353 300.9055455827448
1413 353.25 300.9043258505174
1414 353.5 300.9031077289187
1415 353.75 300.9018912156666
1416 354 300.9006763094116
1417 354.25 300.8994630078961
1418 354.5 300.8982511230369
1419 354.75 300.8970408424621
1420 355 300.8958323268512
1421 355.25 300.8946252373365
1422 355.5 300.8934197449414
1423 355.75 300.8922160103655
1424 356 300.8910136936636
1425 356.25 300.889812945421
1426 356.5 300.8886137766385
1427 356.75 300.8874161772562
1428 357 300.8862201481053
1429 357.25 300.8850256859054
1430 357.5 300.8838329803102
1431 357.75 300.8826418557507
1432 358 300.8814523054679
1433 358.25 300.8802643258492
1434 358.5 300.8790779160217
1435 358.75 300.8778930768416
1436 359 300.8767098048255
1437 359.25 300.8755280998746
1438 359.5 300.8743479596479
1439 359.75 300.8731693829064
1440 360 300.8719923659393
1441 360.25 300.8708169133319
1442 360.5 300.8696430164293
1443 360.75 300.8684706724297
1444 361 300.8672998773577
1445 361.25 300.8661306310583
1446 361.5 300.8649629307336
1447 361.75 300.8637967761485
1448 362 300.8626321639888
1449 362.25 300.8614690944905
1450 362.5 300.8603075651905
1451 362.75 300.8591475749565
1452 363 300.8579891216762
1453 363.25 300.8568322035044
1454 363.5 300.8556766373198
1455 363.75 300.8545226059541
1456 364 300.8533702646824
1457 364.25 300.8522192866363
1458 364.5 300.8510698380571
1459 364.75 300.8499220726843
1460 365 300.8487756631314
1461 365.25 300.8476307753124
1462 365.5 300.8464875607701
1463 365.75 300.8453456952115
1464 366 300.8442053266688
1465 366.25 300.8430664683914
1466 366.5 300.8419292959053
1467 366.75 300.8407936435342
1468 367 300.8396594999505
1469 367.25 300.8385268606543
1470 367.5 300.8373957241648
1471 367.75 300.8362660908136
1472 368 300.8351379582354
1473 368.25 300.834011324476
1474 368.5 300.8328861900036
1475 368.75 300.8317625492485
1476 369 300.8306404004002
1477 369.25 300.8295197402752
1478 369.5 300.8284005661808
1479 369.75 300.8272828767715
1480 370 300.8261666699764
1481 370.25 300.8250519439118
1482 370.5 300.823938696595
1483 370.75 300.8228269258361
1484 371 300.8217166302294
1485 371.25 300.820607804985
1486 371.5 300.8195004580655
1487 371.75 300.818394581557
1488 372 300.8172901679827
1489 372.25 300.8161872269904
1490 372.5 300.8150857497491
1491 372.75 300.8139855616076
1492 373 300.8128868363114
1493 373.25 300.8117897217899
1494 373.5 300.8106939061795
1495 373.75 300.8095995490816
1496 374 300.8085067970292
1497 374.25 300.8074153388756
1498 374.5 300.8063253351753
1499 374.75 300.8052369330849
1500 375 300.8041498210573
1501 375.25 300.8030641550051
1502 375.5 300.8019799280984
1503 375.75 300.8008972906313
1504 376 300.7998161037465
1505 376.25 300.7987361886784
1506 376.5 300.7976577124992
1507 376.75 300.7965808203097
1508 377 300.7955052067117
1509 377.25 300.7944310126327
1510 377.5 300.7933582466061
1511 377.75 300.792287073387
1512 378 300.7912173343555
1513 378.25 300.7901490172703
1514 378.5 300.7890821189774
1515 378.75 300.7880166353274
1516 379 300.7869525683367
1517 379.25 300.7858899141996
1518 379.5 300.7848286712516
1519 379.75 300.783768832563
1520 380 300.7827103954465
1521 380.25 300.7816533570122
1522 380.5 300.7805977181977
1523 380.75 300.7795434780211
1524 381 300.7784906367618
1525 381.25 300.7774391930817
1526 381.5 300.7763891462953
1527 381.75 300.775340494199
1528 382 300.7742932361865
1529 382.25 300.7732473705134
1530 382.5 300.7722027287892
1531 382.75 300.7711594791137
1532 383 300.7701177648787
1533 383.25 300.7690772842855
1534 383.5 300.7680382000549
1535 383.75 300.7670006424925
1536 384 300.7659643132235
1537 384.25 300.7649293685035
1538 384.5 300.7638958081607
1539 384.75 300.7628637689539
1540 385 300.7618329588492
1541 385.25 300.7608035288073
1542 385.5 300.7597756197894
1543 385.75 300.7587489347892
1544 386 300.75772362629
1545 386.25 300.7566996876905
1546 386.5 300.7556772628
1547 386.75 300.7546560608399
1548 387 300.7536362307414
1549 387.25 300.7526177657823
1550 387.5 300.7516008092763
1551 387.75 300.7505850745927
1552 388 300.7495707091965
1553 388.25 300.7485578509542
1554 388.5 300.7475462088623
1555 388.75 300.7465359302412
1556 389 300.7455270083572
1557 389.25 300.7445195821836
1558 389.5 300.7435133678937
1559 389.75 300.7425085093508
1560 390 300.7415051425828
1561 390.25 300.7405029800279
1562 390.5 300.7395021516743
1563 390.75 300.7385026678677
1564 391 300.7375046822145
1565 391.25 300.7365080485996
1566 391.5 300.7355127575162
1567 391.75 300.7345188029188
1568 392 300.7335261822785
1569 392.25 300.7325348953923
1570 392.5 300.7315449405104
1571 392.75 300.7305563166267
1572 393 300.7295690215803
1573 393.25 300.7285830534744
1574 393.5 300.7275984098332
1575 393.75 300.7266150882949
1576 394 300.7256330860434
1577 394.25 300.7246524003534
1578 394.5 300.7236730284866
1579 394.75 300.7226949686886
1580 395 300.7217182188074
1581 395.25 300.7207427766433
1582 395.5 300.7197686406505
1583 395.75 300.7187958082733
1584 396 300.7178242781931
1585 396.25 300.7168540480985
1586 396.5 300.7158851183304
1587 396.75 300.7149174871044
1588 397 300.7139511544394
1589 397.25 300.7129859643442
1590 397.5 300.7120220723055
1591 397.75 300.7110596109564
1592 398 300.7100984506563
1593 398.25 300.7091384310545
1594 398.5 300.7081797020827
1595 398.75 300.7072223950746
1596 399 300.7062662335275
1597 399.25 300.7053113590155
1598 399.5 300.7043579016452
1599 399.75 300.703405583206
1600 400 300.7024545319347
1601 400.25 300.7015047583093
1602 400.5 300.7005562716479
1603 400.75 300.6996090405073
1604 401 300.6986630837513
1605 401.25 300.6977184110007
1606 401.5 300.6967749875041
1607 401.75 300.6958329859023
1608 402 300.6948922586668
1609 402.25 300.6939528017444
1610 402.5 300.6930146129817
1611 402.75 300.6920776912151
1612 403 300.6911420348272
1613 403.25 300.6902076406931
1614 403.5 300.6892745062932
1615 403.75 300.6883426292789
1616 404 300.6874120071949
1617 404.25 300.6864826391505
1618 404.5 300.6855545233176
1619 404.75 300.6846276590282
1620 405 300.6837020443189
1621 405.25 300.6827776781441
1622 405.5 300.6818545592766
1623 405.75 300.6809326869748
1624 406 300.6800120594094
1625 406.25 300.6790926750275
1626 406.5 300.6781745320891
1627 406.75 300.6772576286442
1628 407 300.6763419625919
1629 407.25 300.6754275336533
1630 407.5 300.6745143408927
1631 407.75 300.6736023841594
1632 408 300.6726916623446
1633 408.25 300.6717821739068
1634 408.5 300.6708739174414
1635 408.75 300.6699668913253
1636 409 300.6690610937346
1637 409.25 300.6681565227484
1638 409.5 300.667253176431
1639 409.75 300.6663510524689
1640 410 300.6654501497018
1641 410.25 300.6645504663875
1642 410.5 300.6636520010567
1643 410.75 300.662754751108
1644 411 300.6618587152767
1645 411.25 300.6609638916146
1646 411.5 300.6600702786581
1647 411.75 300.6591778739352
1648 412 300.6582866756561
1649 412.25 300.6573966811961
1650 412.5 300.6565078885855
1651 412.75 300.6556202954167
1652 413 300.6547338999152
1653 413.25 300.6538486998838
1654 413.5 300.6529646939009
1655 413.75 300.6520818799386
1656 414 300.6512002571445
1657 414.25 300.6503198237388
1658 414.5 300.6494405784738
1659 414.75 300.6485625194106
1660 415 300.6476856449736
1661 415.25 300.6468099535297
1662 415.5 300.6459354432716
1663 415.75 300.6450619747617
1664 416 300.6441896866569
1665 416.25 300.6433186979095
1666 416.5 300.6424488919952
1667 416.75 300.6415801241612
1668 417 300.6407125289695
1669 417.25 300.6398462253862
1670 417.5 300.638980965102
1671 417.75 300.6381168756373
1672 418 300.6372540748478
1673 418.25 300.6363923123822
1674 418.5 300.6355317161502
1675 418.75 300.6346722814776
1676 419 300.6338141301776
1677 419.25 300.6329570167468
1678 419.5 300.6321010649355
1679 419.75 300.6312463919759
1680 420 300.6303927498898
1681 420.25 300.6295402656382
1682 420.5 300.6286889342057
1683 420.75 300.6278388761917
1684 421 300.6269898482211
1685 421.25 300.6261419723218
1686 421.5 300.6252953714524
1687 421.75 300.6244497891146
1688 422 300.6236053413967
1689 422.25 300.6227620433568
1690 422.5 300.6219200125436
1691 422.75 300.6210791330167
1692 423 300.6202393985787
1693 423.25 300.6194008053326
1694 423.5 300.6185633490619
1695 423.75 300.6177270304285
1696 424 300.616891846921
1697 424.25 300.6160577994145
1698 424.5 300.6152248859414
1699 424.75 300.6143931060308
1700 425 300.6135624573787
1701 425.25 300.6127329388814
1702 425.5 300.611904548277
1703 425.75 300.6110772842484
1704 426 300.6102511441352
1705 426.25 300.6094261269452
1706 426.5 300.6086022294129
1707 426.75 300.6077794517739
1708 427 300.6069577932127
1709 427.25 300.6061372500849
1710 427.5 300.6053178250717
1711 427.75 300.6044995145168
1712 428 300.6036821932757
1713 428.25 300.6028659890314
1714 428.5 300.6020510107679
1715 428.75 300.6012370264167
1716 429 300.6004241525093
1717 429.25 300.5996124976274
1718 429.5 300.5988018303011
1719 429.75 300.5979922680305
1720 430 300.5971839209372
1721 430.25 300.5963765585478
1722 430.5 300.5955702969741
1723 430.75 300.594765245264
1724 431 300.5939611737645
1725 431.25 300.593158198491
1726 431.5 300.5923563145251
1727 431.75 300.5915556322988
1728 432 300.5907559267309
1729 432.25 300.5899573110055
1730 432.5 300.5891598918563
1731 432.75 300.5883634419902
1732 433 300.5875680644081
1733 433.25 300.5867737686062
1734 433.5 300.5859805612957
1735 433.75 300.5851884143931
1736 434 300.5843974696944
1737 434.25 300.5836076067058
1738 434.5 300.5828188191477
1739 434.75 300.5820311027703
1740 435 300.5812444558245
1741 435.25 300.5804588780219
1742 435.5 300.5796743679541
1743 435.75 300.5788909249493
1744 436 300.5781085472125
1745 436.25 300.5773272335911
1746 436.5 300.5765469832323
1747 436.75 300.5757677954028
1748 437 300.5749896694389
1749 437.25 300.5742126037825
1750 437.5 300.5734365971614
1751 437.75 300.572661648273
1752 438 300.5718877554603
1753 438.25 300.5711149171204
1754 438.5 300.5703431316957
1755 438.75 300.5695723977747
1756 439 300.5688027136439
1757 439.25 300.5680340782431
1758 439.5 300.5672664900575
1759 439.75 300.5664999552196
1760 440 300.5657344609525
1761 440.25 300.5649700088581
1762 440.5 300.5642066025374
1763 440.75 300.5634442300811
1764 441 300.5626828935395
1765 441.25 300.5619225928746
1766 441.5 300.5611633268888
1767 441.75 300.56040509477
1768 442 300.5596478952638
1769 442.25 300.5588917276479
1770 442.5 300.55813659018
1771 442.75 300.5573824817126
1772 443 300.5566294009668
1773 443.25 300.5558773467147
1774 443.5 300.5551263178219
1775 443.75 300.5543763131328
1776 444 300.5536273311687
1777 444.25 300.5528793703984
1778 444.5 300.5521324334203
1779 444.75 300.5513865115005
1780 445 300.5506416071306
1781 445.25 300.5498977213344
1782 445.5 300.5491548541114
1783 445.75 300.5484130045314
1784 446 300.5476721710303
1785 446.25 300.5469323521053
1786 446.5 300.5461935463214
1787 446.75 300.5454557522219
1788 447 300.5447189684221
1789 447.25 300.5439831940131
1790 447.5 300.5432484280954
1791 447.75 300.5425146694117
1792 448 300.5417819167144
1793 448.25 300.541050169633
1794 448.5 300.5403194276905
1795 448.75 300.5395896901665
1796 449 300.5388609564483
1797 449.25 300.5381332253124
1798 449.5 300.5374064956798
1799 449.75 300.536680766233
1800 450 300.5359560350675
1801 450.25 300.5352323002496
1802 450.5 300.5345095594405
1803 450.75 300.5337878111284
1804 451 300.5330670530149
1805 451.25 300.532347283759
1806 451.5 300.5316283893785
1807 451.75 300.5309105858129
1808 452 300.5301936609288
1809 452.25 300.5294777198415
1810 452.5 300.5287628596136
1811 452.75 300.5280488749238
1812 453 300.5273358685811
1813 453.25 300.5266239366335
1814 453.5 300.5259128738211
1815 453.75 300.5252027830531
1816 454 300.5244937612977
1817 454.25 300.5237857132961
1818 454.5 300.5230785238026
1819 454.75 300.5223723026477
1820 455 300.5216671454677
1821 455.25 300.5209628495192
1822 455.5 300.5202595149416
1823 455.75 300.5195572356812
1824 456 300.5188558097303
1825 456.25 300.5181553410905
1826 456.5 300.5174558263129
1827 456.75 300.5167573643803
1828 457 300.516059757031
1829 457.25 300.5153631047208
1830 457.5 300.5146675024926
1831 457.75 300.5139727493582
1832 458 300.5132789378351
1833 458.25 300.5125860761042
1834 458.5 300.5118941603355
1835 458.75 300.5112032009566
1836 459 300.5105131725366
1837 459.25 300.509824198995
1838 459.5 300.5091361747693
1839 459.75 300.5084490955094
1840 460 300.5077629570765
1841 460.25 300.5070777583886
1842 460.5 300.5063934988976
1843 460.75 300.5057101771842
1844 461 300.5050277923564
1845 461.25 300.504346343283
1846 461.5 300.5036658289433
1847 461.75 300.5029862482012
1848 462 300.5023075998531
1849 462.25 300.5016297751948
1850 462.5 300.5009528823787
1851 462.75 300.5002770144959
1852 463 300.4996019762245
1853 463.25 300.4989278669536
1854 463.5 300.4982547791216
1855 463.75 300.4975825168472
1856 464 300.4969111792788
1857 464.25 300.4962407622826
1858 464.5 300.4955713599488
1859 464.75 300.494902781412
1860 465 300.4942351225464
1861 465.25 300.4935684734288
1862 465.5 300.4929026418841
1863 465.75 300.4922377259025
1864 466 300.4915737219082
1865 466.25 300.4909107227597
1866 466.5 300.4902485404744
1867 466.75 300.4895872697132
1868 467 300.4889270006834
1869 467.25 300.4882675442659
1870 467.5 300.4876089870672
1871 467.75 300.4869513364513
1872 468 300.4862945880311
1873 468.25 300.4856387412993
1874 468.5 300.4849837954652
1875 468.75 300.4843297493593
1876 469 300.4836766019464
1877 469.25 300.4830243519593
1878 469.5 300.4823729983631
1879 469.75 300.4817225398001
1880 470 300.4810729736811
1881 470.25 300.4804244016878
1882 470.5 300.4797767282399
1883 470.75 300.4791299482986
1884 471 300.4784840596541
1885 471.25 300.4778390599849
1886 471.5 300.4771949496903
1887 471.75 300.476551726327
1888 472 300.4759093897062
1889 472.25 300.4752679376788
1890 472.5 300.4746273689666
1891 472.75 300.4739876821073
1892 473 300.4733488760508
1893 473.25 300.4727109490494
1894 473.5 300.4720738993759
1895 473.75 300.4714377262367
1896 474 300.4708024287776
1897 474.25 300.4701680064498
1898 474.5 300.4695344577505
1899 474.75 300.4689017813548
1900 475 300.4682699756276
1901 475.25 300.4676390395771
1902 475.5 300.4670089716015
1903 475.75 300.466379770085
1904 476 300.4657513351103
1905 476.25 300.4651237656574
1906 476.5 300.4644971465024
1907 476.75 300.4638712968138
1908 477 300.4632463074535
1909 477.25 300.462622262993
1910 477.5 300.4619990784538
1911 477.75 300.461376750492
1912 478 300.4607551763262
1913 478.25 300.4601344548178
1914 478.5 300.4595146711986
1915 478.75 300.4588956461503
1916 479 300.4582774721046
1917 479.25 300.4576601450012
1918 479.5 300.4570437530271
1919 479.75 300.4564281195232
1920 480 300.4558133341847
1921 480.25 300.4551994815808
1922 480.5 300.454586382856
1923 480.75 300.4539741284908
1924 481 300.4533627142601
1925 481.25 300.4527522268778
1926 481.5 300.4521424916077
1927 481.75 300.4515335968491
1928 482 300.4509256253911
1929 482.25 300.4503183990583
1930 482.5 300.4497119979605
1931 482.75 300.4491064292978
1932 483 300.4485016896368
1933 483.25 300.4478977890147
1934 483.5 300.4472947054688
1935 483.75 300.4466925480687
1936 484 300.4460912250256
1937 484.25 300.445490732153
1938 484.5 300.4448910667898
1939 484.75 300.4442922281285
1940 485 300.4436942167091
1941 485.25 300.4430970309911
1942 485.5 300.4425006704967
1943 485.75 300.4419051337468
1944 486 300.4413104201039
1945 486.25 300.440716528126
1946 486.5 300.4401233635628
1947 486.75 300.439531020503
1948 487 300.4389395789677
1949 487.25 300.4383488713282
1950 487.5 300.437758983486
1951 487.75 300.4371699946884
1952 488 300.4365817379264
1953 488.25 300.4359942978204
1954 488.5 300.4354077533953
1955 488.75 300.4348219375108
1956 489 300.4342369336936
1957 489.25 300.4336527376734
1958 489.5 300.4330694297578
1959 489.75 300.4324869356702
1960 490 300.4319051577294
1961 490.25 300.431324184876
1962 490.5 300.430744094832
1963 490.75 300.4301647240141
1964 491 300.4295861463643
1965 491.25 300.4290083665901
1966 491.5 300.428431473315
1967 491.75 300.4278553819749
1968 492 300.4272800859351
1969 492.25 300.42670558296
1970 492.5 300.4261318705217
1971 492.75 300.4255589482265
1972 493 300.4249868142296
1973 493.25 300.4244154677164
1974 493.5 300.4238449064821
1975 493.75 300.4232751297197
1976 494 300.4227061360918
1977 494.25 300.4221379245121
1978 494.5 300.4215704929552
1979 494.75 300.4210038403626
1980 495 300.4204379653098
1981 495.25 300.4198728668813
1982 495.5 300.4193085441465
1983 495.75 300.4187449954195
1984 496 300.4181822186995
1985 496.25 300.4176202119843
1986 496.5 300.4170588843095
1987 496.75 300.4164983253446
1988 497 300.4159386128346
1989 497.25 300.4153795857035
1990 497.5 300.4148213273152
1991 497.75 300.4142639148603
1992 498 300.4137071865836
1993 498.25 300.4131512259299
1994 498.5 300.4125961103528
1995 498.75 300.4120416785368
1996 499 300.4114880125481
1997 499.25 300.4109351890887
1998 499.5 300.4103830472506
1999 499.75 300.4098316690644
2000 500 300.4092811307464
2001 500.25 300.4087312722366
2002 500.5 300.4081821657575
2003 500.75 300.4076338175046
2004 501 300.4070863133924
2005 501.25 300.40653957204
2006 501.5 300.4059935881765
2007 501.75 300.4054483596593
2008 502 300.4049038847143
2009 502.25 300.4043601633597
2010 502.5 300.4038171939629
2011 502.75 300.4032749755756
2012 503 300.4027335075929
2013 503.25 300.4021927897028
2014 503.5 300.4016528203891
2015 503.75 300.4011135993612
2016 504 300.4005751252419
2017 504.25 300.4000373973584
2018 504.5 300.3995004136661
2019 504.75 300.39896417275
2020 505 300.3984286723621
2021 505.25 300.3978939114616
2022 505.5 300.3973598881769
2023 505.75 300.3968266015712
2024 506 300.3962940503544
2025 506.25 300.3957621500962
2026 506.5 300.395230985121
2027 506.75 300.394700627204
2028 507 300.3941709248721
2029 507.25 300.393641955113
2030 507.5 300.393113789261
2031 507.75 300.392586276399
2032 508 300.392059493392
2033 508.25 300.3915335120743
2034 508.5 300.3910081820001
2035 508.75 300.3904835789204
2036 509 300.3899597735991
2037 509.25 300.3894366166295
2038 509.5 300.3889141756815
2039 509.75 300.3883924563848
2040 510 300.3878715385749
2041 510.25 300.3873513458929
2042 510.5 300.3868318731828
2043 510.75 300.3863131181391
2044 511 300.3857950784617
2045 511.25 300.3852777541899
2046 511.5 300.3847611435851
2047 511.75 300.384245246506
2048 512 300.3837300610225
2049 512.25 300.3832155864856
2050 512.5 300.3827018202175
2051 512.75 300.382188764927
2052 513 300.3816764152999
2053 513.25 300.3811647688955
2054 513.5 300.3806538252732
2055 513.75 300.3801435832037
2056 514 300.379634040153
2057 514.25 300.3791251971732
2058 514.5 300.3786170538615
2059 514.75 300.3781096102929
2060 515 300.3776028649808
2061 515.25 300.3770968176532
2062 515.5 300.3765913876194
2063 515.75 300.3760866559268
2064 516 300.3755826917571
2065 516.25 300.3750793502178
2066 516.5 300.3745767050376
2067 516.75 300.3740748248284
2068 517 300.373573563312
2069 517.25 300.3730729944487
2070 517.5 300.3725731872977
2071 517.75 300.3720739966079
2072 518 300.3715754958957
2073 518.25 300.3710777538305
2074 518.5 300.3705806256448
2075 518.75 300.3700841772701
2076 519 300.3695884143393
2077 519.25 300.3690933414355
2078 519.5 300.3685989416662
2079 519.75 300.3681052253077
2080 520 300.367612188999
2081 520.25 300.3671198395106
2082 520.5 300.3666281585347
2083 520.75 300.3661372346948
2084 521 300.3656469918863
2085 521.25 300.3651574269752
2086 521.5 300.3646685365229
2087 521.75 300.3641803201169
2088 522 300.3636927770603
2089 522.25 300.3632059064348
2090 522.5 300.3627197073524
2091 522.75 300.3622341790753
2092 523 300.3617493226812
2093 523.25 300.3612651296511
2094 523.5 300.3607816080055
2095 523.75 300.3602987599642
2096 524 300.359816508033
2097 524.25 300.3593349276974
2098 524.5 300.3588540820904
2099 524.75 300.358373832127
2100 525 300.3578942463728
2101 525.25 300.3574153890046
2102 525.5 300.3569371227911
2103 525.75 300.3564595171757
2104 526 300.3559826375065
2105 526.25 300.355506347143
2106 526.5 300.3550307151586
2107 526.75 300.3545558060873
2108 527 300.3540814848982
2109 527.25 300.3536078131913
2110 527.5 300.353134796585
2111 527.75 300.3526625075095
2112 528 300.3521908772111
2113 528.25 300.3517199008638
2114 528.5 300.3512495765574
2115 528.75 300.3507799024651
2116 529 300.3503108787666
2117 529.25 300.3498425037081
2118 529.5 300.3493747769615
2119 529.75 300.3489076968028
2120 530 300.3484412624969
2121 530.25 300.3479754726154
2122 530.5 300.3475103262602
2123 530.75 300.347045821813
2124 531 300.3465819584064
2125 531.25 300.3461187346335
2126 531.5 300.3456561496272
2127 531.75 300.345194201554
2128 532 300.3447328896555
2129 532.25 300.3442722123102
2130 532.5 300.3438121685388
2131 532.75 300.343352755552
2132 533 300.3428938995061
2133 533.25 300.3424356727763
2134 533.5 300.341978137232
2135 533.75 300.341521161994
2136 534 300.3410648143866
2137 534.25 300.3406091568958
2138 534.5 300.3401540608199
2139 534.75 300.339699593277
2140 535 300.339245810247
2141 535.25 300.33879257866
2142 535.5 300.3383399658774
2143 535.75 300.3378880360051
2144 536 300.3374366598617
2145 536.25 300.3369859053939
2146 536.5 300.3365357705822
2147 536.75 300.3360863196439
2148 537 300.3356374245225
2149 537.25 300.3351891494137
2150 537.5 300.3347415550487
2151 537.75 300.3342945115014
2152 538 300.3338480847266
2153 538.25 300.3334022719409
2154 538.5 300.3329571363494
2155 538.75 300.3325125507714
2156 539 300.3320685794118
2157 539.25 300.3316252193103
2158 539.5 300.3311825330644
2159 539.75 300.3307403945429
2160 540 300.3302988679903
2161 540.25 300.329858013957
2162 540.5 300.3294177042618
2163 540.75 300.3289779967326
2164 541 300.3285388973834
2165 541.25 300.3281004035933
2166 541.5 300.3276625223857
2167 541.75 300.3272252377444
2168 542 300.3267886280268
2169 542.25 300.3263526260951
2170 542.5 300.3259172279334
2171 542.75 300.3254824311718
2172 543 300.3250482343281
2173 543.25 300.3246146371021
2174 543.5 300.324181637905
2175 543.75 300.3237492361882
2176 544 300.3233174300967
2177 544.25 300.3228862193317
2178 544.5 300.322455533928
2179 544.75 300.3220254422317
2180 545 300.3215960027316
2181 545.25 300.3211670918625
2182 545.5 300.3207387720001
2183 545.75 300.3203111012628
2184 546 300.3198839557255
2185 546.25 300.3194573979877
2186 546.5 300.3190314863
2187 546.75 300.3186060979078
2188 547 300.3181812941847
2189 547.25 300.3177570720423
2190 547.5 300.3173334908844
2191 547.75 300.3169104978862
2192 548 300.3164880227291
2193 548.25 300.3160661312522
2194 548.5 300.3156448213032
2195 548.75 300.3152241518109
2196 549 300.3148040055685
2197 549.25 300.3143844411618
2198 549.5 300.313965514469
2199 549.75 300.3135471061642
2200 550 300.313129276038
2201 550.25 300.3127120208554
2202 550.5 300.3122953975109
2203 550.75 300.3118792893044
2204 551 300.3114637544719
2205 551.25 300.3110487900748
2206 551.5 300.3106344532692
2207 551.75 300.3102206288798
2208 552 300.3098073757219
2209 552.25 300.3093947491565
2210 552.5 300.3089826317958
2211 552.75 300.3085710824569
2212 553 300.3081600985832
2213 553.25 300.3077497365994
2214 553.5 300.3073398818269
2215 553.75 300.3069305860607
2216 554 300.3065218525873
2217 554.25 300.3061137432496
2218 554.5 300.305706197381
2219 554.75 300.3052992103476
2220 555 300.3048927798421
2221 555.25 300.304486904687
2222 555.5 300.3040815851737
2223 555.75 300.3036768208262
2224 556 300.3032726112253
2225 556.25 300.3028689552929
2226 556.5 300.3024658508493
2227 556.75 300.302063294533
2228 557 300.3016612877315
2229 557.25 300.3012598268469
2230 557.5 300.3008589125806
2231 557.75 300.3004585451023
2232 558 300.3000587250925
2233 558.25 300.2996594520067
2234 558.5 300.2992607250262
2235 558.75 300.2988624789658
2236 559 300.2984647784637
2237 559.25 300.298067678352
2238 559.5 300.297671062884
2239 559.75 300.2972749912212
2240 560 300.2968795182649
2241 560.25 300.2964845284505
2242 560.5 300.2960900808332
2243 560.75 300.2956962308377
2244 561 300.2953028634135
2245 561.25 300.2949100370349
2246 561.5 300.2945178065117
2247 561.75 300.2941260576038
2248 562 300.293734848707
2249 562.25 300.2933442337494
2250 562.5 300.2929540995426
2251 562.75 300.2925644971404
2252 563 300.2921754310046
2253 563.25 300.2917869615214
2254 563.5 300.2913990314244
2255 563.75 300.2910116364798
2256 564 300.2906247755777
2257 564.25 300.2902384465026
2258 564.5 300.2898526496249
2259 564.75 300.2894673831624
2260 565 300.2890826466785
2261 565.25 300.2886984386536
2262 565.5 300.2883147578504
2263 565.75 300.2879316027382
2264 566 300.2875489724654
2265 566.25 300.2871668664595
2266 566.5 300.2867852842255
2267 566.75 300.2864042250325
2268 567 300.2860236881092
2269 567.25 300.2856436725397
2270 567.5 300.2852641772941
2271 567.75 300.284885142098
2272 568 300.2845066264794
2273 568.25 300.2841286810881
2274 568.5 300.283751199026
2275 568.75 300.2833742346315
2276 569 300.2829978384377
2277 569.25 300.2826219029672
2278 569.5 300.2822464827179
2279 569.75 300.2818716284577
2280 570 300.281497233128
2281 570.25 300.2811233506039
2282 570.5 300.280750031333
2283 570.75 300.2803771685195
2284 571 300.2800048160043
2285 571.25 300.279633024111
2286 571.5 300.2792616865299
2287 571.75 300.2788908561809
2288 572 300.2785205824936
2289 572.25 300.2781507588055
2290 572.5 300.2777814326432
2291 572.75 300.2774126076895
2292 573 300.2770442874002
2293 573.25 300.2766764593289
2294 573.5 300.2763091314186
2295 573.75 300.2759423017756
2296 574 300.2755759755264
2297 574.25 300.2752101392234
2298 574.5 300.2748448584314
2299 574.75 300.2744800770497
2300 575 300.2741157926083
2301 575.25 300.2737520025852
2302 575.5 300.2733887067
2303 575.75 300.2730259045762
2304 576 300.2726635956947
2305 576.25 300.2723017796205
2306 576.5 300.2719404560065
2307 576.75 300.271579624003
2308 577 300.2712192829159
2309 577.25 300.2708594317482
2310 577.5 300.2705000127894
2311 577.75 300.2701410835859
2312 578 300.2697826937934
2313 578.25 300.269424739619
2314 578.5 300.2690672739399
2315 578.75 300.2687103458803
2316 579 300.2683538516408
2317 579.25 300.2679978440638
2318 579.5 300.2676423725013
2319 579.75 300.2672873334752
2320 580 300.2669327829043
2321 580.25 300.2665787641004
2322 580.5 300.2662251759735
2323 580.75 300.2658720653027
2324 581 300.2655194454246
2325 581.25 300.2651672968298
2326 581.5 300.2648156851806
2327 581.75 300.2644645564874
2328 582 300.2641139079741
2329 582.25 300.2637637379848
2330 582.5 300.2634140454994
2331 582.75 300.2630648303098
2332 583 300.2627160910823
2333 583.25 300.26236782772
2334 583.5 300.2620200392261
2335 583.75 300.2616727253813
2336 584 300.2613258299451
2337 584.25 300.2609794078568
2338 584.5 300.2606335054866
2339 584.75 300.2602880234071
2340 585 300.2599430113009
2341 585.25 300.2595985156335
2342 585.5 300.2592544369804
2343 585.75 300.258910825504
2344 586 300.2585677281328
2345 586.25 300.2582250988959
2346 586.5 300.2578829357702
2347 586.75 300.2575411832034
2348 587 300.2571998954108
2349 587.25 300.2568591182043
2350 587.5 300.256518754831
2351 587.75 300.2561788544701
2352 588 300.2558394624648
2353 588.25 300.2555004818889
2354 588.5 300.2551619615808
2355 588.75 300.2548238991954
2356 589 300.2544863413273
2357 589.25 300.254149193438
2358 589.5 300.2538125030753
2359 589.75 300.2534763154666
2360 590 300.2531405347315
2361 590.25 300.2528052092351
2362 590.5 300.2524703841701
2363 590.75 300.2521359641383
2364 591 300.2518019919586
2365 591.25 300.2514684717951
2366 591.5 300.2511354067526
2367 591.75 300.2508027852446
2368 592 300.25047061331
2369 592.25 300.2501389413596
2370 592.5 300.2498077204349
2371 592.75 300.2494769471286
2372 593 300.2491466205221
2373 593.25 300.2488167389236
2374 593.5 300.2484873029462
2375 593.75 300.2481583110852
2376 594 300.2478297635176
2377 594.25 300.2475016588436
2378 594.5 300.2471739970622
2379 594.75 300.2468467769633
2380 595 300.2465199984048
2381 595.25 300.2461936607681
2382 595.5 300.2458677637924
2383 595.75 300.2455423057751
2384 596 300.2452172847608
2385 596.25 300.2448926992794
2386 596.5 300.244568548307
2387 596.75 300.2442448309413
2388 597 300.2439215464035
2389 597.25 300.2435986975456
2390 597.5 300.2432762780765
2391 597.75 300.2429542894099
2392 598 300.2426327374361
2393 598.25 300.2423116141288
2394 598.5 300.241990874965
2395 598.75 300.2416706115348
2396 599 300.2413507334906
2397 599.25 300.2410312812009
2398 599.5 300.2407123084865
2399 599.75 300.240393760686
2400 600 300.2400756482882
2401 600.25 300.2397579583981
2402 600.5 300.239440701993
2403 600.75 300.23912386991
2404 601 300.2388074697453
2405 601.25 300.2384914440228
2406 601.5 300.2381758492526
2407 601.75 300.2378607239655
2408 602 300.2375459783491
2409 602.25 300.2372316584998
2410 602.5 300.2369178066161
2411 602.75 300.2366043311758
2412 603 300.2362912778225
2413 603.25 300.2359786895478
2414 603.5 300.2356664759017
2415 603.75 300.2353546823841
2416 604 300.2350433514262
2417 604.25 300.2347323934752
2418 604.5 300.2344218538128
2419 604.75 300.2341117746598
2420 605 300.2338020670881
2421 605.25 300.2334927756785
2422 605.5 300.2331839420353
2423 605.75 300.2328754777319
2424 606 300.232567427191
2425 606.25 300.2322598321751
2426 606.5 300.2319526053234
2427 606.75 300.2316457856556
2428 607 300.2313393768565
2429 607.25 300.231033425856
2430 607.5 300.23072788851
2431 607.75 300.2304227618395
2432 608 300.2301180446462
2433 608.25 300.2298137361707
2434 608.5 300.2295098366681
2435 608.75 300.2292063452197
2436 609 300.228903261404
2437 609.25 300.2286005841849
2438 609.5 300.2282983129091
2439 609.75 300.2279964462014
2440 610 300.227694983284
2441 610.25 300.2273939229523
2442 610.5 300.2270932640048
2443 610.75 300.2267930057735
2444 611 300.2264931473486
2445 611.25 300.2261936830753
2446 611.5 300.2258945719846
2447 611.75 300.2255958583377
2448 612 300.2252975801697
2449 612.25 300.2249996564663
2450 612.5 300.2247021293931
2451 612.75 300.2244050387707
2452 613 300.2241082989244
2453 613.25 300.2238119550607
2454 613.5 300.2235160466179
2455 613.75 300.2232204873207
2456 614 300.2229253203976
2457 614.25 300.2226305863481
2458 614.5 300.2223362001949
2459 614.75 300.2220422008002
2460 615 300.2217485914459
2461 615.25 300.2214553749398
2462 615.5 300.221162540768
2463 615.75 300.2208701418022
2464 616 300.2205781324532
2465 616.25 300.2202865106841
2466 616.5 300.2199952742436
2467 616.75 300.2197044227847
2468 617 300.2194139555573
2469 617.25 300.2191238722572
2470 617.5 300.2188341721439
2471 617.75 300.2185448548379
2472 618 300.2182558733671
2473 618.25 300.2179672742911
2474 618.5 300.2176790975523
2475 618.75 300.2173912595562
2476 619 300.2171038029536
2477 619.25 300.2168167673753
2478 619.5 300.2165300688993
2479 619.75 300.2162437504036
2480 620 300.2159578517549
2481 620.25 300.2156722894671
2482 620.5 300.2153871059093
2483 620.75 300.2151023408098
2484 621 300.2148179112888
2485 621.25 300.2145338598698
2486 621.5 300.2142502261592
2487 621.75 300.2139669274082
2488 622 300.2136840054262
2489 622.25 300.2134014992038
2490 622.5 300.2131193267543
2491 622.75 300.2128375296941
2492 623 300.2125561468722
2493 623.25 300.2122750964376
2494 623.5 300.2119944146355
2495 623.75 300.2117141049301
2496 624 300.2114341701496
2497 624.25 300.2111546000336
2498 624.5 300.2108754006675
2499 624.75 300.2105965745207
2500 625 300.2103181109575
2501 625.25 300.2100400159433
2502 625.5 300.2097622879753
2503 625.75 300.2094849311728
2504 626 300.2092079357008
2505 626.25 300.2089313064532
2506 626.5 300.2086550859471
2507 626.75 300.2083792325703
2508 627 300.2081037435101
2509 627.25 300.2078286173906
2510 627.5 300.2075538530452
2511 627.75 300.207279450525
2512 628 300.207005408813
2513 628.25 300.2067317277313
2514 628.5 300.2064584063236
2515 628.75 300.206185444211
2516 629 300.2059128404629
2517 629.25 300.2056405943653
2518 629.5 300.2053687051379
2519 629.75 300.2050971719784
2520 630 300.2048259940584
2521 630.25 300.2045551705314
2522 630.5 300.2042846584959
2523 630.75 300.204014500098
2524 631 300.2037447315176
2525 631.25 300.2034753170489
2526 631.5 300.2032062501169
2527 631.75 300.2029374934913
2528 632 300.2026690875992
2529 632.25 300.2024010679776
2530 632.5 300.2021333586345
2531 632.75 300.2018659983007
2532 633 300.2015990230586
2533 633.25 300.2013323564075
2534 633.5 300.2010660371267
2535 633.75 300.2008001012834
2536 634 300.2005344728439
2537 634.25 300.2002691902961
2538 634.5 300.2000042898426
2539 634.75 300.1997396952181
2540 635 300.1994754452256
2541 635.25 300.1992115761331
2542 635.5 300.1989480114844
2543 635.75 300.1986847897707
2544 636 300.1984219471901
2545 636.25 300.1981594073329
2546 636.5 300.1978972090331
2547 636.75 300.1976353886132
2548 637 300.1973738697488
2549 637.25 300.1971126871262
2550 637.5 300.1968518482755
2551 637.75 300.1965913504764
2552 638 300.1963311849484
2553 638.25 300.1960713549646
2554 638.5 300.195811906754
2555 638.75 300.1955527928412
2556 639 300.1952940128339
2557 639.25 300.1950355709693
2558 639.5 300.1947774574034
2559 639.75 300.1945196752515
2560 640 300.1942622310931
2561 640.25 300.1940051154695
2562 640.5 300.1937483310383
2563 640.75 300.1934918784057
2564 641 300.1932357578424
2565 641.25 300.1929799693959
2566 641.5 300.1927245130789
2567 641.75 300.1924693476248
2568 642 300.1922145145412
2569 642.25 300.1919600488109
2570 642.5 300.1917059162194
2571 642.75 300.1914521147021
2572 643 300.1911986425346
2573 643.25 300.1909454982001
2574 643.5 300.1906926416141
2575 643.75 300.1904401133369
2576 644 300.1901879474294
2577 644.25 300.1899360716366
2578 644.5 300.189684522055
2579 644.75 300.1894333321127
2580 645 300.1891824679709
2581 645.25 300.188931928215
2582 645.5 300.1886816719656
2583 645.75 300.1884317384868
2584 646 300.1881821608201
2585 646.25 300.187932868439
2586 646.5 300.1876838971928
2587 646.75 300.1874352804922
2588 647 300.1871869475298
2589 647.25 300.1869389342992
2590 647.5 300.1866912746703
2591 647.75 300.186443899199
2592 648 300.1861968433705
2593 648.25 300.1859501403955
2594 648.5 300.1857037209791
2595 648.75 300.1854576200279
2596 649 300.1852118701517
2597 649.25 300.1849664017184
2598 649.5 300.1847212493883
2599 649.75 300.1844764454063
2600 650 300.1842319203695
2601 650.25 300.1839877089702
2602 650.5 300.1837438436258
2603 650.75 300.1835002554372
2604 651 300.1832569788374
2605 651.25 300.1830140459523
2606 651.5 300.182771388315
2607 651.75 300.1825290406521
2608 652 300.1822870012376
2609 652.25 300.1820453032965
2610 652.5 300.1818038790624
2611 652.75 300.1815627623781
2612 653 300.181321985577
2613 653.25 300.1810814798089
2614 653.5 300.180841279569
2615 653.75 300.1806014168075
2616 654 300.1803618210993
2617 654.25 300.1801225266032
2618 654.5 300.179883531322
2619 654.75 300.1796448693047
2620 655 300.1794064727324
2621 655.25 300.1791683767668
2622 655.5 300.1789306149353
2623 655.75 300.1786931178249
2624 656 300.1784559169615
2625 656.25 300.1782190152762
2626 656.5 300.1779824152568
2627 656.75 300.1777461086928
2628 657 300.1775101386742
2629 657.25 300.1772744683241
2630 657.5 300.1770390964032
2631 657.75 300.1768040208034
2632 658 300.17656924035
2633 658.25 300.1763347541581
2634 658.5 300.1761005613159
2635 658.75 300.1758666614529
2636 659 300.17563305418
2637 659.25 300.1753997390779
2638 659.5 300.1751667161049
2639 659.75 300.1749339846747
2640 660 300.1747015449718
2641 660.25 300.1744693965549
2642 660.5 300.1742375397089
2643 660.75 300.1740059739845
2644 661 300.1737746996987
2645 661.25 300.1735437163608
2646 661.5 300.1733130237838
2647 661.75 300.1730825843102
2648 662 300.1728524691846
2649 662.25 300.1726226089191
2650 662.5 300.1723930379075
2651 662.75 300.1721637883332
2652 663 300.1719347935789
2653 663.25 300.1717060879403
2654 663.5 300.1714777029677
2655 663.75 300.1712496081888
2656 664 300.1710218021979
2657 664.25 300.1707942835063
2658 664.5 300.1705670518945
2659 664.75 300.1703401082409
2660 665 300.1701134513357
2661 665.25 300.16988708094
2662 665.5 300.1696609601951
2663 665.75 300.1694351240289
2664 666 300.1692096023762
2665 666.25 300.1689843653337
2666 666.5 300.1687594109196
2667 666.75 300.1685347381667
2668 667 300.1683103461148
2669 667.25 300.1680862354274
2670 667.5 300.1678624045726
2671 667.75 300.1676388185556
2672 668 300.1674155437245
2673 668.25 300.1671925148738
2674 668.5 300.1669697643246
2675 668.75 300.1667473221815
2676 669 300.1665251254177
2677 669.25 300.1663032057882
2678 669.5 300.1660815927751
2679 669.75 300.1658602572346
2680 670 300.1656391972395
2681 670.25 300.1654184113993
2682 670.5 300.165197898323
2683 670.75 300.1649776582221
2684 671 300.1647576897723
2685 671.25 300.1645379586577
2686 671.5 300.1643184989557
2687 671.75 300.1640993394447
2688 672 300.163880451508
2689 672.25 300.1636618331606
2690 672.5 300.1634434834247
2691 672.75 300.1632253673037
2692 673 300.1630075190039
2693 673.25 300.1627899678987
2694 673.5 300.1625726526427
2695 673.75 300.1623556041435
2696 674 300.1621388514986
2697 674.25 300.1619223656396
2698 674.5 300.1617061452633
2699 674.75 300.161490189384
2700 675 300.1612744627307
2701 675.25 300.1610589996026
2702 675.5 300.1608438290338
2703 675.75 300.1606288879743
2704 676 300.1604142055849
2705 676.25 300.1601998100502
2706 676.5 300.1599856377046
2707 676.75 300.1597717213634
2708 677 300.1595580926236
2709 677.25 300.1593446900992
2710 677.5 300.1591315471451
2711 677.75 300.1589186952294
2712 678 300.1587060718954
2713 678.25 300.1584937095664
2714 678.5 300.1582816384518
2715 678.75 300.1580697955864
2716 679 300.1578582123599
2717 679.25 300.1576469180852
2718 679.5 300.1574358504017
2719 679.75 300.1572250410662
2720 680 300.157014488803
2721 680.25 300.1568042238572
2722 680.5 300.1565941853083
2723 680.75 300.1563844036066
2724 681 300.1561749078288
2725 681.25 300.1559656363722
2726 681.5 300.1557566205644
2727 681.75 300.1555478590768
2728 682 300.1553393815331
2729 682.25 300.1551311273225
2730 682.5 300.154923126285
2731 682.75 300.154715406645
2732 683 300.1545079077209
2733 683.25 300.1543006600401
2734 683.5 300.1540936622113
2735 683.75 300.1538869431998
2736 684 300.1536804437139
2737 684.25 300.1534741931363
2738 684.5 300.1532681899711
2739 684.75 300.1530624628837
2740 685 300.1528569534747
2741 685.25 300.1526516895553
2742 685.5 300.1524466993239
2743 685.75 300.1522419268057
2744 686 300.1520373997212
2745 686.25 300.1518331208064
2746 686.5 300.1516291206065
2747 686.75 300.1514253689614
2748 687 300.1512218626887
2749 687.25 300.1510185995934
2750 687.5 300.1508155794411
2751 687.75 300.150612803247
2752 688 300.1504102716972
2753 688.25 300.1502079854821
2754 688.5 300.1500059451348
2755 688.75 300.1498041508491
2756 689 300.1496026026681
2757 689.25 300.1494012995988
2758 689.5 300.1492002407435
2759 689.75 300.1489993935193
2760 690 300.148798787943
2761 690.25 300.1485984490245
2762 690.5 300.1483983208129
2763 690.75 300.1481984310219
2764 691 300.1479988055393
2765 691.25 300.1477993880648
2766 691.5 300.1476002066984
2767 691.75 300.1474012877264
2768 692 300.1472025741703
2769 692.25 300.1470040940096
2770 692.5 300.1468058732672
2771 692.75 300.1466078546495
2772 693 300.1464100668075
2773 693.25 300.1462125365069
2774 693.5 300.1460152070392
2775 693.75 300.1458181074641
2776 694 300.1456212655093
2777 694.25 300.1454246240557
2778 694.5 300.145228212401
2779 694.75 300.1450320293362
2780 695 300.1448361030052
2781 695.25 300.1446404074797
2782 695.5 300.1444449094903
2783 695.75 300.1442496399653
2784 696 300.1440546263233
2785 696.25 300.1438598117811
2786 696.5 300.1436652224078
2787 696.75 300.1434708601624
2788 697 300.143276727275
2789 697.25 300.143082816581
2790 697.5 300.1428891633419
2791 697.75 300.1426957371716
2792 698 300.1425025369116
2793 698.25 300.1423095608175
2794 698.5 300.1421168089113
2795 698.75 300.1419242805751
2796 699 300.1417319758232
2797 699.25 300.1415398938842
2798 699.5 300.1413480348426
2799 699.75 300.1411563979691
2800 700 300.1409649834197
2801 700.25 300.1407737597968
2802 700.5 300.1405827584049
2803 700.75 300.1403920058586
2804 701 300.140201446902
2805 701.25 300.1400111099705
2806 701.5 300.1398210224202
2807 701.75 300.1396311591286
2808 702 300.1394415199784
2809 702.25 300.1392521039629
2810 702.5 300.1390628807786
2811 702.75 300.1388738806281
2812 703 300.1386851290461
2813 703.25 300.1384965715428
2814 703.5 300.1383082348041
2815 703.75 300.1381201434049
2816 704 300.1379322718403
2817 704.25 300.1377446184829
2818 704.5 300.1375571822405
2819 704.75 300.1373699329945
2820 705 300.1371828999112
2821 705.25 300.1369961082291
2822 705.5 300.1368095053836
2823 705.75 300.1366231181568
2824 706 300.1364369712357
2825 706.25 300.1362510402761
2826 706.5 300.1360653240224
2827 706.75 300.1358797923418
2828 707 300.1356944745777
2829 707.25 300.1355093952795
2830 707.5 300.1353245027639
2831 707.75 300.135139823425
2832 708 300.1349553817498
2833 708.25 300.1347711257939
2834 708.5 300.1345870813338
2835 708.75 300.1344032726369
2836 709 300.1342196472755
2837 709.25 300.1340362309043
2838 709.5 300.1338530472946
2839 709.75 300.1336700444282
2840 710 300.1334872481162
2841 710.25 300.1333046826824
2842 710.5 300.1331222964034
2843 710.75 300.1329401151547
2844 711 300.1327581631616
2845 711.25 300.1325763887297
2846 711.5 300.1323948179432
2847 711.75 300.1322134752176
2848 712 300.1320323086764
2849 712.25 300.1318513442266
2850 712.5 300.1316705804549
2851 712.75 300.1314900420963
2852 713 300.1313096785373
2853 713.25 300.1311295152803
2854 713.5 300.1309495768351
2855 713.75 300.1307698116522
2856 714 300.1305902460315
2857 714.25 300.1304109048116
2858 714.5 300.1302317360651
2859 714.75 300.1300527660068
2860 715 300.1298740196858
2861 715.25 300.1296954463821
2862 715.5 300.1295170715999
2863 715.75 300.129338894467
2864 716 300.1291609403785
2865 716.25 300.1289831587333
2866 716.5 300.1288055759907
2867 716.75 300.1286282169942
2868 717 300.1284510296555
2869 717.25 300.1282740400044
2870 717.5 300.1280972463548
2871 717.75 300.1279206737585
2872 718 300.1277442712893
2873 718.25 300.1275680646139
2874 718.5 300.1273920783219
2875 718.75 300.1272162607057
2876 719 300.1270406384061
2877 719.25 300.126865210572
2878 719.5 300.126690002603
2879 719.75 300.12651496349
2880 720 300.1263401189021
2881 720.25 300.1261654673362
2882 720.5 300.1259910339119
2883 720.75 300.1258167678492
2884 721 300.1256426949508
2885 721.25 300.1254688395745
2886 721.5 300.1252951504696
2887 721.75 300.1251216536403
2888 722 300.1249483478666
2889 722.25 300.124775257463
2890 722.5 300.1246023325646
2891 722.75 300.1244295978617
2892 723 300.1242570519039
2893 723.25 300.1240847186954
2894 723.5 300.1239125490324
2895 723.75 300.1237405674987
2896 724 300.1235687728992
2897 724.25 300.1233971890373
2898 724.5 300.1232257676793
2899 724.75 300.1230545330221
2900 725 300.12288348405
2901 725.25 300.1227126443866
2902 725.5 300.1225419664844
2903 725.75 300.1223714744617
2904 726 300.1222011671882
2905 726.25 300.1220310680268
2906 726.5 300.121861130204
2907 726.75 300.1216913774886
2908 727 300.1215218084812
2909 727.25 300.1213524462698
2910 727.5 300.1211832443841
2911 727.75 300.1210142264068
2912 728 300.1208453909749
2913 728.25 300.1206767605798
2914 728.5 300.1205082891699
2915 728.75 300.1203399999862
2916 729 300.1201719150869
2917 729.25 300.1200039879947
2918 729.5 300.1198362396266
2919 729.75 300.1196686719572
2920 730 300.1195013098931
2921 730.25 300.1193341292274
2922 730.5 300.1191671281868
2923 730.75 300.1190003053327
2924 731 300.1188336601586
2925 731.25 300.1186671922671
2926 731.5 300.1185009012786
2927 731.75 300.1183347862475
2928 732 300.118168846861
2929 732.25 300.1180030822797
2930 732.5 300.1178374925466
2931 732.75 300.1176720768082
2932 733 300.117506835107
2933 733.25 300.117341766412
2934 733.5 300.1171768703998
2935 733.75 300.1170121461644
2936 734 300.1168475935883
2937 734.25 300.116683212315
2938 734.5 300.1165189760694
2939 734.75 300.116354911054
2940 735 300.1161910398273
2941 735.25 300.1160273144761
2942 735.5 300.1158637592985
2943 735.75 300.1157003966022
2944 736 300.1155371787448
2945 736.25 300.1153741301742
2946 736.5 300.1152112740812
2947 736.75 300.1150485614475
2948 737 300.1148860168724
2949 737.25 300.1147236631946
2950 737.5 300.1145614519683
2951 737.75 300.1143994078287
2952 738 300.1142375538715
2953 738.25 300.1140758418524
2954 738.5 300.1139142966224
2955 738.75 300.1137529411525
2956 739 300.113591727444
2957 739.25 300.1134306803468
2958 739.5 300.1132698227248
2959 739.75 300.1131091069638
2960 740 300.1129485573497
2961 740.25 300.1127881729332
2962 740.5 300.1126279768079
2963 740.75 300.1124679226602
2964 741 300.1123080340976
2965 741.25 300.1121483334108
2966 741.5 300.1119887738267
2967 741.75 300.1118293791977
2968 742 300.1116701488082
2969 742.25 300.1115111051122
2970 742.5 300.1113522032177
2971 742.75 300.1111934664314
2972 743 300.1110349170177
2973 743.25 300.1108765099632
2974 743.5 300.1107182690721
2975 743.75 300.1105601942651
2976 744 300.1104023079035
2977 744.25 300.1102445903982
2978 744.5 300.1100870152936
2979 744.75 300.1099296060262
2980 745 300.1097723611695
2981 745.25 300.1096153009152
2982 745.5 300.1094583817372
2983 745.75 300.1093016237509
2984 746 300.1091450467993
2985 746.25 300.1089886070367
2986 746.5 300.1088323261903
2987 746.75 300.1086762031385
2988 747 300.1085202588912
2989 747.25 300.1083644505034
2990 747.5 300.1082087992344
2991 747.75 300.1080533039838
2992 748 300.1078979858971
2993 748.25 300.1077428020724
2994 748.5 300.1075877740101
2995 748.75 300.1074329223724
2996 749 300.1072782032078
2997 749.25 300.1071236382115
2998 749.5 300.1069692262297
2999 749.75 300.1068149881166
3000 750 300.1066608810371
3001 750.25 300.1065069266329
3002 750.5 300.1063531235784
3003 750.75 300.1061994927632
3004 751 300.1060459911046
3005 751.25 300.1058926396576
3006 751.5 300.1057394369059
3007 751.75 300.1055864039602
3008 752 300.1054334976827
3009 752.25 300.1052807398232
3010 752.5 300.1051281293149
3011 752.75 300.1049756875408
3012 753 300.1048233712606
3013 753.25 300.1046712020071
3014 753.5 300.104519199896
3015 753.75 300.1043673214333
3016 754 300.1042155889551
3017 754.25 300.1040640019296
3018 754.5 300.1039125819441
3019 754.75 300.1037612865316
3020 755 300.1036101375899
3021 755.25 300.1034591343113
3022 755.5 300.1033082982773
3023 755.75 300.1031575868252
3024 756 300.1030070219205
3025 756.25 300.1028566025407
3026 756.5 300.1027063501897
3027 756.75 300.1025562219044
3028 757 300.1024062393476
3029 757.25 300.1022564014666
3030 757.5 300.1021067298187
3031 757.75 300.1019571813554
3032 758 300.1018077779075
3033 758.25 300.1016585181953
3034 758.5 300.1015094244317
3035 758.75 300.101360452374
3036 759 300.1012116232216
3037 759.25 300.1010629352476
3038 759.5 300.1009144097615
3039 759.75 300.1007660035333
3040 760 300.1006177382134
3041 760.25 300.1004696133182
3042 760.5 300.100321650861
3043 760.75 300.1001738075669
3044 761 300.1000261057118
3045 761.25 300.0998785444537
3046 761.5 300.0997311234829
3047 761.75 300.09958386482
3048 762 300.0994367250549
3049 762.25 300.0992897256144
3050 762.5 300.099142865311
3051 762.75 300.0989961652622
3052 763 300.0988495832038
3053 763.25 300.0987031406802
3054 763.5 300.0985568365837
3055 763.75 300.0984106911827
3056 764 300.0982646632472
3057 764.25 300.0981187737029
3058 764.5 300.0979730213792
3059 764.75 300.0978274264251
3060 765 300.0976819478747
3061 765.25 300.0975366062012
3062 765.5 300.0973914004319
3063 765.75 300.0972463505358
3064 766 300.0971014160577
3065 766.25 300.0969566174464
3066 766.5 300.0968119535615
3067 766.75 300.0966674440587
3068 767 300.0965230489763
3069 767.25 300.0963787885103
3070 767.5 300.0962346616208
3071 767.75 300.0960906878833
3072 768 300.0959468278972
3073 768.25 300.095803101737
3074 768.5 300.0956595086733
3075 768.75 300.0955160679704
3076 769 300.0953727409803
3077 769.25 300.0952295476969
3078 769.5 300.0950864880195
3079 769.75 300.094943582078
3080 770 300.0948007914682
3081 770.25 300.0946581359906
3082 770.5 300.0945156142522
3083 770.75 300.0943732442423
3084 771 300.09423098724
3085 771.25 300.0940888618522
3086 771.5 300.0939468662252
3087 771.75 300.0938050189407
3088 772 300.0936632808184
3089 772.25 300.0935216703662
3090 772.5 300.0933801858869
3091 772.75 300.0932388460745
3092 773 300.0930976118313
3093 773.25 300.0929565034385
3094 773.5 300.0928155200079
3095 773.75 300.0926746812181
3096 774 300.0925339473796
3097 774.25 300.0923933388603
3098 774.5 300.0922528547919
3099 774.75 300.092112515308
3100 775 300.0919722801108
3101 775.25 300.091832169458
3102 775.5 300.0916922020734
3103 775.75 300.091552335911
3104 776 300.0914125891534
3105 776.25 300.0912729623009
3106 776.5 300.0911334774022
3107 776.75 300.0909941131221
3108 777 300.0908548686995
3109 777.25 300.0907157436953
3110 777.5 300.090576738203
3111 777.75 300.0904378530738
3112 778 300.0902990880343
3113 778.25 300.0901604433777
3114 778.5 300.0900219189003
3115 778.75 300.0898835146595
3116 779 300.0897452305048
3117 779.25 300.0896070662976
3118 779.5 300.0894690222406
3119 779.75 300.0893310980646
3120 780 300.0891932939709
3121 780.25 300.0890556096881
3122 780.5 300.0889180453415
3123 780.75 300.0887806005331
3124 781 300.088643275378
3125 781.25 300.0885060704129
3126 781.5 300.0883689870983
3127 781.75 300.0882320250667
3128 782 300.0880951637445
3129 782.25 300.0879584257536
3130 782.5 300.0878218290707
3131 782.75 300.0876853340732
3132 783 300.0875489601323
3133 783.25 300.0874127248708
3134 783.5 300.0872765896266
3135 783.75 300.0871405736186
3136 784 300.0870046945794
3137 784.25 300.0868689144375
3138 784.5 300.0867332517855
3139 784.75 300.0865977243219
3140 785 300.0864622943447
3141 785.25 300.0863269808455
3142 785.5 300.0861918016066
3143 785.75 300.0860567192691
3144 786 300.0859217526981
3145 786.25 300.0857869013246
3146 786.5 300.0856521832863
3147 786.75 300.085517582131
3148 787 300.0853830755817
3149 787.25 300.0852486839392
3150 787.5 300.0851144063133
3151 787.75 300.0849802608603
3152 788 300.0848462108927
3153 788.25 300.0847122748253
3154 788.5 300.0845784702552
3155 788.75 300.0844447593938
3156 789 300.0843111610045
3157 789.25 300.0841776924173
3158 789.5 300.0840443157965
3159 789.75 300.0839110493681
3160 790 300.083777910419
3161 790.25 300.0836448609392
3162 790.5 300.0835119196869
3163 790.75 300.0833790854792
3164 791 300.083246376399
3165 791.25 300.0831137549705
3166 791.5 300.082981239855
3167 791.75 300.0828488487754
3168 792 300.0827165437502
3169 792.25 300.0825843439496
3170 792.5 300.0824522487965
3171 792.75 300.0823202772891
3172 793 300.0821883924277
3173 793.25 300.0820566131993
3174 793.5 300.0819249575154
3175 793.75 300.0817933873201
3176 794 300.0816619219403
3177 794.25 300.0815305605706
3178 794.5 300.0813993220457
3179 794.75 300.0812681687954
3180 795 300.0811371200077
3181 795.25 300.081006193567
3182 795.5 300.0808753517106
3183 795.75 300.0807446138796
3184 796 300.0806139794619
3185 796.25 300.0804834671093
3186 796.5 300.0803530396831
3187 796.75 300.0802227160943
3188 797 300.0800925145249
3189 797.25 300.0799623967363
3190 797.5 300.0798323808327
3191 797.75 300.0797024680547
3192 798 300.0795726789897
3193 798.25 300.0794429942235
3194 798.5 300.079313412834
3195 798.75 300.0791839345163
3196 799 300.079054558639
3197 799.25 300.0789252859784
3198 799.5 300.0787961158204
3199 799.75 300.0786670488962
3200 800 300.0785380849027
3201 800.25 300.078409223416
3202 800.5 300.0782804647758
3203 800.75 300.0781518083757
3204 801 300.0780232542808
3205 801.25 300.0778947812735
3206 801.5 300.077766410597
3207 801.75 300.0776381599176
3208 802 300.0775099919653
3209 802.25 300.0773819253887
3210 802.5 300.0772539775426
3211 802.75 300.0771261107776
3212 803 300.0769983439062
3213 803.25 300.0768706942764
3214 803.5 300.0767431249589
3215 803.75 300.0766156541882
3216 804 300.0764882992665
3217 804.25 300.076361023676
3218 804.5 300.0762338460448
3219 804.75 300.0761067835043
3220 805 300.0759797998269
3221 805.25 300.0758529131698
3222 805.5 300.0757261405701
3223 805.75 300.0755994462688
3224 806 300.0754728483745
3225 806.25 300.0753463459901
3226 806.5 300.0752199562941
3227 806.75 300.0750936631974
3228 807 300.0749674456208
3229 807.25 300.0748413227054
3230 807.5 300.0747153112846
3231 807.75 300.0745893765518
3232 808 300.0744635360079
3233 808.25 300.0743377890814
3234 808.5 300.0742121525429
3235 808.75 300.0740866115417
3236 809 300.0739611458297
3237 809.25 300.0738357747635
3238 809.5 300.0737105145458
3239 809.75 300.0735853312493
3240 810 300.0734602422276
3241 810.25 300.0733352633573
3242 810.5 300.0732103600223
3243 810.75 300.0730855490291
3244 811 300.0729608294033
3245 811.25 300.0728362173924
3246 811.5 300.0727116977758
3247 811.75 300.072587249848
3248 812 300.0724628922756
3249 812.25 300.0723386410526
3250 812.5 300.0722144622185
3251 812.75 300.0720903730176
3252 813 300.0719663726288
3253 813.25 300.071842477719
3254 813.5 300.0717186722139
3255 813.75 300.0715949350735
3256 814 300.0714712853056
3257 814.25 300.0713477401601
3258 814.5 300.0712242641463
3259 814.75 300.0711008755359
3260 815 300.0709775731619
3261 815.25 300.0708543748611
3262 815.5 300.0707312449553
3263 815.75 300.0706082016925
3264 816 300.0704852623005
3265 816.25 300.0703623898042
3266 816.5 300.0702396025848
3267 816.75 300.0701169186755
3268 817 300.0699943008892
3269 817.25 300.0698717681146
3270 817.5 300.0697493194174
3271 817.75 300.0696269732977
3272 818 300.069504693534
3273 818.25 300.0693824987172
3274 818.5 300.06926040671
3275 818.75 300.0691383808984
3276 819 300.0690164451458
3277 819.25 300.0688945912493
3278 819.5 300.0687728381223
3279 819.75 300.0686511556081
3280 820 300.0685295542614
3281 820.25 300.068408058786
3282 820.5 300.0682866259224
3283 820.75 300.0681652795116
3284 821 300.0680440207857
3285 821.25 300.0679228670162
3286 821.5 300.0678017824586
3287 821.75 300.0676807834005
3288 822 300.0675598851556
3289 822.25 300.0674390522844
3290 822.5 300.0673183022023
3291 822.75 300.0671976340508
3292 823 300.0670770645646
3293 823.25 300.0669565598062
3294 823.5 300.0668361367448
3295 823.75 300.0667158115072
3296 824 300.0665955502756
3297 824.25 300.0664753689367
3298 824.5 300.0663552688698
3299 824.75 300.066235268287
3300 825 300.0661153501801
3301 825.25 300.0659955134825
3302 825.5 300.0658757580824
3303 825.75 300.0657560834065
3304 826 300.0656364907497
3305 826.25 300.065516980364
3306 826.5 300.0653975524242
3307 826.75 300.0652782066888
3308 827 300.0651589434582
3309 827.25 300.065039762102
3310 827.5 300.0649206622917
3311 827.75 300.0648016255728
3312 828 300.0646826692239
3313 828.25 300.0645638079893
3314 828.5 300.0644450091509
3315 828.75 300.0643262886447
3316 829 300.0642076615359
3317 829.25 300.064089094837
3318 829.5 300.0639706049592
3319 829.75 300.0638522072035
3320 830 300.0637338685697
3321 830.25 300.0636156054913
3322 830.5 300.0634974332499
3323 830.75 300.0633793183997
3324 831 300.0632612775543
3325 831.25 300.0631433259966
3326 831.5 300.0630254295854
3327 831.75 300.0629076049108
3328 832 300.0627898682104
3329 832.25 300.0626721856922
3330 832.5 300.0625545746497
3331 832.75 300.0624370514361
3332 833 300.06231958194
3333 833.25 300.0622021838305
3334 833.5 300.0620848734005
3335 833.75 300.0619676164393
3336 834 300.0618504305178
3337 834.25 300.0617333150319
3338 834.5 300.0616162872196
3339 834.75 300.0614993317051
3340 835 300.0613824287461
3341 835.25 300.0612655968861
3342 835.5 300.0611488526264
3343 835.75 300.0610321620574
3344 836 300.0609155429382
3345 836.25 300.0607989943621
3346 836.5 300.0606825334036
3347 836.75 300.0605661450084
3348 837 300.060449809776
3349 837.25 300.0603335461346
3350 837.5 300.0602173703492
3351 837.75 300.0601012490621
3352 838 300.0599852000627
3353 838.25 300.059869222429
3354 838.5 300.0597533328634
3355 838.75 300.0596374979718
3356 839 300.0595217347587
3357 839.25 300.059406059289
3358 839.5 300.0592904380239
3359 839.75 300.0591748910122
3360 840 300.0590594314692
3361 840.25 300.0589440280909
3362 840.5 300.0588286953268
3363 840.75 300.0587134345147
3364 841 300.0585982595265
3365 841.25 300.0584831395943
3366 841.5 300.058368089133
3367 841.75 300.0582531255937
3368 842 300.0581382137253
3369 842.25 300.0580233717807
3370 842.5 300.0579085976648
3371 842.75 300.0577939083595
3372 843 300.0576792702701
3373 843.25 300.057564700072
3374 843.5 300.0574502136779
3375 843.75 300.0573357772893
3376 844 300.0572214078119
3377 844.25 300.0571071208236
3378 844.5 300.0569928833139
3379 844.75 300.0568787118794
3380 845 300.0567646061748
3381 845.25 300.0566505822082
3382 845.5 300.0565366085679
3383 845.75 300.0564227011884
3384 846 300.0563088592196
3385 846.25 300.0561950981992
3386 846.5 300.0560813871376
3387 846.75 300.0559677418468
3388 847 300.0558541771988
3389 847.25 300.055740661522
3390 847.5 300.0556272109539
3391 847.75 300.0555138244389
3392 848 300.0554005175407
3393 848.25 300.0552872592659
3394 848.5 300.0551740652626
3395 848.75 300.0550609499095
3396 849 300.0549478822946
3397 849.25 300.0548348780188
3398 849.5 300.0547219360699
3399 849.75 300.0546090713614
3400 850 300.0544962532177
3401 850.25 300.0543834968437
3402 850.5 300.0542708013609
3403 850.75 300.0541581816794
3404 851 300.0540456074397
3405 851.25 300.0539330943731
3406 851.5 300.0538206416985
3407 851.75 300.0537082648192
3408 852 300.053595933031
3409 852.25 300.053483662206
3410 852.5 300.0533714672932
3411 852.75 300.0532593169565
3412 853 300.0531472273448
3413 853.25 300.053035197883
3414 853.5 300.0529232442584
3415 853.75 300.0528113350563
3416 854 300.0526994860315
3417 854.25 300.0525876960436
3418 854.5 300.0524759806974
3419 854.75 300.0523643077177
3420 855 300.0522526935341
3421 855.25 300.0521411375335
3422 855.5 300.0520296560357
3423 855.75 300.0519182167509
3424 856 300.0518068361437
3425 856.25 300.0516955296397
3426 856.5 300.0515842645593
3427 856.75 300.0514730576064
3428 857 300.0513619079591
3429 857.25 300.0512508318839
3430 857.5 300.0511397968637
3431 857.75 300.0510288190665
3432 858 300.0509178973961
3433 858.25 300.0508070481723
3434 858.5 300.0506962387364
3435 858.75 300.050585485671
3436 859 300.0504747881408
3437 859.25 300.0503641627205
3438 859.5 300.0502535769016
3439 859.75 300.050143047183
3440 860 300.050032573006
3441 860.25 300.0499221701302
3442 860.5 300.0498118056282
3443 860.75 300.0497014964902
3444 861 300.0495912421739
3445 861.25 300.0494810587993
3446 861.5 300.0493709142695
3447 861.75 300.049260825199
3448 862 300.049150791131
3449 862.25 300.049040827718
3450 862.5 300.0489309035152
3451 862.75 300.0488210348755
3452 863 300.0487112211928
3453 863.25 300.0486014778012
3454 863.5 300.0484917740387
3455 863.75 300.0483821258207
3456 864 300.0482725475126
3457 864.25 300.0481630084178
3458 864.5 300.0480535239764
3459 864.75 300.0479440937788
3460 865 300.0478347326025
3461 865.25 300.0477254111253
3462 865.5 300.0476161453193
3463 865.75 300.0475069355508
3464 866 300.0473977973621
3465 866.25 300.0472887024758
3466 866.5 300.0471796657703
3467 866.75 300.0470706861643
3468 867 300.0469617768603
3469 867.25 300.0468529083104
3470 867.5 300.0467440943754
3471 867.75 300.0466353482749
3472 868 300.0465266408347
3473 868.25 300.0464179864128
3474 868.5 300.0463093842001
3475 868.75 300.0462008482631
3476 869 300.0460923496104
3477 869.25 300.0459839025092
3478 869.5 300.0458755059955
3479 869.75 300.0457671742791
3480 870 300.0456588780617
3481 870.25 300.0455506317677
3482 870.5 300.0454424345072
3483 870.75 300.0453343009457
3484 871 300.0452262012349
3485 871.25 300.0451181503673
3486 871.5 300.0450101473572
3487 871.75 300.0449022069724
3488 872 300.0447943151148
3489 872.25 300.0446864538828
3490 872.5 300.044578639398
3491 872.75 300.0444708707615
3492 873 300.0443631627767
3493 873.25 300.0442554845553
3494 873.5 300.0441478508282
3495 873.75 300.0440402603774
3496 874 300.0439327286628
3497 874.25 300.0438252246684
3498 874.5 300.043717764541
3499 874.75 300.043610363539
3500 875 300.0435029897807
3501 875.25 300.0433956586873
3502 875.5 300.0432883720635
3503 875.75 300.0431811478274
3504 876 300.0430739704979
3505 876.25 300.042966838993
3506 876.5 300.0428597540476
3507 876.75 300.0427527152623
3508 877 300.0426457241485
3509 877.25 300.0425387799871
3510 877.5 300.0424318835584
3511 877.75 300.0423250345297
3512 878 300.0422182333813
3513 878.25 300.0421114797151
3514 878.5 300.0420047736003
3515 878.75 300.0418981149134
3516 879 300.0417915036211
3517 879.25 300.0416849397825
3518 879.5 300.0415784233028
3519 879.75 300.0414719541249
3520 880 300.0413655322856
3521 880.25 300.0412591575936
3522 880.5 300.0411528301476
3523 880.75 300.0410465494957
3524 881 300.0409402986881
3525 881.25 300.0408340945334
3526 881.5 300.0407279516389
3527 881.75 300.0406218390364
3528 882 300.0405157723006
3529 882.25 300.0404097504102
3530 882.5 300.0403037882305
3531 882.75 300.0401978717287
3532 883 300.0400919831637
3533 883.25 300.0399861386693
3534 883.5 300.0398803523884
3535 883.75 300.0397745943745
3536 884 300.0396688797605
3537 884.25 300.0395632224716
3538 884.5 300.0394575923704
3539 884.75 300.0393520046475
3540 885 300.0392464734762
3541 885.25 300.0391409693185
3542 885.5 300.0390355071998
3543 885.75 300.0389300866434
3544 886 300.0388247222159
3545 886.25 300.038719401391
3546 886.5 300.038614106874
3547 886.75 300.0385088546243
3548 887 300.0384036583192
3549 887.25 300.0382984892493
3550 887.5 300.0381933621441
3551 887.75 300.0380882905297
3552 888 300.0379832453738
3553 888.25 300.0378782413281
3554 888.5 300.0377732777519
3555 888.75 300.0376683684831
3556 889 300.0375635007497
3557 889.25 300.0374586571477
3558 889.5 300.0373538533818
3559 889.75 300.0372491030294
3560 890 300.0371443777262
3561 890.25 300.0370396921523
3562 890.5 300.0369350455638
3563 890.75 300.0368304522043
3564 891 300.036725883772
3565 891.25 300.0366213548077
3566 891.5 300.036516878921
3567 891.75 300.0364124275927
3568 892 300.0363080155607
3569 892.25 300.0362036424501
3570 892.5 300.0360993222831
3571 892.75 300.0359950267871
3572 893 300.0358907707313
3573 893.25 300.0357865681681
3574 893.5 300.0356823897051
3575 893.75 300.0355782501654
3576 894 300.0354741636181
3577 894.25 300.0353701003463
3578 894.5 300.0352660753516
3579 894.75 300.0351620874663
3580 895 300.0350581511369
3581 895.25 300.0349542362701
3582 895.5 300.0348503579306
3583 895.75 300.0347465302165
3584 896 300.0346427224451
3585 896.25 300.034538948803
3586 896.5 300.0344352106749
3587 896.75 300.0343315077977
3588 897 300.0342278402576
3589 897.25 300.0341242078861
3590 897.5 300.0340206103049
3591 897.75 300.033917047444
3592 898 300.0338135190381
3593 898.25 300.033710024864
3594 898.5 300.033606564522
3595 898.75 300.0335031556141
3596 899 300.033399782029
3597 899.25 300.0332964436798
3598 899.5 300.0331931396025
3599 899.75 300.0330898702953
3600 900 300.0329866352726
3601 900.25 300.0328834350746
3602 900.5 300.0327802696422
3603 900.75 300.0326771221139
3604 901 300.0325740097081
3605 901.25 300.0324709470594
3606 901.5 300.032367904317
3607 901.75 300.0322648974042
3608 902 300.0321619411399
3609 902.25 300.0320590063162
3610 902.5 300.031956108247
3611 902.75 300.0318532612576
3612 903 300.031750435961
3613 903.25 300.0316476475586
3614 903.5 300.031544909542
3615 903.75 300.0314421936379
3616 904 300.031339513615
3617 904.25 300.0312368823335
3618 904.5 300.03113427084
3619 904.75 300.031031693364
3620 905 300.0309291629817
3621 905.25 300.0308266520809
3622 905.5 300.0307241748101
3623 905.75 300.0306217447964
3624 906 300.0305193338152
3625 906.25 300.0304169562351
3626 906.5 300.0303146255715
3627 906.75 300.0302123144671
3628 907 300.0301100374384
3629 907.25 300.0300078079419
3630 907.5 300.0299055982912
3631 907.75 300.0298034223506
3632 908 300.0297012932181
3633 908.25 300.0295991979342
3634 908.5 300.0294971204131
3635 908.75 300.0293950756808
3636 909 300.0292930767471
3637 909.25 300.0291910961627
3638 909.5 300.029089148116
3639 909.75 300.0289872458404
3640 910 300.0288853608023
3641 910.25 300.028783507183
3642 910.5 300.0286816982251
3643 910.75 300.0285799057747
3644 911 300.0284781437638
3645 911.25 300.0283764252537
3646 911.5 300.0282747200383
3647 911.75 300.0281730420656
3648 912 300.0280714043453
3649 912.25 300.0279697782793
3650 912.5 300.0278681789306
3651 912.75 300.0277666207022
3652 913 300.0276650740425
3653 913.25 300.0275635540879
3654 913.5 300.027462076861
3655 913.75 300.0273606104302
3656 914 300.0272591703365
3657 914.25 300.0271577711065
3658 914.5 300.0270563833686
3659 914.75 300.02695502551
3660 915 300.0268537083097
3661 915.25 300.0267524026954
3662 915.5 300.0266511244791
3663 915.75 300.0265498885092
3664 916 300.0264486679023
3665 916.25 300.0263474739011
3666 916.5 300.026246306835
3667 916.75 300.0261451817425
3668 917 300.0260440695176
3669 917.25 300.0259429855927
3670 917.5 300.0258419443399
3671 917.75 300.0257409163528
3672 918 300.0256399167407
3673 918.25 300.0255389598748
3674 918.5 300.0254380161513
3675 918.75 300.025337101076
3676 919 300.0252362289519
3677 919.25 300.0251353707128
3678 919.5 300.0250345412089
3679 919.75 300.0249337400292
3680 920 300.0248329815647
3681 920.25 300.0247322370546
3682 920.5 300.024631521655
3683 920.75 300.0245308507041
3684 921 300.0244301969067
3685 921.25 300.0243295756376
3686 921.5 300.0242290004905
3687 921.75 300.0241284418506
3688 922 300.0240279141852
3689 922.25 300.0239274161833
3690 922.5 300.0238269602204
3691 922.75 300.0237265182769
3692 923 300.0236261039682
3693 923.25 300.0235257300865
3694 923.5 300.0234253677754
3695 923.75 300.0233250310808
3696 924 300.0232247192904
3697 924.25 300.0231244459486
3698 924.5 300.0230241829883
3699 924.75 300.0229239443604
3700 925 300.0228237431874
3701 925.25 300.0227235518187
3702 925.5 300.0226233847098
3703 925.75 300.0225232413623
3704 926 300.0224231355875
3705 926.25 300.0223230398834
3706 926.5 300.0222229682494
3707 926.75 300.0221229340132
3708 927 300.0220229094945
3709 927.25 300.0219229092677
3710 927.5 300.021822932936
3711 927.75 300.0217229941425
3712 928 300.0216230655091
3713 928.25 300.0215231607359
3714 928.5 300.0214232789941
3715 928.75 300.0213234338547
3716 929 300.0212235982229
3717 929.25 300.0211237861351
3718 929.5 300.0210240108152
3719 929.75 300.0209242446624
3720 930 300.0208245015374
3721 930.25 300.0207247804016
3722 930.5 300.0206250946958
3723 930.75 300.0205254184019
3724 931 300.0204257648858
3725 931.25 300.0203261338401
3726 931.5 300.0202265388468
3727 931.75 300.0201269534992
3728 932 300.0200273914317
3729 932.25 300.0199278645484
3730 932.5 300.0198283452812
3731 932.75 300.019728848335
3732 933 300.0196293736179
3733 933.25 300.0195299352814
3734 933.5 300.0194305054275
3735 933.75 300.019331097739
3736 934 300.0192317112114
3737 934.25 300.0191323595863
3738 934.5 300.0190330148311
3739 934.75 300.018933691615
3740 935 300.0188343893739
3741 935.25 300.018735122677
3742 935.5 300.0186358786569
3743 935.75 300.0185366406529
3744 936 300.0184374245488
3745 936.25 300.0183382299284
3746 936.5 300.0182390717782
3747 936.75 300.0181399209679
3748 937 300.0180407912753
3749 937.25 300.0179416816573
3750 937.5 300.0178426061725
3751 937.75 300.0177435358021
3752 938 300.0176444853756
3753 938.25 300.0175454695008
3754 938.5 300.0174464582009
3755 938.75 300.0173474651495
3756 939 300.0172484913547
3757 939.25 300.0171495535399
3758 939.5 300.0170506361767
3759 939.75 300.0169517389812
3760 940 300.016852861547
3761 940.25 300.0167540041212
3762 940.5 300.0166551661734
3763 940.75 300.0165563480061
3764 941 300.0164575503812
3765 941.25 300.0163587736549
3766 941.5 300.0162600181278
3767 941.75 300.0161612839374
3768 942 300.016062570676
3769 942.25 300.0159638781002
3770 942.5 300.015865205818
3771 942.75 300.0157665537039
3772 943 300.0156679213419
3773 943.25 300.0155693087342
3774 943.5 300.0154707158057
3775 943.75 300.0153721273486
3776 944 300.0152735588807
3777 944.25 300.0151750233927
3778 944.5 300.0150764939497
3779 944.75 300.0149779845333
3780 945 300.0148795079591
3781 945.25 300.0147810379452
3782 945.5 300.0146825887206
3783 945.75 300.0145841731664
3784 946 300.01448576464
3785 946.25 300.0143873765248
3786 946.5 300.0142890214443
3787 946.75 300.0141906868303
3788 947 300.0140923573001
3789 947.25 300.0139940470101
3790 947.5 300.0138957685574
3791 947.75 300.0137974955692
3792 948 300.0136992415372
3793 948.25 300.0136010187227
3794 948.5 300.0135028005879
3795 948.75 300.0134046005251
3796 949 300.0133064178686
3797 949.25 300.0132082653438
3798 949.5 300.0131101166525
3799 949.75 300.0130119848858
3800 950 300.0129138827202
3801 950.25 300.0128157830991
3802 950.5 300.0127176992331
3803 950.75 300.0126196440294
3804 951 300.0125215898792
3805 951.25 300.0124235509516
3806 951.5 300.0123255408108
3807 951.75 300.0122275320939
3808 952 300.0121295393641
3809 952.25 300.012031562043
3810 952.5 300.0119336140714
3811 952.75 300.011835682842
3812 953 300.0117377518526
3813 953.25 300.0116398363245
3814 953.5 300.0115419495024
3815 953.75 300.011444062917
3816 954 300.0113461909519
3817 954.25 300.0112483469546
3818 954.5 300.011150502346
3819 954.75 300.0110526719987
3820 955 300.010954855429
3821 955.25 300.0108570671235
3822 955.5 300.0107592785912
3823 955.75 300.0106615041755
3824 956 300.0105637578101
3825 956.25 300.0104660103447
3826 956.5 300.0103682769476
3827 956.75 300.0102705571763
3828 957 300.0101728656863
3829 957.25 300.0100751739849
3830 957.5 300.0099774965798
3831 957.75 300.0098798472272
3832 958 300.009782197023
3833 958.25 300.0096845613303
3834 958.5 300.0095869397801
3835 958.75 300.0094893470725
3836 959 300.0093917550368
3837 959.25 300.0092941783269
3838 959.5 300.0091966309834
3839 959.75 300.0090990848094
3840 960 300.0090015550093
3841 960.25 300.0089040414412
3842 960.5 300.0088065581857
3843 960.75 300.0087090770169
3844 961 300.0086116118132
3845 961.25 300.0085141755127
3846 961.5 300.0084167402605
3847 961.75 300.0083193206673
3848 962 300.008221916299
3849 962.25 300.0081245406614
3850 962.5 300.0080271666055
3851 962.75 300.0079298076163
3852 963 300.0078324630857
3853 963.25 300.0077351463931
3854 963.5 300.0076378308415
3855 963.75 300.0075405303426
3856 964 300.0074432578957
3857 964.25 300.0073459864249
3858 964.5 300.0072487297986
3859 964.75 300.0071514878479
3860 965 300.0070542739506
3861 965.25 300.0069570620709
3862 965.5 300.0068598658535
3863 965.75 300.0067626847546
3864 966 300.0066655317227
3865 966.25 300.0065683802237
3866 966.5 300.006471243229
3867 966.75 300.0063741199539
3868 967 300.0062770233621
3869 967.25 300.0061799232071
3870 967.5 300.006082838511
3871 967.75 300.0059857681854
3872 968 300.0058887224474
3873 968.25 300.0057916798646
3874 968.5 300.0056946485319
3875 968.75 300.0055976318454
3876 969 300.0055006415505
3877 969.25 300.0054036504614
3878 969.5 300.0053066717998
3879 969.75 300.0052097045898
3880 970 300.0051127615925
3881 970.25 300.0050158163514
3882 970.5 300.0049188821025
3883 970.75 300.0048219711698
3884 971 300.0047250571887
3885 971.25 300.0046281537019
3886 971.5 300.0045312603049
3887 971.75 300.0044343766174
3888 972 300.0043375152582
3889 972.25 300.0042406630864
3890 972.5 300.0041438036728
3891 972.75 300.0040469519647
3892 973 300.0039501073903
3893 973.25 300.0038532846723
3894 973.5 300.0037564568601
3895 973.75 300.0036596383609
3896 974 300.0035628290927
3897 974.25 300.0034660432969
3898 974.5 300.0033692536146
3899 974.75 300.0032724746502
3900 975 300.0031757055789
3901 975.25 300.0030789606321
3902 975.5 300.0029822118555
3903 975.75 300.0028854738051
3904 976 300.0027887603138
3905 976.25 300.0026920431369
3906 976.5 300.002595337213
3907 976.75 300.0024986422739
3908 977 300.0024019725334
3909 977.25 300.0023053001756
3910 977.5 300.0022086393984
3911 977.75 300.0021119895761
3912 978 300.002015364731
3913 978.25 300.0019187370661
3914 978.5 300.0018221210415
3915 978.75 300.0017255161629
3916 979 300.0016289367645
3917 979.25 300.0015323551866
3918 979.5 300.0014357845898
3919 979.75 300.0013392236761
3920 980 300.0012426866105
3921 980.25 300.0011461447139
3922 980.5 300.0010496129287
3923 980.75 300.0009530912756
3924 981 300.0008565946871
3925 981.25 300.0007601100333
3926 981.5 300.0006636215525
3927 981.75 300.0005671444578
3928 982 300.0004706779553
3929 982.25 300.0003742354611
3930 982.5 300.0002777898935
3931 982.75 300.0001813547948
3932 983 300.0000849296359
3933 983.25 299.9999885275483
3934 983.5 299.9998921220129
3935 983.75 299.9997957266988
3936 984 299.9996993408054
3937 984.25 299.9996029771506
3938 984.5 299.9995066092567
3939 984.75 299.9994102502711
3940 985 299.9993138999118
3941 985.25 299.9992175712054
3942 985.5 299.9991212383301
3943 985.75 299.9990249145642
3944 986 299.9989286001476
3945 986.25 299.9988323088343
3946 986.5 299.998736016885
3947 986.75 299.9986397381205
3948 987 299.9985434846793
3949 987.25 299.9984472303051
3950 987.5 299.9983509874921
3951 987.75 299.9982547551572
3952 988 299.9981585453252
3953 988.25 299.9980623320278
3954 988.5 299.9979661276413
3955 988.75 299.9978699311993
3956 989 299.9977737549706
3957 989.25 299.9976775732228
3958 989.5 299.9975813988755
3959 989.75 299.9974852310535
3960 990 299.9973890825028
3961 990.25 299.9972929270256
3962 990.5 299.9971967777334
3963 990.75 299.9971006339327
3964 991 299.9970045090744
3965 991.25 299.9969083767805
3966 991.5 299.996812251028
3967 991.75 299.9967161309982
3968 992 299.9966200304218
3969 992.25 299.9965239221332
3970 992.5 299.9964278201378
3971 992.75 299.9963317377083
3972 993 299.9962356472521
3973 993.25 299.9961395631273
3974 993.5 299.996043484843
3975 993.75 299.9959474262926
3976 994 299.9958513599327
3977 994.25 299.9957552998491
3978 994.5 299.9956592454451
3979 994.75 299.9955632107138
3980 995 299.9954671680188
3981 995.25 299.9953711316836
3982 995.5 299.995275101058
3983 995.75 299.9951790901583
3984 996 299.9950830711487
3985 996.25 299.9949870581363
3986 996.5 299.9948910505057
3987 996.75 299.9947950622168
3988 997 299.9946990653055
3989 997.25 299.9946030743867
3990 997.5 299.9945070890017
3991 997.75 299.994411123403
3992 998 299.9943151495318
3993 998.25 299.9942191819248
3994 998.5 299.994123234287
3995 998.75 299.9940272783321
3996 999 299.9939313289313
3997 999.25 299.9938353859184
3998 999.5 299.9937394635355
3999 999.75 299.9936435345984
4000 1000 299.9935476135125
4001 1000.25 299.9934517002674
4002 1000.5 299.9933558085917
4003 1000.75 299.9932599114729
4004 1001 299.9931640232556
4005 1001.25 299.9930681437581
4006 1001.5 299.9929722863569
4007 1001.75 299.9928764241951
4008 1002 299.9927805708227
4009 1002.25 299.9926847388226
4010 1002.5 299.9925889014137
4011 1002.75 299.9924930721162
4012 1003 299.9923972501074
4013 1003.25 299.9923014481033
4014 1003.5 299.9922056398997
4015 1003.75 299.9921098384827
4016 1004 299.9920140433193
4017 1004.25 299.991918267266
4018 1004.5 299.9918224845877
4019 1004.75 299.9917267089281
4020 1005 299.9916309398607
4021 1005.25 299.9915351902501
4022 1005.5 299.991439434269
4023 1005.75 299.9913436853044
4024 1006 299.991247943321
4025 1006.25 299.9911522216817
4026 1006.5 299.9910565094049
4027 1006.75 299.9909607911842
4028 1007 299.9908650811812
4029 1007.25 299.9907693788948
4030 1007.5 299.9906736968614
4031 1007.75 299.9905780092961
4032 1008 299.9904823289046
4033 1008.25 299.990386654794
4034 1008.5 299.9902909995466
4035 1008.75 299.9901953371241
4036 1009 299.9900996804512
4037 1009.25 299.9900040287777
4038 1009.5 299.9899083947544
4039 1009.75 299.98981275209
4040 1010 299.9897171138051
4041 1010.25 299.9896214790489
4042 1010.5 299.9895258607364
4043 1010.75 299.9894302323584
4044 1011 299.989334607069
4045 1011.25 299.9892389971041
4046 1011.5 299.9891433758581
4047 1011.75 299.98904775664
4048 1012 299.9889521389257
4049 1012.25 299.9888565356623
4050 1012.5 299.9887609201596
4051 1012.75 299.9886653061418
4052 1013 299.9885696934364
4053 1013.25 299.988474095983
4054 1013.5 299.9883784872534
4055 1013.75 299.9882828816563
4056 1014 299.9881872786126
4057 1014.25 299.9880916914998
4058 1014.5 299.9879960935518
4059 1014.75 299.987900499195
4060 1015 299.9878049078761
4061 1015.25 299.9877093332374
4062 1015.5 299.9876137468303
4063 1015.75 299.9875181628158
4064 1016 299.9874225811083
4065 1016.25 299.9873270164028
4066 1016.5 299.9872314410966
4067 1016.75 299.9871358696989
4068 1017 299.9870403016788
4069 1017.25 299.9869447516255
4070 1017.5 299.9868491919312
4071 1017.75 299.9867536373384
4072 1018 299.9866580878466
4073 1018.25 299.9865625582029
4074 1018.5 299.9864670207908
4075 1018.75 299.9863714900977
4076 1019 299.9862759794856
4077 1019.25 299.9861804610393
4078 1019.5 299.9860849490823
4079 1019.75 299.9859894430855
4080 1020 299.9858939566658
4081 1020.25 299.9857984622457
4082 1020.5 299.9857029736361
4083 1020.75 299.9856074903073
4084 1021 299.9855120256204
4085 1021.25 299.9854165522895
4086 1021.5 299.9853210840159
4087 1021.75 299.9852256200471
4088 1022 299.9851301736795
4089 1022.25 299.9850347177897
4090 1022.5 299.9849392658742
4091 1022.75 299.9848438174424
4092 1023 299.9847483859792
4093 1023.25 299.9846529448152
4094 1023.5 299.9845575080092
4095 1023.75 299.9844620750249
4096 1024 299.9843666590972
4097 1024.25 299.9842712340914
4098 1024.5 299.9841758135483
4099 1024.75 299.9840803966237
4100 1025 299.9839849963311
4101 1025.25 299.9838895867287
4102 1025.5 299.9837941810073
4103 1025.75 299.9836987783746
4104 1026 299.9836033915622
4105 1026.25 299.9835079950771
4106 1026.5 299.983412602021
4107 1026.75 299.9833172248583
4108 1027 299.983221837525
4109 1027.25 299.983126451562
4110 1027.5 299.9830310681085
4111 1027.75 299.9829357018862
4112 1028 299.9828403406356
4113 1028.25 299.9827449839345
4114 1028.5 299.9826496323981
4115 1028.75 299.9825542858138
4116 1029 299.9824589445361
4117 1029.25 299.9823636077327
4118 1029.5 299.9822682753947
4119 1029.75 299.9821729464728
4120 1030 299.9820776211325
4121 1030.25 299.9819822987709
4122 1030.5 299.9818869793729
4123 1030.75 299.9817916625972
4124 1031 299.9816963481476
4125 1031.25 299.9816010355714
4126 1031.5 299.9815057247367
4127 1031.75 299.9814104152712
4128 1032 299.9813151071363
4129 1032.25 299.9812198004848
4130 1032.5 299.9811244956055
4131 1032.75 299.9810291924686
4132 1033 299.9809338762489
4133 1033.25 299.9808385622308
4134 1033.5 299.9807432638459
4135 1033.75 299.9806479534394
4136 1034 299.9805526454592
4137 1034.25 299.9804573531029
4138 1034.5 299.9803620484825
4139 1034.75 299.9802667458267
4140 1035 299.9801714444063
4141 1035.25 299.9800761582894
4142 1035.5 299.9799808746851
4143 1035.75 299.9798855771057
4144 1036 299.9797902807579
4145 1036.25 299.9796949849971
4146 1036.5 299.9795997047398
4147 1036.75 299.9795044261097
4148 1037 299.9794091321575
4149 1037.25 299.979313837634
4150 1037.5 299.9792185564527
4151 1037.75 299.979123260716
4152 1038 299.9790279656808
4153 1038.25 299.9789326711307
4154 1038.5 299.9788373914244
4155 1038.75 299.9787420991671
4156 1039 299.9786468094105
4157 1039.25 299.9785515365248
4158 1039.5 299.9784562518677
4159 1039.75 299.9783609702887
4160 1040 299.9782657051965
4161 1040.25 299.9781704285735
4162 1040.5 299.9780751549973
4163 1040.75 299.9779798839813
4164 1041 299.9778846292022
4165 1041.25 299.9777893633847
4166 1041.5 299.9776941003818
4167 1041.75 299.9775988529997
4168 1042 299.9775035942819
4169 1042.25 299.9774083383705
4170 1042.5 299.9773130850874
4171 1042.75 299.9772178481317
4172 1043 299.977122616115
4173 1043.25 299.9770273737849
4174 1043.5 299.9769321361881
4175 1043.75 299.9768369037919
4176 1044 299.9767416892866
4177 1044.25 299.9766464683133
4178 1044.5 299.9765512544674
4179 1044.75 299.9764560596707
4180 1045 299.9763608587434
4181 1045.25 299.9762656641461
4182 1045.5 299.9761704749614
4183 1045.75 299.9760753034274
4184 1046 299.9759801242732
4185 1046.25 299.9758849498253
4186 1046.5 299.9757897916638
4187 1046.75 299.9756946244401
4188 1047 299.9755994560486
4189 1047.25 299.9755042919672
4190 1047.5 299.9754091401578
4191 1047.75 299.9753139798173
4192 1048 299.9752188180182
4193 1048.25 299.9751236574816
4194 1048.5 299.9750285105299
4195 1048.75 299.9749333503106
4196 1049 299.9748381903016
4197 1049.25 299.9747430300411
4198 1049.5 299.9746478827453
4199 1049.75 299.9745527221817
4200 1050 299.9744575616095
4201 1050.25 299.9743624134119
4202 1050.5 299.9742672510172
4203 1050.75 299.9741720882678
4204 1051 299.9740769245384
4205 1051.25 299.9739817733733
4206 1051.5 299.9738866079374
4207 1051.75 299.9737914417916
4208 1052 299.9736962744809
4209 1052.25 299.9736011195284
4210 1052.5 299.9735059502518
4211 1052.75 299.9734107808357
4212 1053 299.9733156108622
4213 1053.25 299.9732204540971
4214 1053.5 299.9731252837275
4215 1053.75 299.9730301136775
4216 1054 299.9729349437312
4217 1054.25 299.9728397877326
4218 1054.5 299.9727446336228
4219 1054.75 299.9726494658236
4220 1055 299.9725542986326
4221 1055.25 299.972459131291
4222 1055.5 299.9723639776269
4223 1055.75 299.9722688104743
4224 1056 299.972173644249
4225 1056.25 299.9720784787896
4226 1056.5 299.9719833281825
4227 1056.75 299.9718881652372
4228 1057 299.9717930044176
4229 1057.25 299.9716978452387
4230 1057.5 299.9716027015409
4231 1057.75 299.9715075462775
4232 1058 299.9714123937941
4233 1058.25 299.9713172439199
4234 1058.5 299.9712221105482
4235 1058.75 299.9711269666478
4236 1059 299.971031826314
4237 1059.25 299.9709366890926
4238 1059.5 299.9708415685562
4239 1059.75 299.970746437545
4240 1060 299.9706513098952
4241 1060.25 299.9705561849514
4242 1060.5 299.9704610763045
4243 1060.75 299.9703659566693
4244 1061 299.9702708398649
4245 1061.25 299.9701757387717
4246 1061.5 299.9700806258879
4247 1061.75 299.9699855152735
4248 1062 299.9698904064878
4249 1062.25 299.9697952992742
4250 1062.5 299.9697002073314
4251 1062.75 299.9696051035072
4252 1063 299.9695100013242
4253 1063.25 299.9694149133275
4254 1063.5 299.9693198127582
4255 1063.75 299.9692247132791
4256 1064 299.9691296147006
4257 1064.25 299.9690345302776
4258 1064.5 299.9689394342983
4259 1064.75 299.9688443400069
4260 1065 299.9687492472762
4261 1065.25 299.9686541690432
4262 1065.5 299.9685590798297
4263 1065.75 299.9684639930227
4264 1066 299.968368921215
4265 1066.25 299.9682738390345
4266 1066.5 299.9681787598093
4267 1066.75 299.9680836828741
4268 1067 299.9679886205307
4269 1067.25 299.9678935478039
4270 1067.5 299.9677984774239
4271 1067.75 299.9677034089162
4272 1068 299.9676083545909
4273 1068.25 299.9675132891023
4274 1068.5 299.9674182251743
4275 1068.75 299.9673231621692
4276 1069 299.9672281125943
4277 1069.25 299.9671330513056
4278 1069.5 299.9670379913923
4279 1069.75 299.9669429323218
4280 1070 299.9668478868776
4281 1070.25 299.9667528297248
4282 1070.5 299.9666577741243
4283 1070.75 299.9665627194476
4284 1071 299.9664676784327
4285 1071.25 299.9663726257983
4286 1071.5 299.9662775748905
4287 1071.75 299.9661825252477
4288 1072 299.9660874899143
4289 1072.25 299.9659924428836
4290 1072.5 299.9658973969547
4291 1072.75 299.9658023508981
4292 1073 299.9657073173865
4293 1073.25 299.9656122692058
4294 1073.5 299.9655172200884
4295 1073.75 299.9654221696979
4296 1074 299.9653271323567
4297 1074.25 299.9652320807339
4298 1074.5 299.9651370288744
4299 1074.75 299.9650419762758
4300 1075 299.9649469372149
4301 1075.25 299.9648518837814
4302 1075.5 299.9647568301195
4303 1075.75 299.9646617755475
4304 1076 299.9645667343748
4305 1076.25 299.964471678414
4306 1076.5 299.9643766220674
4307 1076.75 299.9642815644522
4308 1077 299.9641865197258
4309 1077.25 299.9640914598517
4310 1077.5 299.9639963996778
4311 1077.75 299.9639013389799
4312 1078 299.9638062921027
4313 1078.25 299.9637112313217
4314 1078.5 299.9636161712783
4315 1078.75 299.9635211114828
4316 1079 299.9634260663146
4317 1079.25 299.9633310085337
4318 1079.5 299.9632359525478
4319 1079.75 299.9631408978149
4320 1080 299.9630458584032
4321 1080.25 299.962950807052
4322 1080.5 299.9628557576041
4323 1080.75 299.9627607095156
4324 1081 299.9626656766046
4325 1081.25 299.9625706322988
4326 1081.5 299.9624755910142
4327 1081.75 299.9623805525483
4328 1082 299.9622855305377
4329 1082.25 299.9621904992558
4330 1082.5 299.9620954732994
4331 1082.75 299.9620004656156
4332 1083 299.9619054506962
4333 1083.25 299.9618104405217
4334 1083.5 299.9617154362949
4335 1083.75 299.9616204512258
4336 1084 299.9615254715208
4337 1084.25 299.961430495849
4338 1084.5 299.9613355235906
4339 1084.75 299.961240554378
4340 1085 299.9611455881505
4341 1085.25 299.9610506248584
4342 1085.5 299.9609556641658
4343 1085.75 299.9608607060237
4344 1086 299.9607657500915
4345 1086.25 299.9606707963972
4346 1086.5 299.9605758446607
4347 1086.75 299.9604808951287
4348 1087 299.9603859470972
4349 1087.25 299.9602910006436
4350 1087.5 299.9601960546576
4351 1087.75 299.9601011086374
4352 1088 299.9600061625442
4353 1088.25 299.9599112167513
4354 1088.5 299.9598162714943
4355 1088.75 299.9597213270749
4356 1089 299.9596263836907
4357 1089.25 299.9595314266446
4358 1089.5 299.9594364707681
4359 1089.75 299.9593415285429
4360 1090 299.9592465733243
4361 1090.25 299.9591516186749
4362 1090.5 299.9590566767658
4363 1090.75 299.9589617208686
4364 1091 299.9588667645569
4365 1091.25 299.9587718208217
4366 1091.5 299.9586768625157
4367 1091.75 299.9585819029033
4368 1092 299.9584869542094
4369 1092.25 299.9583919890571
4370 1092.5 299.9582970211674
4371 1092.75 299.9582020633308
4372 1093 299.9581070885155
4373 1093.25 299.9580121108002
4374 1093.5 299.9579171446777
4375 1093.75 299.9578221633928
4376 1094 299.9577271815651
4377 1094.25 299.9576322126292
4378 1094.5 299.9575372295258
4379 1094.75 299.9574422470217
4380 1095 299.9573472650071
4381 1095.25 299.9572522976619
4382 1095.5 299.9571573178888
4383 1095.75 299.9570623400849
4384 1096 299.9569673777091
4385 1096.25 299.9568724031688
4386 1096.5 299.9567774309342
4387 1096.75 299.9566824746499
4388 1097 299.9565875064397
4389 1097.25 299.9564925408826
4390 1097.5 299.9563975912921
4391 1097.75 299.9563026302496
4392 1098 299.9562076722225
4393 1098.25 299.9561127168265
4394 1098.5 299.9560177779548
4395 1098.75 299.9559228284506
4396 1099 299.9558278824095
4397 1099.25 299.9557329532483
4398 1099.5 299.9556380132239
4399 1099.75 299.9555430768269
4400 1100 299.9554481438747
4401 1100.25 299.9553532280667
4402 1100.5 299.9552583019743
4403 1100.75 299.9551633791884
4404 1101 299.9550684728664
4405 1101.25 299.9549735550182
4406 1101.5 299.9548786397076
4407 1101.75 299.9547837263375
4408 1102 299.9546888284018
4409 1102.25 299.954593918737
4410 1102.5 299.9544990110896
4411 1102.75 299.954404118357
4412 1103 299.9543092138451
4413 1103.25 299.9542143116344
4414 1103.5 299.9541194112295
4415 1103.75 299.9540245255472
4416 1104 299.9539296279711
4417 1104.25 299.9538347308236
4418 1104.5 299.9537398340377
4419 1104.75 299.9536449539902
4420 1105 299.9535500675373
4421 1105.25 299.9534551882343
4422 1105.5 299.9533603156368
4423 1105.75 299.9532654619873
4424 1106 299.9531706018853
4425 1106.25 299.9530757469248
4426 1106.5 299.9529809082773
4427 1106.75 299.952886060225
4428 1107 299.9527912149973
4429 1107.25 299.9526963718986
4430 1107.5 299.9526015431283
4431 1107.75 299.9525067035502
4432 1108 299.9524118658179
4433 1108.25 299.9523170293443
4434 1108.5 299.9522222065946
4435 1108.75 299.9521273723079
4436 1109 299.9520325396077
4437 1109.25 299.9519377078706
4438 1109.5 299.9518428898111
4439 1109.75 299.9517480601864
4440 1110 299.9516532320613
4441 1110.25 299.9515584049811
4442 1110.5 299.9514635919617
4443 1110.75 299.951368767457
4444 1111 299.9512739449481
4445 1111.25 299.9511791239888
4446 1111.5 299.9510843180342
4447 1111.75 299.9509895011857
4448 1112 299.9508946870274
4449 1112.25 299.9507998885105
4450 1112.5 299.9507050789267
4451 1112.75 299.9506102724615
4452 1113 299.9505154703064
4453 1113.25 299.9504206837331
4454 1113.5 299.950325879576
4455 1113.75 299.9502310710528
4456 1114 299.9501362575986
4457 1114.25 299.9500414522543
4458 1114.5 299.9499466275449
4459 1114.75 299.9498517987442
4460 1115 299.9497569665842
4461 1115.25 299.9496621470832
4462 1115.5 299.9495673130872
4463 1115.75 299.9494724804333
4464 1116 299.949377649383
4465 1116.25 299.9492828347712
4466 1116.5 299.9491880085089
4467 1116.75 299.949093185426
4468 1117 299.9489983651065
4469 1117.25 299.9489035615348
4470 1117.5 299.9488087469542
4471 1117.75 299.9487139358629
4472 1118 299.9486191276882
4473 1118.25 299.9485243367125
4474 1118.5 299.9484295351593
4475 1118.75 299.9483347374476
4476 1119 299.9482399428671
4477 1119.25 299.9481451651725
4478 1119.5 299.9480503765483
4479 1119.75 299.9479555903749
4480 1120 299.9478608073502
4481 1120.25 299.9477660443628
4482 1120.5 299.9476712780759
4483 1120.75 299.9475765248647
4484 1121 299.9474817842329
4485 1121.25 299.9473870677763
4486 1121.5 299.9472923485824
4487 1121.75 299.9471976377658
4488 1122 299.9471029327931
4489 1122.25 299.9470082446428
4490 1122.5 299.9469135466368
4491 1122.75 299.9468188506656
4492 1123 299.9467241563558
4493 1123.25 299.9466294770632
4494 1123.5 299.9465347878357
4495 1123.75 299.9464401016673
4496 1124 299.9463454180398
4497 1124.25 299.9462507498966
4498 1124.5 299.9461560719038
4499 1124.75 299.9460613973729
4500 1125 299.9459667259761
4501 1125.25 299.9458720707796
4502 1125.5 299.9457774062162
4503 1125.75 299.9456827455498
4504 1126 299.9455880879449
4505 1126.25 299.9454934463233
4506 1126.5 299.9453987951364
4507 1126.75 299.9453041476506
4508 1127 299.9452095033261
4509 1127.25 299.9451148749341
4510 1127.5 299.9450202368665
4511 1127.75 299.9449256022219
4512 1128 299.9448309702953
4513 1128.25 299.9447363538059
4514 1128.5 299.9446417270455
4515 1128.75 299.9445471032479
4516 1129 299.9444524815278
4517 1129.25 299.9443578747488
4518 1129.5 299.9442632569713
4519 1129.75 299.9441686413376
4520 1130 299.944074040058
4521 1130.25 299.9439794261706
4522 1130.5 299.9438848135838
4523 1130.75 299.9437902013621
4524 1131 299.9436956025405
4525 1131.25 299.9436009909039
4526 1131.5 299.9435063801779
4527 1131.75 299.9434117702077
4528 1132 299.943317174809
4529 1132.25 299.9432225670589
4530 1132.5 299.9431279603639
4531 1132.75 299.943033354444
4532 1133 299.9429387634182
4533 1133.25 299.9428441606112
4534 1133.5 299.9427495602123
4535 1133.75 299.942654961972
4536 1134 299.9425603799546
4537 1134.25 299.9424657872778
4538 1134.5 299.9423711982959
4539 1134.75 299.9422766125562
4540 1135 299.9421820441358
4541 1135.25 299.9420874658994
4542 1135.5 299.9419928920685
4543 1135.75 299.9418983220626
4544 1136 299.9418037698175
4545 1136.25 299.941709208201
4546 1136.5 299.9416146514827
4547 1136.75 299.9415200991788
4548 1137 299.9414255651765
4549 1137.25 299.9413310223608
4550 1137.5 299.9412364847832
4551 1137.75 299.9411419519068
4552 1138 299.941047437644
4553 1138.25 299.940952914991
4554 1138.5 299.9408583982191
4555 1138.75 299.9407638868166
4556 1139 299.9406693946897
4557 1139.25 299.9405748948053
4558 1139.5 299.9404804013517
4559 1139.75 299.9403859138006
4560 1140 299.940291444952
4561 1140.25 299.9401969685068
4562 1140.5 299.9401024988408
4563 1140.75 299.9400080360218
4564 1141 299.9399135935062
4565 1141.25 299.9398191435484
4566 1141.5 299.9397246997623
4567 1141.75 299.9396302608961
4568 1142 299.9395358400805
4569 1142.25 299.9394414102781
4570 1142.5 299.9393469850773
4571 1142.75 299.9392525637595
4572 1143 299.9391581596742
4573 1143.25 299.93906374619
4574 1143.5 299.93896933687
4575 1143.75 299.9388749307849
4576 1144 299.9387805411133
4577 1144.25 299.9386861420917
4578 1144.5 299.9385917476704
4579 1144.75 299.9384973574947
4580 1145 299.9384029848582
4581 1145.25 299.9383086043835
4582 1145.5 299.9382142295105
4583 1145.75 299.9381198599796
4584 1146 299.9380255085266
4585 1146.25 299.937931150021
4586 1146.5 299.9378367978422
4587 1146.75 299.9377424515008
4588 1147 299.9376481236548
4589 1147.25 299.9375537894031
4590 1147.5 299.9374594615666
4591 1147.75 299.9373651520137
4592 1148 299.9372708357832
4593 1148.25 299.9371765244073
4594 1148.5 299.9370822195104
4595 1148.75 299.9369879346342
4596 1149 299.9368936572445
4597 1149.25 299.9367993857877
4598 1149.5 299.9367051205807
4599 1149.75 299.9366108608826
4600 1150 299.9365166067898
4601 1150.25 299.936422357685
4602 1150.5 299.9363281131913
4603 1150.75 299.9362338727481
4604 1151 299.9361396355942
4605 1151.25 299.9360454014301
4606 1151.5 299.935951169319
4607 1151.75 299.9358569389833
4608 1152 299.9357627111399
4609 1152.25 299.9356684867527
4610 1152.5 299.9355742658408
4611 1152.75 299.935480049079
4612 1153 299.9353858372107
4613 1153.25 299.9352916307258
4614 1153.5 299.935197430052
4615 1153.75 299.9351032352774
4616 1154 299.9350090466843
4617 1154.25 299.9349148641974
4618 1154.5 299.9348206878825
4619 1154.75 299.9347265023404
4620 1155 299.9346323228454
4621 1155.25 299.9345381627238
4622 1155.5 299.9344439943487
4623 1155.75 299.9343498320825
4624 1156 299.9342556892146
4625 1156.25 299.9341615378796
4626 1156.5 299.9340673926556
4627 1156.75 299.9339732669706
4628 1157 299.9338791326988
4629 1157.25 299.9337850043299
4630 1157.5 299.9336908953431
4631 1157.75 299.9335967780527
4632 1158 299.933502666564
4633 1158.25 299.9334085743571
4634 1158.5 299.9333144728938
4635 1158.75 299.9332203767635
4636 1159 299.9331262996064
4637 1159.25 299.933032213561
4638 1159.5 299.9329381338769
4639 1159.75 299.9328440608221
4640 1160 299.9327500079968
4641 1160.25 299.932655948539
4642 1160.5 299.932561896775
4643 1160.75 299.9324678657326
4644 1161 299.932373827839
4645 1161.25 299.9322797975768
4646 1161.5 299.9321857877399
4647 1161.75 299.9320917715083
4648 1162 299.9319977629342
4649 1162.25 299.931903762431
4650 1162.5 299.9318097831967
4651 1162.75 299.9317157996986
4652 1163 299.9316218248439
4653 1163.25 299.9315278707005
4654 1163.5 299.9314339109262
4655 1163.75 299.9313399584975
4656 1164 299.9312460130704
4657 1164.25 299.931152087274
4658 1164.5 299.9310581562085
4659 1164.75 299.9309642330572
4660 1165 299.930870330263
4661 1165.25 299.9307764229188
4662 1165.5 299.9306825242575
4663 1165.75 299.9305886340927
4664 1166 299.9304947651639
4665 1166.25 299.9304008928105
4666 1166.5 299.9303070300456
4667 1166.75 299.9302131890673
4668 1167 299.9301193446186
4669 1167.25 299.9300255095666
4670 1167.5 299.9299316835658
4671 1167.75 299.9298378789472
4672 1168 299.9297440708077
4673 1168.25 299.9296502719888
4674 1168.5 299.9295564819565
4675 1168.75 299.9294627131003
4676 1169 299.9293689399041
4677 1169.25 299.9292751745219
4678 1169.5 299.9291814157122
4679 1169.75 299.9290876754343
4680 1170 299.9289939277686
4681 1170.25 299.9289001859467
4682 1170.5 299.9288064622794
4683 1170.75 299.9287127309265
4684 1171 299.9286190041074
4685 1171.25 299.9285252830724
4686 1171.5 299.9284315823415
4687 1171.75 299.9283378889348
4688 1172 299.9282442017843
4689 1172.25 299.9281505210867
4690 1172.5 299.9280568464432
4691 1172.75 299.9279631778739
4692 1173 299.9278695148272
4693 1173.25 299.9277758575665
4694 1173.5 299.9276822057158
4695 1173.75 299.9275885591211
4696 1174 299.9274949176838
4697 1174.25 299.9274012813599
4698 1174.5 299.9273076504821
4699 1174.75 299.9272140251388
4700 1175 299.9271204057588
4701 1175.25 299.9270267925905
4702 1175.5 299.92693318619
4703 1175.75 299.926839571458
4704 1176 299.9267459642918
4705 1176.25 299.9266523784719
4706 1176.5 299.9265587865962
4707 1176.75 299.9264652033536
4708 1177 299.9263716421613
4709 1177.25 299.9262780795342
4710 1177.5 299.9261845247198
4711 1177.75 299.9260909959438
4712 1178 299.9259974605043
4713 1178.25 299.9259039381354
4714 1178.5 299.9258104369674
4715 1178.75 299.9257169372902
4716 1179 299.9256234488992
4717 1179.25 299.9255299857419
4718 1179.5 299.9254365205396
4719 1179.75 299.9253430661634
4720 1180 299.9252496350373
4721 1180.25 299.9251562003432
4722 1180.5 299.9250627758076
4723 1180.75 299.9249693742854
4724 1181 299.9248759695286
4725 1181.25 299.9247825751892
4726 1181.5 299.9246892041169
4727 1181.75 299.924595829784
4728 1182 299.9245024659025
4729 1182.25 299.9244091249632
4730 1182.5 299.924315780391
4731 1182.75 299.9242224454391
4732 1183 299.9241291194954
4733 1183.25 299.9240358153397
4734 1183.5 299.9239425070958
4735 1183.75 299.923849208059
4736 1184 299.9237559308576
4737 1184.25 299.923662649408
4738 1184.5 299.92356937712
4739 1184.75 299.9234761266102
4740 1185 299.92338287203
4741 1185.25 299.9232896269209
4742 1185.5 299.9231963909754
4743 1185.75 299.9231031769547
4744 1186 299.9230099594353
4745 1186.25 299.9229167514113
4746 1186.5 299.9228235651026
4747 1186.75 299.9227303751775
4748 1187 299.9226371952705
4749 1187.25 299.9225440256075
4750 1187.5 299.9224508787032
4751 1187.75 299.9223577297099
4752 1188 299.9222645912725
4753 1188.25 299.9221714753043
4754 1188.5 299.9220783568297
4755 1188.75 299.9219852476787
4756 1189 299.9218921490985
4757 1189.25 299.9217990750038
4758 1189.5 299.9217060124775
4759 1189.75 299.9216129610073
4760 1190 299.9215199203867
4761 1190.25 299.9214268904878
4762 1190.5 299.9213338712821
4763 1190.75 299.9212408627169
4764 1191 299.9211478649461
4765 1191.25 299.9210548779735
4766 1191.5 299.92096190184
4767 1191.75 299.9208689367849
4768 1192 299.9207759828637
4769 1192.25 299.9206830258178
4770 1192.5 299.9205900801459
4771 1192.75 299.9204971582994
4772 1193 299.9204042343454
4773 1193.25 299.920311321775
4774 1193.5 299.920218433391
4775 1193.75 299.9201255563403
4776 1194 299.9200326755501
4777 1194.25 299.919939805044
4778 1194.5 299.9198469574629
4779 1194.75 299.9197541053634
4780 1195 299.9196612627866
4781 1195.25 299.9195684429802
4782 1195.5 299.9194756186144
4783 1195.75 299.9193828041901
4784 1196 299.919290013403
4785 1196.25 299.9191972187219
4786 1196.5 299.9191044347788
4787 1196.75 299.9190116749652
4788 1197 299.9189189113397
4789 1197.25 299.9188261582752
4790 1197.5 299.9187334292673
4791 1197.75 299.9186406965828
4792 1198 299.9185479748434
4793 1198.25 299.9184552776371
4794 1198.5 299.918362577576
4795 1198.75 299.9182698892942
4796 1199 299.9181772262818
4797 1199.25 299.9180845607685
4798 1199.5 299.9179919068697
4799 1199.75 299.9178992775309
4800 1200 299.9178066452225
4801 1200.25 299.9177140242914
4802 1200.5 299.9176214279315
4803 1200.75 299.9175288290705
4804 1201 299.9174362418237
4805 1201.25 299.9173436657756
4806 1201.5 299.9172511141641
4807 1201.75 299.917158575329
4808 1202 299.9170660339798
4809 1202.25 299.9169735046725
4810 1202.5 299.9168809999032
4811 1202.75 299.9167884939621
4812 1203 299.9166960002505
4813 1203.25 299.916603531202
4814 1203.5 299.9165110612527
4815 1203.75 299.916418603864
4816 1204 299.9163261589768
4817 1204.25 299.9162337393687
4818 1204.5 299.9161413204559
4819 1204.75 299.9160489152879
4820 1205 299.9159565362721
4821 1205.25 299.9158641585909
4822 1205.5 299.9157717951696
4823 1205.75 299.9156794457404
4824 1206 299.9155871238947
4825 1206.25 299.9154948067647
4826 1206.5 299.9154025078582
4827 1206.75 299.9153102275284
4828 1207 299.9152179779595
4829 1207.25 299.9151257348121
4830 1207.5 299.9150335096759
4831 1207.75 299.9149413132252
4832 1208 299.914849120775
4833 1208.25 299.9147569442734
4834 1208.5 299.9146647825054
4835 1208.75 299.9145726469592
4836 1209 299.9144805132429
4837 1209.25 299.9143883933833
4838 1209.5 299.9142962987149
4839 1209.75 299.9142042042637
4840 1210 299.9141121209566
4841 1210.25 299.914020049546
4842 1210.5 299.9139280036991
4843 1210.75 299.9138359703256
4844 1211 299.9137439489252
4845 1211.25 299.9136519390607
4846 1211.5 299.9135599411559
4847 1211.75 299.9134679553245
4848 1212 299.9133759818151
4849 1212.25 299.9132840201265
4850 1212.5 299.913192070166
4851 1212.75 299.9131001312567
4852 1213 299.9130082036401
4853 1213.25 299.9129162867535
4854 1213.5 299.9128243808213
4855 1213.75 299.9127324706399
4856 1214 299.9126405714028
4857 1214.25 299.9125486964248
4858 1214.5 299.9124568187625
4859 1214.75 299.91236495286
4860 1215 299.9122731120536
4861 1215.25 299.9121812689548
4862 1215.5 299.912089437972
4863 1215.75 299.9119976326601
4864 1216 299.9119058257442
4865 1216.25 299.9118140316104
4866 1216.5 299.9117222636311
4867 1216.75 299.9116305092288
4868 1217 299.9115387685483
4869 1217.25 299.9114470265046
4870 1217.5 299.9113552985833
4871 1217.75 299.9112635983913
4872 1218 299.9111718992418
4873 1218.25 299.9110802154755
4874 1218.5 299.91098856051
4875 1218.75 299.910896907698
4876 1219 299.9108052713962
4877 1219.25 299.9107136651357
4878 1219.5 299.9106220626915
4879 1219.75 299.9105304784837
4880 1220 299.9104389257444
4881 1220.25 299.9103473781372
4882 1220.5 299.9102558481321
4883 1220.75 299.9101643361518
4884 1221 299.9100728548223
4885 1221.25 299.9099813931266
4886 1221.5 299.9098899357033
4887 1221.75 299.9097984960246
4888 1222 299.9097070862824
4889 1222.25 299.9096156814778
4890 1222.5 299.9095242948223
4891 1222.75 299.9094329376742
4892 1223 299.9093415849765
4893 1223.25 299.9092502482496
4894 1223.5 299.9091589283096
4895 1223.75 299.9090676263895
4896 1224 299.9089763393727
4897 1224.25 299.9088850689532
4898 1224.5 299.9087938285774
4899 1224.75 299.9087026049429
4900 1225 299.9086113977046
4901 1225.25 299.9085202061761
4902 1225.5 299.9084290304918
4903 1225.75 299.9083378707863
4904 1226 299.9082467270891
4905 1226.25 299.9081555994921
4906 1226.5 299.9080644879338
4907 1226.75 299.9079733922401
4908 1227 299.9078823123858
4909 1227.25 299.9077912480128
4910 1227.5 299.9077001853739
4911 1227.75 299.9076091384063
4912 1228 299.9075181191505
4913 1228.25 299.9074271024107
4914 1228.5 299.9073361011916
4915 1228.75 299.9072451273335
4916 1229 299.9071541693455
4917 1229.25 299.9070632267653
4918 1229.5 299.9069722855695
4919 1229.75 299.9068813598944
4920 1230 299.9067904618726
4921 1230.25 299.9066995665405
4922 1230.5 299.9066086869215
4923 1230.75 299.9065178352637
4924 1231 299.9064269865016
4925 1231.25 299.9063361539166
4926 1231.5 299.9062453498613
4927 1231.75 299.9061545489981
4928 1232 299.9060637646841
4929 1232.25 299.9059730093409
4930 1232.5 299.9058822578222
4931 1232.75 299.9057915236829
4932 1233 299.9057008198212
4933 1233.25 299.9056101204374
4934 1233.5 299.9055194390956
4935 1233.75 299.9054287883864
4936 1234 299.9053381422043
4937 1234.25 299.9052475140109
4938 1234.5 299.9051569169876
4939 1234.75 299.9050663244414
4940 1235 299.9049757499111
4941 1235.25 299.9048851927356
4942 1235.5 299.9047946658065
4943 1235.75 299.9047041428642
4944 1236 299.9046136372045
4945 1236.25 299.9045231616377
4946 1236.5 299.9044326889107
4947 1236.75 299.904342233193
4948 1237 299.9042518077799
4949 1237.25 299.9041613857705
4950 1237.5 299.9040709812846
4951 1237.75 299.9039806077484
4952 1238 299.9038902378937
4953 1238.25 299.903799885829
4954 1238.5 299.9037095512005
4955 1238.75 299.9036192476352
4956 1239 299.9035289485174
4957 1239.25 299.9034386676192
4958 1239.5 299.9033484179721
4959 1239.75 299.9032581722569
4960 1240 299.9031679445529
4961 1240.25 299.9030777346013
4962 1240.5 299.9029875557638
4963 1240.75 299.9028973816959
4964 1241 299.9028072258731
4965 1241.25 299.9027171008306
4966 1241.5 299.9026269811217
4967 1241.75 299.9025368799764
4968 1242 299.9024467972411
4969 1242.25 299.9023567458999
4970 1242.5 299.9022667011016
4971 1242.75 299.9021766758281
4972 1243 299.9020866821126
4973 1243.25 299.9019966949471
4974 1243.5 299.9019067260966
4975 1243.75 299.9018167767946
4976 1244 299.9017268608553
4977 1244.25 299.9016369660202
4978 1244.5 299.9015470918282
4979 1244.75 299.9014572386425
4980 1245 299.9013674069718
4981 1245.25 299.9012775981326
4982 1245.5 299.9011878120779
4983 1245.75 299.9010980494141
4984 1246 299.9010083045839
4985 1246.25 299.9009185867478
4986 1246.5 299.9008288901067
4987 1246.75 299.9007392223676
4988 1247 299.9006495625898
4989 1247.25 299.900559930491
4990 1247.5 299.9004703284697
4991 1247.75 299.9003807416156
4992 1248 299.9002911733296
4993 1248.25 299.9002016427707
4994 1248.5 299.9001121175807
4995 1248.75 299.9000226174678
4996 1249 299.8999331469453
4997 1249.25 299.8998436883451
4998 1249.5 299.8997542494362
4999 1249.75 299.8996648401514
5000 1250 299.8995754353451
5001 1250.25 299.899486048167
5002 1250.5 299.8993966916506
5003 1250.75 299.8993073412814
5004 1251 299.899218010634
5005 1251.25 299.8991287122103
5006 1251.5 299.8990394209346
5007 1251.75 299.898950150333
5008 1252 299.8988609106075
5009 1252.25 299.8987716734619
5010 1252.5 299.8986824512495
5011 1252.75 299.8985932565969
5012 1253 299.8985040629135
5013 1253.25 299.8984148845868
5014 1253.5 299.8983257357029
5015 1253.75 299.8982365900819
5016 1254 299.8981474628283
5017 1254.25 299.8980583542806
5018 1254.5 299.8979692786579
5019 1254.75 299.8978802240549
5020 1255 299.8977911754588
5021 1255.25 299.8977021476146
5022 1255.5 299.8976131535438
5023 1255.75 299.8975241670383
5024 1256 299.8974352019815
5025 1256.25 299.8973462579314
5026 1256.5 299.8972573479686
5027 1256.75 299.8971684466038
5028 1257 299.8970795675337
5029 1257.25 299.896990723666
5030 1257.5 299.896901889115
5031 1257.75 299.896813078147
5032 1258 299.8967242907627
5033 1258.25 299.896635540088
5034 1258.5 299.8965468010267
5035 1258.75 299.8964580864658
5036 1259 299.8963694088666
5037 1259.25 299.8962807427119
5038 1259.5 299.8961921010989
5039 1259.75 299.8961034836307
5040 1260 299.8960149029769
5041 1260.25 299.8959263343654
5042 1260.5 299.8958377907064
5043 1260.75 299.8957492839835
5044 1261 299.8956607896313
5045 1261.25 299.895572320423
5046 1261.5 299.8954838758095
5047 1261.75 299.8953954677002
5048 1262 299.8953070719128
5049 1262.25 299.8952187006931
5050 1262.5 299.895130353471
5051 1262.75 299.8950420419625
5052 1263 299.8949537422282
5053 1263.25 299.8948654665618
5054 1263.5 299.8947772267242
5055 1263.75 299.8946889985515
5056 1264 299.8946007932768
5057 1264.25 299.8945126121343
5058 1264.5 299.8944244683713
5059 1264.75 299.8943363494289
5060 1265 299.8942482548076
5061 1265.25 299.8941601839637
5062 1265.5 299.8940721370489
5063 1265.75 299.8939841137428
5064 1266 299.8938961145793
5065 1266.25 299.8938081388745
5066 1266.5 299.8937201872722
5067 1266.75 299.8936322589539
5068 1267 299.8935443544329
5069 1267.25 299.8934564731656
5070 1267.5 299.8933686153903
5071 1267.75 299.8932807674049
5072 1268 299.8931929426904
5073 1268.25 299.8931051528669
5074 1268.5 299.89301737378
5075 1268.75 299.8929296174124
5076 1269 299.8928418951365
5077 1269.25 299.8927541828471
5078 1269.5 299.8926664929705
5079 1269.75 299.8925788373665
5080 1270 299.892491205018
5081 1270.25 299.8924035822888
5082 1270.5 299.8923159825097
5083 1270.75 299.8922284174785
5084 1271 299.8921408631703
5085 1271.25 299.8920533322469
5086 1271.5 299.8919658367524
5087 1271.75 299.8918783521776
5088 1272 299.891790891387
5089 1272.25 299.8917034666092
5090 1272.5 299.8916160532369
5091 1272.75 299.8915286643461
5092 1273 299.8914413122569
5093 1273.25 299.8913539721988
5094 1273.5 299.8912666575262
5095 1273.75 299.8911793805423
5096 1274 299.8910921161655
5097 1274.25 299.8910048773321
5098 1274.5 299.8909176763494
5099 1274.75 299.8908304873749
5100 1275 299.8907433236182
5101 1275.25 299.8906561972868
5102 1275.5 299.8905690823654
5103 1275.75 299.8904819920783
5104 1276 299.8903949261614
5105 1276.25 299.8903078976088
5106 1276.5 299.890220880937
5107 1276.75 299.8901338898652
5108 1277 299.8900469371749
5109 1277.25 299.8899599966606
5110 1277.5 299.8898730818398
5111 1277.75 299.8897862054032
5112 1278 299.8896993410899
5113 1278.25 299.8896125024266
5114 1278.5 299.8895256890935
5115 1278.75 299.8894389142345
5116 1279 299.8893521520365
5117 1279.25 299.8892654158788
5118 1279.5 299.8891787183148
5119 1279.75 299.889092033558
5120 1280 299.8890053752299
5121 1280.25 299.8889187429982
5122 1280.5 299.8888321494185
5123 1280.75 299.8887455692705
5124 1281 299.8886590151249
5125 1281.25 299.8885724990747
5126 1281.5 299.888485996112
5127 1281.75 299.8883995195312
5128 1282 299.8883130696967
5129 1282.25 299.8882266593259
5130 1282.5 299.88814026518
5131 1282.75 299.8880539001605
5132 1283 299.8879675759488
5133 1283.25 299.887881268966
5134 1283.5 299.887794989857
5135 1283.75 299.887708739578
5136 1284 299.8876225309789
5137 1284.25 299.8875363522732
5138 1284.5 299.8874502026416
5139 1284.75 299.8873640820623
5140 1285 299.8872779903759
5141 1285.25 299.8871919280152
5142 1285.5 299.8871058945632
5143 1285.75 299.8870198902164
5144 1286 299.8869339148909
5145 1286.25 299.8868479683734
5146 1286.5 299.8867620509344
5147 1286.75 299.8866761624517
5148 1287 299.8865902904517
5149 1287.25 299.8865044479322
5150 1287.5 299.886418645813
5151 1287.75 299.8863328614243
5152 1288 299.8862471066464
5153 1288.25 299.8861613925093
5154 1288.5 299.8860756963283
5155 1288.75 299.8859900299129
5156 1289 299.8859044045457
5157 1289.25 299.8858188083051
5158 1289.5 299.8857332279214
5159 1289.75 299.8856476746162
5160 1290 299.8855621582633
5161 1290.25 299.885476655833
5162 1290.5 299.8853911789976
5163 1290.75 299.8853057388814
5164 1291 299.8852203117556
5165 1291.25 299.8851349107877
5166 1291.5 299.8850495481422
5167 1291.75 299.8849641992708
5168 1292 299.8848788769393
5169 1292.25 299.884793592925
5170 1292.5 299.8847083224477
5171 1292.75 299.8846230791072
5172 1293 299.8845378753527
5173 1293.25 299.8844526856101
5174 1293.5 299.8843675227361
5175 1293.75 299.8842823861222
5176 1294 299.8841972888614
5177 1294.25 299.8841122199433
5178 1294.5 299.8840271651159
5179 1294.75 299.8839421384107
5180 1295 299.8838571524586
5181 1295.25 299.8837721821366
5182 1295.5 299.8836872407132
5183 1295.75 299.8836023276237
5184 1296 299.8835174556548
5185 1296.25 299.8834326002328
5186 1296.5 299.8833477744217
5187 1296.75 299.8832629905426
5188 1297 299.8831782231069
5189 1297.25 299.883093486974
5190 1297.5 299.8830087819814
5191 1297.75 299.88292412251
5192 1298 299.8828394839191
5193 1298.25 299.8827548794654
5194 1298.5 299.8826703206026
5195 1298.75 299.8825857827831
5196 1299 299.8825012789038
5197 1299.25 299.8824168201037
5198 1299.5 299.8823323821539
5199 1299.75 299.8822479752251
5200 1300 299.8821635998755
5201 1300.25 299.8820792687686
5202 1300.5 299.8819949699511
5203 1300.75 299.8819107024448
5204 1301 299.8818264663067
5205 1301.25 299.8817422612166
5206 1301.5 299.8816580874882
5207 1301.75 299.8815739448701
5208 1302 299.8814898336964
5209 1302.25 299.8814057535834
5210 1302.5 299.8813217047598
5211 1302.75 299.8812376868961
5212 1303 299.881153700496
5213 1303.25 299.8810697455759
5214 1303.5 299.8809858226226
5215 1303.75 299.8809019187724
5216 1304 299.8808180472358
5217 1304.25 299.8807342191878
5218 1304.5 299.8806504117421
5219 1304.75 299.8805666367347
5220 1305 299.8804829053136
5221 1305.25 299.8803991943913
5222 1305.5 299.8803155158103
5223 1305.75 299.8802318807632
5224 1306 299.8801482663377
5225 1306.25 299.8800646845955
5226 1306.5 299.8799811459417
5227 1306.75 299.8798976273549
5228 1307 299.8798141398811
5229 1307.25 299.8797306948052
5230 1307.5 299.879647269187
5231 1307.75 299.8795638745598
5232 1308 299.8794805218548
5233 1308.25 299.8793971881806
5234 1308.5 299.8793138850855
5235 1308.75 299.8792306237649
5236 1309 299.8791473810961
5237 1309.25 299.879064169064
5238 1309.5 299.8789809989082
5239 1309.75 299.878897848056
5240 1310 299.878814728459
5241 1310.25 299.8787316515334
5242 1310.5 299.8786485938967
5243 1310.75 299.8785655676573
5244 1311 299.8784825725151
5245 1311.25 299.8783996201477
5246 1311.5 299.8783167004069
5247 1311.75 299.8782337998263
5248 1312 299.8781509314062
5249 1312.25 299.8780681066148
5250 1312.5 299.8779853025301
5251 1312.75 299.8779025315426
5252 1313 299.8778197933119
5253 1313.25 299.8777370998688
5254 1313.5 299.8776544280857
5255 1313.75 299.8775717901212
5256 1314 299.8774891975967
5257 1314.25 299.8774066265987
5258 1314.5 299.8773240896563
5259 1314.75 299.8772415864435
5260 1315 299.8771591288948
5261 1315.25 299.8770766934187
5262 1315.5 299.8769942924356
5263 1315.75 299.8769119260406
5264 1316 299.8768296054157
5265 1316.25 299.8767473062799
5266 1316.5 299.8766650409232
5267 1316.75 299.8765828214282
5268 1317 299.8765006226969
5269 1317.25 299.8764184577734
5270 1317.5 299.8763363263608
5271 1317.75 299.8762542411037
5272 1318 299.8761721778473
5273 1318.25 299.8760901493606
5274 1318.5 299.8760081677031
5275 1318.75 299.875926208219
5276 1319 299.875844283655
5277 1319.25 299.8757623937419
5278 1319.5 299.8756805507874
5279 1319.75 299.8755987304491
5280 1320 299.8755169449748
5281 1320.25 299.8754351937526
5282 1320.5 299.8753534886225
5283 1320.75 299.8752718058664
5284 1321 299.8751901579937
5285 1321.25 299.8751085451373
5286 1321.5 299.8750269796622
5287 1321.75 299.8749454390604
5288 1322 299.8748639352846
5289 1322.25 299.8747824794361
5290 1322.5 299.8747010489352
5291 1322.75 299.8746196553627
5292 1323 299.8745382980012
5293 1323.25 299.8744569876846
5294 1323.5 299.8743757025421
5295 1323.75 299.8742944541471
5296 1324 299.8742132422449
5297 1324.25 299.8741320779707
5298 1324.5 299.8740509402959
5299 1324.75 299.8739698405305
5300 1325 299.8738887784598
5301 1325.25 299.8738077645036
5302 1325.5 299.8737267777588
5303 1325.75 299.8736458287239
5304 1326 299.8735649167735
5305 1326.25 299.8734840524415
5306 1326.5 299.8734032146716
5307 1326.75 299.8733224141555
5308 1327 299.8732416504449
5309 1327.25 299.8731609340663
5310 1327.5 299.8730802441427
5311 1327.75 299.8729995915172
5312 1328 299.8729189865157
5313 1328.25 299.8728384073331
5314 1328.5 299.8727578639219
5315 1328.75 299.8726773572877
5316 1329 299.8725968992812
5317 1329.25 299.872516478814
5318 1329.5 299.8724360953805
5319 1329.75 299.8723557486776
5320 1330 299.872275437411
5321 1330.25 299.8721951599708
5322 1330.5 299.872114915386
5323 1330.75 299.8720347027397
5324 1331 299.8719545227955
5325 1331.25 299.8718743759083
5326 1331.5 299.8717942631734
5327 1331.75 299.8717141849511
5328 1332 299.8716341421334
5329 1332.25 299.8715541350921
5330 1332.5 299.8714741641281
5331 1332.75 299.8713942295577
5332 1333 299.8713143317962
5333 1333.25 299.8712344706134
5334 1333.5 299.8711546461228
5335 1333.75 299.8710748447036
5336 1334 299.8709950798073
5337 1334.25 299.8709153630092
5338 1334.5 299.8708356706385
5339 1334.75 299.870756014357
5340 1335 299.8706764067659
5341 1335.25 299.8705968238989
5342 1335.5 299.8705172787035
5343 1335.75 299.8704377831083
5344 1336 299.8703583262781
5345 1336.25 299.8702788950477
5346 1336.5 299.8701995026277
5347 1336.75 299.8701201606076
5348 1337 299.8700408456143
5349 1337.25 299.8699615698676
5350 1337.5 299.8698823445058
5351 1337.75 299.8698031459144
5352 1338 299.8697239865434
5353 1338.25 299.8696448779885
5354 1338.5 299.8695657970746
5355 1338.75 299.8694867557289
5356 1339 299.8694077535272
5357 1339.25 299.8693288019014
5358 1339.5 299.8692498785692
5359 1339.75 299.8691709951458
5360 1340 299.8690921626709
5361 1340.25 299.8690133586088
5362 1340.5 299.868934595521
5363 1340.75 299.868855885174
5364 1341 299.86877720637
5365 1341.25 299.8686985709994
5366 1341.5 299.8686199797349
5367 1341.75 299.8685414443916
5368 1342 299.8684629440927
5369 1342.25 299.8683844883341
5370 1342.5 299.868306085807
5371 1342.75 299.8682277148733
5372 1343 299.8681493855404
5373 1343.25 299.8680710972955
5374 1343.5 299.8679928602876
5375 1343.75 299.8679146539293
5376 1344 299.8678364885545
5377 1344.25 299.8677583741625
5378 1344.5 299.8676802901551
5379 1344.75 299.8676022473925
5380 1345 299.8675242456172
5381 1345.25 299.8674462954028
5382 1345.5 299.8673683760766
5383 1345.75 299.8672904981646
5384 1346 299.8672126717158
5385 1346.25 299.8671348753971
5386 1346.5 299.8670571188707
5387 1346.75 299.8669794028748
5388 1347 299.8669017389354
5389 1347.25 299.8668241163097
5390 1347.5 299.8667465341055
5391 1347.75 299.8666689927115
5392 1348 299.8665914907837
5393 1348.25 299.8665140289434
5394 1348.5 299.8664366060216
5395 1348.75 299.8663592222218
5396 1349 299.8662818763506
5397 1349.25 299.866204568965
5398 1349.5 299.8661272994603
5399 1349.75 299.8660500689024
5400 1350 299.8659728768353
5401 1350.25 299.8658957115275
5402 1350.5 299.8658185831031
5403 1350.75 299.8657415052314
5404 1351 299.8656644514261
5405 1351.25 299.8655874346867
5406 1351.5 299.8655104672328
5407 1351.75 299.8654335259396
5408 1352 299.8653566221281
5409 1352.25 299.8652797670717
5410 1352.5 299.8652029382383
5411 1352.75 299.8651261484888
5412 1353 299.8650494100071
5413 1353.25 299.8649727013118
5414 1353.5 299.8648960350668
5415 1353.75 299.8648194227164
5416 1354 299.8647428418417
5417 1354.25 299.8646663041424
5418 1354.5 299.8645898205987
5419 1354.75 299.8645133688244
5420 1355 299.8644369605545
5421 1355.25 299.8643606068939
5422 1355.5 299.8642842855516
5423 1355.75 299.8642080080481
5424 1356 299.8641317854036
5425 1356.25 299.8640555956493
5426 1356.5 299.8639794504136
5427 1356.75 299.8639033608741
5428 1357 299.8638273048239
5429 1357.25 299.8637512937086
5430 1357.5 299.8636753384186
5431 1357.75 299.8635994167828
5432 1358 299.8635235403919
5433 1358.25 299.8634477089416
5434 1358.5 299.8633719332167
5435 1358.75 299.8632962036306
5436 1359 299.8632205075439
5437 1359.25 299.863144857683
5438 1359.5 299.8630692650149
5439 1359.75 299.8629937073654
5440 1360 299.8629181946475
5441 1360.25 299.8628427277736
5442 1360.5 299.8627673075668
5443 1360.75 299.8626919310649
5444 1361 299.8626165998206
5445 1361.25 299.8625413130101
5446 1361.5 299.8624660715023
5447 1361.75 299.8623908724971
5448 1362 299.8623157172151
5449 1362.25 299.8622406173506
5450 1362.5 299.8621655619814
5451 1362.75 299.8620905508803
5452 1363 299.862015583868
5453 1363.25 299.8619406611722
5454 1363.5 299.8618657828509
5455 1363.75 299.8617909492182
5456 1364 299.8617161603748
5457 1364.25 299.8616414166342
5458 1364.5 299.8615667184189
5459 1364.75 299.8614920663616
5460 1365 299.8614174598359
5461 1365.25 299.8613428881569
5462 1365.5 299.8612683626239
5463 1365.75 299.8611938924504
5464 1366 299.8611194576121
5465 1366.25 299.8610450680717
5466 1366.5 299.8609707330738
5467 1366.75 299.8608964288911
5468 1367 299.8608221710693
5469 1367.25 299.8607479648146
5470 1367.5 299.8606737953098
5471 1367.75 299.8605996684155
5472 1368 299.8605255981406
5473 1368.25 299.8604515625977
5474 1368.5 299.8603775718198
5475 1368.75 299.8603036350345
5476 1369 299.8602297427841
5477 1369.25 299.8601558951073
5478 1369.5 299.8600820804223
5479 1369.75 299.8600083103042
5480 1370 299.8599345948938
5481 1370.25 299.8598609135976
5482 1370.5 299.8597872773929
5483 1370.75 299.8597136964334
5484 1371 299.8596401496551
5485 1371.25 299.8595666479818
5486 1371.5 299.8594932018393
5487 1371.75 299.8594197899328
5488 1372 299.859346423455
5489 1372.25 299.8592731131022
5490 1372.5 299.8591998371776
5491 1372.75 299.8591266070118
5492 1373 299.8590534330768
5493 1373.25 299.8589802935801
5494 1373.5 299.8589071998888
5495 1373.75 299.8588341517796
5496 1374 299.8587611604884
5497 1374.25 299.85868820464
5498 1374.5 299.8586152954622
5499 1374.75 299.8585424436187
5500 1375 299.8584696272305
5501 1375.25 299.8583968579226
5502 1375.5 299.8583241465524
5503 1375.75 299.8582514714171
5504 1376 299.8581788441344
5505 1376.25 299.8581062644316
5506 1376.5 299.8580337486978
5507 1376.75 299.857961278315
5508 1377 299.8578888472185
5509 1377.25 299.8578164597081
5510 1377.5 299.857744131314
5511 1377.75 299.857671845233
5512 1378 299.8575996073951
5513 1378.25 299.8575274177724
5514 1378.5 299.8574552870134
5515 1378.75 299.8573831943537
5516 1379 299.8573111504953
5517 1379.25 299.8572391656166
5518 1379.5 299.8571672186774
5519 1379.75 299.857095319198
5520 1380 299.8570234683503
5521 1380.25 299.8569516660873
5522 1380.5 299.8568799137738
5523 1380.75 299.8568082069553
5524 1381 299.8567365596982
5525 1381.25 299.8566649630848
5526 1381.5 299.8565934176285
5527 1381.75 299.8565219231675
5528 1382 299.8564504791931
5529 1382.25 299.8563790853069
5530 1382.5 299.8563077410644
5531 1382.75 299.8562364462421
5532 1383 299.8561652006225
5533 1383.25 299.8560940041461
5534 1383.5 299.8560228464228
5535 1383.75 299.8559517387387
5536 1384 299.8558806906933
5537 1384.25 299.8558096839448
5538 1384.5 299.8557387285071
5539 1384.75 299.8556678335054
5540 1385 299.8555969798364
5541 1385.25 299.8555261773465
5542 1385.5 299.8554554351285
5543 1385.75 299.8553847342002
5544 1386 299.8553140838075
5545 1386.25 299.8552434930076
5546 1386.5 299.85517295252
5547 1386.75 299.8551024515792
5548 1387 299.8550320004444
5549 1387.25 299.8549616082425
5550 1387.5 299.8548912556186
5551 1387.75 299.8548209525737
5552 1388 299.8547507082242
5553 1388.25 299.8546805031791
5554 1388.5 299.8546103473021
5555 1388.75 299.8545402498716
5556 1389 299.8544701911151
5557 1389.25 299.8544001809938
5558 1389.5 299.8543302288855
5559 1389.75 299.8542603149145
5560 1390 299.8541904492753
5561 1390.25 299.854120641514
5562 1390.5 299.8540508720052
5563 1390.75 299.8539811510377
5564 1391 299.8539114883194
5565 1391.25 299.8538418637773
5566 1391.5 299.8537722880126
5567 1391.75 299.8537027710199
5568 1392 299.8536332923769
5569 1392.25 299.8535638628339
5570 1392.5 299.8534944921936
5571 1392.75 299.8534251604391
5572 1393 299.8533558783897
5573 1393.25 299.8532866563337
5574 1393.5 299.8532174738464
5575 1393.75 299.8531483418757
5576 1394 299.8530792705048
5577 1394.25 299.8530102396418
5578 1394.5 299.8529412601289
5579 1394.75 299.8528723421495
5580 1395 299.852803465339
5581 1395.25 299.8527346406528
5582 1395.5 299.8526658679525
5583 1395.75 299.8525971574926
5584 1396 299.8525284894102
5585 1396.25 299.8524598742284
5586 1396.5 299.8523913220455
5587 1396.75 299.8523228127042
5588 1397 299.8522543569842
5589 1397.25 299.8521859648596
5590 1397.5 299.8521176163571
5591 1397.75 299.8520493219382
5592 1398 299.8519810813472
5593 1398.25 299.8519129045524
5594 1398.5 299.8518447717951
5595 1398.75 299.8517766932179
5596 1399 299.8517086783991
5597 1399.25 299.8516407075231
5598 1399.5 299.8515727907733
5599 1399.75 299.8515049278165
5600 1400 299.8514371281066
5601 1400.25 299.8513693725483
5602 1400.5 299.8513016710577
5603 1400.75 299.8512340234496
5604 1401 299.8511664392107
5605 1401.25 299.8510988993602
5606 1401.5 299.8510314132747
5607 1401.75 299.8509639901002
5608 1402 299.8508966103711
5609 1402.25 299.8508292843287
5610 1402.5 299.8507620116096
5611 1402.75 299.8506948015234
5612 1403 299.8506276361598
5613 1403.25 299.8505605254322
5614 1403.5 299.8504934693893
5615 1403.75 299.8504264776209
5616 1404 299.8503595326171
5617 1404.25 299.8502926430554
5618 1404.5 299.8502258081056
5619 1404.75 299.8501590361013
5620 1405 299.8500923091122
5621 1405.25 299.8500256359607
5622 1405.5 299.8499590160552
5623 1405.75 299.8498924582064
5624 1406 299.8498259448086
5625 1406.25 299.8497594850017
5626 1406.5 299.8496930872702
5627 1406.75 299.8496267339946
5628 1407 299.8495604332807
5629 1407.25 299.849494186342
5630 1407.5 299.8494280029773
5631 1407.75 299.8493618745025
5632 1408 299.8492957999823
5633 1408.25 299.8492297797425
5634 1408.5 299.8491638134921
5635 1408.75 299.8490979018175
5636 1409 299.8490320443927
5637 1409.25 299.8489662414643
5638 1409.5 299.8489004928629
5639 1409.75 299.8488347986777
5640 1410 299.8487691591588
5641 1410.25 299.8487035743693
5642 1410.5 299.8486380447776
5643 1410.75 299.8485725704384
5644 1411 299.8485071518033
5645 1411.25 299.8484417888908
5646 1411.5 299.8483764818286
5647 1411.75 299.8483112306521
5648 1412 299.848246035408
5649 1412.25 299.8481808855846
5650 1412.5 299.8481157911019
5651 1412.75 299.8480507607424
5652 1413 299.847985774666
5653 1413.25 299.8479208426642
5654 1413.5 299.8478559748064
5655 1413.75 299.8477911512761
5656 1414 299.847726381572
5657 1414.25 299.847661674842
5658 1414.5 299.8475970108532
5659 1414.75 299.8475323998732
5660 1415 299.8474678516628
5661 1415.25 299.8474033461759
5662 1415.5 299.8473388946763
5663 1415.75 299.8472745078782
5664 1416 299.8472101666322
5665 1416.25 299.8471458820288
5666 1416.5 299.847081664363
5667 1416.75 299.8470174939142
5668 1417 299.8469533813858
5669 1417.25 299.8468893363971
5670 1417.5 299.8468253396127
5671 1417.75 299.8467614009365
5672 1418 299.8466975298508
5673 1418.25 299.8466337069682
5674 1418.5 299.8465699423085
5675 1418.75 299.8465062353312
5676 1419 299.8464425951399
5677 1419.25 299.8463790033172
5678 1419.5 299.8463154691337
5679 1419.75 299.8462520013651
5680 1420 299.8461885821425
5681 1420.25 299.8461252215463
5682 1420.5 299.8460619290111
5683 1420.75 299.8459986871898
5684 1421 299.8459355052022
5685 1421.25 299.8458723915592
5686 1421.5 299.8458093290522
5687 1421.75 299.8457463264231
5688 1422 299.8456833832714
5689 1422.25 299.8456205076839
5690 1422.5 299.8455576834289
5691 1422.75 299.845494918851
5692 1423 299.8454322221876
5693 1423.25 299.8453695772159
5694 1423.5 299.8453069928753
5695 1423.75 299.8452444773624
5696 1424 299.8451820143572
5697 1424.25 299.8451196120074
5698 1424.5 299.8450572700783
5699 1424.75 299.8449949963967
5700 1425 299.8449327749991
5701 1425.25 299.8448706139555
5702 1425.5 299.8448085210709
5703 1425.75 299.8447464795393
5704 1426 299.8446844974534
5705 1426.25 299.8446225743715
5706 1426.5 299.8445607182131
5707 1426.75 299.8444989125946
5708 1427 299.8444371658826
5709 1427.25 299.8443754862004
5710 1427.5 299.8443138566627
5711 1427.75 299.8442522847034
5712 1428 299.8441907711256
5713 1428.25 299.8441293165412
5714 1428.5 299.8440679188469
5715 1428.75 299.8440065790834
5716 1429 299.8439453066409
5717 1429.25 299.8438840921776
5718 1429.5 299.8438229352637
5719 1429.75 299.843761835193
5720 1430 299.8437007921427
5721 1430.25 299.8436398057997
5722 1430.5 299.8435788763696
5723 1430.75 299.8435180032758
5724 1431 299.8434571864365
5725 1431.25 299.8433964256059
5726 1431.5 299.8433357215623
5727 1431.75 299.8432750744228
5728 1432 299.8432144751097
5729 1432.25 299.8431539340042
5730 1432.5 299.8430934604416
5731 1432.75 299.8430330362212
5732 1433 299.842972670884
5733 1433.25 299.8429123731137
5734 1433.5 299.8428521250976
5735 1433.75 299.8427919365822
5736 1434 299.8427318167358
5737 1434.25 299.8426717476701
5738 1434.5 299.8426117391681
5739 1434.75 299.8425518000888
5740 1435 299.8424919225806
5741 1435.25 299.8424321070594
5742 1435.5 299.8423723442457
5743 1435.75 299.8423126447346
5744 1436 299.8422530170792
5745 1436.25 299.8421934432712
5746 1436.5 299.8421339327088
5747 1436.75 299.8420744936577
5748 1437 299.8420151088288
5749 1437.25 299.8419557878079
5750 1437.5 299.8418965391501
5751 1437.75 299.8418373454197
5752 1438 299.8417782155881
5753 1438.25 299.8417191493006
5754 1438.5 299.8416601550599
5755 1438.75 299.8416012251351
5756 1439 299.8415423493913
5757 1439.25 299.8414835371619
5758 1439.5 299.8414247965036
5759 1439.75 299.841366110415
5760 1440 299.8413074880787
5761 1440.25 299.8412489359168
5762 1440.5 299.8411904377596
5763 1440.75 299.8411320019276
5764 1441 299.8410736364704
5765 1441.25 299.8410153250993
5766 1441.5 299.8409570764047
5767 1441.75 299.8408988900027
5768 1442 299.840840773794
5769 1442.25 299.8407827203339
5770 1442.5 299.8407247197263
5771 1442.75 299.8406667805025
5772 1443 299.8406089101922
5773 1443.25 299.8405510939082
5774 1443.5 299.8404933411152
5775 1443.75 299.8404356602086
5776 1444 299.8403780357317
5777 1444.25 299.8403204757831
5778 1444.5 299.8402629800094
5779 1444.75 299.8402055554783
5780 1445 299.8401481869931
5781 1445.25 299.8400908820417
5782 1445.5 299.8400336477172
5783 1445.75 299.839976468393
5784 1446 299.8399193514898
5785 1446.25 299.8398623041686
5786 1446.5 299.8398053114571
5787 1446.75 299.8397483810239
5788 1447 299.8396915125948
5789 1447.25 299.8396347138181
5790 1447.5 299.8395779698824
5791 1447.75 299.8395212885554
5792 1448 299.8394646773671
5793 1448.25 299.8394081211595
5794 1448.5 299.8393516280037
5795 1448.75 299.8392951978665
5796 1449 299.8392388385728
5797 1449.25 299.839182535113
5798 1449.5 299.8391262955307
5799 1449.75 299.8390701196961
5800 1450 299.8390140154542
5801 1450.25 299.8389579676028
5802 1450.5 299.8389019842577
5803 1450.75 299.838846073194
5804 1451 299.8387902187225
5805 1451.25 299.8387344294139
5806 1451.5 299.8386787050615
5807 1451.75 299.8386230535679
5808 1452 299.8385674587568
5809 1452.25 299.8385119283192
5810 1452.5 299.8384564617932
5811 1452.75 299.8384010670308
5812 1453 299.8383457278554
5813 1453.25 299.8382904523242
5814 1453.5 299.8382352487477
5815 1453.75 299.8381801002972
5816 1454 299.8381250162318
5817 1454.25 299.8380699966723
5818 1454.5 299.83801505048
5819 1454.75 299.8379601607542
5820 1455 299.8379053361626
5821 1455.25 299.8378505763893
5822 1455.5 299.8377958901856
5823 1455.75 299.8377412609807
5824 1456 299.8376866975734
5825 1456.25 299.8376321998019
5826 1456.5 299.8375777759896
5827 1456.75 299.8375234097476
5828 1457 299.8374691095568
5829 1457.25 299.8374148751544
5830 1457.5 299.8373607147736
5831 1457.75 299.8373066123116
5832 1458 299.8372525762717
5833 1458.25 299.8371986174415
5834 1458.5 299.8371447140168
5835 1458.75 299.8370908764198
5836 1459 299.8370371050769
5837 1459.25 299.8369834080879
5838 1459.5 299.836929770212
5839 1459.75 299.8368761990899
5840 1460 299.8368226945161
5841 1460.25 299.836769263784
5842 1460.5 299.836715892477
5843 1460.75 299.8366625884124
5844 1461 299.8366093517127
5845 1461.25 299.8365561897919
5846 1461.5 299.8365030887068
5847 1461.75 299.8364500557787
5848 1462 299.8363970910329
5849 1462.25 299.836344201286
5850 1462.5 299.8362913728589
5851 1462.75 299.8362386130577
5852 1463 299.8361859217446
5853 1463.25 299.8361333057558
5854 1463.5 299.8360807516459
5855 1463.75 299.8360282665217
5856 1464 299.8359758570582
5857 1464.25 299.8359235100235
5858 1464.5 299.8358712326895
5859 1464.75 299.835819024942
5860 1465 299.8357668932798
5861 1465.25 299.8357148244504
5862 1465.5 299.835662825168
5863 1465.75 299.835610895398
5864 1466 299.8355590418032
5865 1466.25 299.83550725094
5866 1466.5 299.8354555295421
5867 1466.75 299.8354038771191
5868 1467 299.8353523003397
5869 1467.25 299.8353007853543
5870 1467.5 299.8352493388443
5871 1467.75 299.835197960565
5872 1468 299.8351466574289
5873 1468.25 299.8350954155694
5874 1468.5 299.8350442419371
5875 1468.75 299.8349931360776
5876 1469 299.8349421049166
5877 1469.25 299.8348911343817
5878 1469.5 299.8348402317104
5879 1469.75 299.8347893964304
5880 1470 299.8347386355219
5881 1470.25 299.83468793511
5882 1470.5 299.8346373016729
5883 1470.75 299.8345867336906
5884 1471 299.8345362376958
5885 1471.25 299.8344857983204
5886 1471.5 299.8344354229829
5887 1471.75 299.8343851115171
5888 1472 299.834334872365
5889 1472.25 299.8342846906915
5890 1472.5 299.8342345752181
5891 1472.75 299.8341845260191
5892 1473 299.8341345516031
5893 1473.25 299.8340846368006
5894 1473.5 299.8340347899249
5895 1473.75 299.8339850108708
5896 1474 299.8339353078088
5897 1474.25 299.833885665694
5898 1474.5 299.833836092726
5899 1474.75 299.8337865888366
5900 1475 299.8337371619821
5901 1475.25 299.8336877971535
5902 1475.5 299.8336385023589
5903 1475.75 299.8335892774514
5904 1476 299.8335401303505
5905 1476.25 299.8334910465306
5906 1476.5 299.8334420340178
5907 1476.75 299.8333930927101
5908 1477 299.8333442301637
5909 1477.25 299.8332954320574
5910 1477.5 299.8332467061006
5911 1477.75 299.8331980594057
5912 1478 299.8331494777004
5913 1478.25 299.833100968587
5914 1478.5 299.8330525321599
5915 1478.75 299.8330041756515
5916 1479 299.8329558852586
5917 1479.25 299.8329076680521
5918 1479.5 299.8328595238493
5919 1479.75 299.8328114594167
5920 1480 299.8327634613958
5921 1480.25 299.8327155366974
5922 1480.5 299.8326676853123
5923 1480.75 299.8326199136633
5924 1481 299.8325722089317
5925 1481.25 299.8325245775164
5926 1481.5 299.8324770254307
5927 1481.75 299.8324295392253
5928 1482 299.8323821249063
5929 1482.25 299.8323347829984
5930 1482.5 299.8322875205685
5931 1482.75 299.8322403306339
5932 1483 299.832193212935
5933 1483.25 299.8321461669581
5934 1483.5 299.8320991927882
5935 1483.75 299.8320522903184
5936 1484 299.8320054598649
5937 1484.25 299.8319587014362
5938 1484.5 299.831912015226
5939 1484.75 299.8318654012781
5940 1485 299.831818859627
5941 1485.25 299.8317723903759
5942 1485.5 299.8317259933934
5943 1485.75 299.8316796687574
5944 1486 299.8316334163027
5945 1486.25 299.8315872361928
5946 1486.5 299.8315411281193
5947 1486.75 299.8314950923698
5948 1487 299.8314491288456
5949 1487.25 299.8314032375717
5950 1487.5 299.8313574188568
5951 1487.75 299.8313116724921
5952 1488 299.8312659986794
5953 1488.25 299.8312203906737
5954 1488.5 299.831174855546
5955 1488.75 299.8311293987633
5956 1489 299.8310840087519
5957 1489.25 299.8310386908631
5958 1489.5 299.8309934448251
5959 1489.75 299.8309482769326
5960 1490 299.8309031818145
5961 1490.25 299.8308581521251
5962 1490.5 299.8308131946034
5963 1490.75 299.8307683156774
5964 1491 299.8307235032282
5965 1491.25 299.8306787642192
5966 1491.5 299.8306341051903
5967 1491.75 299.8305895134649
5968 1492 299.8305449965729
5969 1492.25 299.8305005609179
5970 1492.5 299.8304561914247
5971 1492.75 299.8304118928919
5972 1493 299.8303676644772
5973 1493.25 299.830323512824
5974 1493.5 299.8302794246232
5975 1493.75 299.8302354076421
5976 1494 299.8301914695053
5977 1494.25 299.830147596701
5978 1494.5 299.8301037971863
5979 1494.75 299.8300600782661
5980 1495 299.8300164257145
5981 1495.25 299.8299728469262
5982 1495.5 299.8299293489359
5983 1495.75 299.8298859181101
5984 1496 299.8298425621169
5985 1496.25 299.8297992809298
5986 1496.5 299.8297560815995
5987 1496.75 299.8297129580269
5988 1497 299.8296699021848
5989 1497.25 299.82962692164
5990 1497.5 299.8295840160799
5991 1497.75 299.8295411925947
5992 1498 299.8294984378279
5993 1498.25 299.8294557581797
5994 1498.5 299.8294131603176
5995 1498.75 299.8293706320307
5996 1499 299.8293281808155
5997 1499.25 299.8292858131021
5998 1499.5 299.8292435167168
5999 1499.75 299.829201297831
6000 1500 299.8291591559998
6001 1500.25 299.8291170965468
6002 1500.5 299.8290751079464
6003 1500.75 299.8290331964339
6004 1501 299.8289913676855
6005 1501.25 299.828949610333
6006 1501.5 299.8289079299736
6007 1501.75 299.828866331895
6008 1502 299.8288248048219
6009 1502.25 299.8287833544717
6010 1502.5 299.8287419808165
6011 1502.75 299.8287006896069
6012 1503 299.8286594705485
6013 1503.25 299.8286183293297
6014 1503.5 299.8285772661723
6015 1503.75 299.8285362862531
6016 1504 299.8284953847658
6017 1504.25 299.8284545552713
6018 1504.5 299.8284138033144
6019 1504.75 299.8283731285182
6020 1505 299.8283325357271
6021 1505.25 299.8282920148171
6022 1505.5 299.8282515712497
6023 1505.75 299.8282112100146
6024 1506 299.8281709207366
6025 1506.25 299.8281307087096
6026 1506.5 299.8280905737812
6027 1506.75 299.8280505211029
6028 1507 299.8280105405735
6029 1507.25 299.8279706374147
6030 1507.5 299.8279308114361
6031 1507.75 299.8278910679489
6032 1508 299.8278513965128
6033 1508.25 299.8278118022984
6034 1508.5 299.8277722901208
6035 1508.75 299.8277328490933
6036 1509 299.8276934848541
6037 1509.25 299.827654196691
6038 1509.5 299.8276149885772
6039 1509.75 299.8275758485486
6040 1510 299.8275367821503
6041 1510.25 299.8274977895665
6042 1510.5 299.8274588771215
6043 1510.75 299.8274200340918
6044 1511 299.8273812667614
6045 1511.25 299.8273425750635
6046 1511.5 299.8273039651113
6047 1511.75 299.8272654253142
6048 1512 299.8272269618562
6049 1512.25 299.8271885745831
6050 1512.5 299.8271502698301
6051 1512.75 299.8271120423068
6052 1513 299.8270738854163
6053 1513.25 299.8270358055992
6054 1513.5 299.8269978027694
6055 1513.75 299.8269598829958
6056 1514 299.8269220346511
6057 1514.25 299.8268842639181
6058 1514.5 299.8268465707084
6059 1514.75 299.8268089611323
6060 1515 299.8267714237795
6061 1515.25 299.8267339647415
6062 1515.5 299.8266965897553
6063 1515.75 299.8266592873809
6064 1516 299.8266220637256
6065 1516.25 299.826584918695
6066 1516.5 299.8265478581846
6067 1516.75 299.8265108712774
6068 1517 299.8264739639421
6069 1517.25 299.8264371363369
6070 1517.5 299.8264003940902
6071 1517.75 299.8263637274101
6072 1518 299.8263271429927
6073 1518.25 299.8262906413289
6074 1518.5 299.8262542278093
6075 1518.75 299.8262178916319
6076 1519 299.8261816377507
6077 1519.25 299.8261454706127
6078 1519.5 299.8261093794573
6079 1519.75 299.826073369483
6080 1520 299.8260374405307
6081 1520.25 299.8260015975437
6082 1520.5 299.8259658306296
6083 1520.75 299.8259301448732
6084 1521 299.8258945401979
6085 1521.25 299.8258590213933
6086 1521.5 299.8258235788151
6087 1521.75 299.8257882173642
6088 1522 299.8257529369287
6089 1522.25 299.8257177420869
6090 1522.5 299.8256826234092
6091 1522.75 299.8256475858047
6092 1523 299.8256126289785
6093 1523.25 299.8255777578308
6094 1523.5 299.8255429680221
6095 1523.75 299.8255082545978
6096 1524 299.8254736225768
6097 1524.25 299.8254390719338
6098 1524.5 299.8254046070145
6099 1524.75 299.8253702192954
6100 1525 299.8253359131486
6101 1525.25 299.8253016929623
6102 1525.5 299.8252675494558
6103 1525.75 299.8252334872688
6104 1526 299.8251995059052
6105 1526.25 299.8251656094338
6106 1526.5 299.8251317892164
6107 1526.75 299.8250980494807
6108 1527 299.8250643900182
6109 1527.25 299.8250308150731
6110 1527.5 299.824997315939
6111 1527.75 299.8249638971769
6112 1528 299.8249305587629
6113 1528.25 299.8248973050001
6114 1528.5 299.8248641274089
6115 1528.75 299.8248310305325
6116 1529 299.8247980143558
6117 1529.25 299.824765083391
6118 1529.5 299.824732228888
6119 1529.75 299.8246994553069
6120 1530 299.8246667669069
6121 1530.25 299.8246341551256
6122 1530.5 299.8246016249368
6123 1530.75 299.8245691770237
6124 1531 299.8245368158098
6125 1531.25 299.8245045310131
6126 1531.5 299.8244723267262
6127 1531.75 299.8244402021835
6128 1532 299.8244081620035
6129 1532.25 299.8243761965108
6130 1532.5 299.82434431102
6131 1532.75 299.8243125057865
6132 1533 299.8242807863962
6133 1533.25 299.8242491434756
6134 1533.5 299.8242175827977
6135 1533.75 299.8241861047692
6136 1534 299.8241547150415
6137 1534.25 299.8241234039069
6138 1534.5 299.8240921766415
6139 1534.75 299.8240610330907
6140 1535 299.8240299782638
6141 1535.25 299.8239990021036
6142 1535.5 299.8239681097697
6143 1535.75 299.8239373061723
6144 1536 299.8239065813734
6145 1536.25 299.8238759405455
6146 1536.5 299.8238453834667
6147 1536.75 299.8238149150768
6148 1537 299.8237845256674
6149 1537.25 299.8237542202103
6150 1537.5 299.823723998546
6151 1537.75 299.823693865516
6152 1538 299.8236638112691
6153 1538.25 299.823633840652
6154 1538.5 299.8236039534409
6155 1538.75 299.8235741542322
6156 1539 299.823544433641
6157 1539.25 299.8235147961487
6158 1539.5 299.8234852461887
6159 1539.75 299.8234557744634
6160 1540 299.8234263858681
6161 1540.25 299.823397080237
6162 1540.5 299.8233678622692
6163 1540.75 299.8233387232336
6164 1541 299.8233096661265
6165 1541.25 299.8232806907653
6166 1541.5 299.8232518038067
6167 1541.75 299.8232230014376
6168 1542 299.8231942901147
6169 1542.25 299.823165670198
6170 1542.5 299.8231371439999
6171 1542.75 299.8231087031518
6172 1543 299.8230803493965
6173 1543.25 299.8230520849041
6174 1543.5 299.8230239023102
6175 1543.75 299.8229958048756
6176 1544 299.8229677925398
6177 1544.25 299.8229398688603
6178 1544.5 299.8229120272471
6179 1544.75 299.8228842713661
6180 1545 299.8228566044181
6181 1545.25 299.8228290201758
6182 1545.5 299.8228015219444
6183 1545.75 299.8227741097768
6184 1546 299.8227467867922
6185 1546.25 299.8227195463512
6186 1546.5 299.822692392263
6187 1546.75 299.8226653243713
6188 1547 299.8226383441296
6189 1547.25 299.8226114439361
6190 1547.5 299.8225846262814
6191 1547.75 299.8225578944636
6192 1548 299.82253124147
6193 1548.25 299.8225046702602
6194 1548.5 299.8224781814862
6195 1548.75 299.8224517799982
6196 1549 299.8224254595738
6197 1549.25 299.822399224715
6198 1549.5 299.8223730757736
6199 1549.75 299.8223470167381
6200 1550 299.8223210399153
6201 1550.25 299.8222951492439
6202 1550.5 299.8222694232656
6203 1550.75 299.822264121118
6204 1551 299.8223371763978
6205 1551.25 299.8224371630412
6206 1551.5 299.8225368836697
6207 1551.75 299.8226904416662
6208 1552 299.8228439758375
6209 1552.25 299.8230506996302
6210 1552.5 299.8232570212384
6211 1552.75 299.8235184965735
6212 1553 299.8237796149304
6213 1553.25 299.8240983462488
6214 1553.5 299.8244168580432
6215 1553.75 299.8247941378994
6216 1554 299.8251712036822
6217 1554.25 299.8256074950246
6218 1554.5 299.8260436616393
6219 1554.75 299.8265371078609
6220 1555 299.8270308320064
6221 1555.25 299.827587535924
6222 1555.5 299.8281448401157
6223 1555.75 299.8287679059707
6224 1556 299.8293917592375
6225 1556.25 299.8300849566689
6226 1556.5 299.8307792710986
6227 1556.75 299.8315461858996
6228 1557 299.8323158288684
6229 1557.25 299.8331656437328
6230 1557.5 299.8340610119701
6231 1557.75 299.8349893934447
6232 1558 299.8359797458384
6233 1558.25 299.8370241024382
6234 1558.5 299.8381232457214
6235 1558.75 299.8392808930313
6236 1559 299.8405039943496
6237 1559.25 299.8418009061274
6238 1559.5 299.8431834148758
6239 1559.75 299.8446749700328
6240 1560 299.8448371998363
6241 1560.25 299.8450662497859
6242 1560.5 299.8453277274351
6243 1560.75 299.8456071924714
6244 1561 299.8458977495847
6245 1561.25 299.8461957352278
6246 1561.5 299.8464990127192
6247 1561.75 299.8468062287836
6248 1562 299.8471164699855
6249 1562.25 299.8474290853449
6250 1562.5 299.847743590697
6251 1562.75 299.8480596128028
6252 1563 299.8483768559632
6253 1563.25 299.8486950806903
6254 1563.5 299.8490140894539
6255 1563.75 299.8493337167033
6256 1564 299.8496538222465
6257 1564.25 299.849974286092
6258 1564.5 299.8502950045523
6259 1564.75 299.8506158874681
6260 1565 299.8509368560418
6261 1565.25 299.8512578409877
6262 1565.5 299.8515787811436
6263 1565.75 299.8518996223337
6264 1566 299.8522203164029
6265 1566.25 299.8525408204402
6266 1566.5 299.8528610960943
6267 1566.75 299.8531811090389
6268 1567 299.8535008284993
6269 1567.25 299.8538202268306
6270 1567.5 299.8541392791673
6271 1567.75 299.8544579631244
6272 1568 299.8547762585273
6273 1568.25 299.8550941471799
6274 1568.5 299.855411612651
6275 1568.75 299.8557286400907
6276 1569 299.8560452160822
6277 1569.25 299.8563613285054
6278 1569.5 299.8566769663915
6279 1569.75 299.8569921198249
6280 1570 299.8573067798449
6281 1570.25 299.8576209383492
6282 1570.5 299.8579345880113
6283 1570.75 299.8582477222191
6284 1571 299.8585603349763
6285 1571.25 299.8588724208955
6286 1571.5 299.8591839751124
6287 1571.75 299.8594949932548
6288 1572 299.8598054714028
6289 1572.25 299.8601154060314
6290 1572.5 299.8604247940002
6291 1572.75 299.8607336324935
6292 1573 299.8610419190177
6293 1573.25 299.8613496513637
6294 1573.5 299.8616568275886
6295 1573.75 299.8619634459901
6296 1574 299.8622695050928
6297 1574.25 299.862575003618
6298 1574.5 299.8628799404825
6299 1574.75 299.8631843147826
6300 1575 299.8634881257726
6301 1575.25 299.8637913728458
6302 1575.5 299.8640940555574
6303 1575.75 299.8643961735625
6304 1576 299.8646977266609
6305 1576.25 299.8649987147581
6306 1576.5 299.8652991378613
6307 1576.75 299.8655989960744
6308 1577 299.865898289601
6309 1577.25 299.8661970187143
6310 1577.5 299.8664951837861
6311 1577.75 299.8667927852521
6312 1578 299.8670898236098
6313 1578.25 299.8673862994382
6314 1578.5 299.8676822133677
6315 1578.75 299.8679775660957
6316 1579 299.8682723583599
6317 1579.25 299.8685665909588
6318 1579.5 299.8688602647478
6319 1579.75 299.8691533806061
6320 1580 299.8694459394748
6321 1580.25 299.8697379423296
6322 1580.5 299.8700293901815
6323 1580.75 299.8703202840804
6324 1581 299.8706106251191
6325 1581.25 299.8709004144054
6326 1581.5 299.8711896530946
6327 1581.75 299.8714783423626
6328 1582 299.871766483424
6329 1582.25 299.8720540774997
6330 1582.5 299.872341125859
6331 1582.75 299.8726276297778
6332 1583 299.8729135905714
6333 1583.25 299.8731990095606
6334 1583.5 299.8734838880937
6335 1583.75 299.8737682275411
6336 1584 299.8740520292908
6337 1584.25 299.8743352947453
6338 1584.5 299.8746180253321
6339 1584.75 299.8749002224851
6340 1585 299.8751818876612
6341 1585.25 299.8754630223263
6342 1585.5 299.8757436279641
6343 1585.75 299.8760237060731
6344 1586 299.8763032581564
6345 1586.25 299.8765822857425
6346 1586.5 299.8768607903633
6347 1586.75 299.8771387735536
6348 1587 299.8774162368742
6349 1587.25 299.8776931818892
6350 1587.5 299.8779696101693
6351 1587.75 299.878245523296
6352 1588 299.8785209228578
6353 1588.25 299.8787958104562
6354 1588.5 299.8790701876941
6355 1588.75 299.8793440561834
6356 1589 299.8796174175501
6357 1589.25 299.8798902734139
6358 1589.5 299.8801626254059
6359 1589.75 299.8804344751672
6360 1590 299.8807058243348
6361 1590.25 299.8809766745638
6362 1590.5 299.8812470274965
6363 1590.75 299.8815168847913
6364 1591 299.8817862481129
6365 1591.25 299.8820551191173
6366 1591.5 299.882323499479
6367 1591.75 299.8825913908609
6368 1592 299.8828587949392
6369 1592.25 299.8831257133918
6370 1592.5 299.8833921478872
6371 1592.75 299.8836581001132
6372 1593 299.8839235717471
6373 1593.25 299.8841885644769
6374 1593.5 299.8844530799742
6375 1593.75 299.8847171199348
6376 1594 299.8849806860422
6377 1594.25 299.8852437799852
6378 1594.5 299.8855064034444
6379 1594.75 299.8857685581162
6380 1595 299.8860302456856
6381 1595.25 299.8862914678349
6382 1595.5 299.8865522262577
6383 1595.75 299.8868125226371
6384 1596 299.8870723586667
6385 1596.25 299.8873317360241
6386 1596.5 299.8875906564007
6387 1596.75 299.8878491214759
6388 1597 299.8881071329379
6389 1597.25 299.8883646924629
6390 1597.5 299.8886218017379
6391 1597.75 299.8888784624366
6392 1598 299.8891346762363
6393 1598.25 299.8893904448134
6394 1598.5 299.8896457698481
6395 1598.75 299.8899006530024
6396 1599 299.8901550959483
6397 1599.25 299.8904091003553
6398 1599.5 299.8906626678885
6399 1599.75 299.8909158002034
6400 1600 299.8911684989721
6401 1600.25 299.8914207658432
6402 1600.5 299.8916726024728
6403 1600.75 299.8919240105111
6404 1601 299.8921749916114
6405 1601.25 299.8924255474203
6406 1601.5 299.8926756795727
6407 1601.75 299.8929253897156
6408 1602 299.8931746794835
6409 1602.25 299.8934235505088
6410 1602.5 299.8936720044221
6411 1602.75 299.8939200428486
6412 1603 299.8941676674182
6413 1603.25 299.8944148797349
6414 1603.5 299.8946616814331
6415 1603.75 299.89490807411
6416 1604 299.8951540593838
6417 1604.25 299.8953996388524
6418 1604.5 299.8956448141224
6419 1604.75 299.8958895867861
6420 1605 299.896133958439
6421 1605.25 299.8963779306671
6422 1605.5 299.89662150506
6423 1605.75 299.8968646831935
6424 1606 299.8971074666483
6425 1606.25 299.8973498569933
6426 1606.5 299.8975918558054
6427 1606.75 299.8978334646406
6428 1607 299.89807468506
6429 1607.25 299.8983155186214
6430 1607.5 299.8985559668712
6431 1607.75 299.8987960313615
6432 1608 299.8990357136344
6433 1608.25 299.8992750152267
6434 1608.5 299.8995139376663
6435 1608.75 299.899752482497
6436 1609 299.899990651232
6437 1609.25 299.9002284453929
6438 1609.5 299.9004658664978
6439 1609.75 299.9007029160534
6440 1610 299.9009395955679
6441 1610.25 299.9011759065452
6442 1610.5 299.9014118504843
6443 1610.75 299.9016474288669
6444 1611 299.9018826431954
6445 1611.25 299.9021174949424
6446 1611.5 299.9023519855878
6447 1611.75 299.9025861166109
6448 1612 299.9028198894723
6449 1612.25 299.9030533056436
6450 1612.5 299.9032863665758
6451 1612.75 299.9035190737302
6452 1613 299.9037514285544
6453 1613.25 299.9039834324956
6454 1613.5 299.904215086986
6455 1613.75 299.9044463934739
6456 1614 299.904677353383
6457 1614.25 299.904907968132
6458 1614.5 299.9051382391526
6459 1614.75 299.9053681678563
6460 1615 299.9055977556557
6461 1615.25 299.9058270039525
6462 1615.5 299.9060559141547
6463 1615.75 299.9062844876552
6464 1616 299.906512725844
6465 1616.25 299.9067406301137
6466 1616.5 299.9069682018441
6467 1616.75 299.9071954424098
6468 1617 299.907422353186
6469 1617.25 299.907648935538
6470 1617.5 299.9078751908284
6471 1617.75 299.9081011204162
6472 1618 299.908326725653
6473 1618.25 299.9085520078911
6474 1618.5 299.9087769684663
6475 1618.75 299.9090016087204
6476 1619 299.9092259299927
6477 1619.25 299.9094499336012
6478 1619.5 299.9096736208758
6479 1619.75 299.9098969931337
6480 1620 299.9101200516933
6481 1620.25 299.9103427978582
6482 1620.5 299.910565232934
6483 1620.75 299.910787358223
6484 1621 299.9110091750196
6485 1621.25 299.9112306846076
6486 1621.5 299.9114518882839
6487 1621.75 299.9116727873144
6488 1622 299.911893382986
6489 1622.25 299.9121136765686
6490 1622.5 299.9123336693199
6491 1622.75 299.9125533625095
6492 1623 299.9127727573918
6493 1623.25 299.9129918552189
6494 1623.5 299.9132106572346
6495 1623.75 299.9134291646864
6496 1624 299.9136473788073
6497 1624.25 299.9138653008343
6498 1624.5 299.9140829319907
6499 1624.75 299.9143002735022
6500 1625 299.9145173265889
6501 1625.25 299.9147340924665
6502 1625.5 299.9149505723401
6503 1625.75 299.9151667674161
6504 1626 299.915382678895
6505 1626.25 299.9155983079735
6506 1626.5 299.915813655841
6507 1626.75 299.9160287236852
6508 1627 299.9162435126847
6509 1627.25 299.9164580240213
6510 1627.5 299.9166722588627
6511 1627.75 299.916886218381
6512 1628 299.9170999037379
6513 1628.25 299.917313316093
6514 1628.5 299.9175264565967
6515 1628.75 299.9177393264052
6516 1629 299.9179519266605
6517 1629.25 299.9181642585048
6518 1629.5 299.9183763230694
6519 1629.75 299.9185881214964
6520 1630 299.9187996549045
6521 1630.25 299.9190109244163
6522 1630.5 299.9192219311572
6523 1630.75 299.9194326762359
6524 1631 299.9196431607625
6525 1631.25 299.9198533858416
6526 1631.5 299.9200633525846
6527 1631.75 299.9202730620752
6528 1632 299.9204825154124
6529 1632.25 299.9206917136798
6530 1632.5 299.9209006579603
6531 1632.75 299.9211093493417
6532 1633 299.9213177888956
6533 1633.25 299.9215259776813
6534 1633.5 299.9217339167814
6535 1633.75 299.9219416072513
6536 1634 299.9221490501483
6537 1634.25 299.9223562465234
6538 1634.5 299.9225631974297
6539 1634.75 299.9227699039172
6540 1635 299.9229763670172
6541 1635.25 299.9231825877696
6542 1635.5 299.9233885672128
6543 1635.75 299.9235943063719
6544 1636 299.9237998062696
6545 1636.25 299.9240050679263
6546 1636.5 299.9242100923604
6547 1636.75 299.9244148805848
6548 1637 299.9246194336037
6549 1637.25 299.9248237524246
6550 1637.5 299.9250278380438
6551 1637.75 299.9252316914648
6552 1638 299.9254353136699
6553 1638.25 299.9256387056524
6554 1638.5 299.9258418683939
6555 1638.75 299.9260448028751
6556 1639 299.926247510079
6557 1639.25 299.9264499909604
6558 1639.5 299.926652246506
6559 1639.75 299.9268542776689
6560 1640 299.9270560854109
6561 1640.25 299.9272576706924
6562 1640.5 299.9274590344612
6563 1640.75 299.9276601776657
6564 1641 299.9278611012551
6565 1641.25 299.9280618061694
6566 1641.5 299.9282622933391
6567 1641.75 299.9284625637042
6568 1642 299.9286626181934
6569 1642.25 299.9288624577298
6570 1642.5 299.9290620832386
6571 1642.75 299.9292614956316
6572 1643 299.9294606958279
6573 1643.25 299.9296596847379
6574 1643.5 299.9298584632679
6575 1643.75 299.9300570323242
6576 1644 299.9302553928001
6577 1644.25 299.9304535455989
6578 1644.5 299.9306514915994
6579 1644.75 299.9308492317074
6580 1645 299.9310467667956
6581 1645.25 299.9312440977482
6582 1645.5 299.9314412254482
6583 1645.75 299.9316381507606
6584 1646 299.9318348745638
6585 1646.25 299.9320313977216
6586 1646.5 299.9322277210959
6587 1646.75 299.932423845549
6588 1647 299.9326197719353
6589 1647.25 299.9328155011059
6590 1647.5 299.9330110339159
6591 1647.75 299.9332063712051
6592 1648 299.9334015138187
6593 1648.25 299.9335964626
6594 1648.5 299.9337912183758
6595 1648.75 299.9339857819822
6596 1649 299.9341801542416
6597 1649.25 299.934374335991
6598 1649.5 299.9345683280469
6599 1649.75 299.9347621312299
6600 1650 299.9349557463482
6601 1650.25 299.9351491742146
6602 1650.5 299.9353424156444
6603 1650.75 299.9355354714384
6604 1651 299.9357283423958
6605 1651.25 299.9359210293204
6606 1651.5 299.9361135330039
6607 1651.75 299.9363058542395
6608 1652 299.9364979938111
6609 1652.25 299.9366899525145
6610 1652.5 299.9368817311216
6611 1652.75 299.937073330414
6612 1653 299.9372647511717
6613 1653.25 299.9374559941619
6614 1653.5 299.9376470601533
6615 1653.75 299.9378379499192
6616 1654 299.9380286642159
6617 1654.25 299.9382192038009
6618 1654.5 299.9384095694446
6619 1654.75 299.9385997618843
6620 1655 299.9387897818827
6621 1655.25 299.9389796301773
6622 1655.5 299.939169307515
6623 1655.75 299.9393588146436
6624 1656 299.9395481522918
6625 1656.25 299.9397373212037
6626 1656.5 299.9399263221075
6627 1656.75 299.9401151557253
6628 1657 299.9403038227973
6629 1657.25 299.9404923240334
6630 1657.5 299.9406806601626
6631 1657.75 299.9408688318953
6632 1658 299.9410568399513
6633 1658.25 299.9412446850395
6634 1658.5 299.941432367865
6635 1658.75 299.9416198891357
6636 1659 299.9418072495561
6637 1659.25 299.9419944498229
6638 1659.5 299.9421814906343
6639 1659.75 299.9423683726834
6640 1660 299.9425550966591
6641 1660.25 299.9427416632489
6642 1660.5 299.9429280731463
6643 1660.75 299.9431143270232
6644 1661 299.9433004255652
6645 1661.25 299.943486369449
6646 1661.5 299.9436721593424
6647 1661.75 299.9438577959208
6648 1662 299.9440432798561
6649 1662.25 299.9442286118049
6650 1662.5 299.9444137924387
6651 1662.75 299.9445988224156
6652 1663 299.9447837023868
6653 1663.25 299.9449684330154
6654 1663.5 299.9451530149464
6655 1663.75 299.9453374488326
6656 1664 299.9455217353225
6657 1664.25 299.9457058750544
6658 1664.5 299.9458898686756
6659 1664.75 299.9460737168183
6660 1665 299.9462574201237
6661 1665.25 299.9464409792175
6662 1665.5 299.9466243947454
6663 1665.75 299.9468076673186
6664 1666 299.9469907975729
6665 1666.25 299.9471737861234
6666 1666.5 299.9473566335992
6667 1666.75 299.9475393406138
6668 1667 299.947721907779
6669 1667.25 299.947904335711
6670 1667.5 299.9480866250207
6671 1667.75 299.9482687763156
6672 1668 299.9484507901992
6673 1668.25 299.9486326672712
6674 1668.5 299.9488144081358
6675 1668.75 299.9489960133949
6676 1669 299.9491774836282
6677 1669.25 299.9493588194474
6678 1669.5 299.949540021429
6679 1669.75 299.9497210901649
6680 1670 299.9499020262402
6681 1670.25 299.9500828302393
6682 1670.5 299.9502635027416
6683 1670.75 299.9504440443268
6684 1671 299.9506244555661
6685 1671.25 299.9508047370359
6686 1671.5 299.9509848893074
6687 1671.75 299.9511649129483
6688 1672 299.9513448085238
6689 1672.25 299.9515245765999
6690 1672.5 299.9517042177367
6691 1672.75 299.9518837324901
6692 1673 299.9520631214234
6693 1673.25 299.9522423850908
6694 1673.5 299.9524215240364
6695 1673.75 299.9526005388184
6696 1674 299.9527794299833
6697 1674.25 299.9529581980738
6698 1674.5 299.953136843634
6699 1674.75 299.9533153672065
6700 1675 299.9534937693289
6701 1675.25 299.9536720505367
6702 1675.5 299.9538502113618
6703 1675.75 299.9540282523417
6704 1676 299.9542061740054
6705 1676.25 299.9543839768749
6706 1676.5 299.9545616614858
6707 1676.75 299.9547392283497
6708 1677 299.9549166779962
6709 1677.25 299.9550940109389
6710 1677.5 299.9552712277011
6711 1677.75 299.955448328786
6712 1678 299.9556253147188
6713 1678.25 299.955802186005
6714 1678.5 299.955978943151
6715 1678.75 299.9561555866624
6716 1679 299.9563321170511
6717 1679.25 299.9565085348079
6718 1679.5 299.9566848404441
6719 1679.75 299.9568610344454
6720 1680 299.9570371173187
6721 1680.25 299.9572130895563
6722 1680.5 299.9573889516398
6723 1680.75 299.9575647040668
6724 1681 299.9577403473244
6725 1681.25 299.9579158819016
6726 1681.5 299.9580913082759
6727 1681.75 299.9582666269325
6728 1682 299.9584418383458
6729 1682.25 299.958616943003
6730 1682.5 299.9587919413738
6731 1682.75 299.9589668339262
6732 1683 299.9591416211455
6733 1683.25 299.9593163034946
6734 1683.5 299.9594908814364
6735 1683.75 299.9596653554441
6736 1684 299.9598397259799
6737 1684.25 299.9600139935068
6738 1684.5 299.9601881584785
6739 1684.75 299.9603622213622
6740 1685 299.9605361826085
6741 1685.25 299.9607100426749
6742 1685.5 299.9608838020156
6743 1685.75 299.9610574610735
6744 1686 299.9612310203049
6745 1686.25 299.9614044801533
6746 1686.5 299.9615778410657
6747 1686.75 299.9617511034884
6748 1687 299.9619242678579
6749 1687.25 299.9620973346146
6750 1687.5 299.9622703041966
6751 1687.75 299.9624431770451
6752 1688 299.9626159535835
6753 1688.25 299.9627886342544
6754 1688.5 299.9629612194855
6755 1688.75 299.9631337097056
6756 1689 299.9633061053451
6757 1689.25 299.9634784068185
6758 1689.5 299.9636506145603
6759 1689.75 299.9638227289883
6760 1690 299.9639947505204
6761 1690.25 299.9641666795803
6762 1690.5 299.9643385165866
6763 1690.75 299.9645102619439
6764 1691 299.9646819160714
6765 1691.25 299.9648534793864
6766 1691.5 299.9650249522902
6767 1691.75 299.9651963351897
6768 1692 299.9653676285005
6769 1692.25 299.965538832621
6770 1692.5 299.9657099479534
6771 1692.75 299.9658809749058
6772 1693 299.9660519138712
6773 1693.25 299.9662227652523
6774 1693.5 299.9663935294382
6775 1693.75 299.9665642068388
6776 1694 299.966734797831
6777 1694.25 299.9669053028147
6778 1694.5 299.9670757221814
6779 1694.75 299.9672460563147
6780 1695 299.967416305602
6781 1695.25 299.9675864704274
6782 1695.5 299.9677565511823
6783 1695.75 299.9679265482431
6784 1696 299.9680964619894
6785 1696.25 299.9682662928041
6786 1696.5 299.968436041057
6787 1696.75 299.9686057071306
6788 1697 299.9687752914005
6789 1697.25 299.9689447942316
6790 1697.5 299.9691142160002
6791 1697.75 299.969283557082
6792 1698 299.969452817831
6793 1698.25 299.9696219986253
6794 1698.5 299.9697910998256
6795 1698.75 299.969960121792
6796 1699 299.9701290648963
6797 1699.25 299.9702979294929
6798 1699.5 299.9704667159398
6799 1699.75 299.9706354245977
6800 1700 299.9708040558211
6801 1700.25 299.9709726099655
6802 1700.5 299.9711410873827
6803 1700.75 299.971309488426
6804 1701 299.9714778134442
6805 1701.25 299.9716460627906
6806 1701.5 299.9718142368077
6807 1701.75 299.971982335844
6808 1702 299.9721503602418
6809 1702.25 299.9723183103463
6810 1702.5 299.9724861864998
6811 1702.75 299.9726539890449
6812 1703 299.9728217183093
6813 1703.25 299.9729893746438
6814 1703.5 299.9731569583808
6815 1703.75 299.9733244698547
6816 1704 299.9786328548798
6817 1704.25 299.9839562212163
6818 1704.5 299.9892946178771
6819 1704.75 299.9946479965719
6820 1705 300.0000162706376
6821 1705.25 300.0053993348611
6822 1705.5 300.010797074172
6823 1705.75 300.016209367992
6824 1706 300.0216360926005
6825 1706.25 300.0270771225272
6826 1706.5 300.0325323313798
6827 1706.75 300.0380015924085
6828 1707 300.0434847788634
6829 1707.25 300.048981764251
6830 1707.5 300.0544924225113
6831 1707.75 300.0600166281524
6832 1708 300.0655542563564
6833 1708.25 300.0711051830506
6834 1708.5 300.0766692849549
6835 1708.75 300.0822464396394
6836 1709 300.0878365255628
6837 1709.25 300.093439422082
6838 1709.5 300.0990550094866
6839 1709.75 300.1046831690295
6840 1710 300.1103237829057
6841 1710.25 300.1159767342997
6842 1710.5 300.1216419073588
6843 1710.75 300.1273191872307
6844 1711 300.133008460048
6845 1711.25 300.1387096129309
6846 1711.5 300.1444225339953
6847 1711.75 300.15014711234
6848 1712 300.1558832380666
6849 1712.25 300.1616308022516
6850 1712.5 300.1673896969658
6851 1712.75 300.1731598152538
6852 1713 300.1789410511381
6853 1713.25 300.1847332996214
6854 1713.5 300.1905364566522
6855 1713.75 300.1963504191688
6856 1714 300.2021750850334
6857 1714.25 300.2080103530789
6858 1714.5 300.2138561230755
6859 1714.75 300.2197122957278
6860 1715 300.2255787726685
6861 1715.25 300.2314554564543
6862 1715.5 300.2373422505584
6863 1715.75 300.2432390593594
6864 1716 300.2491457881392
6865 1716.25 300.2550623430753
6866 1716.5 300.2609886312241
6867 1716.75 300.2669245605309
6868 1717 300.2728700398071
6869 1717.25 300.2788249787392
6870 1717.5 300.2847892878468
6871 1717.75 300.2907628785213
6872 1718 300.2967456629858
6873 1718.25 300.3027375543031
6874 1718.5 300.3087384663658
6875 1718.75 300.3147483138741
6876 1719 300.3207670123552
6877 1719.25 300.3267944781344
6878 1719.5 300.3328306283346
6879 1719.75 300.3388753808777
6880 1720 300.344928654456
6881 1720.25 300.3509903685535
6882 1720.5 300.3570604434104
6883 1720.75 300.3631388000338
6884 1721 300.3692253601978
6885 1721.25 300.3753200464005
6886 1721.5 300.3814227819097
6887 1721.75 300.3875334907082
6888 1722 300.3936520975116
6889 1722.25 300.3997785277587
6890 1722.5 300.4059127076078
6891 1722.75 300.4120545639151
6892 1723 300.4182040242438
6893 1723.25 300.4243610168493
6894 1723.5 300.4305254706753
6895 1723.75 300.4366973153533
6896 1724 300.4428764811798
6897 1724.25 300.4490628991311
6898 1724.5 300.4552565008408
6899 1724.75 300.4614572186015
6900 1725 300.4676649853541
6901 1725.25 300.4738797346802
6902 1725.5 300.4801014008082
6903 1725.75 300.4863299185966
6904 1726 300.4925652235236
6905 1726.25 300.4988072517023
6906 1726.5 300.5050559398439
6907 1726.75 300.5113112252751
6908 1727 300.517573045932
6909 1727.25 300.5238413403399
6910 1727.5 300.530116047624
6911 1727.75 300.536397107486
6912 1728 300.5426844602163
6913 1728.25 300.5489780466771
6914 1728.5 300.5552778083019
6915 1728.75 300.561583687088
6916 1729 300.5678956255931
6917 1729.25 300.5742135669306
6918 1729.5 300.5805374547562
6919 1729.75 300.5868672332819
6920 1730 300.5932028472422
6921 1730.25 300.5995442419155
6922 1730.5 300.6058913631033
6923 1730.75 300.612244157138
6924 1731 300.6186025708575
6925 1731.25 300.6249665516349
6926 1731.5 300.6313360473268
6927 1731.75 300.6377110063124
6928 1732 300.6440913774557
6929 1732.25 300.6504771101306
6930 1732.5 300.656868154191
6931 1732.75 300.6632644599783
6932 1733 300.6696659783148
6933 1733.25 300.6760726604961
6934 1733.5 300.6824844582964
6935 1733.75 300.6889013239489
6936 1734 300.7123917536071
6937 1734.25 300.7358657324935
6938 1734.5 300.7593242470032
6939 1734.75 300.7827679449874
6940 1735 300.8061973331261
6941 1735.25 300.829612843531
6942 1735.5 300.8530148631249
6943 1735.75 300.8764037485096
6944 1736 300.8997798341054
6945 1736.25 300.9231434370357
6946 1736.5 300.9464948602092
6947 1736.75 300.9698343943545
6948 1737 300.9931623194797
6949 1737.25 301.0164789059195
6950 1737.5 301.039784415158
6951 1737.75 301.0630791004627
6952 1738 301.0863632074161
6953 1738.25 301.109636974339
6954 1738.5 301.1329006326845
6955 1738.75 301.1561544073634
6956 1739 301.1793985170265
6957 1739.25 301.2026331743492
6958 1739.5 301.2258585862456
6959 1739.75 301.2490749541105
6960 1740 301.2722824740131
6961 1740.25 301.2954813368891
6962 1740.5 301.3186717287102
6963 1740.75 301.341853830656
6964 1741 301.3650278192806
6965 1741.25 301.3881938666432
6966 1741.5 301.4113521404713
6967 1741.75 301.4345028042624
6968 1742 301.4576460174449
6969 1742.25 301.4807819354855
6970 1742.5 301.50391071
6971 1742.75 301.5270324888767
6972 1743 301.5501474163805
6973 1743.25 301.5732556332568
6974 1743.5 301.5963572768238
6975 1743.75 301.6194524810861
6976 1744 301.642541376795
6977 1744.25 301.6656240915794
6978 1744.5 301.688700749998
6979 1744.75 301.7117714736369
6980 1745 301.7348363811929
6981 1745.25 301.7578955885364
6982 1745.5 301.7809492087952
6983 1745.75 301.8039973524498
6984 1746 301.8270401273585
6985 1746.25 301.8500776388637
6986 1746.5 301.8731099898405
6987 1746.75 301.8961372807635
6988 1747 301.9191596097789
6989 1747.25 301.9421770727583
6990 1747.5 301.9651897633501
6991 1747.75 301.9881977730517
6992 1748 302.0112011912549
6993 1748.25 302.0342001052993
6994 1748.5 302.0571946005417
6995 1748.75 302.0801847603889
6996 1749 302.103170666344
6997 1749.25 302.1261523980781
6998 1749.5 302.1491300334585
6999 1749.75 302.172103648599
7000 1750 302.1950733179082
7001 1750.25 302.218039114127
7002 1750.5 302.2410011083784
7003 1750.75 302.2639593702006
7004 1751 302.2869139675981
7005 1751.25 302.3098649670681
7006 1751.5 302.3328124336413
7007 1751.75 302.3557564309397
7008 1752 302.3786970211639
7009 1752.25 302.4016342651948
7010 1752.5 302.4245682225658
7011 1752.75 302.447498951539
7012 1753 302.4704265091126
7013 1753.25 302.4933509510624
7014 1753.5 302.5162723319836
7015 1753.75 302.5391907052932
7016 1754 302.5621061232811
7017 1754.25 302.5850186371446
7018 1754.5 302.6079282969816
7019 1754.75 302.6308351518585
7020 1755 302.6537392498068
7021 1755.25 302.676640637874
7022 1755.5 302.6995393621199
7023 1755.75 302.7224354676675
7024 1756 302.7453289987089
7025 1756.25 302.7682199985416
7026 1756.5 302.7911085095797
7027 1756.75 302.8139945733843
7028 1757 302.8368782306757
7029 1757.25 302.8597595213687
7030 1757.5 302.8826384845784
7031 1757.75 302.905515158648
7032 1758 302.928389581165
7033 1758.25 302.9512617889886
7034 1758.5 302.9741318182602
7035 1758.75 302.9969997044132
7036 1759 303.0198654822172
7037 1759.25 303.0427291857632
7038 1759.5 303.0655908485095
7039 1759.75 303.0884505032749
7040 1760 303.1113081822678
7041 1760.25 303.1341639171005
7042 1760.5 303.1570177978736
7043 1760.75 303.179869975411
7044 1761 303.2027205429774
7045 1761.25 303.2255695865603
7046 1761.5 303.2484171901185
7047 1761.75 303.2712634356526
7048 1762 303.2941084032591
7049 1762.25 303.316952171167
7050 1762.5 303.3397948158009
7051 1762.75 303.362636411841
7052 1763 303.3854770322413
7053 1763.25 303.4083167483057
7054 1763.5 303.4311556297057
7055 1763.75 303.4539937445441
7056 1764 303.4768311593962
7057 1764.25 303.4996679393424
7058 1764.5 303.5225041480135
7059 1764.75 303.5453398476309
7060 1765 303.5681750990493
7061 1765.25 303.5910099617731
7062 1765.5 303.6138444940153
7063 1765.75 303.636678752731
7064 1766 303.6595127936355
7065 1766.25 303.6823466712452
7066 1766.5 303.7051804389263
7067 1766.75 303.7280141488969
7068 1767 303.7508478522786
7069 1767.25 303.7736815991229
7070 1767.5 303.7965154384349
7071 1767.75 303.8193494182061
7072 1768 303.8421835854244
7073 1768.25 303.8650179861419
7074 1768.5 303.8878526654556
7075 1768.75 303.910687667558
7076 1769 303.9335230357584
7077 1769.25 303.9563588124976
7078 1769.5 303.9791950393804
7079 1769.75 304.0020317571964
7080 1770 304.0248690059388
7081 1770.25 304.0477068248285
7082 1770.5 304.0705452523292
7083 1770.75 304.0933843261811
7084 1771 304.1162240834041
7085 1771.25 304.1390645603285
7086 1771.5 304.1619057926094
7087 1771.75 304.1847478152438
7088 1772 304.2075906625843
7089 1772.25 304.2304343683786
7090 1772.5 304.2532789657478
7091 1772.75 304.2761244872372
7092 1773 304.2989709648115
7093 1773.25 304.3218184298829
7094 1773.5 304.3446669133172
7095 1773.75 304.3675164454504
7096 1774 304.3903670561095
7097 1774.25 304.413218774604
7098 1774.5 304.4360716297826
7099 1774.75 304.4589256499999
7100 1775 304.4817808631562
7101 1775.25 304.5046372966976
7102 1775.5 304.5274949776328
7103 1775.75 304.5503539325484
7104 1776 304.5732141876203
7105 1776.25 304.5960757686086
7106 1776.5 304.6189387008915
7107 1776.75 304.6418030094561
7108 1777 304.6646687189268
7109 1777.25 304.6875358535542
7110 1777.5 304.7104044372438
7111 1777.75 304.7332744935552
7112 1778 304.7561460457208
7113 1778.25 304.7790191166351
7114 1778.5 304.8018937288795
7115 1778.75 304.8247699047282
7116 1779 304.8476476661622
7117 1779.25 304.8705270348582
7118 1779.5 304.8934080322157
7119 1779.75 304.9162906793492
7120 1780 304.9391749971127
7121 1780.25 304.9620610060935
7122 1780.5 304.9849487266263
7123 1780.75 305.0078381787774
7124 1781 305.030729382399
7125 1781.25 305.0536223570885
7126 1781.5 305.076517122222
7127 1781.75 305.0994136969422
7128 1782 305.1223121001833
7129 1782.25 305.1452123506604
7130 1782.5 305.1681144668828
7131 1782.75 305.1910184671561
7132 1783 305.2139243696001
7133 1783.25 305.23683219213
7134 1783.5 305.2597419524803
7135 1783.75 305.2826536682071
7136 1784 305.3055673566821
7137 1784.25 305.3284830351129
7138 1784.5 305.3514007205304
7139 1784.75 305.374320429812
7140 1785 305.3972421796697
7141 1785.25 305.4201659866596
7142 1785.5 305.4430918671954
7143 1785.75 305.4660198375274
7144 1786 305.4889499137813
7145 1786.25 305.5118821119243
7146 1786.5 305.5348164478095
7147 1786.75 305.5577529371314
7148 1787 305.5806915954743
7149 1787.25 305.6036324382907
7150 1787.5 305.6265754809103
7151 1787.75 305.6495207385403
7152 1788 305.672468226277
7153 1788.25 305.6954179590948
7154 1788.5 305.718369951865
7155 1788.75 305.7413242193503
7156 1789 305.7642807761985
7157 1789.25 305.7872396369694
7158 1789.5 305.8102008161059
7159 1789.75 305.8331643279733
7160 1790 305.8561301868192
7161 1790.25 305.8790984068179
7162 1790.5 305.9020690020423
7163 1790.75 305.9250419864754
7164 1791 305.9480173740225
7165 1791.25 305.9709951785019
7166 1791.5 305.9939754136468
7167 1791.75 306.0169580931158
7168 1792 306.0399432304703
7169 1792.25 306.0629308392309
7170 1792.5 306.0859209328164
7171 1792.75 306.1089135245791
7172 1793 306.1319086278065
7173 1793.25 306.1549062557043
7174 1793.5 306.1779064214316
7175 1793.75 306.2009091380673
7176 1794 306.2239144186187
7177 1794.25 306.2469222760508
7178 1794.5 306.269932723251
7179 1794.75 306.2929457730591
7180 1795 306.3159614382494
7181 1795.25 306.3389797315309
7182 1795.5 306.3620006655738
7183 1795.75 306.385024252992
7184 1796 306.4080505063304
7185 1796.25 306.4310794381009
7186 1796.5 306.4541110607478
7187 1796.75 306.4771453866805
7188 1797 306.5001824282519
7189 1797.25 306.5232221977695
7190 1797.5 306.5462647074992
7191 1797.75 306.5693099696479
7192 1798 306.5923579963948
7193 1798.25 306.6154087998698
7194 1798.5 306.6384623921541
7195 1798.75 306.661518785295
7196 1799 306.6845779912992
7197 1799.25 306.707640022125
7198 1799.5 306.7307048897071
7199 1799.75 306.7537726059314
7200 1800 306.7768431826478
7201 1800.25 306.7999166316735
7202 1800.5 306.8229929647902
7203 1800.75 306.8460721937348
7204 1801 306.8691543302235
7205 1801.25 306.892239385938
7206 1801.5 306.9153273725149
7207 1801.75 306.9384183015746
7208 1802 306.9615121846913
7209 1802.25 306.984609033426
7210 1802.5 307.007708859283
7211 1802.75 307.0308116737688
7212 1803 307.053917488338
7213 1803.25 307.0770263144261
7214 1803.5 307.1001381634327
7215 1803.75 307.1232530467483
7216 1804 307.1463709757138
7217 1804.25 307.1694919616608
7218 1804.5 307.1926160158878
7219 1804.75 307.2157431496632
7220 1805 307.2388733742405
7221 1805.25 307.2620067008486
7222 1805.5 307.2851431406808
7223 1805.75 307.30828270492
7224 1806 307.331425404717
7225 1806.25 307.3545712512015
7226 1806.5 307.3777202554799
7227 1806.75 307.4008724286519
7228 1807 307.4240277817671
7229 1807.25 307.4471863258789
7230 1807.5 307.4703480720036
7231 1807.75 307.4935130311484
7232 1808 307.5166812142895
7233 1808.25 307.5398526323975
7234 1808.5 307.5630272964078
7235 1808.75 307.5862052172465
7236 1809 307.6093864058109
7237 1809.25 307.6325708729947
7238 1809.5 307.6557586296562
7239 1809.75 307.6789496866522
7240 1810 307.702144054807
7241 1810.25 307.7253417449329
7242 1810.5 307.7485427678264
7243 1810.75 307.7717471342623
7244 1811 307.7949548550109
7245 1811.25 307.8181659408002
7246 1811.5 307.8413804023689
7247 1811.75 307.8645982504265
7248 1812 307.8878194956707
7249 1812.25 307.9110441487693
7250 1812.5 307.9342722203943
7251 1812.75 307.9575037211908
7252 1813 307.9807386617896
7253 1813.25 308.0039770528047
7254 1813.5 308.027218904844
7255 1813.75 308.0504642284943
7256 1814 308.073713034321
7257 1814.25 308.0969653328874
7258 1814.5 308.1202211347305
7259 1814.75 308.1434804503833
7260 1815 308.1667432903639
7261 1815.25 308.1900096651651
7262 1815.5 308.2132795852798
7263 1815.75 308.2365530611766
7264 1816 308.2598301033198
7265 1816.25 308.2831107221483
7266 1816.5 308.3063949281009
7267 1816.75 308.3296827315935
7268 1817 308.3529741430392
7269 1817.25 308.376269172821
7270 1817.5 308.399567831324
7271 1817.75 308.4228701289221
7272 1818 308.446176075958
7273 1818.25 308.4694856827778
7274 1818.5 308.4927989597185
7275 1818.75 308.5161159170879
7276 1819 308.5394365651955
7277 1819.25 308.562760914334
7278 1819.5 308.5860889747848
7279 1819.75 308.6094207568136
7280 1820 308.6327562706804
7281 1820.25 308.6560955266233
7282 1820.5 308.6794385348808
7283 1820.75 308.7027853056723
7284 1821 308.7261358492075
7285 1821.25 308.7494901756812
7286 1821.5 308.7728482952797
7287 1821.75 308.7962102181788
7288 1822 308.8195759545437
7289 1822.25 308.8429455145185
7290 1822.5 308.866318908253
7291 1822.75 308.8896961458677
7292 1823 308.9130772374858
7293 1823.25 308.9364621932107
7294 1823.5 308.9598510231367
7295 1823.75 308.9832437373494
7296 1824 309.0066403459192
7297 1824.25 309.0300408589111
7298 1824.5 309.0534452863777
7299 1824.75 309.0768536383543
7300 1825 309.1002659248743
7301 1825.25 309.1236821559552
7302 1825.5 309.1471023416031
7303 1825.75 309.1705264918153
7304 1826 309.1939546165755
7305 1826.25 309.2173867258636
7306 1826.5 309.2408228296454
7307 1826.75 309.2642629378628
7308 1827 309.2877070604782
7309 1827.25 309.3111552074118
7310 1827.5 309.3346073885867
7311 1827.75 309.3580636139229
7312 1828 309.3815238933103
7313 1828.25 309.4049882366463
7314 1828.5 309.4284566538112
7315 1828.75 309.4519291546712
7316 1829 309.4754057490938
7317 1829.25 309.49888644692
7318 1829.5 309.5223712579966
7319 1829.75 309.5458601921407
7320 1830 309.5693532591836
7321 1830.25 309.5928504689252
7322 1830.5 309.6163518311645
7323 1830.75 309.6398573556922
7324 1831 309.6633670522853
7325 1831.25 309.6868809307085
7326 1831.5 309.710399000715
7327 1831.75 309.7339212720581
7328 1832 309.7574477544753
7329 1832.25 309.7809784576881
7330 1832.5 309.8045133914134
7331 1832.75 309.8280525653608
7332 1833 309.8515959892225
7333 1833.25 309.875143672689
7334 1833.5 309.8986956254284
7335 1833.75 309.9222518571178
7336 1834 309.9458123774046
7337 1834.25 309.969377195935
7338 1834.5 309.9929463223515
7339 1834.75 310.0165197662736
7340 1835 310.0400975373176
7341 1835.25 310.0636796450916
7342 1835.5 310.0872660991887
7343 1835.75 310.1108569091983
7344 1836 310.134452084691
7345 1836.25 310.1580516352383
7346 1836.5 310.1816555703914
7347 1836.75 310.2052638997058
7348 1837 310.2288766327054
7349 1837.25 310.2524937789227
7350 1837.5 310.2761153478725
7351 1837.75 310.2997413490631
7352 1838 310.3233717919879
7353 1838.25 310.3470066861361
7354 1838.5 310.3706460409848
7355 1838.75 310.3942898659991
7356 1839 310.4179381706383
7357 1839.25 310.4415909643465
7358 1839.5 310.465248256563
7359 1839.75 310.4889100567191
7360 1840 310.512576374224
7361 1840.25 310.5362472184909
7362 1840.5 310.5599225989176
7363 1840.75 310.5836025248885
7364 1841 310.6072870057919
7365 1841.25 310.6309760509884
7366 1841.5 310.654669669838
7367 1841.75 310.6783678716898
7368 1842 310.7020706658853
7369 1842.25 310.72577806175
7370 1842.5 310.749490068609
7371 1842.75 310.7732066957701
7372 1843 310.7969279525337
7373 1843.25 310.8206538481917
7374 1843.5 310.8443843920218
7375 1843.75 310.8681195932947
7376 1844 310.8918594612767
7377 1844.25 310.9156040052173
7378 1844.5 310.9393532343614
7379 1844.75 310.9631071579313
7380 1845 310.986865785163
7381 1845.25 311.0106291252638
7382 1845.5 311.0343971874349
7383 1845.75 311.0581699808747
7384 1846 311.0819475147611
7385 1846.25 311.1057297982761
7386 1846.5 311.1295168405767
7387 1846.75 311.1533086508234
7388 1847 311.1771052381594
7389 1847.25 311.2009066117238
7390 1847.5 311.2247127806418
7391 1847.75 311.2485237540254
7392 1848 311.2723395409893
7393 1848.25 311.2961601506281
7394 1848.5 311.3199855920298
7395 1848.75 311.3438158742698
7396 1849 311.3676510064257
7397 1849.25 311.391490997545
7398 1849.5 311.4153358566846
7399 1849.75 311.4391855928891
7400 1850 311.4630402151815
7401 1850.25 311.486899732588
7402 1850.5 311.510764154117
7403 1850.75 311.5346334887728
7404 1851 311.5585077455505
7405 1851.25 311.5823869334351
7406 1851.5 311.6062710613904
7407 1851.75 311.630160138391
7408 1852 311.6540541733942
7409 1852.25 311.6779531753363
7410 1852.5 311.7018571531606
7411 1852.75 311.725766115794
7412 1853 311.7496800721515
7413 1853.25 311.7735990311452
7414 1853.5 311.7975230016669
7415 1853.75 311.8214519926179
7416 1854 311.8453860128693
7417 1854.25 311.8693250712936
7418 1854.5 311.893269176757
7419 1854.75 311.9172183381077
7420 1855 311.9411725641915
7421 1855.25 311.9651318638441
7422 1855.5 311.9890962458913
7423 1855.75 312.0130657191384
7424 1856 312.0370402924027
7425 1856.25 312.061019974481
7426 1856.5 312.0850047741541
7427 1856.75 312.1089947002093
7428 1857 312.1329897614146
7429 1857.25 312.1569899665255
7430 1857.5 312.1809953242955
7431 1857.75 312.2050058434725
7432 1858 312.2290215327856
7433 1858.25 312.2530424009632
7434 1858.5 312.2770684567153
7435 1858.75 312.3010997087544
7436 1859 312.3251361657724
7437 1859.25 312.3491778364599
7438 1859.5 312.3732247294972
7439 1859.75 312.397276853556
7440 1860 312.4213342172959
7441 1860.25 312.4453968293684
7442 1860.5 312.4694646984255
7443 1860.75 312.4935378330943
7444 1861 312.5176162420008
7445 1861.25 312.5416999337701
7446 1861.5 312.5657889169993
7447 1861.75 312.5898832003029
7448 1862 312.6139827922583
7449 1862.25 312.6380877014585
7450 1862.5 312.6621979364719
7451 1862.75 312.6863135058618
7452 1863 312.7104344181915
7453 1863.25 312.7345606820051
7454 1863.5 312.7586923058407
7455 1863.75 312.7828292982287
7456 1864 312.8069716676979
7457 1864.25 312.8311194227531
7458 1864.5 312.8552725719057
7459 1864.75 312.8794311236513
7460 1865 312.9035950864741
7461 1865.25 312.9277644688573
7462 1865.5 312.9519392792736
7463 1865.75 312.9761195261837
7464 1866 313.0003052180445
7465 1866.25 313.0244963632987
7466 1866.5 313.0486929703853
7467 1866.75 313.0728950477379
7468 1867 313.097102603777
7469 1867.25 313.1213156469149
7470 1867.5 313.1455341855558
7471 1867.75 313.1697582280997
7472 1868 313.1939877829319
7473 1868.25 313.2182228584373
7474 1868.5 313.2424634629879
7475 1868.75 313.2667096049478
7476 1869 313.2909612926745
7477 1869.25 313.3152185345148
7478 1869.5 313.339481338811
7479 1869.75 313.3637497139004
7480 1870 313.3880236681041
7481 1870.25 313.4123032097419
7482 1870.5 313.43658834712
7483 1870.75 313.4608790885421
7484 1871 313.485175442307
7485 1871.25 313.5094774166953
7486 1871.5 313.5337850199892
7487 1871.75 313.5580982604584
7488 1872 313.5824171463645
7489 1872.25 313.606741685975
7490 1872.5 313.6310718875226
7491 1872.75 313.6554077592628
7492 1873 313.6797493094189
7493 1873.25 313.7040965462249
7494 1873.5 313.7284494778999
7495 1873.75 313.7528081126492
7496 1874 313.7771724586813
7497 1874.25 313.8015425241904
7498 1874.5 313.825918317378
7499 1874.75 313.8502998464127
7500 1875 313.8746871194807
7501 1875.25 313.899080144748
7502 1875.5 313.9234789303725
7503 1875.75 313.9478834845132
7504 1876 313.9722938153204
7505 1876.25 313.9967099309325
7506 1876.5 314.021131839481
7507 1876.75 314.045559549099
7508 1877 314.0699930679019
7509 1877.25 314.0944324040066
7510 1877.5 314.1188775655215
7511 1877.75 314.1433285605428
7512 1878 314.1677853971688
7513 1878.25 314.1922480834888
7514 1878.5 314.2167166275769
7515 1878.75 314.2411910375144
7516 1879 314.2656713213674
7517 1879.25 314.2901574871965
7518 1879.5 314.3146495430634
7519 1879.75 314.3391474970072
7520 1880 314.3636513570819
7521 1880.25 314.3881611313172
7522 1880.5 314.4126768277447
7523 1880.75 314.4371984543905
7524 1881 314.4617260192766
7525 1881.25 314.4862595304159
7526 1881.5 314.5107989958114
7527 1881.75 314.5353444234671
7528 1882 314.5598958213752
7529 1882.25 314.5844531975327
7530 1882.5 314.6090165599165
7531 1882.75 314.6335859165125
7532 1883 314.658161275284
7533 1883.25 314.6827426442114
7534 1883.5 314.7073300312422
7535 1883.75 314.7319234443443
7536 1884 314.7565228914672
7537 1884.25 314.7811283805504
7538 1884.5 314.8057399195395
7539 1884.75 314.8303575163735
7540 1885 314.854981178977
7541 1885.25 314.8796109152797
7542 1885.5 314.9042467331972
7543 1885.75 314.9288886406491
7544 1886 314.9535366455466
7545 1886.25 314.9781907557976
7546 1886.5 315.002850979295
7547 1886.75 315.0275173239444
7548 1887 315.0521897976351
7549 1887.25 315.0768684082515
7550 1887.5 315.1015531636817
7551 1887.75 315.1262440717989
7552 1888 315.1509411404763
7553 1888.25 315.1756443775906
7554 1888.5 315.2003537910061
7555 1888.75 315.2250693885777
7556 1889 315.2497911781687
7557 1889.25 315.274519167633
7558 1889.5 315.2992533648157
7559 1889.75 315.3239937775637
7560 1890 315.3487404137207
7561 1890.25 315.3734932811281
7562 1890.5 315.3982523876114
7563 1890.75 315.4230177410092
7564 1891 315.4477893491373
7565 1891.25 315.472567219835
7566 1891.5 315.4973513609134
7567 1891.75 315.5221417801847
7568 1892 315.5469384854784
7569 1892.25 315.5717414845889
7570 1892.5 315.5965507853332
7571 1892.75 315.6213663955119
7572 1893 315.6461883229259
7573 1893.25 315.6710165753761
7574 1893.5 315.6958511606619
7575 1893.75 315.7206920865624
7576 1894 315.7455393608835
7577 1894.25 315.7703929914059
7578 1894.5 315.7952529859182
7579 1894.75 315.8201193521998
7580 1895 315.844992098034
7581 1895.25 315.8698712311972
7582 1895.5 315.8947567594631
7583 1895.75 315.9196486906163
7584 1896 315.9445470324167
7585 1896.25 315.9694517926437
7586 1896.5 315.9943629790591
7587 1896.75 316.0192805994355
7588 1897 316.044204661532
7589 1897.25 316.069135173116
7590 1897.5 316.0940721419488
7591 1897.75 316.1190155757873
7592 1898 316.1439654823943
7593 1898.25 316.1689218695303
7594 1898.5 316.1938847449506
7595 1898.75 316.2188541164031
7596 1899 316.2438299916565
7597 1899.25 316.2688123784541
7598 1899.5 316.293801284548
7599 1899.75 316.3187967176966
7600 1900 316.343798685651
7601 1900.25 316.3688071961605
7602 1900.5 316.3938222569794
7603 1900.75 316.4188438758493
7604 1901 316.4438720605306
7605 1901.25 316.4689068187672
7606 1901.5 316.4939481583153
7607 1901.75 316.5189960869154
7608 1902 316.5440506123276
7609 1902.25 316.5691117422994
7610 1902.5 316.5941794845757
7611 1902.75 316.619253846919
7612 1903 316.6443348370698
7613 1903.25 316.6694224627893
7614 1903.5 316.6945167318262
7615 1903.75 316.7196176519345
7616 1904 316.7447252308721
7617 1904.25 316.7698394763894
7618 1904.5 316.7949603962506
7619 1904.75 316.8200879982104
7620 1905 316.8452222900292
7621 1905.25 316.8703632794688
7622 1905.5 316.8955109742923
7623 1905.75 316.920665382265
7624 1906 316.94582651115
7625 1906.25 316.9709943687156
7626 1906.5 316.9961689627361
7627 1906.75 317.0213503009757
7628 1907 317.0465383912236
7629 1907.25 317.0717332412403
7630 1907.5 317.096934858814
7631 1907.75 317.1221432517245
7632 1908 317.1473584277617
7633 1908.25 317.1725803947022
7634 1908.5 317.1978091603376
7635 1908.75 317.2230447324689
7636 1909 317.2482871188921
7637 1909.25 317.273536327397
7638 1909.5 317.2987923657947
7639 1909.75 317.3240552418877
7640 1910 317.3493249634893
7641 1910.25 317.3746015384083
7642 1910.5 317.3998849744663
7643 1910.75 317.4251752794802
7644 1911 317.4504724612798
7645 1911.25 317.4757765276938
7646 1911.5 317.5010874865575
7647 1911.75 317.5264053457008
7648 1912 317.5517301129765
7649 1912.25 317.5770617962244
7650 1912.5 317.6024004033024
7651 1912.75 317.627745942066
7652 1913 317.6530984203766
7653 1913.25 317.6784578461052
7654 1913.5 317.7038242271187
7655 1913.75 317.7291975712982
7656 1914 317.7545778865261
7657 1914.25 317.7799651806965
7658 1914.5 317.8053594617008
7659 1914.75 317.8307607374402
7660 1915 317.8561690158231
7661 1915.25 317.8815843047635
7662 1915.5 317.9070066121994
7663 1915.75 317.9324359460898
7664 1916 317.9578723144084
7665 1916.25 317.9833157251324
7666 1916.5 318.008766186254
7667 1916.75 318.0342237057751
7668 1917 318.059688291705
7669 1917.25 318.0851599520764
7670 1917.5 318.1106386949346
7671 1917.75 318.1361248510848
7672 1918 318.161619231206
7673 1918.25 318.1871222803975
7674 1918.5 318.2126342629758
7675 1918.75 318.2381553157994
7676 1919 318.2636854631319
7677 1919.25 318.2892247144331
7678 1919.5 318.3147730791391
7679 1919.75 318.3403305666548
7680 1920 318.3402023002784
