time_s,time_min,soc,temp_c,r0_ohm,r1_ohm,c1_f,r2_ohm,c2_f,v1_v,v2_v,q_ohmic_w,q_pol1_w,q_pol2_w,q_gen_w
0.0,0.0,1.0,25.0,0.030654884097534352,0.09343467632598729,9.523412577094936,0.015507240038292177,445.0954858985586,0.0,0.0,2.3202681773423746,0.0,0.0,2.3202681773423746
1.0,0.016666666666666666,0.9991666666666666,25.051561515052054,0.03074354775002167,0.09170158627280645,9.85474123885176,0.01533814054695639,455.2179909260959,0.548667798265736,0.01819639105789541,2.3269791291991395,4.773409844911902,0.15830860220369006,7.258697576314732
2.0,0.03333333333333333,0.9983333333333333,25.212728408263352,0.030830131939252665,0.09001119795156409,10.193497408044612,0.015174100889484655,465.43428106178914,0.7154164921241832,0.033574487491079545,2.333532686482034,6.224123481480394,0.292098041172392,8.84975420913482
3.0,0.05,0.9974999999999999,25.408822337155424,0.030914636548381617,0.0883622877443582,10.53968790469594,0.015014970667504578,475.74145561776623,0.7603393353704496,0.046571020861862475,2.339928840347004,6.614952217722911,0.4051678814982035,9.360048939568118
4.0,0.06666666666666667,0.9966666666666666,25.615733231802302,0.030997062009840464,0.08675367147889493,10.893313443791651,0.014860605139726634,486.13653326556374,0.7658771366403744,0.05755211213154727,2.346167623524824,6.663131088771257,0.5007033755444612,9.510002087840542
5.0,0.08333333333333333,0.9958333333333332,25.825424656247286,0.031077409298402484,0.08518420303073798,11.25436853499128,0.01471086498508632,496.6164545640884,0.7586166858872181,0.06682523419180142,2.3522491097960834,6.599965167218797,0.5813795374686723,9.533593814483552
6.0,0.1,0.9949999999999999,26.035081164152484,0.03115567992410142,0.08365277297920459,11.622841390655113,0.014565616076867552,507.1780845808916,0.7472739442841245,0.07464905611634794,2.3581734134552357,6.501283315271883,0.649446788212227,9.508903516939347
7.0,0.11666666666666667,0.9941666666666665,26.24362991475784,0.031231875924983065,0.08215830731470414,11.998713842445948,0.014424729267273893,517.8182156068731,0.734749308280443,0.08124155997164759,2.363940688761968,6.392318982039854,0.7068015717533339,9.463061242555154
8.0,0.13333333333333333,0.9933333333333332,26.450603818153045,0.0313059998597096,0.08069976619540435,12.38196126671203,0.01428808018189119,528.533569955502,0.7220194540889857,0.08678674610371456,2.3695511293814193,6.281569250574175,0.7550446911023166,9.406165071057911
9.0,0.15,0.9924999999999998,26.65576143177259,0.03137805480002984,0.07927614275121161,12.772552518885217,0.0141555490235637,539.3208028447259,0.7094146392666849,0.09144018277981562,2.375004967814258,6.171907361620158,0.7955295901843958,9.342441919618812
10.0,0.16666666666666666,0.9916666666666665,26.858955888390504,0.031448044323106786,0.0778864619331325,13.170449877069759,0.014027020385206255,550.1765053554848,0.6970446566559005,0.09533360785154524,2.3803024748159523,6.064288512906335,0.8294023883084435,9.27399337603073
11.0,0.18333333333333332,0.9908333333333331,27.0600874143777,0.031515972503717724,0.07652977940617033,13.575608995010011,0.013902383071108613,561.0972074621499,0.6849430916142412,0.09857875131085317,2.385443958806394,5.959004897043898,0.8576351364044225,9.202083992254714
12.0,0.2,0.9899999999999998,27.259084603322798,0.03158184390634764,0.07520518048399025,13.987978864551682,0.013781529926303538,572.0793811303305,0.6731169110952397,0.10127051633038699,2.3904297652714526,5.856117126528585,0.8810534920743667,9.127600383874404
13.0,0.21666666666666667,0.9891666666666664,27.455895941800033,0.03164566357715219,0.07391177910366294,14.40750178776347,0.013664357673613913,583.119443475736,0.6615637556387758,0.10348963110819843,2.395260276154649,5.7556046740573485,0.9003597906413263,9.051224740853323
14.0,0.23333333333333334,0.9883333333333331,27.650485213529752,0.03170743703583258,0.07264871683886706,14.834113358811033,0.013550766757984726,594.213759980619,0.6502780510158155,0.1053048633801633,2.3999359092421675,5.657419043837594,0.9161523114074207,8.973507264487182
15.0,0.25,0.9874999999999997,27.842828525504498,0.03176717026739518,0.07141516195000697,15.267742455649946,0.013440661197752632,605.358647761287,0.6392531945533431,0.10677487287209046,2.4044571175391405,5.5615027926140845,0.9289413939871869,8.894901304140411
16.0,0.26666666666666666,0.9866666666666664,28.032912122861827,0.03182486971383712,0.0702103084697579,15.708311241639008,0.013333948442512329,616.5503788820255,0.6284823444180802,0.1079497634815744,2.408824388640331,5.467796396437297,0.9391629422896972,8.815783727367325
17.0,0.2833333333333333,0.985833333333333,28.22073066225347,0.031880542265731115,0.06903337532262449,16.155735177071517,0.013230539237258697,627.7851837097893,0.6179587051563508,0.10887238600385686,2.4130382440931877,5.376240734860251,0.9471897582335546,8.736468737186993
18.0,0.3,0.9849999999999997,28.406285796869394,0.03193419525374552,0.06788360547715323,16.609923040699528,0.013130347492492306,639.0592543050892,0.6076756293553465,0.10957943326398387,2.417099238755998,5.286777975391514,0.9533410693966595,8.657218283544172
19.0,0.31666666666666665,0.9841666666666663,28.589584996600948,0.031985836440083605,0.06676026512949827,17.07077696117212,0.013033290160016583,650.3687478431613,0.5976266514508612,0.11010236220292217,2.4210079601499275,5.199351867622492,0.9578905511654229,8.578250378937843
20.0,0.3333333333333333,0.983333333333333,28.770640556141963,0.032035474009864694,0.06566264291709524,17.538192458444144,0.012939287114136498,661.7097900598515,0.5878054962954994,0.11046817147788669,2.424765027806658,5.113907817770844,0.9610730918576141,8.499745937435117
21.0,0.35,0.9824999999999996,28.94946875771303,0.03208311656244294,0.06459004916125127,18.0120584950593,0.012848261038015753,673.0784787179734,0.5782060783266273,0.1107000582274103,2.4283710926113056,5.030392881441657,0.9630905065784695,8.421854480631433
22.0,0.36666666666666664,0.9816666666666662,29.126089162817607,0.03212877310267608,0.06354181513750924,18.492257537243397,0.012760137314924386,684.4708870883094,0.5688224972874292,0.11081797361873996,2.431826836141552,4.948755726400633,0.9641163704830376,8.344698933025223
23.0,0.38333333333333336,0.9808333333333329,29.300524012450655,0.03217245303215016,0.0625172923726897,18.978665625734273,0.012674843924172364,695.8830674389741,0.5596490327607528,0.11083909347666153,2.435132970003445,4.868946585018549,0.9643001132469552,8.268379668268949
24.0,0.4,0.9799999999999995,29.47279771882343,0.032214166140359886,0.06151585196756623,19.471152456240258,0.012592311341483715,707.3110545313494,0.5506801383794617,0.11077821755773141,2.4382902351638394,4.790917203901317,0.9637704927522632,8.19297793181742
25.0,0.4166666666666667,0.9791666666666662,29.64293643450251,0.03225392259586347,0.060536883944166446,19.969581469366197,0.012512472443610447,718.7508691124693,0.541910436043654,0.11064810877574018,2.4412994012809053,4.7146207935797895,0.9626385463489394,8.118558741209634
26.0,0.43333333333333335,0.9783333333333328,29.810967687148494,0.03229173293740201,0.059579796616736486,20.473809949899078,0.012435262416989943,730.1985214040227,0.5333347102691881,0.11045978181688743,2.444161266031957,4.640011979341936,0.9610001018069205,8.045173347180814
27.0,0.45,0.9774999999999995,29.976920069920116,0.032327608065000984,0.05864401598545043,20.983689135247207,0.01236061867025522,741.6500145784685,0.5249479027118059,0.11022274903644616,2.446876654439924,4.567046753592711,0.9589379166170815,7.972861324649717
28.0,0.4666666666666667,0.9766666666666661,30.140822979170323,0.032361559231058136,0.057728985151974554,21.49906433285903,0.01228848075041196,753.1013482216891,0.5167451068797286,0.10994523024553933,2.44944641819879,4.495682429853638,0.956523503136192,7.901652351188621
29.0,0.48333333333333334,0.9758333333333328,30.302706392363394,0.032393598031417906,0.05683416375604461,22.019775046410164,0.01221879026251966,764.5485217733941,0.5087215630352598,0.10963433193046358,2.451871434998021,4.42587759840676,0.9538186877950331,7.831567721199814
30.0,0.5,0.9749999999999994,30.462600680232644,0.03242373639643811,0.05595902743224037,22.5456551105443,0.012151490792713725,775.9875379434593,0.5008726532812136,0.10929620055973095,2.4541526078464004,4.357592083546558,0.9508769448696592,7.762621636262617
31.0,0.5166666666666667,0.9741666666666661,30.620536448113416,0.03245198658206935,0.05510306728617941,23.076532833897424,0.0120865278344059,787.4144060987682,0.4931938968262167,0.10893615389448859,2.456290864396829,4.290786902388085,0.9477445388820507,7.694822305666964
32.0,0.5333333333333333,0.9733333333333327,30.77654440215549,0.03247836116091991,0.05426578938938447,23.612231150178822,0.012023848717533496,798.8251456151935,0.4856809454223998,0.10855879360068564,2.458287156270027,4.225424225174878,0.944461504325965,7.628172885770869
33.0,0.55,0.9724999999999994,30.930655236766874,0.03250287301335682,0.0534467142921064,24.152567776996783,0.011963402540699096,810.215789192103,0.4783295789689559,0.10816810194534887,2.460142458380977,4.161467337029916,0.9410624869245351,7.562672282335428
34.0,0.5666666666666667,0.971666666666666,31.082899540187395,0.0325255353185961,0.052645376553416556,24.697355382182966,0.011905140106082169,821.582386124054,0.47113570127516147,0.10776752492730629,2.4618577682645384,4.098880601093905,0.9375774668675646,7.498315836226007
35.0,0.5833333333333334,0.9708333333333327,31.233307715551916,0.03254636154583733,0.051861324287910134,25.246401757272462,0.011849013856994198,832.921005525751,0.46409533597668456,0.10736004383052267,2.463434105404427,4.037629422997155,0.9340323813255471,7.43509590972713
36.0,0.6,0.9699999999999993,31.38190991519327,0.03256536544540696,0.05109411872838745,25.799509997851317,0.011794977817950487,844.227739507041,0.45720462259922917,0.10694823688412128,2.464872510562852,3.9776802166132934,0.930449660891855,7.373002388068001
37.0,0.6166666666666667,0.969166666666666,31.528735986265374,0.03258256103993812,0.050343333803908305,26.356478690403705,0.0117429875371534,855.4987062927881,0.4504598127638043,0.106534332457496,2.4661740451129157,3.9190003710450974,0.9268486923802151,7.312023108538228
38.0,0.6333333333333333,0.9683333333333326,31.673815426047295,0.03259796261558831,0.049608555732635354,26.917102105372848,0.011693000031277656,866.7300532863198,0.44385726652813984,0.10612025500367568,2.4673397903738787,3.861558218794816,0.9232462185319783,7.252144227700673
39.0,0.65,0.9674999999999992,31.81717734552674,0.03261158471328689,0.04888938262891053,27.481170396045766,0.011644973732450721,877.9179600704274,0.43739344885899445,0.10570766478263119,2.468370846948684,3.8053230050732516,0.9196566836088913,7.1933505356308265
40.0,0.6666666666666666,0.9666666666666659,31.9588504400638,0.03262344212003591,0.04818542412402633,28.04846980289806,0.011598868437328807,889.0586413444279,0.43106492623032433,0.10529799224301159,2.4692683340655175,3.7502648582038214,0.9160925325142008,7.135625724783539
41.0,0.6833333333333333,0.9658333333333325,32.09886296610771,0.032633549860248474,0.04749630100018063,28.618782863067093,0.01155464525818598,900.1483497936198,0.4248683633424697,0.10489246781129216,2.4700333889222064,3.696354761079486,0.9125644699582417,7.078952619959934
42.0,0.7,0.9649999999999992,32.23724272308609,0.03264192318714329,0.0468216448371177,29.191888624527827,0.011512266575913657,911.1833788878665,0.41880051995774403,0.10449214772770964,2.470667166034875,3.6435645236323726,0.9090816852310738,7.023313374898322
43.0,0.7166666666666667,0.9641666666666658,32.374017039711156,0.03264857757419524,0.04616109767098489,29.767562864646987,0.011471695994855246,922.1600656074792,0.4128582478479653,0.10409793647544426,2.471170836590837,3.591866756277298,0.905652047336365,6.9686896402044995
44.0,0.7333333333333333,0.9633333333333325,32.50921276405425,0.032653528706639436,0.04551431166494726,30.345578312656997,0.011432898299391248,933.0747930914994,0.4070384878496832,0.10371060627067907,2.4715455878055383,3.541234844292244,0.9022822745549078,6.915062706652691
45.0,0.75,0.9624999999999991,32.64285625683127,0.032656792473040964,0.04488094879112559,30.925704875732503,0.011395839412201356,943.9239932106763,0.40133826702299924,0.10333081401417538,2.47179262228447,3.491642923100093,0.8989780819233257,6.862413627307888
46.0,0.7666666666666667,0.9616666666666658,32.7749733874199,0.03265838495693276,0.044260680523436,31.50770986821946,0.01136048635412306,954.7041490556005,0.3957546959100715,0.10295911604801973,2.47191315739024,3.443065854417622,0.8957443096177716,6.810723321425634
47.0,0.7833333333333333,0.9608333333333324,32.90558953219624,0.03265832242851185,0.043653187540930005,32.091358243632314,0.011326807205547667,965.4117973459221,0.3902849658895292,0.10259598101264963,2.4719084246140612,3.395479203238904,0.8925850348100517,6.759972662663017
48.0,0.8,0.9599999999999991,33.03472957483623,0.03265662133642148,0.04305815944124601,32.67641282902893,0.011294771069278696,976.0435307524671,0.38492634662318903,0.1022418010578811,2.471779668953741,3.3488592156217445,0.8895036692035655,6.710142553779051
49.0,0.8166666666666667,0.9591666666666657,33.1624179082762,0.03265329829959598,0.04247529446380356,33.26263456136352,0.011264348034792104,986.5960001337633,0.3796761835916024,0.101896901626309,2.471528148296419,3.3031827972469405,0.8865030441488883,6.661213989692248
50.0,0.8333333333333334,0.9583333333333324,33.28867843806951,0.032648370099191366,0.041904299222379295,33.84978272541968,0.011235509143836208,997.0659166848319,0.37453189571511497,0.10156154999724237,2.471155132807794,3.2584274927215,0.8835854849760085,6.613168110505303
51.0,0.85,0.957499999999999,33.413534586912554,0.032641853670595494,0.041344888446723974,34.43761519285973,0.011208226357321232,1007.4500539948517,0.3694909730572332,0.10123596275347979,2.4706619043273723,3.214571465597929,0.8807528759552741,6.565986245880575
52.0,0.8666666666666667,0.9566666666666657,33.5370093001448,0.032633766095517644,0.04079678473289047,35.025888662144695,0.011182472523429444,1017.7452500176475,0.3645509746072278,0.10092031231108317,2.47004975576973,3.1715934790828815,0.8780067171064235,6.5196499519590345
53.0,0.8833333333333333,0.9558333333333323,33.65912505205462,0.03262412459416373,0.040259718301954725,35.61435889875262,0.011158221346909514,1027.948408945869,0.359709526139042,0.10061473263329715,2.4693199905322523,3.129472877409665,0.8753481739096851,6.4741410418516026
54.0,0.9,0.954999999999999,33.77990385284584,0.032612946517513994,0.03973342676682646,36.20278097543176,0.011135447359488912,1038.0565029964914,0.35496431814365936,0.10031932423345558,2.4684739219106335,3.0881895678498363,0.8727781208310634,6.4294416105915335
55.0,0.9166666666666666,0.9541666666666656,33.89936725614029,0.032600249339666654,0.03921765490685594,36.790909512062264,0.011114125891372843,1048.0665741007153,0.3503131038322236,0.10003415855768019,2.4675128725193685,3.047724003340345,0.8702971794518176,6.385534055311531
56.0,0.9333333333333333,0.9533333333333323,34.017536366908615,0.03258605065029625,0.038712154449955356,37.37849891473792,0.011094233043769485,1057.9757355007227,0.3457536972072964,0.09975928182611746,2.4664381737209227,3.008057165703478,0.8679057518872219,6.342401091311623
57.0,0.95,0.9524999999999989,34.13443184973712,0.0325703681471982,0.038216683861964765,37.965303613701344,0.01107574566240678,1067.7811732518758,0.34128397119974363,0.09949471840104997,2.465251165061431,2.969170549437769,0.8656040500891347,6.300025764588335
58.0,0.9666666666666667,0.9516666666666656,34.25007393735089,0.03255321962892525,0.03773100814300257,38.55107829977716,0.01105864131199704,1077.4801476298276,0.33690185586884147,0.09924047374125841,2.463953193713352,2.9310461460589208,0.8633921215489481,6.258391461321221
59.0,0.9833333333333333,0.9508333333333322,34.364482439325094,0.03253462298753733,0.03725489863054928,39.13557815894469,0.011042898251609168,1087.0699944444702,0.3326053366632885,0.09899653699426642,2.4625456139266997,2.8936664289706098,0.8612698718501177,6.217481914747427
60.0,1.0,0.9499999999999988,34.477676750925724,0.03251459620143381,0.03678813280902515,39.718559104682086,0.011028495410910447,1096.5481262569563,0.32839245274089535,0.09876288327141099,2.4610297864865243,2.857014338845789,0.8592370844612756,6.177281209793589
61.0,1.0166666666666666,0.9491666666666655,34.58967586202978,0.03249315732830291,0.03633049412562976,40.29977800776767,0.011015412367242365,1105.9120335040302,0.3242612953448136,0.09853947564489281,2.4594070781792463,2.821073269499878,0.8572934381105674,6.137773785789692
62.0,1.0333333333333334,0.9483333333333321,34.700498366081916,0.03247032449816923,0.03588177181222112,40.87899292316183,0.011003629323494354,1115.1592855275019,0.32021000623424956,0.09832626690095145,2.4576788612664284,2.785827054237971,0.8554385220382775,6.098944437542677
63.0,1.05,0.9474999999999988,34.81016246905109,0.03244611590653921,0.035441760713020444,41.45596331374227,0.010993127086744235,1124.287531509506,0.3162367761676812,0.09812320107896554,2.455846512965952,2.751259952658826,0.8536718493870001,6.060778315011778
64.0,1.0666666666666667,0.9466666666666654,34.91868599835611,0.032420549807669445,0.03501026111793598,42.03045027045696,0.010983887047633471,1133.294501316029,0.31233984343668775,0.09793021482251102,2.4539114149424996,2.7173566378991834,0.8519928689558458,6.023260921797529
65.0,1.0833333333333333,0.9458333333333321,35.02608641173377,0.03239364450792754,0.03458707860130819,42.60221672869755,0.01097589116044614,1142.1780062459193,0.3085174924485521,0.09774723856513867,2.451874952805035,2.684102184302403,0.8504009755167063,5.986378112624144
66.0,1.1,0.9449999999999987,35.13238080602746,0.0323654183592644,0.03417202386588647,43.17102768057356,0.01096912192386162,1150.9359396916122,0.30476805235588644,0.0975741975707864,2.4497385156127223,2.6514820554962117,0.8488955188658417,5.950116089974776
67.0,1.1166666666666667,0.9441666666666654,35.2375859258775,0.032335889752809675,0.03376491259185157,43.736650382784994,0.010963562362356268,1159.5662777049397,0.3010898957315934,0.09741101284626728,2.4475034953901638,2.619482092864862,0.8474758117625253,5.914461400017551
68.0,1.1333333333333333,0.943333333333332,35.34171817229777,0.03230507711255455,0.03336556529070967,44.29885455988928,0.010959196008225532,1168.0670794775313,0.29748143728752763,0.09725760194112015,2.4451712866492534,2.5880885044014903,0.8461411368877453,5.879400927938489
69.0,1.15,0.9424999999999987,35.44479361112583,0.03227299888916699,0.03297380716388668,44.857412602646676,0.010956006884203558,1176.4364877307714,0.2939411326353036,0.0971138796482316,2.4427432859210487,2.557287853927141,0.8448907529396148,5.844921892787805
70.0,1.1666666666666667,0.9416666666666653,35.546827981335895,0.03223967355391023,0.03258946796585931,45.41209976127826,0.010953979486648991,1184.6727290181661,0.29046747708774046,0.09697975861699944,2.4402208912954646,2.5270670506633417,0.843723899967895,5.811011841926701
71.0,1.1833333333333333,0.940833333333332,35.64783670320626,0.03220511959266897,0.03221238187166567,45.9626943333388,0.010953098769287134,1192.774113945254,0.2870590044994986,0.09685514988937359,2.4376055019691134,2.4974133391456377,0.8426398040375501,5.777658645152301
72.0,1.2,0.9399999999999986,35.747834886334424,0.03216935550010402,0.03184238734864374,46.508977846075524,0.010953350127472046,1200.7390373006162,0.28371428614551264,0.09673996336786886,2.4348985178028726,2.4683142894659595,0.841637681300459,5.744850488569291
73.0,1.2166666666666666,0.9391666666666653,35.84683733749463,0.03213239977390479,0.03147932703225162,47.05073523299563,0.010954719382956073,1208.5659781093739,0.28043192963588637,0.0966341082235405,2.432101338886853,2.439757787832211,0.8407167415448022,5.712575868263866
74.0,1.2333333333333334,0.9383333333333319,35.944858568333835,0.03209427090916356,0.031123047605827965,47.58775500453337,0.010957192769144641,1216.2534996012707,0.2772105778659547,0.09653749325096321,2.4292153651145894,2.4117320274338057,0.8398761912833799,5.680823583831775
75.0,1.25,0.9374999999999986,36.041912802903425,0.03205498739286839,0.03077339968415995,48.119829412618,0.01096075691681613,1223.800249103128,0.2740489080002721,0.09645002717641368,2.426241995766208,2.384225499602367,0.839115236434799,5.649582731803374
76.0,1.2666666666666666,0.9366666666666652,36.13801398502465,0.0320145676984973,0.030430237700724276,48.64675460894881,0.010965398840287693,1231.2049578520894,0.2709456304893403,0.09637161892472179,2.4231826290992604,2.3572269852572605,0.8384330846450795,5.6188426990016005
77.0,1.2833333333333334,0.9358333333333319,36.23317578548684,0.03197303028074414,0.030093419798479237,49.16833079691538,0.010971105924011302,1238.4664407332068,0.2678994881179124,0.09630217784961008,2.4200386619495236,2.330725546625838,0.8378289472916076,5.5885931558669695
78.0,1.3,0.9349999999999985,36.32741160907814,0.03193039357034844,0.029762807724084735,49.68436237699621,0.010977865909582857,1245.5835959449669,0.2649092550837777,0.09624161393177597,2.4168114893396733,2.304710519228866,0.8373020412064508,5.558824049774991
79.0,1.3166666666666667,0.9341666666666651,36.420734601448935,0.03188667596903731,0.02943826672543422,50.194658085519066,0.010985666883142902,1252.5554045915856,0.26197373610595687,0.09618983794847391,2.4135025040964337,2.2791715041218246,0.836851590151723,5.529525598369982
80.0,1.3333333333333333,0.9333333333333318,36.51315765580885,0.0318418958445982,0.029119665452386208,50.699031126684446,0.010994497263163067,1259.3809302071652,0.25909176556128155,0.09614676161791338,2.410113096477637,2.2540983603831495,0.8364768260758464,5.500688282936633
81.0,1.35,0.9324999999999984,36.60469341945861,0.031796071526047624,0.02880687586058704,51.19729929779663,0.011004345788594475,1266.0593182113023,0.25626220664836985,0.09611229772140974,2.406644653806544,2.2294811978408173,0.8361769901762647,5.472302841823626
82.0,1.3666666666666667,0.9316666666666651,36.69535430015836,0.031749221298923935,0.02849977311828044,51.68928510760051,0.011015201507366604,1272.5897953005847,0.2534839505780476,0.09608636020588052,2.403098560115552,2.205310370029014,0.8359513337911604,5.444360263935727
83.0,1.3833333333333333,0.9308333333333317,36.78515247233428,0.03170136340069555,0.02819823551600392,52.17481588767304,0.011027053765226981,1278.9716687756952,0.25075591578929773,0.0960688642689823,2.3994761957986457,2.1815764673668903,0.8357991191401459,5.416851782305683
84.0,1.4,0.9299999999999984,36.874099883125965,0.031652516016276236,0.027902144379073665,52.653723896854764,0.01103989219489851,1285.2043258086637,0.24807704718985665,0.09605972642892248,2.3957789372719476,2.1582703105517527,0.8357196199316255,5.3897688677553255
85.0,1.4166666666666667,0.929166666666665,36.96220825827663,0.03160269727366238,0.027611383982766618,53.125846418653765,0.01105370670555705,1291.2872326515367,0.2454463154206049,0.09605886458074137,2.3920081566435054,2.1353829441592627,0.8357121218524498,5.363103222655218
86.0,1.4333333333333333,0.9283333333333317,37.04948910786912,0.031551925239674136,0.027325841470107137,53.591025851607505,0.011068487472600249,1297.219933787167,0.24286271614293814,0.09606619804066419,2.388165221390935,2.112905630443562,0.8357759229537783,5.336846774788275
87.0,1.45,0.9274999999999983,37.1359537319101,0.03150021791581498,0.027045406772173916,54.049109792631555,0.01108422492771037,1303.0020510278678,0.24032526934832166,0.0960816475799305,2.3842514940480357,2.0908298433303982,0.8359103339453953,5.310991671323829
88.0,1.4666666666666666,0.926666666666665,37.22161322576554,0.03144759323424362,0.02676997253084144,54.49995111331761,0.011100909749188995,1308.6332825610828,0.23783301868927742,0.09610513544935706,2.380268331899899,2.0691472625967133,0.8361146784094063,5.285530272906018
89.0,1.4833333333333334,0.9258333333333316,37.3064784854503,0.031394069053850386,0.02649943402387617,54.94340802924487,0.011118532852563633,1314.1134019451006,0.23538503083106468,0.09613658539574148,2.3762170866859353,2.0478497682302628,0.8363882929429508,5.260455147859149
90.0,1.5,0.9249999999999983,37.39056021277486,0.03133966315645196,0.026233689092309935,55.379344162272616,0.011137085381446159,1319.442257059281,0.2329803948233517,0.09617592267109464,2.3720991043118484,2.0269294349631597,0.8367305272385233,5.235759066513531
91.0,1.5166666666666666,0.9241666666666649,37.4738689203522,0.03128439324309028,0.02597263807001385,55.80762859594602,0.011156558698638195,1324.6197690072545,0.23061822149119904,0.09622307403557316,2.3679157245695026,2.0063785269734313,0.8371407441094865,5.211434995652421
92.0,1.5333333333333334,0.9233333333333316,37.55641493646798,0.031228276930443756,0.025716183715402532,56.22813592395175,0.011176944377476242,1329.645930979586,0.22829764284469642,0.09627796775488691,2.3636682808652876,1.9861894927488586,0.8376183194675161,5.187476093081663
93.0,1.55,0.9224999999999982,37.63820840981699,0.031171331747345384,0.02546423114519679,56.6407462918331,0.011198234193402478,1334.5208070736726,0.2260178115066254,0.09634053359287094,2.3593580999565718,1.9663549601076407,0.8381626422579771,5.16387570232219
94.0,1.5666666666666667,0.9216666666666649,37.71925931410908,0.03111357513140533,0.025216687770178468,57.04534543184845,0.011220420115758028,1339.2445310784717,0.223777900157538,0.09641070279983052,2.354986501696069,1.9468677313705804,0.8387731143585255,5.140627347425175
95.0,1.5833333333333333,0.9208333333333315,37.799577452547574,0.031055024425746865,0.024973463232871824,57.441824691258475,0.011243494299784051,1343.8173052215175,0.2215771009976628,0.09648840809720219,2.35055479878478,1.9277207786796664,0.8394491504456589,5.1177247279101055
96.0,1.6,0.9199999999999982,37.87917246218323,0.030995696875840393,0.02473446934708926,57.83008105397191,0.01126744907882964,1348.2393988829756,0.21941462522507602,0.09657358365900903,2.346064296532359,1.9089072394581612,0.8401901778333785,5.095161713823899
97.0,1.6166666666666667,0.9191666666666648,37.95805381814682,0.030935609626443865,0.024499620039280176,58.210017155756645,0.011292276956755536,1352.511147278513,0.2172897025295913,0.09666616509053849,2.3415162926255357,1.8904204120074442,0.8409956362876848,5.072932340920665
98.0,1.6333333333333333,0.9183333333333314,38.036230837763334,0.030874779718650238,0.02426883129162499,58.58154129304483,0.011317970600524504,1356.6329501135292,0.21520158060184347,0.09676608940462005,2.336912076904636,1.872253751236038,0.8418649778201943,5.051030805960869
99.0,1.65,0.9174999999999981,38.11371268455065,0.030813224087032107,0.02404202108681748,58.94456742551723,0.011344522832978803,1360.6052702105403,0.2131495246570585,0.09687329499583709,2.3322529311474596,1.8544008645164087,0.8427976664637826,5.029451462127652
100.0,1.6666666666666667,0.9166666666666647,38.190508372105796,0.030750959556887936,0.02381910935448168,59.29901517255942,0.011371926625788467,1364.4286321106795,0.21113281697302233,0.0969877216129727,2.3275401288608473,1.8368555076652942,0.8437931780328625,5.008188814559004
101.0,1.6833333333333333,0.9158333333333314,38.26662676788149,0.03068800284159992,0.023600017919169866,59.64480980368796,0.011400175092570403,1368.1036206550004,0.20915075644177908,0.09710931032995009,2.3227749350806977,1.8196115810434779,0.8448509998705657,4.9872375159947415
102.0,1.7,0.914999999999998,38.34207659685591,0.030624370540064626,0.023384670449891606,59.981882223156404,0.011429261482171799,1371.6308795436069,0.20720265813460118,0.09723800351550178,2.3179586061774913,1.8026631257710302,0.8459706305848654,4.966592362533387
103.0,1.7166666666666666,0.9141666666666647,38.41686644509837,0.030560079134254275,0.02317299241112438,60.310168948835575,0.01145917917211208,1375.0111098773493,0.20528785287979703,0.09737374480177473,2.3130923896717057,1.7860043200542342,0.8471515797754401,4.94624828950138
104.0,1.7333333333333334,0.9133333333333313,38.4910047632337,0.03049514498684689,0.022964911015258906,60.629612085535804,0.011489921662171838,1378.2450686826696,0.2034056868529317,0.09751647905205432,2.308177524054441,1.7696294756205055,0.8483933677528726,4.9262003674278185
105.0,1.75,0.912499999999998,38.56449986980791,0.03042958433896593,0.022760355176433173,60.940159292887635,0.011521482568135274,1381.3335674228836,0.20155552117905529,0.0976661523277663,2.303215238616331,1.7535330342577808,0.8496955252515668,4.906443798125679
106.0,1.7666666666666666,0.9116666666666646,38.63735995455788,0.030363413308015126,0.022559255465710967,61.241763748026045,0.01155385561566968,1384.2774704972696,0.19973673154654442,0.09782271185490259,2.2982067532836643,1.7377095644549363,0.8510575931376524,4.886973910876253
107.0,1.7833333333333334,0.9108333333333313,38.70959308158742,0.030296647885595093,0.022361544067562904,61.534384103153116,0.011587034634343752,1387.077693728325,0.19794870783217955,0.09798610598999422,2.293153278460692,1.722153758139962,0.8524791221129496,4.867786158713604
108.0,1.8,0.9099999999999979,38.78120719245238,0.0302293039355221,0.02216715473760759,61.81798443817127,0.011621013551776294,1389.7352028427936,0.1961908537370925,0.09815628418574357,2.2880560148796674,1.7068604275127046,0.853959672415969,4.848876114808341
109.0,1.8166666666666667,0.9091666666666646,38.852210109157134,0.030161397191934104,0.021976022761574926,62.09253420860982,0.011655786387917939,1392.251011944227,0.19446258643322903,0.098333196956412,2.2829161534574918,1.6918245019690925,0.8554988135207844,4.830239468947369
110.0,1.8333333333333333,0.9083333333333312,38.92260953706488,0.03009294325748009,0.021788084915451297,62.35800818896839,0.011691347249448753,1394.6261819814786,0.1927633362199922,0.09851679584305136,2.2777348751586675,1.677041025113932,0.8570961238345467,4.811872024107146
111.0,1.85,0.9074999999999979,38.99241306772397,0.030023957601606338,0.02160327942677075,62.614386411628466,0.011727690324302213,1396.8618192142221,0.19109254619073282,0.09870703337865036,2.2725133508655833,1.6625051518593754,0.8587511903942581,4.793769693119217
112.0,1.8666666666666667,0.9066666666666645,39.06162818161269,0.029954455558920876,0.021421545937015903,62.86165410161199,0.01176480987630106,1398.9590736757234,0.1894496719087724,0.09890386305326498,2.2672527412547208,1.6482121456063197,0.8604636085634053,4.775928495424446
113.0,1.8833333333333333,0.9058333333333312,39.130262250804485,0.029884452327647394,0.02124282546509383,63.09980160724743,0.011802700239909897,1400.919137638309,0.18783418109265465,0.09910723927918826,2.2619541966796306,1.6341573755060954,0.8622329817289378,4.758344553914664
114.0,1.9,0.9049999999999978,39.198322541555996,0.0298139629681605,0.02106706037185387,63.32882432701909,0.011841355815089903,1402.743244077839,0.18624555331032794,0.0993171173562115,2.256618857060068,1.620336313799853,0.86405892099904,4.74101409185896
115.0,1.9166666666666667,0.9041666666666645,39.26581621681982,0.02974300240160241,0.020894194325614387,63.54872263274213,0.011880771062265746,1404.4326651428921,0.1846832796819773,0.09953345343701708,2.251247851777286,1.6067445332332024,0.8659410449020486,4.723933429912536
116.0,1.9333333333333333,0.9033333333333311,39.332750338684136,0.029671585408582463,0.020724172268667483,63.75950178925947,0.01192094049738963,1405.9887106293259,0.18314686259122928,0.09975620449274367,2.245842299575606,1.5933777045436945,0.8678789790868698,4.70709898320617
117.0,1.95,0.9024999999999977,39.399131870741115,0.02959972662795513,0.020556940384732002,63.961171870809004,0.011961858687107835,1407.4127264592573,0.18163581540446433,0.09998532827875334,2.240403308469923,1.5802315940188396,0.869872356025154,4.690507258513917
118.0,1.9666666666666666,0.9016666666666644,39.46496768038612,0.02952744055567502,0.02039244606732446,64.15374767434103,0.012003520244023189,1408.7060931699045,0.1801496621979845,0.10022078330063032,2.2349319756590416,1.567302061122465,0.8719208147154837,4.67415485149699
119.0,1.9833333333333334,0.900833333333331,39.53026454104946,0.02945474154372659,0.02023063788902049,64.33724862982179,0.012045919822048978,1409.8702244086244,0.17868793749278555,0.10046252878043406,2.2294293874446653,1.554585056187234,0.8740240003897762,4.658038444021676
120.0,2.0,0.8999999999999977,39.5950291343627,0.029381643799135597,0.020071465571579305,64.5116987078693,0.012089052111857514,1410.9065654413328,0.1772501859966962,0.10071052462322612,2.223896619156573,1.5420766181712569,0.8761815642220672,4.642154801549897
121.0,2.0166666666666666,0.8991666666666643,39.65926805226106,0.029308161383044345,0.019914879956904594,64.67712632476649,0.012132911836416196,1411.8165916692506,0.17583596235365626,0.10096473138388877,2.218334735082626,1.5297728724768094,0.8783931630398323,4.626500770599268
122.0,2.033333333333333,0.898333333333331,39.722987799023905,0.029234308209868325,0.01976083297881647,64.8335642451644,0.01217749374660654,1412.6018071606456,0.1744448308999092,0.10122511023424909,2.212744788404933,1.51767002882921,0.880658459037967,4.61107327627211
123.0,2.05,0.8974999999999976,39.78619479325478,0.029160098046517202,0.01960927763560971,64.98104948247779,0.012222792616934874,1413.2637431948908,0.17307636542689647,0.10149162293051811,2.2071278211408867,1.5057643792139992,0.8829771194955075,4.595869319850393
124.0,2.066666666666667,0.8966666666666643,39.848895369802776,0.029085544511687603,0.019460167963374454,65.11962319736512,0.012268803241315629,1413.8039568214726,0.1717301489506446,0.10176423178105806,2.2014848640896343,1.4940522958706077,0.885348816495205,4.5808859764554475
125.0,2.0833333333333335,0.8958333333333309,39.911095781626756,0.029010661075224622,0.019313459010055895,65.24933059430302,0.012315520428943976,1414.2240294358269,0.17040577348744718,0.10204289961448039,2.1958169367837512,1.4825302293407903,0.8877732266459794,4.566120392770521
126.0,2.1,0.8949999999999976,39.97280220160398,0.028935461057547178,0.019169106810231415,65.37022081647314,0.012362939000242556,1414.5255653698907,0.1691028398356456,0.10232758974808465,2.190125047445745,1.4711947065701168,0.8902500308083363,4.551569784824198
127.0,2.1166666666666667,0.8941666666666642,40.03402072428469,0.028859957629142882,0.019027068360582648,65.48234683921154,0.01241105378288183,1414.710190502592,0.1678209573633251,0.10261826595664067,2.1844101929498243,1.4600423290609283,0.8927789138227737,4.537231435833526
128.0,2.1333333333333333,0.8933333333333309,40.094757367594006,0.028784163810120056,0.018887301596042044,65.58576536205369,0.012459859607882302,1414.7795508871502,0.16655974380174415,0.10291489244151517,2.1786733587879867,1.449069771075174,0.8953595642411819,4.523102694104343
129.0,2.15,0.8924999999999975,40.15501807448274,0.028708092469825922,0.018749765366593545,65.68053669963754,0.012509351305785088,1414.7353113987465,0.16531882504432255,0.10321743380014844,2.1729155190411236,1.438273777885606,0.8979916740612914,4.509180970988021
130.0,2.1666666666666665,0.8916666666666642,40.214808714528296,0.02863175632653021,0.018614419414707956,65.76672467161333,0.012559523702895595,1414.5791544010126,0.16409783495102065,0.1035258549958793,2.167137636355071,1.4276511640738796,0.9006749384641498,4.4954637388931005
131.0,2.183333333333333,0.8908333333333308,40.27413508548718,0.028555167947157258,0.018481224353393774,65.84439649168519,0.012610371617598174,1414.3127784348517,0.16289641515794756,0.10384012132811915,2.1613406619203324,1.4171988118741436,0.9034090555546366,4.481948529349112
132.0,2.2,0.8899999999999975,40.3330029148003,0.028478339747085166,0.018350141644845358,65.91362265597712,0.012661889856742303,1413.9378969279126,0.1617142148920404,0.10416019840287487,2.1555255354568756,1.4069136695607514,0.9061937261050113,4.468632931122638
133.0,2.216666666666667,0.8891666666666641,40.39141786105245,0.02840128398999854,0.018221133579670437,65.97447683080878,0.012714073212093092,1413.456236925387,0.1605508907906632,0.10448605210361998,2.149693185202989,1.3967927498787698,0.9090286533014937,4.455514588383252
134.0,2.2333333333333334,0.8883333333333308,40.44938551538705,0.02832401278779471,0.018094163256680337,66.02703574014943,0.012766916456850437,1412.8695378449718,0.15940610672597694,0.10481764856251145,2.1438445279081813,1.3868331285159992,0.9119135424938496,4.442591198918031
135.0,2.25,0.8874999999999974,40.50691140287753,0.028246538100551246,0.017969194563225523,66.07137905276818,0.01282041434223615,1412.1795502541052,0.15827953363394318,0.10515495413195006,2.1379804688307233,1.3770319426153055,0.9148481009479654,4.4298605123939945
136.0,2.2666666666666666,0.886666666666664,40.56400098385639,0.02816887173653169,0.01784619215606087,66.10758926930674,0.012874561594144554,1411.3880346704527,0.15717084934781927,0.10549793535648354,2.1321019017380833,1.3673863893260276,0.9178320376014067,4.417320328665518
137.0,2.283333333333333,0.8858333333333307,40.62065965520311,0.028091025352260775,0.01772512144272488,66.1357516093277,0.012929352909857942,1410.4967603872428,0.1560797384360153,0.10584655894504894,2.1262097089126177,1.3578937243933331,0.9208650628219257,4.404968496127877
138.0,2.3,0.8849999999999973,40.67689275159208,0.028013010452634046,0.01760594856341795,66.15595389858042,0.012984782954824364,1409.5075043224892,0.1550058920441832,0.10620079174355171,2.1203047611598707,1.3485512607843937,0.9239468881688998,4.392802910113164
139.0,2.316666666666667,0.884166666666664,40.73270554670146,0.02793483839108419,0.017488640373364676,66.16828645650764,0.013040846359501262,1408.4220498940203,0.15394900774141582,0.10656060070777845,2.114387917821162,1.3393563673503175,0.9270772261576724,4.380821511329152
140.0,2.3333333333333335,0.8833333333333306,40.78810325438424,0.02785652036979434,0.017373164425646532,66.17284198418206,0.013097537716258045,1407.2421859173555,0.1529087893704335,0.1069259528766412,2.108460026789733,1.3303064675227714,0.9302557900267783,4.369022284339283
141.0,2.35,0.8824999999999973,40.84309102980231,0.027778067439952907,0.017259488954490934,66.1697154527445,0.013154851576344054,1405.9697055320441,0.15188494690164486,0.10729681534574981,2.102521924530035,1.3213990380443101,0.9334822935080233,4.357403256082368
142.0,2.3666666666666667,0.8816666666666639,40.897673970524664,0.027699490502056723,0.017147582859003144,66.15900399249615,0.01321278244691151,1404.606405151013,0.15087719629096777,0.10767315524131019,2.096574436100673,1.3126316077314195,0.9367564505993985,4.3459624944314905
143.0,2.3833333333333333,0.8808333333333306,40.951857117590635,0.02762080030625989,0.017037415687329055,66.14080678274507,0.013271324788108118,1403.1540834370785,0.14988525934130142,0.1080549396943437,2.0906183751808105,1.3040017562693222,0.9400779753407901,4.334698106790923
144.0,2.4,0.8799999999999972,41.00564545653908,0.02754200745275696,0.016928957621235266,66.11522494247538,0.01333047301022147,1401.6145403053818,0.148908863567548,0.10844213581522831,2.0846545440991737,1.2955071130376676,0.9434465815924862,4.323608238729327
145.0,2.4166666666666665,0.8791666666666639,41.05904391840451,0.0274631223922139,0.01682217946109524,66.08236142200842,0.013390221470888185,1399.9895759507533,0.14794774206507746,0.10883471066855538,2.0786837338666695,1.2871453559661739,0.9468619828164317,4.312691072649275
146.0,2.433333333333333,0.8783333333333305,41.11205738068097,0.027384155426238642,0.016717052611269424,66.04232089566572,0.013450564472361003,1398.2809899033941,0.14700163338154107,0.10923263124830176,2.0727067242120025,1.2789142104194071,0.9503238918602253,4.301944826491635
147.0,2.45,0.8774999999999972,41.16469066825453,0.02730511670788429,0.016613549065868094,65.99520965563835,0.013511496258837678,1396.4905801088175,0.146070281391936,0.10963586445331365,2.0667242836197617,1.2708114481098431,0.9538320207438287,4.291367752473434
148.0,2.466666666666667,0.8766666666666638,41.21694855430526,0.02722601624219602,0.01651164139488622,65.9411355069985,0.013573011013845282,1394.6201420344553,0.14515343517683,0.11004437706310133,2.060737169371816,1.2628348860384209,0.9573860804489814,4.280958135859218
149.0,2.4833333333333334,0.8758333333333305,41.26883576117954,0.027146863886789115,0.016411302730699247,65.8802076640719,0.013635102857686644,1392.6714678040394,0.1442508489036573,0.1104581357139412,2.0547461275910677,1.2549823854618185,0.9609857807112884,4.270714293764175
150.0,2.5,0.8749999999999971,41.32035696123337,0.02706766935246829,0.016312506754909573,65.81253664821962,0.013697765844944615,1390.646345356315,0.1433622817109982,0.11087710687528383,2.0487518932883244,1.2472518508856842,0.9646308298149693,4.260634573988978
151.0,2.5166666666666666,0.8741666666666638,41.371516777647614,0.026988442203872514,0.016215227685534524,65.7382341870058,0.01376099396204579,1388.5465576307922,0.14248749759575857,0.11130125682646679,2.04275519041111,1.2396412290830994,0.9683209343902609,4.25071735388447
152.0,2.533333333333333,0.8733333333333304,41.42231978521576,0.026909191860157403,0.01611944026452484,65.65741311494484,0.013824781124882585,1386.3738817793762,0.14162626530317116,0.11173055163373019,2.0367567318953133,1.232148508137589,0.9720557992134525,4.240961039246355
153.0,2.55,0.8724999999999971,41.472770511105104,0.026829927595708902,0.016025119745605238,65.57018727584473,0.013889121176496523,1384.1300884049615,0.1407783582195361,0.11216495712753416,2.0307572197192063,1.224771716509964,0.9758351270095471,4.2313640632387175
154.0,2.566666666666667,0.8716666666666637,41.522873435591904,0.026750658540889018,0.015932241882427742,65.47667142677385,0.013954007884815801,1381.816940824241,0.13994355426762736,0.11260443888017725,2.0247573449598892,1.217508922128358,0.979658618257542,4.221924885345789
155.0,2.5833333333333335,0.8708333333333304,41.57263299277135,0.026671393682802736,0.015840782917028853,65.37698114376087,0.014019434940458438,1379.436194357086,0.13912163580469064,0.11304896218371382,2.0187577878513387,1.2103582315008086,0.9835259709983102,4.212641990350457
156.0,2.6,0.869999999999997,41.62205357124286,0.026592141866105173,0.01575071956858198,65.27123272924199,0.014085395954587953,1376.9895956420323,0.138312389522962,0.11349849202817214,2.0127592178455003,1.2033177888497693,0.9874368806450975,4.2035138873403675
157.0,2.6166666666666667,0.8691666666666636,41.67113951477155,0.026512911793824673,0.01566202902243703,65.15954312132335,0.01415188445683547,1374.4788819754197,0.1375156063526369,0.11395299308006977,2.0067622936745892,1.196385775267941,0.9913910397966069,4.1945391087391375
158.0,2.6333333333333333,0.8683333333333303,41.71989512292637,0.026433712028221194,0.015574688919438999,65.04202980489497,0.014218893893276368,1371.905780677923,0.13673108136722378,0.11441242966122978,2.000767663416062,1.1895604078948467,0.995388138052699,4.1857162093636076
159.0,2.65,0.8674999999999969,41.76832465169553,0.026354550991661223,0.015488677345517777,64.91881072463731,0.014286417624468077,1369.2720084830817,0.1359586136912168,0.11487676572789464,1.9947759645588374,1.1828399391135862,0.9994278618326833,4.177043765505107
160.0,2.6666666666666665,0.8666666666666636,41.81643231408001,0.0262754369675246,0.01540397282154156,64.79000419994962,0.01435444892355,1366.5792709534621,0.13519800641002472,0.11534596485013998,1.9887878240719365,1.1762226557672149,1.0035098941962177,4.168520374035369
161.0,2.683333333333333,0.8658333333333302,41.86422228066547,0.026196378101128032,0.01532055429342681,64.65572884186763,0.014422980974400623,1363.8292619185174,0.13444906648209465,0.11581999019158837,1.9828038584743803,1.1697068783942233,1.0076339146668187,4.160144651535423
162.0,2.7,0.8649999999999969,41.91169868017337,0.026117382400677437,0.015238401122497323,64.5161034719106,0.014492006869859986,1361.0236629383544,0.13371160465317306,0.11629880448942355,1.9768246739072748,1.1632909604826054,1.0117995990579849,4.151915233447864
163.0,2.716666666666667,0.8641666666666635,41.95886559999175,0.026038457738230398,0.015157493076085424,64.37124704301844,0.014561519610008745,1358.1641427898187,0.13298543537264434,0.11678237003470748,1.9708508662066584,1.1569732877420058,1.016006619301955,4.1438307732506185
164.0,2.7333333333333334,0.8633333333333302,42.005727086686235,0.025959611850696798,0.015077810318369297,64.22127856245726,0.014631512100510396,1355.2523569768878,0.1322703767118919,0.11727064865299999,1.9648830209792403,1.1507522773934595,1.0202546432811,4.1358899416538
165.0,2.75,0.8624999999999968,42.05228714649182,0.02588085234083573,0.014999333401439002,64.06631701683978,0.014701977151016572,1352.2899472642405,0.1315662502846299,0.11776360168528295,1.958921713677856,1.14462637747628,1.0245433346619617,4.1280914258160974
166.0,2.7666666666666666,0.8616666666666635,42.09854974578598,0.025802186678292552,0.014922043256585828,63.90648129915279,0.014772907473634328,1349.2785412320072,0.13087288116914983,0.11826118996919131,1.9529675096799628,1.1385940661716034,1.0288723527319643,4.12043392858353
167.0,2.783333333333333,0.8608333333333301,42.14451881154352,0.02572362220063824,0.014845921185807838,63.741890137920635,0.014844295681451876,1346.219751855167,0.13019009783243488,0.11876337382055321,1.947020964366308,1.1326538511421833,1.0332413522388129,4.112916167747304
168.0,2.8,0.8599999999999968,42.19019823177379,0.025645166114433182,0.014770948853526806,63.572662028423295,0.014916134287134678,1343.1151771029893,0.12951773205608816,0.11927011301523897,1.941082623201447,1.126804268887967,1.037649983232579,4.105536875321993
169.0,2.816666666666667,0.8591666666666634,42.23559185594066,0.025566825496303885,0.014697108278510016,63.39891516603367,0.014988415701579062,1339.966399561288,0.12885561886403196,0.11978136677132498,1.9351530218152406,1.121043884117078,1.0420978909105272,4.098294796842845
170.0,2.8333333333333335,0.8583333333333301,42.28070349536577,0.025488607294036143,0.014624381825991357,63.220767381625635,0.01506113223263339,1336.7749860749097,0.1282035964519285,0.12029709373157206,1.9292326860855953,1.1153712891317777,1.0465847154646768,4.09118869068205
171.0,2.85,0.8574999999999967,42.32553692361551,0.025410518327678145,0.014552752199987005,63.03833607911422,0.015134276083879482,1333.5424874119835,0.12756150611827646,0.1208172519462233,1.9233221322219585,1.1097851032290051,1.0511100919321426,4.084217327383106
172.0,2.8666666666666667,0.8566666666666634,42.370095876872156,0.025332565290665264,0.014482202435799365,62.851738175067005,0.015207839353484227,1330.2704379484762,0.12692919219714324,0.12134179885612187,1.9174218668504535,1.104283972115146,1.0556736500482602,4.077379489013859
173.0,2.8833333333333333,0.85583333333333,42.41438405428969,0.025254754750946014,0.014412715892705227,62.66109004040888,0.015281814033112413,1326.960355371552,0.12630650199248547,0.12187069127615463,1.9115323870991034,1.0988665673346234,1.0602750141025452,4.070673968536273
174.0,2.9,0.8549999999999967,42.45840511833461,0.02517709315213157,0.014344276246822435,62.466507444228725,0.01535619200690776,1323.6137404044648,0.125693285714021,0.12240388537902344,1.905654180684838,1.0935315857119825,1.0649138027975038,4.064099569194324
175.0,2.9166666666666665,0.8541666666666633,42.50216269511226,0.025099586814646965,0.014276867484150597,62.26810549963916,0.015430965050536712,1320.232076549155,0.12508939641460962,0.12294133667934802,1.8997877260006284,1.0882777488071036,1.0695896291103277,4.0576551039180595
176.0,2.933333333333333,0.85333333333333,42.54566037467903,0.025022241936895995,0.01421047389378108,62.06599861171306,0.015506124830305437,1316.8168298483577,0.12449468992910409,0.12348300001810339,1.8939334922036575,1.0831038023832056,1.0743021001574995,4.051339394744362
177.0,2.95,0.8524999999999966,42.588901711340874,0.024945064596440414,0.014145080061271883,61.86030042745616,0.015581662902335989,1313.369448665408,0.1239090248146342,0.12402882954739786,1.8880919393045745,1.0780085158873174,1.0790508170623612,4.0451512722542535
178.0,2.966666666666667,0.8516666666666632,42.631890223938505,0.024868060751175744,0.014080670862182716,61.65112378781621,0.015657570711817087,1309.8913634828996,0.12333226229228704,0.12457877871559277,1.8822635182564917,1.0729906819428972,1.083835374825657,4.039089575025046
179.0,2.9833333333333334,0.8508333333333299,42.67462939611967,0.024791236240529327,0.014017231455766305,61.438580681722996,0.015733839592320113,1306.3839867183922,0.12276426619014716,0.12513280025277065,1.8764486710456643,1.0680491158542802,1.0886553621991046,4.033153149099049
180.0,3.0,0.8499999999999965,42.71712267659888,0.02471459678665656,0.013954747278811581,61.222782202082385,0.015810460765180355,1302.8487125562733,0.12220490288766248,0.12569084615655493,1.8706478307820347,1.0631826551226635,1.0935103615620279,4.027340847466726
181.0,3.0166666666666666,0.8491666666666632,42.75937347940499,0.024638147995646932,0.013893204039634842,61.00383850378974,0.015887425338955836,1299.286916798226,0.12165404126130197,0.126252867678285,1.864861421790516,1.058390158973327,1.0983999488010794,4.021651529564922
182.0,3.033333333333333,0.8483333333333298,42.80138518411691,0.02456189535873468,0.013832587712214888,60.78185876365445,0.015964724308946566,1295.6999567278424,0.12111155263147294,0.12681881530955347,1.8590898597026275,1.0536705078938144,1.1033236931931152,4.016084060789557
183.0,3.05,0.8474999999999965,42.84316113608792,0.024485844253520253,0.013772884530468408,60.55695114227571,0.01604234855679005,1292.089170992834,0.12057731071066508,0.12738863876910786,1.8533335515489475,1.049022603182786,1.1082811572912383,4.010637312022972
184.0,3.066666666666667,0.8466666666666631,42.88470464665886,0.024409999945187492,0.013714080982661692,60.32922274780766,0.0161202888501266,1288.4558795007745,0.12005119155279148,0.12796228699012321,1.8475928958512409,1.0444453665092859,1.1132718968140718,4.0053101591745985
185.0,3.0833333333333335,0.8458333333333298,42.926018993360536,0.024334367587735755,0.013656163805955591,60.09877960158889,0.016198535842329904,1284.8013833312482,0.11953307350369452,0.12853970810785095,1.841868282715719,1.0399377394821423,1.1182954605383033,4.000101482736165
186.0,3.1,0.8449999999999964,42.96710742010571,0.02425895222520503,0.013599119981079757,59.865726605622626,0.016277080072317818,1281.1269646620706,0.11902283715279052,0.12912084944764643,1.8361600939257683,1.0354986832292774,1.1233513901945238,3.9950101673495695
187.0,3.1166666666666667,0.8441666666666631,43.007973137370975,0.024183758792913797,0.013542936727132844,59.63016751187763,0.016355911964426588,1277.4338867085853,0.1185203652858223,0.12970565751338378,1.8304687030356448,1.031127177986654,1.1284392203664388,3.990035101388738
188.0,3.1333333333333333,0.8433333333333297,43.04861932236884,0.024108792118694884,0.013487601496505566,59.39220489335517,0.016435021828362144,1273.7233936783716,0.11802554283869199,0.1302940779762608,1.8247944754640153,1.0268222226966202,1.133558478393469,3.9851751765541046
189.0,3.15,0.8424999999999964,43.089049119210394,0.024034056924130257,0.013433101969923483,59.15194011691948,0.016514399859224798,1269.996710737508,0.1175382568523479,0.13088605566399994,1.8191377685874188,1.0225828346154267,1.1387086842767993,3.9804292874796445
190.0,3.1666666666666665,0.841666666666663,43.129265639058715,0.02395955782579726,0.01337942605160597,58.90947331784992,0.016594036137600222,1266.2550439907998,0.11705839642870025,0.13148153455045222,1.8134989318345942,1.018408048929692,1.1438893505889343,3.9757963313532203
191.0,3.183333333333333,0.8408333333333297,43.16927196027352,0.023885299336504344,0.013326561864538818,58.66490337605665,0.016673920629731706,1262.4995804736884,0.11658585268753793,0.13208045774560648,1.8078783067800135,1.01429691838158,1.1490999823867762,3.97127520754837
192.0,3.2,0.8399999999999963,43.2090711285472,0.02381128586653631,0.013274497745857386,58.418327893964054,0.016754043187760397,1258.7314881560349,0.116120518724423,0.13268276748601246,1.802276227238133,1.01024851290248,1.1543400771283083,3.966864817268921
193.0,3.216666666666667,0.839166666666663,43.24866615703261,0.023737521724894597,0.013223222242337258,58.16984317603649,0.01683439355004196,1254.9519159588342,0.11566228956953926,0.13328840512562184,1.7966930193572717,1.0062619192549915,1.1596091245929099,3.962564063205173
194.0,3.2333333333333334,0.8383333333333296,43.28806002646286,0.02366401112053912,0.013172724105989958,57.91954420981006,0.016914961341535716,1251.1619937798876,0.11521106214746996,0.13389731112705275,1.7911290017136055,1.0023362406829885,1.1649066068053588,3.958371849201953
195.0,3.25,0.8374999999999962,43.327255685263445,0.02359075816362921,0.013122992289760776,57.6675246485571,0.016995736074270153,1247.3628325320376,0.11476673523788299,0.13450942505328392,1.7855844854050946,0.9984705965695819,1.17023199796357,3.954287079938246
196.0,3.2666666666666666,0.8366666666666629,43.366256049656926,0.023517766866765044,0.013074015943326304,57.413876795394486,0.017076707147881297,1243.555524191261,0.11432920943710091,0.13512468555978407,1.7800597741454458,0.9946641221027779,1.1755847643701214,3.9503086606183455
197.0,3.283333333333333,0.8358333333333295,43.40506400376047,0.023445041146221795,0.013025784408988801,57.15869158891103,0.01715786385022766,1239.7411418541778,0.11389838712053454,0.13574303038708177,1.7745551643575272,0.9909159679486504,1.1809643643676113,3.9464354966737893
198.0,3.3,0.8349999999999962,43.443682399676526,0.023372584823190067,0.012978287217665429,56.90205859018281,0.017239195358077414,1235.9207398060935,0.11347417240595781,0.13636439635378222,1.7690709452672557,0.9872252999318328,1.1863702482779053,3.9426664934769935
199.0,3.316666666666667,0.8341666666666628,43.48211405757688,0.023300401625005542,0.012931514084969242,56.64406597123966,0.017320690737871954,1232.095353597459,0.1130564711176058,0.1369887193500355,1.7636073989966692,0.9835912987231704,1.191801858345309,3.9390005560651487
200.0,3.3333333333333335,0.8333333333333295,43.52036176578034,0.023228495186381832,0.012885454907380573,56.384800504850475,0.01740233894656944,1228.2660001300742,0.1126451907510723,0.1376159343314626,1.7581648006572406,0.9800131595343289,1.1972586286837246,3.9354365888752936
201.0,3.35,0.8324999999999961,43.55842828082438,0.023156869050638768,0.012840099758505304,56.1243475556582,0.01748412883255349,1224.433677750637,0.11224024043899278,0.13824597531354577,1.7527434184428479,0.9764900918192371,1.202739985227848,3.931973495489933
202.0,3.3666666666666667,0.8316666666666628,43.59631632753084,0.023085526670923538,0.012795438885419124,55.86279107257886,0.01756604913662741,1220.5993663534107,0.11184153091748725,0.13887877536648646,1.7473435137222022,0.973021318982139,1.2082453456884321,3.9286101783927734
203.0,3.3833333333333333,0.8308333333333294,43.634028599066156,0.023014471411433257,0.012751462705094507,55.60021358247899,0.01764808849308019,1216.7640274906469,0.11144897449335128,0.1395142666105389,1.741965341131383,0.969606078092156,1.2137741195116882,3.925345538735227
204.0,3.4,0.8299999999999961,43.6715677569961,0.022943706548630906,0.012708161800909034,55.33669618504698,0.017730235430823377,1212.9286044893195,0.111062485011972,0.14015238021182366,1.7366091486658728,0.9662436196041563,1.2193257078428659,3.9221784761128946
205.0,3.4166666666666665,0.8291666666666627,43.7089364313355,0.022873235272452906,0.012665526919232667,55.07231854882897,0.017812478374611494,1209.0940225768143,0.1106819778259545,0.14079304637862583,1.7312751777719602,0.9629332070858041,1.2248995034940446,3.9191078883518085
206.0,3.433333333333333,0.8283333333333294,43.74613722059309,0.02280306068752296,0.01262354896609222,54.807158908427326,0.017894805646333937,1205.2611890116257,0.11030736976444042,0.14143619435818475,1.7259636634386124,0.9596741169506315,1.2304948909162072,3.916132671305451
207.0,3.45,0.827499999999996,43.78317269181163,0.0227331858143451,0.012582219003910893,54.54129406277271,0.017977205466379518,1201.430993221644,0.10993857910310302,0.1420817524339806,1.7206748342877802,0.9564656381969961,1.2361112461756312,3.9132517186604074
208.0,3.466666666666667,0.8266666666666627,43.820045380603695,0.022663613590504884,0.012541528248321181,54.27479937449894,0.018059665955080944,1197.6043069479194,0.1095755255348015,0.14272964792352102,1.7154089126653143,0.953307072152773,1.241747936934633,3.9104639217527204
209.0,3.4833333333333334,0.8258333333333293,43.856757791183256,0.022594346871857972,0.01250146806504918,54.00774877029014,0.01814217513423338,1193.781984394866,0.10921813014088001,0.14337980717663543,1.7101661147309295,0.9501977322256561,1.2474043224367282,3.9077681693933135
210.0,3.5,0.824999999999996,43.893312396393284,0.022525388433713166,0.01246202996686858,53.74021474226547,0.018224720928682398,1189.9648623853432,0.10886631536309485,0.14403215557428112,1.7049466505477493,0.9471369436589251,1.2530797534962457,3.9051633477029197
211.0,3.5166666666666666,0.8241666666666626,43.92971163772963,0.02245674097201403,0.012423205610622767,53.47226835029755,0.018307291167995742,1186.1537605212184,0.10852000497615535,0.1446866175278646,1.6997507241717416,0.9441240432925515,1.2587735724924218,3.9026483399567153
212.0,3.533333333333333,0.8233333333333293,43.965957925361394,0.02238840710450441,0.012384986794313128,53.20397922525875,0.018389873588200878,1182.3494813493862,0.10817912406086494,0.14534311647908615,1.6945785337399386,0.941158379329525,1.2644851133680495,3.900222026437513
213.0,3.55,0.8224999999999959,44.00205363814793,0.022320389371898498,0.012347365454251961,52.93541557314288,0.018472455833600705,1178.55281053103,0.10784359897784693,0.14600157490030893,1.6894302715589968,0.9382393111072682,1.2702137016326875,3.8978832842989526
214.0,3.566666666666667,0.8216666666666625,44.03800112365284,0.022252690239035894,0.01231033366227866,52.66664418004612,0.01855502545866402,1174.7645170170401,0.10751335734184074,0.14666191429545963,1.6843061241926265,0.9353662088740143,1.2759586543704986,3.8956309874371398
215.0,3.5833333333333335,0.8208333333333292,44.073802698155035,0.02218531209603164,0.012273883623037106,52.397730417959735,0.01863756992998239,1170.9853532261593,0.1071883279965576,0.14732405520146422,1.6792062725486345,0.932538453570051,1.2817192802527386,3.893464006371424
216.0,3.6,0.8199999999999958,44.1094606466571,0.022118257259421695,0.012238007671313486,52.12873825133696,0.018720076628310312,1167.2160552273406,0.10686844099007857,0.1479879171902216,1.6741308919656277,0.9297554366136834,1.287494879554928,3.8913812081342387
217.0,3.6166666666666667,0.8191666666666625,44.14497722289122,0.02205152797329699,0.012202698269432363,51.85973024442934,0.018802532850667873,1163.4573429262982,0.10655362755078703,0.14865341887112313,1.6690801522988488,0.927016559691847,1.2932847441787712,3.889381456169467
218.0,3.6333333333333333,0.8183333333333291,44.18035464932283,0.02198512641042977,0.012167948004710043,51.59076756930894,0.01888492581251954,1159.7099202539353,0.10624382006381877,0.1493204778941171,1.664054218005429,0.9243212345552232,1.2990881576788187,3.887463610239471
219.0,3.65,0.8174999999999958,44.215595117152176,0.021919054673397158,0.012133749586963609,51.32191001460981,0.018967242650025345,1155.974475359972,0.10593895204802013,0.14998901095332579,1.6590532482294305,0.921668882817775,1.3049043952939343,3.88562652634114
220.0,3.6666666666666665,0.8166666666666624,44.25070078631402,0.021853314795689176,0.012100095846074434,51.053215994882585,0.019049470422356926,1152.2516808070368,0.10563895813340113,0.15065893379121645,1.6540773968857134,0.9190589357605897,1.310732723983583,3.8838690566298864
221.0,3.683333333333333,0.8158333333333291,44.28567378547562,0.02178790874281388,0.012066979729604787,50.7847425606003,0.019131596114092403,1148.5421937694198,0.1053437740390728,0.15133016120333012,1.6491268127435823,0.9164908341399333,1.316572402468972,3.882190049352488
222.0,3.7,0.8149999999999957,44.3205162120333,0.021722838413392922,0.012034394300466022,50.51654540874836,0.019213606637670057,1144.8466562328658,0.1050533365516573,0.15200260704357266,1.6442016395097099,0.9139640279994184,1.322422681279082,3.8805883487882102
223.0,3.716666666666667,0.8141666666666624,44.355230132107614,0.02165810564024563,0.01200233273463776,50.24867889395086,0.01929548883591832,1141.165695197169,0.10476758350415817,0.15267618423006846,1.6393020159101914,0.911477976486176,1.3282828028015954,3.879062795197963
224.0,3.7333333333333334,0.813333333333329,44.3898175805375,0.02159371219146956,0.011970788318935971,49.98119604016885,0.019377229484651683,1137.4999228808856,0.10448645375528391,0.15335080475158194,1.6344280757723306,0.90903214767097,1.3341520013387629,3.8776122247820637
225.0,3.75,0.8124999999999957,44.42428056087345,0.021529659771507254,0.01193975444882952,49.714148552864096,0.019458815295327593,1133.8499369266954,0.10420988716920979,0.15402637967450858,1.6295799481053836,0.9066260183721251,1.3400295031682246,3.8762354696457333
226.0,3.7666666666666666,0.8116666666666623,44.45862104536992,0.02146595002220639,0.011909224626303628,49.447586831661155,0.019540232917778257,1130.2163206103942,0.10393782459577103,0.1547028191504365,1.6247577571808014,0.9042590739832078,1.3459145266087973,3.874931357772806
227.0,3.783333333333333,0.810833333333329,44.49284097497721,0.021402584523871043,0.01187919245776911,49.18155998344142,0.01962146894300061,1126.5996430487933,0.10367020785107636,0.15538003242428236,1.6199616226117988,0.9019308083043642,1.3518062820912564,3.8736987130074194
228.0,3.8,0.8099999999999956,44.52694225933299,0.021339564796302262,0.011849651652016763,48.916115835865035,0.019702509906015426,1123.0004594110085,0.10340697969853098,0.15605792784300296,1.6151916594321178,0.8996407233772195,1.3577039722341255,3.872536355043463
229.0,3.816666666666667,0.8091666666666623,44.56092677675351,0.02127689229983171,0.011820596018215088,48.65130095128399,0.01978334228878122,1119.4193111291572,0.10314808383026311,0.15673641286488377,1.6104479781742618,0.8973883293232889,1.3636067919244887,3.8714430994220397
230.0,3.8333333333333335,0.8083333333333289,44.59479637422488,0.021214568436342424,0.011792019463950967,48.38716064102587,0.019863952523180337,1115.8567261110697,0.10289346484893998,0.15741539406940447,1.6057306849467576,0.8951731441857778,1.3695139284038187,3.870417757536354
231.0,3.85,0.8074999999999956,44.62855286739442,0.021152594550283337,0.011763915993312017,48.12373898001766,0.019944326994059812,1112.3132189527735,0.10264306824996816,0.15809477716768514,1.6010398815109455,0.892994693774723,1.3754245613588605,3.869459136644529
232.0,3.8666666666666667,0.8066666666666622,44.66219804056236,0.02109097192967399,0.011736279705009598,47.86107882172772,0.02002445204233087,1108.789291151873,0.10239684040406827,0.15877446701351203,1.596375665357024,0.8908525115153939,1.3813378630175546,3.8685660398899726
233.0,3.8833333333333333,0.8058333333333288,44.69573364667397,0.02102970180709477,0.011709104790541573,47.59922181341433,0.020104313968130068,1105.2854313219798,0.10215472854021473,0.1594543676149431,1.5917381297790028,0.8887461382998681,1.387252998250005,3.867737266328876
234.0,3.9,0.8049999999999955,44.729161407312375,0.02096878536067556,0.011682385532394006,47.33820841162956,0.020183899034039818,1101.802115405621,0.10191668072893287,0.1601343821464941,1.5871273639495327,0.8866751223417159,1.3931691246744984,3.866971610965747
235.0,3.9166666666666665,0.8041666666666621,44.762483012692115,0.020908223715067398,0.011656116302280655,47.07807789798522,0.020263193468354573,1098.3398068893503,0.10168264586594598,0.16081441296190646,1.582543452993451,0.88463901903373,1.399085392768586,3.866267864795767
236.0,3.933333333333333,0.8033333333333288,44.79570012165373,0.02084801794240813,0.011630291559419591,46.81886839514521,0.020342183468415303,1094.8989570169317,0.10145257365616275,0.16149436160749236,1.577986478060871,0.8826373908086159,1.4050009459851835,3.8656248148546704
237.0,3.95,0.8024999999999954,44.828814361659425,0.020788169063276817,0.011604905848846011,46.56061688303348,0.020420855203987922,1091.4800050037904,0.10122641459799882,0.16217412883606153,1.5734565163994219,0.8806698070025897,1.4109149208737353,3.865041244275747
238.0,3.966666666666667,0.8016666666666621,44.861827328790014,0.020728678047638765,0.011579953799760252,46.303359215207365,0.020499194820695697,1088.083378250129,0.10100411996802452,0.1628536146214246,1.5689536414257779,0.8787358437218133,1.416826447206394,3.864515932353985
239.0,3.9833333333333334,0.8008333333333287,44.89474058774333,0.020669545815779122,0.01155543012391046,46.04713013542669,0.020577188443502602,1084.7094925538531,0.10078564180593026,0.16353271817347353,1.5644779227963215,0.8768350837115932,1.4227346481092196,3.864047654617134
240.0,4.0,0.7999999999999954,44.92755567183417,0.02061077323923062,0.011531329614008927,45.79196329434727,0.02065482218024656,1081.358752323725,0.1005709328998042,0.16421133795383652,1.5600294264773653,0.8749671162282965,1.4286386401983777,3.8636351829040394
241.0,4.016666666666667,0.799166666666662,44.96027408299604,0.0205523611416836,0.011507647142181405,45.537891266363204,0.020732082125219466,1078.0315507904274,0.10035994677171398,0.16488937169210618,1.5556082148140313,0.8731315369139115,1.4345375337213238,3.8632772854492665
242.0,4.033333333333333,0.7983333333333287,44.9928972917847,0.02049431029989476,0.01148437765844854,45.28494556655539,0.02080895436279045,1074.7282702180617,0.1001526376635863,0.16556671640263854,1.551214346599034,0.8713279476732008,1.4404304327029551,3.8629727269751903
243.0,4.05,0.7974999999999953,45.02542673738383,0.020436621444579504,0.011461516189238801,45.033156667722714,0.020885424971078047,1071.449282114359,0.09994896052337698,0.16624326840191875,1.5468478771402223,0.8695559565533797,1.446316435096693,3.8627202687902953
244.0,4.066666666666666,0.796666666666662,45.05786382761281,0.020379295261295668,0.011439057835932161,44.782554017519885,0.020961480025659854,1068.1949474397577,0.09974887099152546,0.1669189233264926,1.5425088583274689,0.8678151776262715,1.4521946329404856,3.862518668894226
245.0,4.083333333333333,0.7958333333333286,45.09020993893683,0.020322332391320228,0.01141699777343376,44.53316605562754,0.021037105603327486,1064.9656168156077,0.09955232538768768,0.16759357615145823,1.5381973386990277,0.8661052308728828,1.4580641125176865,3.862366682089597
246.0,4.1,0.7949999999999953,45.12246641647943,0.02026573343251017,0.011395331248776952,44.28502023099021,0.02111228778587875,1061.7616307311314,0.09935928069774044,0.16826712120951615,1.5339133635066946,0.8644257420703417,1.4639239545227904,3.862263060099827
247.0,4.116666666666666,0.7941666666666619,45.15463457403771,0.02020949894015843,0.011374053579754939,44.038143019086235,0.021187012663944384,1058.5833197495517,0.0991696945610516,0.1689394522105727,1.5296569747805913,0.8627763426811488,1.4697732342319823,3.8622065516937223
248.0,4.133333333333334,0.7933333333333286,45.18671569410014,0.020153629427836932,0.011353160153580618,43.79255993919703,0.02126126634085806,1055.4310047118965,0.09898352525800966,0.16961046226189125,1.5254282113929771,0.861156669744684,1.4756110216784537,3.862195902816115
249.0,4.15,0.7924999999999952,45.218711027867336,0.020098125368229445,0.011332646425573597,43.54829557170139,0.021335034936549882,1052.304996940877,0.09880073169780859,0.17028004388878976,1.5212271091212863,0.8595663657709347,1.4814363818324707,3.862229856724692
250.0,4.166666666666667,0.7916666666666619,45.25062179527579,0.020042987193955804,0.011312507917874231,43.305373575353194,0.021408304591481176,1049.2055984419912,0.09862127340647961,0.1709480890558746,1.5170537007105145,0.8580050786363725,1.487248374786109,3.862307154132996
251.0,4.183333333333334,0.7908333333333285,45.282449185024674,0.019988215298385313,0.011292740218183517,43.063816704546674,0.021481061470602986,1046.1331021037145,0.09844511051516744,0.17161448918881,1.512908015934784,0.8564724614819567,1.4930460559426468,3.862426533359388
252.0,4.2,0.7899999999999952,45.31419435460593,0.019933810036437665,0.011273338978528932,42.82364682652103,0.021553291767346463,1043.0877918963229,0.09827220374864208,0.1722791351966138,1.5087900816579665,0.854968172613186,1.49882847621054,3.8625867304816923
253.0,4.216666666666667,0.7891666666666618,45.345858430337685,0.019879771725379827,0.011254299914055056,42.58488493855802,0.021624981707635126,1040.069943068396,0.09810251441404533,0.17294191749447488,1.5046999218939987,0.8534918754021943,1.5045946822019314,3.8627864794981246
254.0,4.233333333333333,0.7883333333333284,45.377442507401184,0.019826100645604486,0.011235618801838692,42.34755118509677,0.021696117553926263,1037.079822342379,0.09793600438986295,0.17360272602708468,1.500637557865803,0.8520432381918076,1.5103437164356366,3.863024512493247
255.0,4.25,0.7874999999999951,45.4089476498813,0.01977279704140509,0.011217291479727998,42.111664874793306,0.02176668560927302,1034.1176881075826,0.0977726361151194,0.17426145029247664,1.496603008063951,0.8506219342015386,1.5160746175445465,3.863299559810036
256.0,4.266666666666667,0.7866666666666617,45.44037489081073,0.019719861121739773,0.011199313845204827,41.87724449750197,0.021836672221400694,1031.183790612288,0.09761237257879055,0.17491797936636683,1.492596288304483,0.8492276414354777,1.5217864204873912,3.863610350227352
257.0,4.283333333333333,0.7858333333333284,45.47172523221806,0.019667293060980657,0.011181681854270067,41.64430774116754,0.021906063786809208,1028.27837215311,0.09745517730942788,0.1755722019269848,1.4886174117856257,0.8478600425920224,1.5274781567647677,3.8639556111424156
258.0,4.3,0.784999999999995,45.502999645179756,0.019615092999659547,0.011164391520351341,41.412871508629166,0.02197484675488947,1025.4016672630733,0.0973010143649916,0.17622400628039037,1.4846663891442309,0.8465188249754269,1.533148854639396,3.864334068759054
259.0,4.316666666666666,0.7841666666666617,45.534199069876145,0.019563261045199676,0.01114743891323255,41.182951934314595,0.02204300763204894,1022.5539028978562,0.09714984832288727,0.1768732803862667,1.4807432285111632,0.8452036804091192,1.5387975393605202,3.8647444482808027
260.0,4.333333333333333,0.7833333333333283,45.5653244156516,0.01951179727263812,0.011130820158004665,40.954564400823784,0.022110532985851004,1019.7352986190862,0.09700164427020132,0.1775199118841793,1.4768479355659792,0.8439143051507514,1.5444232333923598,3.86518547410909
261.0,4.35,0.782499999999995,45.596376561078955,0.019460701725340215,0.011114531434037657,40.727723555394114,0.022177409449171213,1016.9460667771253,0.0968563677941303,0.1781637881202926,1.4729805135910006,0.8426503998089335,1.5500249566465454,3.8656558700464796
262.0,4.366666666666666,0.7816666666666616,45.62735635402822,0.019409974415700547,0.01109856897397278,40.50244332624795,0.022243623724347225,1014.1864126904413,0.09671398497260217,0.1788047961745373,1.4691409635243742,0.8414116692616388,1.5556017267184743,3.8661543595044874
263.0,4.383333333333334,0.7808333333333283,45.6582646117398,0.01935961532583835,0.01108292906273488,40.27873693878283,0.022309162587342796,1011.4565348238534,0.09657446236508341,0.17944282288821325,1.4653292840127043,0.8401978225762256,1.561152559127455,3.8666796657163847
264.0,4.4,0.7799999999999949,45.68910212090219,0.01930962440828026,0.011067608036564206,40.0566169316409,0.022374012891916362,1008.7566249642338,0.09643776700356851,0.18007775489202146,1.4615454714627327,0.839008572931046,1.5666764675605866,3.8672305119543653
265.0,4.416666666666667,0.7791666666666616,45.71986963773433,0.019260001586633612,0.011052602282067505,39.83609517263635,0.022438161573782395,1006.0868683940716,0.0963038663837475,0.1807094786345146,1.4577895200922977,0.8378436375386031,1.5721724641202768,3.8678056217511774
266.0,4.433333333333334,0.7783333333333282,45.75056788807262,0.019210746756253175,0.011037908235287807,39.61718287450793,0.022501595654777457,1003.4474440635382,0.09617272845634874,0.18133788041095272,1.4540614219808026,0.836702737570234,1.5776395595752886,3.8684037191263254
267.0,4.45,0.7774999999999949,45.78119756746278,0.01916185978489267,0.011023522380792489,39.399890610536474,0.022564302247019434,1000.83852475928,0.09604432161865288,0.1819628463925546,1.450361167118526,0.83558559808228,1.583076763615225,3.869023528816031
268.0,4.466666666666667,0.7766666666666615,45.811759341256575,0.019113340513352454,0.011009441250779333,39.18422832998575,0.02262626855706397,998.2602772721715,0.09591861470617322,0.18258426265613253,1.446688743455647,0.834491947943707,1.588483085108353,3.8696637765077067
269.0,4.483333333333333,0.7758333333333282,45.8422538447134,0.01906518875611434,0.010995661424200064,38.97020537338663,0.022687481890047656,995.7128625622178,0.09579557698450027,0.18320201521409918,1.4430441369502942,0.8334215197651522,1.5938575323626627,3.870323189078109
270.0,4.5,0.7749999999999948,45.87268168310701,0.019017404301967775,0.010982179525901267,38.75783048764272,0.02274792965382401,993.1964359215488,0.09567517814130615,0.18381599004483276,1.4394273316159405,0.8323740498293634,1.599199113390045,3.8710004948353487
271.0,4.516666666666667,0.7741666666666615,45.90304343183729,0.018969986914627267,0.010968992225781862,38.54711184096236,0.022807599363085948,990.7111471350295,0.09555738827850715,0.18442607312338916,1.4358383095681375,0.8313492780230122,1.6045068361734856,3.8716944237646356
272.0,4.533333333333333,0.7733333333333281,45.93333963654716,0.018922936333340173,0.010956096237967165,38.33805703761111,0.022866478643472375,988.2571406387134,0.09544217790457818,0.1850321504525474,1.4322770510705174,0.8303469477698301,1.6097797089371622,3.8724037077775098
273.0,4.55,0.7724999999999947,45.96357081324476,0.01887625227348403,0.010943488319999004,38.13067313248559,0.02292455523565887,985.8345556764758,0.09532951792701816,0.1856341080941754,1.428743534580006,0.829366805965058,1.6150167404193259,3.87312708096439
274.0,4.566666666666666,0.7716666666666614,45.99373744843087,0.018829934427158163,0.010931165272041726,37.924966645499616,0.022981816999425662,983.4435264536161,0.09521937964496244,0.1862318322009024,1.425237736791601,0.8284086029111731,1.6202169401478508,3.873863279850625
275.0,4.583333333333333,0.770833333333328,46.02383999923173,0.018783982463761194,0.010919123936103404,37.720943575773234,0.02303825191770634,981.0841822890442,0.0951117347419401,0.18682520904808347,1.4217596326820845,0.8274720922548787,1.625379318718326,3.8746110436552894
276.0,4.6,0.7699999999999947,46.05387889353723,0.018738396030563938,0.010907361195272382,37.51860941565618,0.023093848100611204,978.756647764712,0.09500655527877071,0.187414125066043,1.4183091955533842,0.8265570309253051,1.630502888074574,3.875369114553263
277.0,4.616666666666666,0.7691666666666613,46.083854530144535,0.018693174753272167,0.010895873972968406,37.31796916452102,0.023148593789422002,976.4610428731812,0.09490381368660063,0.18799846687258165,1.41488639707517,0.8256631790734253,1.6355866617914603,3.8761362379400555
278.0,4.633333333333334,0.768333333333328,46.11376727890726,0.01864831823657739,0.010884659232208388,37.119027342395746,0.02320247736056414,974.1974831627139,0.09480348276007337,0.18857812130573207,1.4114912073265424,0.8247903000126383,1.640629655359869,3.8769111626990496
279.0,4.65,0.7674999999999946,46.14361748089016,0.018603826064704017,0.01087371397488625,36.92178800338057,0.02325548732953913,971.9660798801079,0.09470553565063322,0.18915297545674958,1.4081235948374466,0.8239381601605089,1.6456308864737212,3.877692641471677
280.0,4.666666666666667,0.7666666666666613,46.17340544852937,0.01855969780194422,0.010863035241066734,36.726254748875085,0.023307612354828634,969.7669401119282,0.09460994585995798,0.18972291670332064,1.4047835266291577,0.8231065289816344,1.6505893753188894,3.8784794309296813
281.0,4.683333333333334,0.7658333333333279,46.2031314657984,0.018515932993184592,0.010852620108292679,36.53243074059704,0.023358841241764464,967.6001669223915,0.09451668723351936,0.19028783274297378,1.4014709682541415,0.8222951789316183,1.6555041448638719,3.8792702920496316
282.0,4.7,0.7649999999999946,46.2327957883796,0.018472531164424648,0.010842465690905684,36.340318713407356,0.023409162946353985,965.4658594903154,0.0944257339542666,0.19084761162667918,1.3981858838353014,0.8215038854021193,1.6603742211521086,3.8800639903895293
283.0,4.716666666666667,0.7641666666666612,46.262398643841465,0.01842949182328768,0.010832569139379866,36.14992098793316,0.023458566579075836,963.364113242886,0.09433706053643275,0.19140214179261716,1.3949282361046442,0.8207324266669648,1.6651986335957691,3.880859296367378
284.0,4.733333333333333,0.7633333333333279,46.291940231821606,0.018386814459521193,0.010822927639668172,35.961239482988766,0.02350704140862124,961.2950199879264,0.0942506418194605,0.19195131210010385,1.3916979864411587,0.8199805838293063,1.6699764152709033,3.8816549855413687
285.0,4.75,0.7624999999999945,46.32142072421544,0.01834449854549073,0.010813538412561538,35.774275727789195,0.023554576865600918,959.2586680434631,0.09416645296204332,0.19249501186365245,1.3884950949081931,0.8192481407697768,1.674706603213776,3.8824498388917457
286.0,4.766666666666667,0.7616666666666612,46.350840265370685,0.018302543536663815,0.010804398713059852,35.589030873967786,0.023601162546198786,957.2551423655118,0.0940844694362838,0.19303313088715726,1.3853195202900839,0.818534884095669,1.6793882387182681,3.8832426431040212
287.0,4.783333333333333,0.7608333333333278,46.380198972287566,0.01826094887208829,0.01079550582975537,35.40550570738509,0.023646788215783487,955.2845246737194,0.0940046670219607,0.19356555949818133,1.3821712201283622,0.817840603091058,1.6840203676341774,3.8840321908535973
288.0,4.8,0.7599999999999945,46.40949693482488,0.018219713974858307,0.01078685708422752,35.22370065974007,0.023691443812459943,953.3468935743177,0.09392702180090919,0.19409218858233207,1.379050150757025,0.8171650896679098,1.688602040666289,3.8848172810912236
289.0,4.816666666666666,0.7591666666666611,46.438734215911815,0.018178838252576424,0.010778449830449469,35.04361581997132,0.023735119450577328,951.4423246818156,0.0938515101515064,0.19461290961770528,1.3759562673375092,0.8165081383181056,1.6931323136740357,3.8855967193296506
290.0,4.833333333333333,0.7583333333333278,46.467910851765595,0.01813832109780562,0.010770281454205775,34.86525094546954,0.023777805424176464,949.5708907379952,0.09377810874326392,0.19512761470938259,1.372889523892907,0.8158695460663961,1.6976102479716284,3.8863693179309315
291.0,4.85,0.7574999999999944,46.49702685211491,0.018098161888512848,0.010762349372521234,34.6886054730677,0.023819492210382705,947.7326617287516,0.0937067945315224,0.19563619662396284,1.3698498733415372,0.8152491124242449,1.7020349106284764,3.8871338963942583
292.0,4.866666666666666,0.756666666666661,46.52608220042914,0.018058359988507043,0.010754651033100493,34.513678529848384,0.023860170472736104,945.9277049995949,0.09363754475224842,0.19613854882411072,1.3668372675300977,0.8146466393445612,1.7064053747697632,3.887889281644422
293.0,4.883333333333334,0.7558333333333277,46.55507685415343,0.018018914747866595,0.010747183913778328,34.34046894374344,0.023899831064467397,944.1560853678732,0.09357033691693029,0.19663456550310293,1.3638516572660224,0.8140619311772934,1.7107207198769954,3.888634308320311
294.0,4.9,0.7549999999999943,46.58401074494947,0.01797982550336085,0.010739945521980236,34.16897525393824,0.02393846503170301,942.4178652343522,0.09350514880757128,0.1971241416193566,1.3608929923493824,0.8134947946258702,1.7149800320884023,3.8893678190636547
295.0,4.916666666666667,0.754166666666661,46.61288377894213,0.017941091578864657,0.010732933394193223,33.99919572106606,0.023976063616613374,940.7131046916188,0.09344195847177797,0.19760717293091848,1.3579612216042656,0.8129450387044682,1.7191824044989907,3.8900886648077244
296.0,4.933333333333334,0.7533333333333276,46.641695836971785,0.017902712285762488,0.010726145095446768,33.831128337220434,0.02401261826048608,939.041861631092,0.09338074421794147,0.19808355602989983,1.3550562929093624,0.8124124746960908,1.7233269374601283,3.8907957050655817
297.0,4.95,0.7524999999999943,46.67044677485243,0.017864686923348205,0.010719578218803306,33.66477083576455,0.024048120606740168,937.4041918479664,0.09332148461051226,0.19855318837683542,1.3521781532282253,0.8118969161114566,1.727412738878468,3.89148780821815
298.0,4.966666666666667,0.7516666666666609,46.69913642363545,0.0178270147792165,0.010713230384858484,33.50012070094031,0.02408256250385917,935.8001491440618,0.09326415846536242,0.19901596833495147,1.3493267486388965,0.8113981786486529,1.7314389245140775,3.892163851801627
299.0,4.983333333333333,0.7508333333333276,46.72776458987913,0.017789695129644695,0.010707099241250819,33.337175177298434,0.024115936008262905,934.2297854287737,0.09320874484523735,0.1994717952043204,1.3465020243628067,0.8109160801535649,1.7354046182775873,3.8928227227939587
300.0,5.0,0.7499999999999942,46.75633105592376,0.017752727239972885,0.01070118246218043,33.1759312789237,0.024148233387097828,932.6931508180663,0.09315522305529361,0.19992056925588733,1.3437039247935474,0.8104504405810543,1.7393089525262195,3.8934633179008213
301.0,5.016666666666667,0.7491666666666609,46.78483558017243,0.017716110364969923,0.010695477747937072,33.01638579847852,0.02417944712095768,931.1902937317776,0.0931035726387205,0.2003621917653472,1.3409323935245732,0.8100010819568683,1.7431510683585205,3.894084543839962
302.0,5.033333333333333,0.7483333333333275,46.8132778973773,0.017679843749198038,0.01068998282443678,32.85853531604937,0.02420956990652072,929.7212609887449,0.09305377337244633,0.20079656504685572,1.3381873733767993,0.809567828340283,1.7469301159076447,3.894685317624727
303.0,5.05,0.7474999999999942,46.84165771893151,0.017643926627367437,0.010684695442767322,32.70237620782133,0.02423859465911395,928.2860979002703,0.09300580526292423,0.20122359248655325,1.335468806425441,0.8091505057874407,1.7506452546330131,3.8952645668458947
304.0,5.066666666666666,0.7466666666666608,46.86997473316649,0.017608358224684914,0.010679613378742249,32.54790465455109,0.024266514515195563,926.8848483615299,0.09295964854199859,0.20164317857588504,1.332776634026401,0.8087489423153876,1.7542956536101997,3.8958212299519883
305.0,5.083333333333333,0.7458333333333275,46.89822860565475,0.01757313775719627,0.010674734432463154,32.395116649875916,0.024293322834755077,925.5175549415475,0.09291528366285019,0.20205522894469857,1.3301107968421855,0.8083629678667966,1.7578804918188775,3.89635425652786
306.0,5.1,0.7449999999999941,46.92641897951807,0.017538264432120906,0.010670056427890224,32.24400800841563,0.024319013203630925,924.1842589708756,0.09287269129601723,0.202459650394099,1.327471234867231,0.8079924142753498,1.7613989584286611,3.8968626075712423
307.0,5.116666666666666,0.7441666666666608,46.954545475740936,0.017503737448178992,0.01066557721242082,32.094574373727944,0.02434357943574494,922.8850006278329,0.09283185232549193,0.20285635092904453,1.3248578874526677,0.8076371152317797,1.7648502530826873,3.8973452557671346
308.0,5.133333333333334,0.7433333333333274,46.98260769348934,0.017469555995916188,0.01066129465647591,31.94681122606248,0.024367015575250298,921.619819022964,0.09279274784489105,0.2032452397906635,1.3222706933308959,0.8072969062505521,1.7682335861787724,3.89780118576022
309.0,5.15,0.742499999999994,47.01060521043471,0.017435719258015542,0.010657206653094302,31.800713889948636,0.024389315898590145,920.3887522817002,0.09275535915369855,0.20362622748827464,1.319709590639196,0.8069716246371773,1.7715481791479892,3.8982293944243622
310.0,5.166666666666667,0.7416666666666607,47.038537583082984,0.017402226409608448,0.010653311117534404,31.656277541614614,0.024410474916473277,919.1918376251556,0.09271966775357979,0.20399922583109104,1.3171745169432632,0.8066611094561441,1.7747932647304918,3.898628891129899
311.0,5.183333333333334,0.7408333333333273,47.06640434710876,0.01736907661857689,0.01064960598688344,31.513497216228426,0.024430487375754997,918.029111449622,0.0926856553447649,0.20436414795959187,1.3146654092600845,0.8063652014994546,1.7779680872484491,3.898998698007988
312.0,5.2,0.739999999999994,47.09420501769442,0.017336269045848528,0.01064608921967399,31.372367814982546,0.024449348261234145,916.9006094038419,0.09265330382250045,0.2047209083765415,1.3121822040802749,0.8060837432557538,1.781071902875911,3.89933785021194
313.0,5.216666666666667,0.7391666666666606,47.12193908987417,0.017303802845687957,0.01064275879550773,31.232884111997755,0.024467052797350283,915.8063664654636,0.09262259527356856,0.20506942297764033,1.3097248373901211,0.8058165788800464,1.7841039799054708,3.8996453961756385
314.0,5.233333333333333,0.7383333333333273,47.14960603888285,0.017271677165980267,0.01063961271468611,31.095040761074156,0.02448359644979669,914.7464170147465,0.092593511972872,0.20540960908178696,1.307293244693046,0.8055635541639863,1.7870635990115464,3.899920397868579
315.0,5.25,0.7374999999999939,47.17720532050958,0.01723989114850782,0.010636648997847978,30.958832302283266,0.024498974927034352,913.7207949077371,0.09256603638008305,0.20574138546093637,1.3048873610305567,0.8053245165067225,1.7899500535101462,3.9001619310474256
316.0,5.266666666666667,0.7366666666666606,47.204736371455944,0.017208443929224042,0.010633865685614046,30.824253168389095,0.02451318418171413,912.7295335472525,0.09254015113635618,0.20606467236953516,1.3025071210029675,0.8050993148862987,1.7927626496149558,3.900369085504222
317.0,5.283333333333333,0.7358333333333272,47.23219860969882,0.01717733463851755,0.010631260838237847,30.691297691123864,0.024526220412005383,911.772665952408,0.09251583906110339,0.206379391573517,1.3001524587893931,0.8048877998315994,1.7955007066895978,3.90054096531059
318.0,5.3,0.7349999999999939,47.25959143485763,0.017146562401473216,0.010628832535263394,30.559960107306846,0.024538080062824843,910.8502248267578,0.09249308314882938,0.20668546637884214,1.2978233081675075,0.8046898233948155,1.7981635574959265,3.9006766890582494
319.0,5.316666666666666,0.7341666666666605,47.286914228565976,0.017116126338126824,0.010626578875189044,30.43023456481192,0.024548759826972636,909.9622426247869,0.09247186656602797,0.20698282165956206,1.295519602532819,0.8045052391244433,1.8007505484381898,3.9007753900954523
320.0,5.333333333333333,0.7333333333333272,47.31416635484748,0.01708602556371211,0.010624497975137835,30.302115128377757,0.024558256646168567,909.1087516169614,0.09245217264813599,0.2072713838853946,1.2932412749173692,0.8043339020387831,1.8032610398029327,3.9008362167590853
321.0,5.35,0.7324999999999938,47.341347160495864,0.01705625918890669,0.010622587970533861,30.17559578528568,0.02456656771199469,908.2897839532659,0.09243398489654588,0.20755108114879178,1.2909882580083472,0.804175668599949,1.8056944059944884,3.900858332602785
322.0,5.366666666666666,0.7316666666666605,47.36845597545905,0.017026826320066503,0.01062084701478475,30.050670450878037,0.024573690466734046,907.5053717252923,0.09241728697567439,0.2078218431914857,1.2887604841658333,0.8040303966883672,1.8080500357659255,3.900840916620126
323.0,5.383333333333334,0.7308333333333271,47.395492113227164,0.016997726059460254,0.010619273278970071,29.92733297395379,0.024579622604115108,906.7555470269853,0.09240206271008705,0.2080836014304944,1.2865578854405464,0.8038979455777573,1.810327332445301,3.9007831634636045
324.0,5.4,0.7299999999999938,47.42245487122442,0.01696895750549518,0.01061786495153562,29.805577141995,0.024584362069958045,906.0403420139082,0.09238829608167684,0.20833628898357404,1.28438039359093,0.8037781759105884,1.812525714157094,3.900684283658612
325.0,5.416666666666667,0.7291666666666604,47.449343531204676,0.01694051975293818,0.010616620237993327,29.685396686287532,0.024587907062716154,905.3597889611309,0.09237597122689735,0.20857984069410201,1.2822279400998906,0.8036709496740069,1.8146446140386874,3.900543503812585
326.0,5.433333333333334,0.7283333333333271,47.476157359650635,0.016912411893132466,0.010615537360626945,29.566785286885448,0.024590256033923855,904.7139203195238,0.09236507243404704,0.20881419315537392,1.2801004561911962,0.8035761301762092,1.8166834804517529,3.9003600668191583
327.0,5.45,0.7274999999999937,47.50289560817644,0.01688463301420879,0.010614614558203114,29.449736577451862,0.024591407688541744,904.1027687713602,0.09235558414060674,0.20903928473430244,1.277997872845463,0.8034935820232786,1.8186417771884311,3.900133232057173
328.0,5.466666666666667,0.7266666666666604,47.52955751393368,0.016857182201289907,0.010613850085688,29.334244149966427,0.02459136098520337,903.5263672837578,0.09234749093062668,0.2092550555945018,1.2759201208156328,0.803423171096452,1.8205189836721656,3.8998622755842502
329.0,5.483333333333333,0.725833333333327,47.55614230002062,0.01683005853669378,0.010613242213969053,29.22030155930683,0.024590115136358656,902.9847491613638,0.0923407775321642,0.2094614477187452,1.2738671306423521,0.8033647645298285,1.822314595153083,3.899546490325264
330.0,5.5,0.7249999999999936,47.58264917589446,0.016803261100126768,0.010612789229582269,29.107902327705066,0.0245876696083228,902.477948097685,0.0923354288147691,0.20965840493077956,1.2718388326685948,0.8033182306884911,1.824028122897782,3.8991851862548677
331.0,5.516666666666667,0.7241666666666603,47.60907733778663,0.016776788968876608,0.010612489434444336,28.997039949076985,0.024584024121221473,902.0059982247926,0.09233142978701872,0.20984587291648676,1.2698351570542703,0.8032834391470628,1.8256590943734348,3.898777690574768
332.0,5.533333333333333,0.7233333333333269,47.63542596912086,0.01675064121799759,0.010612341145590022,28.8877078932341,0.024579178648837425,901.5689341623244,0.0923287655940984,0.21002379924437686,1.2678560337902371,0.8032602606686561,1.8272070534260785,3.898323347884972
333.0,5.55,0.7224999999999936,47.66169424093398,0.016724816920491506,0.010612342694914413,28.779899609981452,0.024573133418356007,901.1667910647678,0.09232742151542975,0.21019213338540096,1.2659013927120017,0.8032485671842388,1.8286715604529882,3.897821520349229
334.0,5.566666666666666,0.7216666666666602,47.687881312299254,0.016699315147485384,0.010612492428920014,28.673608533084924,0.02456588891001515,900.7996046677841,0.09232738296234344,0.21035082673207145,1.2639711635131685,0.8032482317723879,1.8300521925690214,3.897271587854578
335.0,5.583333333333333,0.7208333333333269,47.713986330752114,0.016674134968402934,0.01061278870846878,28.56882808414106,0.024557445856651948,900.4674113334117,0.09232863547579657,0.21049983261687885,1.2620652757584179,0.8032591286394302,1.8313485437668457,3.896672948164694
336.0,5.6,0.7199999999999935,47.74000843271821,0.01664927545113132,0.010613229908538697,28.46555167632347,0.024547805243155203,900.1702480936993,0.09233116472413519,0.21063910632999244,1.2601836588961295,0.8032811330999761,1.832560225070934,3.89602501706704
337.0,5.616666666666666,0.7191666666666602,47.765946743943566,0.016624735662185527,0.010613814417984941,28.363772718030418,0.024536968305814436,899.9081526936367,0.09233495650089864,0.21076860513623563,1.2583262422708223,0.8033141215578181,1.8336868646852498,3.8953272285138905
338.0,5.633333333333334,0.7183333333333268,47.79180037992669,0.01660051466686499,0.010614540639305883,28.263484616410995,0.024524936531575635,899.6811636327034,0.09233999672266567,0.21088828829132322,1.2564929551350108,0.8033579714871912,1.834728108134512,3.894579034756714
339.0,5.65,0.7174999999999935,47.81756844635259,0.016576611529409094,0.010615406988413187,28.164680780798225,0.02451171165719781,899.4893202053019,0.09234627142694496,0.2109981170573526,1.254683726660974,0.8034125614144211,1.8356836183989675,3.8937799064743626
340.0,5.666666666666667,0.7166666666666601,47.843250039528414,0.01655302531314632,0.010616411894406536,28.067354626037805,0.024497295668313754,899.3326625400358,0.0923537667701033,0.21109805471753817,1.2528984859520447,0.8034777708998987,1.836553076042582,3.8929293328945254
341.0,5.683333333333334,0.7158333333333268,47.86884424682066,0.016529755080639162,0.01061755379935254,27.971499575707135,0.02448169079839453,899.2112316380795,0.09236246902533596,0.21118806659018038,1.2511371620535778,0.8035534805204227,1.8373361793345693,3.89202682190857
342.0,5.7,0.7149999999999934,47.89435014709377,0.01650679989382718,0.010618831158067983,27.87710906524943,0.024464899527620296,899.1250694103428,0.09237236458067538,0.2112681200418605,1.249399683963779,0.8036395718518757,1.8380326443641861,3.891071900179841
343.0,5.716666666666667,0.7141666666666601,47.919766811149955,0.01648415881416176,0.010620242437907124,27.78417654499801,0.024446924581652377,899.0742187135194,0.09238343993703954,0.21133818449985317,1.2476859806439033,0.803735927452244,1.8386422051487223,3.8900641132448692
344.0,5.733333333333333,0.7133333333333267,47.94509330217011,0.01646183090274068,0.01062178611855328,27.692695483114417,0.024427768930318172,899.0587233851954,0.09239568170631757,0.21139823146374812,1.2459959810284418,0.8038424308449628,1.8391646137346085,3.8890030256080133
345.0,5.75,0.7124999999999934,47.97032867615561,0.016439815220436717,0.010623460691814112,27.602659368433958,0.024407435786197727,899.0786282777827,0.09240907660949416,0.21144823451627523,1.244329614034855,0.8039589665025991,1.8395996402915944,3.8878882208290486
346.0,5.766666666666667,0.71166666666666,47.99547198237095,0.016418110828022362,0.010625264661421219,27.51406171321457,0.024385928603124114,899.1339792917167,0.09242361147480838,0.21148816933332476,1.2426868085730123,0.8040854198308328,1.8399470731999252,3.88671930160377
347.0,5.783333333333333,0.7108333333333267,48.02052226378694,0.016396716786291596,0.010627196542833377,27.4268960558076,0.024363251074587856,899.2248234072613,0.09243927323595119,0.21151801369315837,1.2410674935544106,0.8042216771527753,1.8402067191304776,3.8854958898376633
348.0,5.8,0.7099999999999933,48.04547855752434,0.016375632156176437,0.010629254863043775,27.34115596322737,0.024339407132055086,899.3512087156166,0.09245604893029691,0.21153774748480297,1.2394715979009943,0.804367625693583,1.8403784031177857,3.884217626712363
349.0,5.816666666666666,0.70916666666666,48.070339895297884,0.01635485599886108,0.010631438160390822,27.256835033652152,0.024314400943194956,899.5131844490256,0.09247392569717064,0.2115473527156237,1.2378990505537948,0.8045231535653845,1.840461968625926,3.8828841727451056
350.0,5.833333333333333,0.7083333333333266,48.095105303860315,0.016334387375890828,0.01063374498437281,27.173926898833674,0.02428823691002556,899.7108010097273,0.09249289077614875,0.21154681351807017,1.2363497804811765,0.804688149752494,1.8404572776072103,3.881495207840881
351.0,5.85,0.7074999999999932,48.119773805446485,0.016314225349278486,0.010636173895466146,27.092425226422588,0.024260919666962973,899.94410999806,0.09251293150539419,0.2115361161555943,1.2348237166868883,0.8048625040969294,1.8403642105536704,3.880050431337488
352.0,5.866666666666666,0.7066666666666599,48.14434441821724,0.01629436898160699,0.010638723464947198,27.01232372222936,0.024232454078797292,900.2131642398485,0.09253403532002458,0.21151524902773164,1.2333207882178328,0.8050461072842138,1.840182666541265,3.878549562043312
353.0,5.883333333333334,0.7058333333333265,48.16881615670295,0.016274817336128265,0.010641392274717576,26.93361613239082,0.024202845238577363,900.5180178123987,0.09255618975051313,0.21148420267434745,1.231840924171548,0.8052388508294642,1.8399125632668227,3.8769923382678346
354.0,5.9,0.7049999999999932,48.19318803224659,0.016255569476857426,0.010644178917132959,26.856296245469952,0.024172098465416004,900.8587260699665,0.09257938242112107,0.21144296977904248,1.2303840537033384,0.8054406270637533,1.8395538370776694,3.875378517844761
355.0,5.916666666666667,0.7041666666666598,48.217459053446035,0.016236624468666045,0.010647081994835321,26.780357894485913,0.024140219302214654,901.2353456682034,0.0926036010483621,0.2113915451717165,1.2289501060333328,0.8056513291207502,1.8391064429939332,3.873707878148016
356.0,5.933333333333334,0.7033333333333265,48.241628226595694,0.016217981377369736,0.01065010012058837,26.705794958864026,0.024107213513308103,901.6479345877076,0.09262883343949803,0.21132992583028865,1.227539010453115,0.8058708509236328,1.838570354723511,3.8719802161002583
357.0,5.95,0.7024999999999931,48.265694556127,0.01619963926981291,0.010653231917116479,26.632601366321644,0.024073087082031378,902.0965521566262,0.09265506749106368,0.21125811088157312,1.226150696332139,0.806099087172254,1.837945564669686,3.870195348174079
358.0,5.966666666666667,0.7016666666666598,48.28965704504787,0.016181597213951446,0.010656476016946748,26.56077109468195,0.02403784620821134,902.5812590724983,0.0926822911874234,0.21117610160130956,1.2247850931239848,0.8063359333305835,1.8372320839313931,3.868353110385961
359.0,5.983333333333333,0.7008333333333264,48.31351469538076,0.01616385427892941,0.01065983106225417,26.490298173623103,0.024001497305581827,903.1021174230634,0.09271049259935614,0.21108390141334848,1.2234421303721668,0.8065812856143983,1.8364299422961317,3.8664533582826968
360.0,6.0,0.6999999999999931,48.33726650859936,0.016146409535156125,0.010663295704710132,26.421176686363008,0.023964046999128068,903.659190706607,0.09273965988266888,0.21098151588799188,1.2221217377159668,0.8068350409792192,1.8355391882255292,3.8644959669207153
361.0,6.016666666666667,0.6991666666666597,48.36091148606356,0.01612926205437693,0.010666868605333769,26.353400771277666,0.02392550212235755,904.2525438508369,0.09276978127684021,0.21086895273949036,1.2208238448957895,0.8070970971085097,1.834559888833566,3.8624808308378653
362.0,6.033333333333333,0.6983333333333264,48.38444862945267,0.016112410909742227,0.010670548434346571,26.286964623457187,0.023885869714501413,904.8822432315553,0.09280084510368991,0.2107462218226983,1.219548381758389,0.8073673524021021,1.8334921298574751,3.8604078640179664
363.0,6.05,0.697499999999993,48.407876941196754,0.016095855175873506,0.010674333871029788,26.22186249620821,0.02384515701764864,905.5483566901272,0.092832839766078,0.21061333512888858,1.2182952782618655,0.8076457059648786,1.8323360156213304,3.8582769998480746
364.0,6.066666666666666,0.6966666666666597,48.431195424905745,0.016079593928925995,0.010678223603584905,26.158088702485678,0.023803371473813253,906.2509535502576,0.09286575374662934,0.21047030678073006,1.2170644644804083,0.8079320575956752,1.8310916689923513,3.8560881910684346
365.0,6.083333333333333,0.6958333333333263,48.45440308579641,0.01606362624664869,0.010682216328996913,26.095637616278417,0.023760520721939273,906.9901046338881,0.09289957560648593,0.21031715302643092,1.215855870608839,0.8082263077764276,1.8297592313299489,3.8538414097152156
366.0,6.1,0.694999999999993,48.47749893111684,0.01604795120844012,0.010686310752900479,26.034503673931752,0.023716612594836425,907.765882276323,0.09293429398408465,0.2101538922330519,1.2146694269668326,0.8085283576615364,1.8283388624275514,3.8515366470559202
367.0,6.116666666666666,0.6941666666666596,48.50048197056844,0.016032567895403388,0.01069050558944892,25.974681375417877,0.023671655116064335,908.5783603408329,0.09296989759396129,0.20998054487899132,1.2135050640030822,0.8088381090674632,1.8268307404472244,3.8491739135177703
368.0,6.133333333333334,0.6933333333333263,48.523351216725096,0.016017475390396815,0.010694799561185865,25.916165285551738,0.023625656496750882,909.42761423172,0.09300637522557989,0.2097971335456503,1.2123627122991347,0.8091554644625449,1.8252350618471576,3.8467532386088372
369.0,6.15,0.6924999999999929,48.54610568544958,0.016002672778082053,0.01069919139891969,25.858950035154443,0.02357862513235334,910.3137209076023,0.09304371574218659,0.20960368290828038,1.2112423025730303,0.8094803269570232,1.8235520413020392,3.8442746708320925
370.0,6.166666666666667,0.6916666666666595,48.568744396306876,0.015988159144969625,0.010703679841600597,25.80303032216879,0.02353056959937015,911.2367588931426,0.09308190807968843,0.20940021972601927,1.2101437656827507,0.8098126002932893,1.8217819116163676,3.841738277592408
371.0,6.183333333333334,0.6908333333333262,48.59126637297433,0.01597393357946183,0.0107082636362003,25.748400912723977,0.023481498651992783,912.1968082902974,0.09312094124555621,0.20918677283112339,1.2090670326294655,0.810152188836339,1.8199249236307733,3.8391441450965775
372.0,6.2,0.6899999999999928,48.61367064364855,0.01595999517189217,0.010712941537594358,25.695056642147836,0.023431421218709052,913.1939507889059,0.09316080431775074,0.2089633731174008,1.2080120345605179,0.8104989975644314,1.8179813461213867,3.836492378246336
373.0,6.216666666666667,0.6891666666666595,48.63595624144874,0.01594634301456339,0.01071771230844696,25.64299241594132,0.023380346398860823,914.2282696762486,0.09320148644367328,0.20873005352785315,1.2069787027723027,0.8108529320599575,1.8159514656923224,3.833783100524583
374.0,6.233333333333333,0.6883333333333261,48.658122204816536,0.015932976201782408,0.010722574719098304,25.592203210697097,0.023328283459144745,915.2998498460751,0.09324297683913783,0.20848684904153558,1.2059669687129102,0.8112138985004991,1.8138355866613594,3.831016453874769
375.0,6.25,0.6874999999999928,48.68016757791202,0.015919893829891736,0.01072752754745434,25.54268407498129,0.023275241830078557,916.4087778068464,0.0932852647873672,0.2082337966596386,1.2049767639845053,0.8115818036500946,1.8116340309388557,3.8281925985734553
376.0,6.266666666666667,0.6866666666666594,48.70209141100589,0.015907094997299767,0.010732569578879001,25.494430130169643,0.023221231102416546,917.5551416891407,0.09332833963801009,0.20797093539080513,1.2040080203456192,0.8119565548506876,1.8093471379000046,3.8253117130963115
377.0,6.283333333333333,0.6858333333333261,48.72389276086757,0.015894578804507887,0.01073769960608891,25.44743657123728,0.023166261023526678,918.7390312523696,0.09337219080618082,0.2076983062356886,1.2030606697132018,0.8123380600137731,1.8069752642504908,3.822373993977466
378.0,6.3,0.6849999999999927,48.745570691149204,0.01588234435413536,0.010742916429050195,25.401698667513323,0.023110341493728922,919.9605378908058,0.09341680777152127,0.20741595217076247,1.202134644164505,0.812726227612235,1.8045187838856334,3.819379655662374
379.0,6.316666666666666,0.6841666666666594,48.7671242727653,0.015870390750941554,0.01074821885487784,25.357211763391863,0.023053482562594683,921.2197546387309,0.09346218007728203,0.20712391813139167,1.2012298759387658,0.8131209666723537,1.8019780877431073,3.816328930354227
380.0,6.333333333333333,0.683333333333326,48.78855258426802,0.015858717101845443,0.010753605697737267,25.31397127900437,0.022995694425210152,922.5167761750537,0.09350829732942614,0.20682225099417503,1.2003462974386814,0.8135221867660074,1.7993535836493226,3.8132220678540114
381.0,6.35,0.6824999999999927,48.809854712217835,0.01584732251594434,0.010759075778748002,25.27197271085594,0.02293698741841291,923.851698826954,0.09355514919575304,0.20651099955856955,1.1994838412318267,0.8139297980030514,1.796645696159555,3.810059335394433
382.0,6.366666666666666,0.6816666666666593,48.83102975154957,0.015836206104528384,0.010764627925889886,25.231211632419992,0.02287737201698767,925.224620573096,0.09360272540504139,0.2061902145278097,1.1986424400517532,0.81434371102386,1.7938548663919442,3.8068410174675575
383.0,6.383333333333334,0.680833333333326,48.852076805933606,0.015825366981093904,0.010770260973911018,25.191683694702046,0.02281685882984354,926.635641045882,0.09365101574621448,0.2058599484891296,1.1978220267989974,0.8147638369920659,1.7909815518554275,3.8035674156464907
384.0,6.4,0.6799999999999926,48.87299498813215,0.015814804261354554,0.01077597376423825,25.15338462676419,0.022755458596154698,928.0848615329573,0.09370001006752171,0.2055202558933042,1.1970225345419259,0.8151900875874388,1.7880262262717463,3.8002388484011114
385.0,6.416666666666667,0.6791666666666593,48.89378342035049,0.015804517063248973,0.010781765144889509,25.116310236217778,0.02269318218148445,929.5723849782215,0.09374969827574244,0.20517119303351736,1.1962438965173146,0.8156223749989591,1.784989379391601,3.796855650907875
386.0,6.433333333333334,0.6783333333333259,48.91444123458306,0.015794504506948637,0.010787633970388299,25.08045640968272,0.02263004057388126,931.0983159819052,0.09380007033540672,0.20481281802357362,1.195486046130942,0.8160606119180384,1.7818715168050905,3.7934181748540707
387.0,6.45,0.6774999999999926,48.934967572954264,0.015784765714861877,0.010793579101680315,25.045819113211113,0.022566044879957392,932.6627608000008,0.09385111626803536,0.20444519077546364,1.1947489169578953,0.8165047115319075,1.7786731597465335,3.789926788236336
388.0,6.466666666666667,0.6766666666666592,48.95536158805386,0.015775299811635165,0.010799599406051878,25.012394392683312,0.022501206320945922,934.265827343035,0.09390282615139899,0.20406837297629848,1.1940324427426654,0.8169545875171711,1.7753948448937966,3.786381875153633
389.0,6.483333333333333,0.6758333333333258,48.97562244326691,0.015766105924154578,0.01080569375705054,24.980178374168908,0.022435536228745237,935.9076251739439,0.0939551901187936,0.20368242806462505,1.1933365573992598,0.8174101540335043,1.772037124162238,3.782783835595002
390.0,6.5,0.6749999999999925,48.99574931309809,0.015757183181543497,0.010811861034407575,24.949167264264084,0.02236904604194539,937.5882655054919,0.09400819835833535,0.20328742120613835,1.192661195011027,0.8178713257175174,1.7686005644934035,3.7791330852219476
391.0,6.516666666666667,0.6741666666666591,49.015741383490315,0.015748530715158866,0.010818100123962306,24.919357350390538,0.022301747301843974,939.3078611966178,0.09406184111227237,0.2028834192688034,1.1920062898303743,0.8183380176767695,1.7650857476385895,3.7754300551457334
392.0,6.533333333333333,0.6733333333333258,49.03559785213758,0.015740147658585744,0.010824409917588432,24.89074500107319,0.022233651648453538,941.0665267484632,0.09411610867631313,0.20247049079740195,1.1913717762783547,0.8188101454839242,1.7614932699373969,3.771675191699676
393.0,6.55,0.6724999999999924,49.05531792879187,0.01573203314762866,0.010830789313122181,24.863326666186754,0.022164770816495146,942.864378299221,0.0941709913989725,0.2020487059875204,1.190757588944013,0.8192876251710607,1.7578237420914273,3.7678689562065006
394.0,6.566666666666666,0.6716666666666591,49.07490083556413,0.015724186320303223,0.010837237214292264,24.837098877176402,0.022095116631391066,944.7015336187627,0.09422647968093441,0.20161813665899067,1.1901636625837506,0.8197703732241293,1.7540777889332186,3.7640118247410985
395.0,6.583333333333333,0.6708333333333257,49.09434580721909,0.01571660631682433,0.010843752530651698,24.812058247251446,0.02202470100525149,946.5781121020418,0.09428256397443045,0.2011788562288031,1.1895899321204335,0.8202583065775448,1.750256049190587,3.7601042878885655
396.0,6.6,0.6699999999999924,49.11365209146403,0.015709292279592318,0.010850334177511325,24.788201471551208,0.021953535932858828,948.4942347622103,0.09433923478263527,0.20073093968350533,1.1890363326423423,0.8207513426089268,1.7463591752464962,3.7561468504977658
397.0,6.616666666666666,0.669166666666659,49.13281894923119,0.015702243353178314,0.010856981075875113,24.76552532728958,0.021881633487650036,950.4500242226254,0.0943964826590771,0.20027446355110365,1.1885027994020663,0.8212493991339708,1.7423878328946016,3.752140031430639
398.0,6.633333333333334,0.6683333333333257,49.151845654953924,0.015695458684307727,0.010863692152377246,24.744026673872728,0.021809005817705552,952.4456047084054,0.09445429820706436,0.19980950587248197,1.1879892678152517,0.8217523944014599,1.738342701090593,3.7480843633073047
399.0,6.65,0.6674999999999923,49.17073149683643,0.01568893742184089,0.010870466339220753,24.72370245299082,0.02173566514173374,954.4811020370352,0.09451267207912797,0.19933614617235731,1.1874956734591366,0.8222602470884133,1.7342244716995086,3.7439803922470585
400.0,6.666666666666667,0.666666666666659,49.189475777117025,0.015682678716753173,0.010877302574117993,24.704549688691046,0.021661623745069948,956.5566436084697,0.09457159497647788,0.19885446542978466,1.1870219520710474,0.8227728762953574,1.7300338492391265,3.739828677605532
401.0,6.683333333333334,0.6658333333333256,49.20807781232484,0.015676681722112566,0.010884199800232641,24.686565487423557,0.021586893975676234,958.6723583941531,0.09463105764847549,0.19836454604823187,1.1865680395466998,0.8232902015417367,1.7257715506196172,3.735629791708054
402.0,6.7,0.6649999999999923,49.22653693352993,0.015670945593056387,0.010891156966123321,24.66974703806828,0.021511488240153042,960.828376925646,0.09469105089212027,0.19786647182523917,1.1861338719384378,0.8238121427614462,1.7214383048795807,3.731384319579465
403.0,6.716666666666667,0.6641666666666589,49.24485248658672,0.015665469486765823,0.010898173025688922,24.654091611933577,0.02143541899976236,963.0248312824176,0.09475156555155037,0.19736032792168098,1.185719385453305,0.8243386202984881,1.7170348529186243,3.7270928586704173
404.0,6.733333333333333,0.6633333333333256,49.26302383237072,0.01566025256243857,0.010905246938115355,24.639596562746863,0.02135869876646158,965.2618550785118,0.0948125925175588,0.19684620083064783,1.1853245164509751,0.8248695549027615,1.712561947226636,3.7227560185803723
405.0,6.75,0.6624999999999922,49.28105034700841,0.0156552939812608,0.010912377667823868,24.626259326606462,0.02128134009895502,967.5395834491388,0.09487412272712212,0.19632417834596477,1.1849492014416296,0.8254048677259623,1.7080203516098933,3.7183744207774856
406.0,6.766666666666667,0.6616666666666589,49.29893142210033,0.015650592906376395,0.010919564184421061,24.614077421927757,0.021203355598759167,969.8581530357297,0.09493614716294317,0.1957943495303651,1.1845933770836292,0.8259444803176055,1.7034108409141762,3.713948698315411
407.0,6.783333333333333,0.6608333333333255,49.31666646493729,0.015646148502856266,0.01092680546265008,24.60304844936191,0.021124757906289274,972.2177019710015,0.09499865685300886,0.19525680468333576,1.1842569801811904,0.826488314621177,1.698734200745021,3.7094794955473884
408.0,6.8,0.6599999999999921,49.334254898709624,0.015641959937664082,0.010934100482343587,24.59317009169757,0.021045559696961178,974.6183698625035,0.09506164287015866,0.1947116353086537,1.1839399476817942,0.8270362929703803,1.693991227185287,3.7049674678374616
409.0,6.816666666666666,0.6591666666666588,49.35169616270945,0.01563802637962203,0.010941448228378016,24.58444011374212,0.02096577367732027,977.0602977759862,0.09512509633166874,0.19415893408162874,1.1836422166735914,0.827588338085518,1.6891827265101698,3.700413281269279
410.0,6.833333333333333,0.6583333333333254,49.36898971252599,0.015634346999375204,0.010948847690629267,24.576856362187375,0.020885412581189092,979.5436282176436,0.09518900839884752,0.19359879481607328,1.1833637243827089,0.8281443730699733,1.6843095148998375,3.6958176123525197
411.0,6.85,0.6574999999999921,49.38613502023375,0.015630920969353024,0.010956297863929852,24.57041676544965,0.02080448916584295,982.0685051157017,0.09525337027664434,0.19303131243101512,1.1831044081703301,0.8287043214068056,1.6793724181498315,3.6911811477269674
412.0,6.866666666666666,0.6566666666666587,49.40313157457373,0.015627747463731474,0.010963797748027346,24.565119333500988,0.020723016208210387,984.6350738011265,0.09531817321327068,0.1924565829171721,1.182864205529835,0.8292681069554549,1.6743722713793971,3.686504583864687
413.0,6.883333333333334,0.6558333333333254,49.41997888112741,0.015624825658391392,0.010971346347544335,24.560962157676272,0.020641006501100657,987.2434809875236,0.09538340849983327,0.19187470330320644,1.1826430540836441,0.8298356539485494,1.669309918737896,3.6817886267700892
414.0,6.9,0.654999999999992,49.43667646248374,0.015622154730877788,0.010978942671939534,24.557943410464127,0.020558472849465034,989.893874750588,0.09544906746998033,0.1912857716217759,1.1824408915801394,0.8304068869888288,1.6641862131094503,3.6770339916784183
415.0,6.916666666666667,0.6541666666666587,49.45322385839886,0.015619733860356286,0.010986585735470308,24.556061345283197,0.020475428066684346,992.5864045059243,0.09551514149955848,0.1906898868754022,1.182257655890367,0.8309817310461587,1.659002015815999,3.672241402752525
416.0,6.933333333333334,0.6533333333333253,49.469620625948735,0.015617562227568944,0.010994274557156545,24.555314296238524,0.020391884970890176,995.321220987068,0.09558162200628184,0.19008714900217172,1.1820932850046932,0.8315601114546519,1.6537581963188939,3.667411592778239
417.0,6.95,0.652499999999992,49.48586633967461,0.015615639014788109,0.011002008160745659,24.555700677862642,0.02030785638132238,998.0984762218726,0.09564850044941332,0.1894776588412881,1.1819477170293118,0.8321419539098959,1.6484556319192063,3.6625453028584136
418.0,6.966666666666667,0.6516666666666586,49.50196059172122,0.015613963405770136,0.011009785574678967,24.557218984842642,0.020223355114719357,1000.918323508455,0.09571576832945607,0.18886151809849464,1.1818208901827414,0.8327271844662677,1.6430952074569032,3.657643282105912
419.0,6.983333333333333,0.6508333333333253,49.51790299196787,0.015612534585706559,0.011017605832059248,24.559867791725335,0.020138393981745984,1003.7809173902001,0.09578341718785678,0.1882388293113841,1.1817127427921292,0.833315729534354,1.6376778150090416,3.652706287335525
420.0,7.0,0.6499999999999919,49.533693168152304,0.015611351741174886,0.011025467970619526,24.563645752614622,0.020052985783458627,1006.6864136298824,0.09585143860671998,0.18760969581461384,1.1816232132895268,0.8339075158784637,1.6322043535871402,3.6477350827551307
421.0,7.016666666666667,0.6491666666666586,49.54933076598734,0.01561041406008816,0.01103337103269305,24.56855160084576,0.01996714330781083,1009.6349691830769,0.09591982420853286,0.18697422170504321,1.1815522402080725,0.8345024706142358,1.6266757288338758,3.6427304396561837
422.0,7.033333333333333,0.6483333333333252,49.564815449270405,0.015609720731642294,0.011041314065184415,24.574584148647403,0.019880879326197233,1012.6267421705438,0.09598856565590085,0.1863325118068127,1.181499762178005,0.8351005212063373,1.6210928527192705,3.6376931361036124
423.0,7.05,0.6474999999999919,49.58014689998576,0.015609270946264126,0.011049296119541908,24.581742286791613,0.019794206590042215,1015.6618918497219,0.09605765465129333,0.18568467163638008,1.1814657179227315,0.8357015954662519,1.6154566432365065,3.6326239566254896
424.0,7.066666666666666,0.6466666666666585,49.5953248183997,0.015609063895556446,0.011057316251730892,24.5900249842238,0.0197071378274289,1018.7405785856255,0.09612708293680039,0.18503080736753322,1.181450046254667,0.8363056215501633,1.609768024097539,3.6275236919023692
425.0,7.083333333333333,0.6458333333333252,49.610348923148464,0.01560909877224306,0.011065373522208386,24.599431287678147,0.0196196857397713,1021.8629638204281,0.09619684229389847,0.18437102579639558,1.181452686071077,0.8369125279569166,1.6040279244286415,3.6223931384566352
426.0,7.1,0.6449999999999918,49.625218951319106,0.015609374770112391,0.011073466995898711,24.60996032128273,0.01953186299853483,1025.0292100426188,0.09626692454322698,0.1837054343064411,1.1814735763498065,0.8375222435260746,1.5982372784660375,3.6172330983419188
427.0,7.116666666666666,0.6441666666666584,49.63993465852319,0.015609891083959535,0.011081595742170236,24.62161128614611,0.01944368224199908,1028.239480754777,0.09633732154437426,0.18303414083353708,1.181512656144897,0.838134697436056,1.5923970252517725,3.6120443788327252
428.0,7.133333333333334,0.6433333333333251,49.65449581896341,0.015610646909528413,0.011089758834813106,24.63438345993031,0.01935515607207069,1031.493940440836,0.0964080251956732,0.18235725383103057,1.1815698645822053,0.8387498192023567,1.586508108329966,3.6068277921145278
429.0,7.15,0.6424999999999917,49.66890222549316,0.015611641443451733,0.011097955352018112,24.64827619640998,0.019266297051141756,1034.7927545322389,0.0964790274340058,0.18167488223489586,1.1816451408548614,0.8393675386758503,1.5805714754435938,3.6015841549743053
430.0,7.166666666666667,0.6416666666666584,49.683153689669055,0.015612873883190197,0.011106184376356557,24.66328892501739,0.019177117698998353,1038.1360893732021,0.09655032023461775,0.18098713542895875,1.1817384242186657,0.8399877860411744,1.574588078231941,3.596314288491781
431.0,7.183333333333334,0.640833333333325,49.69725004179642,0.015614343426971431,0.011114444994761035,24.679421150372395,0.01908763048978019,1041.524112184982,0.09662189561094185,0.18029412321021474,1.1818496539874674,0.8406104918151941,1.5685588719288681,3.5910190177315298
432.0,7.2,0.6399999999999917,49.71119113096789,0.015616049273727015,0.011122736298507378,24.696672451798534,0.01899784784898597,1044.9569910293462,0.09669374561442975,0.1795959557542574,1.1819787695283974,0.8412355868455388,1.5624848150620394,3.5856991714359756
433.0,7.216666666666667,0.6391666666666583,49.724976825095,0.015617990623028622,0.01113105738319739,24.715042482827275,0.018907782150536456,1048.4348947709527,0.09676586233439366,0.17889274358083118,1.1821257102570362,0.8418630023092247,1.556366869153231,3.580355581719492
434.0,7.233333333333333,0.638333333333325,49.73860701093296,0.015620166675024277,0.011139407348742662,24.734530970684155,0.018817445713885512,1051.9579930387206,0.09683823789785552,0.17818459751952667,1.1822904156325873,0.842492669711343,1.550205998419882,3.5749890837638123
435.0,7.25,0.6374999999999916,49.752081594098556,0.015622576630371891,0.011147785299349242,24.75513771576389,0.018726850801184924,1055.5264561865329,0.09691086446940547,0.17747162867563232,1.1824728251528482,0.8431245208838275,1.544003169478001,3.5696005155146766
436.0,7.266666666666667,0.6366666666666583,49.76540049908129,0.015625219690173747,0.011156190343503273,24.77686259109091,0.01863600961450341,1059.1404552526112,0.09698373425106808,0.17675394839615832,1.1826728783492506,0.8437584879842923,1.5377593510465772,3.5641907173801197
437.0,7.283333333333333,0.6358333333333249,49.77856366924774,0.015628095055908686,0.011164621593957527,24.799705541767423,0.018544934293098513,1062.8001619180516,0.09705683948217704,0.17603166823604757,1.1828905147817281,0.8443945034949402,1.5314755136536138,3.558760531930282
438.0,7.3,0.6349999999999916,49.7915710668393,0.01563120192936428,0.011173078167718826,24.823666584403934,0.01845363691074575,1066.5057484644128,0.09713017243925795,0.1753048999245883,1.1831256740335823,0.8450325002215441,1.5251526293439182,3.5533108035990444
439.0,7.316666666666666,0.6341666666666582,49.80442267296326,0.01563453951256755,0.011181559186036253,24.848745806539124,0.01836212947312022,1070.2573877301231,0.09720372543591897,0.17457375533204367,1.1833782957062375,0.845672411292495,1.5187916713887797,3.5478423783875126
440.0,7.333333333333333,0.6333333333333249,49.817118487577304,0.015638107007715344,0.011190063774390377,24.874943366045333,0.01827042391523549,1074.0552530662048,0.09727749082274854,0.17383834643651147,1.1836483194139742,0.8463141701579122,1.5123936139976497,3.542356103569536
441.0,7.35,0.6324999999999915,49.82965852946753,0.015641903617103457,0.0111985910624832,24.902259490517892,0.018178532098938664,1077.8995182904498,0.09735146098722183,0.17309878529102848,1.1839356847785605,0.8469577105888298,1.5059594320319476,3.536852827399338
442.0,7.366666666666666,0.6316666666666582,49.842042836220045,0.015645928543055538,0.011207140184228886,24.93069447665526,0.018086465810462336,1081.7903576412418,0.09742562835361408,0.17235518399093286,1.1842403314238734,0.8476029666764424,1.4994901007211157,3.5313333988214315
443.0,7.383333333333334,0.6308333333333248,49.854271464186155,0.015650180987850287,0.011215710277745448,24.96024868961786,0.017994236758033688,1085.727945729617,0.09749998538292055,0.1716076546414985,1.184562198970388,0.8482498728314087,1.4929865953810368,3.5257986671828334
444.0,7.4,0.6299999999999915,49.86634448844128,0.015654660153648983,0.011224300485347064,24.99092256238203,0.017901856569540974,1089.7124574909083,0.09757452457278512,0.1708563093258539,1.1849012270296913,0.8488983637832305,1.4864498911349289,3.5202494819478507
445.0,7.416666666666667,0.6291666666666581,49.87826200273761,0.01565936524242139,0.011232909953537294,25.022716595070687,0.017809336790257372,1093.7440681348644,0.09764923845743444,0.1701012600731986,1.1852573551988748,0.8495483745796796,1.4798809626368277,3.514686692415382
446.0,7.433333333333334,0.6283333333333248,49.89002411945065,0.01566429545587135,0.011241537833002968,25.055631354276827,0.01771668888062357,1097.8229530949168,0.09772411960762015,0.169342618827329,1.1856305230549022,0.8501998405862952,1.4732807837977622,3.5091111474389596
447.0,7.45,0.6274999999999914,49.90163096951965,0.015669449995361694,0.011250183278608822,25.08966747236944,0.01762392421408984,1101.9492879764903,0.09779916063056704,0.16858049741548697,1.1860206701489264,0.8508526974859332,1.4666503275147365,3.503523695149596
448.0,7.466666666666667,0.626666666666658,49.913082702382034,0.01567482806183779,0.011258845449392985,25.12482564678529,0.01753105407501397,1106.1232485037683,0.09787435416992794,0.16781500751754228,1.186427736000502,0.851506881278373,1.4599905654026177,3.4979251826814926
449.0,7.483333333333333,0.6258333333333247,49.92437948590194,0.01568042885575168,0.011267523508562928,25.161106639307526,0.017438089656620782,1110.3450104659908,0.09794969290574597,0.16704626063551994,1.1868516600918444,0.8521623282799898,1.4533024675290234,3.4923164559008577
450.0,7.5,0.6249999999999913,49.935521506292886,0.015686251576984514,0.011276216623492446,25.19851127532869,0.017345042059018385,1114.6147496621463,0.09802516955442131,0.16627436806348497,1.1872923818619576,0.8528189751234653,1.446587002152319,3.4866983591377423
451.0,7.516666666666667,0.624166666666658,49.94650896803472,0.01569229542476838,0.011284923965719031,25.237040443099097,0.01725192228727506,1118.9326418447556,0.09810077686868662,0.16549944085779403,1.1877498407007183,0.8534767587575736,1.439845135462808,3.4810717349211
452.0,7.533333333333333,0.6233333333333246,49.957342093784874,0.015698559597608266,0.011293644710942036,25.276695092961525,0.017158741249555274,1123.2988626626288,0.09817650763758651,0.16472158980772536,1.1882239759429694,0.8541356164470025,1.4330778313272106,3.4754374237171826
453.0,7.55,0.6224999999999913,49.96802112428405,0.015705043293202308,0.011302378039021536,25.31747623657093,0.017065509755312104,1127.7135876021168,0.09825235468646364,0.1639409254064974,1.1887147268624825,0.8547954857722335,1.4262860510365274,3.4697962636712436
454.0,7.566666666666666,0.6216666666666579,49.978546318256434,0.015711745708362954,0.011311123133977724,25.359384946097634,0.016972238513543035,1132.1769919278524,0.09832831087695122,0.16315755782268426,1.1892220326659917,0.8554563046294755,1.419470753057353,3.4641490903528203
455.0,7.583333333333333,0.6208333333333246,49.98891795230448,0.015718666038935493,0.01131987918399101,25.40242235341661,0.016878938131102285,1136.689250621685,0.09840436910697029,0.1623715968720401,1.1897458324870271,0.8561180112306415,1.4126328927867489,3.4584967365044177
456.0,7.6,0.6199999999999912,49.999136320798435,0.015725803479717984,0.011328645381402758,25.44658964928188,0.016785619111071706,1141.2505383209104,0.09848052231073315,0.16158315198973974,1.190286065379854,0.8567805441033783,1.4057734223107357,3.452840031793968
457.0,7.616666666666666,0.6191666666666579,50.00920173576062,0.015733157224379773,0.01133742092271648,25.491888082485026,0.016692291851192535,1145.8610292551634,0.0985567634587526,0.16079233220304448,1.1908426703133048,0.8574438420911475,1.3988932901664868,3.447179802570939
458.0,7.633333333333334,0.6183333333333245,50.01911452674461,0.015740726465379055,0.01134620500859978,25.538318958997802,0.01659896664235416,1150.5208971821803,0.09863308555785513,0.15999924610440242,1.1914155861645404,0.8581078443533395,1.3919934411083008,3.4415168716261806
459.0,7.65,0.6174999999999912,50.02887504070943,0.0157485103938809,0.01135499684388679,25.585883641099425,0.01650565366714341,1155.2303153224334,0.09870948165120097,0.1592040018249904,1.1920047517128451,0.8587724903654483,1.3850748158774162,3.4358520579557097
460.0,7.666666666666667,0.6166666666666578,50.038483641888774,0.015756508199674182,0.01136379563758111,25.63458354648901,0.016412362998450294,1159.9894562923475,0.09878594481830832,0.15840670700870632,1.1926101056333387,0.8594377199192823,1.3781383509757448,3.4301861765283657
461.0,7.683333333333334,0.6158333333333245,50.04794071165548,0.015764719071087792,0.011372600602859459,25.684420147378408,0.016319104598134362,1164.7984920368112,0.09886246817508232,0.15760746878661816,1.1932315864906347,0.8601034731232161,1.371184978443578,3.4245200380574286
462.0,7.7,0.6149999999999911,50.05724664838123,0.015773142194907098,0.01138141095707564,25.7353949695762,0.0162258883157451,1169.657593759909,0.09893904487385,0.156806393751878,1.193869132732518,0.8607696904024948,1.3642156256413385,3.4188544487763513
463.0,7.716666666666667,0.6141666666666578,50.06640186729169,0.015781776756289747,0.01139022592176519,25.787509591544737,0.016132723887306164,1174.5669318549078,0.09901566810339855,0.15600358793510555,1.1945226826835706,0.8614363124995673,1.3572312150354182,3.4131902102185565
464.0,7.733333333333333,0.6133333333333244,50.0754068003171,0.015790621938680235,0.01139904472265045,25.84076564344933,0.01603962093415092,1179.5266758328662,0.09909233108901914,0.1551991567802509,1.1951921745387069,0.8621032804744665,1.3502326639881828,3.407528119001356
465.0,7.75,0.612499999999991,50.0842618959385,0.01579967692372521,0.011407866589646163,25.89516480618913,0.015946588961818383,1184.5369942499565,0.0991690270925549,0.15439320512093907,1.1958775463567608,0.8627705357052275,1.3432208845521698,3.401868966614158
466.0,7.766666666666667,0.6116666666666577,50.09296761902965,0.015808940891188037,0.011416690756865529,25.950708810405185,0.015853637359006037,1189.598054633767,0.09924574941245341,0.15358583715730373,1.1965787360540223,0.8634380198883447,1.3361967832685424,3.396213539210909
467.0,7.783333333333333,0.6108333333333243,50.101524450694704,0.015818413018862373,0.011425516462626737,26.0073994354819,0.015760775396576686,1194.7100234080226,0.09932249138382339,0.15277715643331552,1.1972956813976927,0.8641056750392634,1.3291612609698449,3.390562617406801
468.0,7.8,0.609999999999991,50.109932888101895,0.015828092482486136,0.011434342949459938,26.065238508518537,0.015668012226624305,1199.873065816616,0.09939924637849544,0.15196726581460848,1.1980283199993753,0.8647734434929103,1.3221152125870936,3.3849169760793796
469.0,7.816666666666666,0.6091666666666576,50.118193444313164,0.015837978455654572,0.011443169464114666,26.124227903294333,0.015575356881592353,1205.087345845921,0.09947600780508695,0.1511562674668111,1.1987765893084943,0.8654412679042564,1.3150595269612564,3.3792773841740074
470.0,7.833333333333333,0.6083333333333243,50.126306648109974,0.015848070109733717,0.011451995257567672,26.18436953920835,0.015482818273450405,1210.3530261460307,0.09955276910907092,0.15034426283438407,1.1995404266057448,0.8661090912489169,1.3079950866591412,3.373644604513803
471.0,7.85,0.6074999999999909,50.13427304381532,0.015858366613772656,0.011460819585031198,26.24566538020638,0.015390405192921303,1215.6702679509317,0.09962952377284832,0.14953135261997078,1.2003197689964522,0.8667768568237804,1.3009227677937456,3.368019393613978
472.0,7.866666666666666,0.6066666666666576,50.142093191112124,0.01586886713441596,0.011469641705961639,26.308117433683957,0.015298126308766806,1221.0392309969961,0.09970626531582469,0.14871763676426164,1.2011145534039438,0.8674445082476747,1.2938434398490761,3.3624025015006946
473.0,7.883333333333334,0.6058333333333242,50.14976766485806,0.015879570835816155,0.011478460884068531,26.3717277493782,0.015205990167123026,1226.4600734408887,0.09978298729448978,0.14790321442637785,1.2019247165629245,0.868111989462061,1.2867579655094872,3.3567946715344728
474.0,7.9,0.6049999999999909,50.157297054896986,0.015890476879545055,0.011487276387324117,26.436498418234834,0.015114005190891365,1231.9329517754543,0.09985968330250056,0.14708818396477544,1.202750195012765,0.8687792447317548,1.279667200493546,3.351196640238066
475.0,7.916666666666667,0.6041666666666575,50.164681965867,0.01590158442450594,0.011496087487973,26.502431571257944,0.01502217967918048,1237.458020744949,0.09993634697076884,0.1462726429186733,1.2035909250908543,0.8694462186456888,1.2725719933924577,3.3456091371290007
476.0,7.933333333333334,0.6033333333333242,50.17192301700533,0.015912892626844553,0.011504893462542359,26.56952937834332,0.0149305218068007,1243.0354332587451,0.10001297196755027,0.14545668799000677,1.204446842925864,0.8701128561176873,1.2654731855130588,3.34003288455661
477.0,7.95,0.6024999999999908,50.17902084195013,0.01592440063986025,0.011513693591852435,26.637794047088626,0.014839039623809822,1248.6653403038886,0.10008955199853788,0.1446404150259087,1.205317884431022,0.8707791023872794,1.2583716107254055,3.334468597543707
478.0,7.966666666666667,0.6016666666666575,50.18597608853923,0.015936107613917155,0.011522487161027332,26.707227821586184,0.0147477410551091,1254.3478908561485,0.10016608080695816,0.14382391900171973,1.2062039852973891,0.8714449030205359,1.2512680953149615,3.3289169836328867
479.0,7.983333333333333,0.6008333333333241,50.192789418606075,0.015948012696355075,0.01153127345950616,26.77783298119572,0.014656633900089335,1260.0832317902725,0.10024255217366997,0.1430072940045286,1.2071050809871153,0.8721102039109286,1.2441634578393987,3.3233787427374426
480.0,8.0,0.5999999999999908,50.199461507772845,0.015960115031399748,0.01154005178105452,26.849611839296323,0.01456572583232639,1265.8715077885345,0.10031895991726657,0.14219063321724337,1.2080211067266466,0.8727749512802191,1.2370585089900172,3.317854566996883
481.0,8.016666666666667,0.5991666666666574,50.20599304524094,0.015972413760073974,0.011548821423776163,26.922566742019143,0.014475024399325418,1271.7128612481515,0.10039529789418045,0.14137402890319414,1.2089519974999987,0.8734390916793698,1.229954051457789,3.3123451406371576
482.0,8.033333333333333,0.5983333333333241,50.2123847335789,0.01598490802010705,0.011557581690125088,26.996700066957967,0.014384537022313387,1277.6074321876406,0.10047155999878993,0.14055757239126765,1.2098976880419023,0.8741025719894723,1.2228508798040285,3.3068511398354032
483.0,8.05,0.5974999999999907,50.21863728850792,0.015997596945846074,0.011566331886917787,27.072014221861284,0.014294270996077772,1283.5553581516815,0.10054774016352949,0.13974135406157348,1.2108581128310891,0.8747653394227065,1.2157497803356891,3.301373232589485
484.0,8.066666666666666,0.5966666666666574,50.224751438685,0.016010479668165576,0.011575071325345859,27.148511643300395,0.014204233488853153,1289.5567741147709,0.10062383235900149,0.1389254633316413,1.2118332060834522,0.8754273415233129,1.2086515309852792,3.2959120785920444
485.0,8.083333333333334,0.595833333333324,50.23072792548388,0.016023555314377574,0.011583799320988757,27.226194795319195,0.014114431542252807,1295.6118123837862,0.10069983059409113,0.1381099886431487,1.2128229017452383,0.8760885261685928,1.2015569011953935,3.2904683291092245
486.0,8.1,0.5949999999999906,50.23656750277391,0.016036823008141906,0.01159251519382688,27.305066168061558,0.014024872071246067,1301.7206024990135,0.10077572891608255,0.13729501744917844,1.2138271334862607,0.8767488415699182,1.1944666518078524,3.285042626864031
487.0,8.116666666666667,0.5941666666666573,50.242270936696826,0.016050281869376133,0.011601218268254861,27.38512827637438,0.013935561864178981,1307.883271134198,0.1008515214107779,0.13648063620200418,1.2148458346930793,0.8774082362737676,1.1873815349574364,3.2796356059242835
488.0,8.133333333333333,0.5933333333333239,50.24783900544173,0.01606393101416547,0.011609907873095,27.466383658393024,0.013846507582840227,1314.099941995226,0.10092720220261832,0.13566693034140237,1.2158789384621842,0.8780666591627793,1.1803022939702006,3.274247891595164
489.0,8.15,0.5924999999999906,50.25327249901822,0.016077769554673056,0.011618583341611042,27.548834874100688,0.013757715762568278,1320.370735717503,0.10100276545480602,0.13485398428348952,1.2169263775932033,0.8787240594568123,1.1732296632663588,3.2688801003163745
490.0,8.166666666666666,0.5916666666666572,50.25857221902787,0.01609179659904958,0.011627244011522011,27.632484503869325,0.013669192812401263,1326.6957697623725,0.10107820536942938,0.13404188141008158,1.2179880845820623,0.8793803867140355,1.1661643682677096,3.2635328395638075
491.0,8.183333333333334,0.5908333333333239,50.2637389784341,0.016106011251343585,0.011635889225016348,27.717335146972317,0.013580945015268997,1333.075158311858,0.10115351618758871,0.13323070405857404,1.2190639916141957,0.8800355908320217,1.1591071253095941,3.2582067077558117
492.0,8.2,0.5899999999999905,50.26877360133062,0.016120412611411696,0.011644518328766135,27.803389420079466,0.013492978528222978,1339.5090121627313,0.10122869218952424,0.13242053351233954,1.220154030557751,0.8806896220488608,1.152058641557354,3.252902294163966
493.0,8.216666666666667,0.5891666666666572,50.273676922708496,0.016134999774828383,0.011653130673941556,27.8906499557258,0.01340529938270937,1345.9974386187898,0.10130372769474547,0.13161144999163976,1.22125813295676,0.8813424309442854,1.1450196149272658,3.2476201788283117
494.0,8.233333333333333,0.5883333333333238,50.278449788221906,0.016149771832796984,0.011661725616225449,27.97911940075904,0.013317913484878962,1352.540541382612,0.1013786170621619,0.13080353264504951,1.2223762300244034,0.8819939684408085,1.1379907340119306,3.2423609324771423
495.0,8.25,0.5874999999999905,50.283093053952804,0.016164727872059064,0.011670302515828037,28.06880041475975,0.013230826615934423,1359.138420445309,0.101453354690215,0.1299968595413891,1.2235082526361503,0.8826441858048705,1.130972678010085,3.2371251164511055
496.0,8.266666666666667,0.5866666666666571,50.28760758617451,0.016179866974805824,0.01167886073750182,28.159695668444044,0.013144044432517607,1365.7911719758383,0.1015279350170115,0.12919150766216028,1.2246541313230526,0.883293034648,1.1239661166607944,3.2319132826318473
497.0,8.283333333333333,0.5858333333333238,50.291994261114304,0.016195188218588345,0.0116873996505565,28.251807842033706,0.013057572467129368,1372.498888208658,0.101602352520458,0.12838755289448436,1.2258137962649516,0.8839404669279846,1.1169717101820138,3.2267259733749496
498.0,8.3,0.5849999999999904,50.29625396471522,0.01621069067622836,0.011695918628874168,28.345139623610415,0.012971416128589515,1379.2616573305338,0.10167660171839606,0.12758507002453517,1.2269871772837244,0.8845864349500456,1.1099901092134559,3.221563721447226
499.0,8.316666666666666,0.5841666666666571,50.30038759239703,0.01622637341572959,0.01170441705092442,28.43969370743949,0.012885580702527832,1386.079563365885,0.1017506771687391,0.1267841327314661,1.2281742038365724,0.8852308913680301,1.103021954763755,3.216427049968358
500.0,8.333333333333334,0.5833333333333237,50.3043960488166,0.016242235500188548,0.011712894299779751,28.5354727922704,0.01280007135191018,1392.9526860612152,0.10182457346960921,0.1259848135818239,1.229374805009271,0.8858737891856001,1.0960678781618678,3.211316472356739
501.0,8.35,0.5824999999999904,50.308280247627685,0.016258275987706232,0.011721349763130861,28.632479579615964,0.012714893117599746,1399.8811007685867,0.10189828525947564,0.12518718402444542,1.2305889095094844,0.886515081757438,1.089128501012675,3.2062324922795975
502.0,8.366666666666667,0.581666666666657,50.31204111124023,0.016274493931299937,0.011729782833302182,28.73071677199925,0.01263005091894657,1406.8648783272897,0.10197180721729307,0.12439131438583378,1.231816445660092,0.8871547227904496,1.082204435156754,3.201175603607296
503.0,8.383333333333333,0.5808333333333237,50.315679570579306,0.016290888378814542,0.011738192907267388,28.830187071182596,0.012545549554412208,1413.9040849454086,0.10204513406264121,0.12359727386600594,1.2330573413924724,0.8877926663449784,1.0752962826342516,3.1961462903717024
504.0,8.4,0.5799999999999903,50.3191965648438,0.016307458372835575,0.011746579386664985,28.93089317636489,0.01246139370222294,1420.998782079436,0.10211826055586457,0.12280513053480932,1.2343115242399245,0.8884288668360216,1.068404635652841,3.191145026728787
505.0,8.416666666666666,0.579166666666657,50.32259304126486,0.01632420295060113,0.011754941677813937,29.032837782358683,0.012377587921054228,1428.1490263134096,0.10219118149821256,0.12201495132870008,1.2355789213309991,0.8890632790344491,1.0615300765596907,3.186172276925139
506.0,8.433333333333334,0.5783333333333236,50.32586995486427,0.01634112114391497,0.011763279191729403,29.136023577735635,0.012294136650741855,1435.3548692366212,0.10226389173197997,0.12122680204797878,1.2368594593829239,0.8896958580682257,1.0546731778174152,3.1812284952685648
507.0,8.45,0.5774999999999902,50.32902826821282,0.016358211979059505,0.011771591344138346,29.240453242950394,0.01221104421302371,1442.616357320592,0.10233638614064816,0.12044074735447606,1.2381530646950136,0.8903265594236389,1.0478345019839417,3.176314126102594
508.0,8.466666666666667,0.5766666666666569,50.33206895118875,0.016375474476709603,0.011779877555495387,29.34612944843626,0.012128314812307304,1449.9335317949187,0.10240865964902522,0.11965685076968385,1.2394596631421495,0.8909553389465193,1.0410146016962494,3.1714296037849183
509.0,8.483333333333333,0.5758333333333235,50.33499298073636,0.01639290765184619,0.011788137250998455,29.453054852673898,0.012045952536464337,1457.3064285220867,0.10248070722338787,0.11887517467332538,1.2407791801682377,0.8915821528434744,1.0342140196579308,3.1665753526696427
510.0,8.5,0.5749999999999902,50.337801340624836,0.016410510513670803,0.011796369860604585,29.561232100235845,0.011963961357650137,1464.7350778713935,0.10255252387162173,0.11809578030235778,1.242111540779743,0.892206957683109,1.0274332886305126,3.1617517870933645
511.0,8.516666666666667,0.5741666666666568,50.34049502120747,0.016428282065520133,0.011804574819045647,29.670663819800282,0.011882345133149138,1472.2195045920125,0.10262410464336251,0.11731872775040052,1.2434566695392186,0.8928297103972538,1.0206729314284844,3.156959311364957
512.0,8.533333333333333,0.5733333333333235,50.34307501918125,0.01644622130478138,0.011812751565844064,29.781352622142474,0.011801107606243243,1479.759727684955,0.10269544463013666,0.11654407596758415,1.2448144905589025,0.8934503682821889,1.013933460917982,3.1521983197590737
513.0,8.55,0.5724999999999901,50.34554233734697,0.01646432722280775,0.011820899545328577,29.89330109809482,0.011720252407103806,1487.355760274417,0.10276653896550168,0.11577188276081171,1.2461849274943182,0.8940688889998646,1.0072153800190617,3.147469196513245
514.0,8.566666666666666,0.5716666666666568,50.347897984369894,0.016482598804834638,0.011829018206649828,30.006511816482835,0.011639783053705383,1495.0076094777946,0.10283738282518658,0.11500220479442662,1.2475679035379335,0.8946852305791232,1.0005191817115116,3.1427723158285685
515.0,8.583333333333334,0.5708333333333234,50.3501429745411,0.01650103502989619,0.011837107003796126,30.12098732203339,0.011559702952762617,1502.7152762755788,0.10290797142723075,0.11423509759127957,1.2489633414128425,0.8952993514169074,0.9938453490441322,3.138108041873882
516.0,8.6,0.5699999999999901,50.35227832753952,0.01651963487074245,0.011845165395608927,30.236730133253367,0.011480015400685873,1510.478755379697,0.10297830003212424,0.11347061553418883,1.2503711633664956,0.8959112102794808,0.9871943551474427,3.1334767287934193
517.0,8.616666666666667,0.5691666666666567,50.354305068194826,0.016538397293757088,0.011853192845798458,30.353742740282946,0.011400723584557416,1518.298035101679,0.10304836394294525,0.11270881186778507,1.2517912911644737,0.8965207663036237,0.9805666632497301,3.128878720717828
518.0,8.633333333333333,0.5683333333333234,50.35622422625115,0.016557321258875688,0.011861188822959142,30.472027602722143,0.011321830583128118,1526.1730972196435,0.10311815850549877,0.11194973870073474,1.2532236460843005,0.8971279789978392,0.9739627266963922,3.1243143517785317
519.0,8.65,0.56749999999999,50.35803683613178,0.016576405719504306,0.011869152800585061,30.59158714742632,0.011243339367830217,1534.1039168448276,0.10318767910845336,0.11119344700833471,1.2546681489092806,0.8977328082435442,0.9673829889725118,3.1197839461253363
520.0,8.666666666666666,0.5666666666666567,50.35974393670488,0.01659564962243945,0.011877084257085242,30.712423766277137,0.011165252803809847,1542.0904622874082,0.1032569211834779,0.11043998663547022,1.2561247199224417,0.8983352142962576,0.9608278837285908,3.1152878179472903
521.0,8.683333333333334,0.5658333333333233,50.36134657105028,0.016615051907787493,0.011884982675798909,30.834539813922877,0.01108757365097416,1550.1326949215234,0.1033258802053768,0.10968940629992957,1.2575932789004352,0.898935157786778,0.9542978348093872,3.1108262714966006
522.0,8.7,0.56499999999999,50.3628457862274,0.01663461150888597,0.01189284754501067,30.957937605494877,0.011010304565057055,1558.2305690498615,0.10339455169222443,0.10894175359606706,1.2590737451075786,0.8995325997223524,0.9477932562857834,3.1063996011157142
523.0,8.716666666666667,0.5641666666666566,50.364242633044476,0.016654327352224656,0.011900678357965516,31.082619414292427,0.010933448098698045,1566.3840317676215,0.10346293120549914,0.108197074998808,1.260566037289884,0.9001275014878425,0.9413145524896295,3.102008091267356
524.0,8.733333333333333,0.5633333333333232,50.365538165828966,0.01667419835736774,0.011908474612883831,31.2085874694395,0.010857006702536667,1574.593022825775,0.103531014350215,0.1074554158679871,1.2620700736691641,0.9007198248468704,0.9348621180514877,3.097652016567522
525.0,8.75,0.5624999999999899,50.36673344219937,0.01669422343687654,0.011916235812976158,31.335843953518914,0.010780982726320462,1582.8574744942653,0.10359879677505372,0.10671682045301303,1.263585771937185,0.9013095319429673,0.9284363379412133,3.0933316418213654
526.0,8.766666666666667,0.5616666666666565,50.36782952283842,0.01671440149623341,0.011923961466457932,31.464391000171776,0.010705378420026177,1591.1773114239927,0.10366627417249417,0.10598133189785167,1.2651130492499065,0.9018965853006993,0.9220375875113094,3.0890472220619154
527.0,8.783333333333333,0.5608333333333232,50.368827471267785,0.01673473143376548,0.01193165108656405,31.59423069167252,0.010630195934993059,1599.5524505093106,0.10373344227894117,0.10524899224631998,1.266651822221709,0.9024809478267881,0.9156662325429837,3.084799002591481
528.0,8.8,0.5599999999999898,50.36972835362422,0.016755212140570283,0.011939304191563336,31.725365056476306,0.010555437325068527,1607.9828007493147,0.10380029687485282,0.10451984244768314,1.2682020069197644,0.9030625828112194,0.9093226292948433,3.080587219025827
529.0,8.816666666666666,0.5591666666666565,50.370533238437346,0.016775842500441302,0.011946920304772795,31.85779606673816,0.01048110454776335,1616.4682631093435,0.10386683378486654,0.1037939223625472,1.2697635188584018,0.9036414539283388,0.9030071245541605,3.076412097340901
530.0,8.833333333333334,0.5583333333333231,50.37124319640909,0.016796621389794843,0.01195449895457182,31.991525635803857,0.010407199465418654,1625.0087303819503,0.10393304887792318,0.10307127076903894,1.2713362729935713,0.9042175252379315,0.8967200556906386,3.0722738539221415
531.0,8.85,0.5574999999999898,50.371859300194714,0.01681754767759769,0.011962039674416084,32.12655561567153,0.010333723846381666,1633.6040870475638,0.10399893806739027,0.10235192536926602,1.2729201837173687,0.9047907611862953,0.8904617507126142,3.068172695616278
532.0,8.866666666666667,0.5566666666666564,50.37238262418567,0.016838620225295316,0.011969542002851481,32.2628877944313,0.010260679366190129,1642.2542091352982,0.10406449731118235,0.10163592279604892,1.274515164852602,0.9053611266072864,0.8842325283256256,3.064108819785514
533.0,8.883333333333333,0.5558333333333231,50.37281424429418,0.016859837886741436,0.011977005483527663,32.40052389367101,0.010188067608765693,1650.9589640831696,0.1041297226118814,0.10092329861991728,1.276121129647459,0.9059285867233681,0.8780326979932802,3.0600824143641074
534.0,8.9,0.5549999999999897,50.37315523773971,0.016881199508128372,0.01198442966521163,32.539465565858784,0.010115890067614004,1659.7182105984684,0.10419461001685361,0.10021408735636265,1.2777379907702362,0.9064931071466263,0.871862560000355,3.0560936579172178
535.0,8.916666666666666,0.5541666666666564,50.37340668283723,0.016902703927917834,0.011991814101800965,32.67971439169538,0.010044148147032946,1668.5317985180486,0.10425915561836616,0.09950832247334002,1.2793656603041006,0.9070546538797855,0.8657224055180581,3.052142719701944
536.0,8.933333333333334,0.553333333333323,50.37356965878748,0.016924349976773608,0.011999158352336918,32.82127187744212,0.009972843163325801,1677.399568668633,0.1043233555537007,0.09880603639901048,1.281004049741994,0.907613193317196,0.859612516671391,3.0482297597305816
537.0,8.95,0.5524999999999897,50.37364524546917,0.016946136477494367,0.012006461981017383,32.964139452220415,0.009901976346020861,1686.3213527270962,0.1043872060052653,0.09810726052971695,1.2826530699815484,0.908168692245808,0.8535331666085374,3.0443549288358938
538.0,8.966666666666667,0.5516666666666563,50.373634523233164,0.016968062244948078,0.01201372455720955,33.10831846528511,0.009831548839096028,1695.2969730809507,0.10445070320070499,0.09741202523818546,1.2843126313201199,0.9087211178461333,0.8474846195722134,3.040518368738467
539.0,8.983333333333333,0.550833333333323,50.37353857269873,0.01699012608600706,0.012020945655462472,33.253810183272876,0.009761561702207853,1704.326242688885,0.10451384341300936,0.09672035988194427,1.285982643449874,0.9092704376931814,0.8414671309729151,3.036720212115971
540.0,9.0,0.5499999999999896,50.373358474551885,0.017012326799484216,0.01202812485551927,33.40061578741928,0.009692015911924555,1713.4089649415453,0.10457662296061902,0.09603229281195329,1.28766301545296,0.9098166197573854,0.8354809474639935,3.0329605826743387
541.0,9.016666666666667,0.5491666666666563,50.37309530934584,0.017034663176070747,0.012035261742329287,33.548736370757105,0.009622912362961316,1722.5449335228955,0.1046390382075286,0.0953478513814359,1.2893536557967946,0.9103596324054987,0.8295263070184922,3.029239595220785
542.0,9.033333333333333,0.5483333333333229,50.37275015730361,0.017057133998274115,0.01204235590605987,33.69817293528196,0.009554251869420877,1731.7339322712323,0.1047010855633891,0.09466706195490557,1.2910544723293675,0.9108994444014851,0.8236034390076784,3.025557355738531
543.0,9.05,0.5474999999999896,50.37232409812277,0.01707973804035808,0.012049406942108045,33.848926389098324,0.009486035166032924,1740.9757350414568,0.10476276148360651,0.09398994991738059,1.2927653722747028,0.9114360249073766,0.8177125642812111,3.021913961463291
544.0,9.066666666666666,0.5466666666666562,50.371818210782514,0.017102474068283153,0.012056414451111875,34.00099754353693,0.009418262909397745,1750.2701055669816,0.10482406246943934,0.09331653968377793,1.2944862622283515,0.9119693434841222,0.8118538952488679,3.018309500961341
545.0,9.083333333333334,0.5458333333333228,50.3712335733529,0.017125340839648527,0.01206337803896158,34.154387110246724,0.009350935679229925,1759.6167973229667,0.10488498506809306,0.09264685470848001,1.2962170481529967,0.9124993700924096,0.806027635963776,3.0147440542091823
546.0,9.1,0.5449999999999895,50.370571262806386,0.017148337103635492,0.012070297316810486,34.309095698267065,0.009284053979602691,1769.015553389314,0.10494552587281213,0.09198091749506666,1.2979576353741702,0.9130260750934655,0.8002339822070799,3.011217692674715
547.0,9.116666666666667,0.5441666666666561,50.36983235483167,0.01717146160095161,0.012077171901085605,34.465123811069745,0.009217618240192495,1778.4661063149108,0.10500568152297005,0.0913187496062047,1.2997079285760271,0.9135494292498393,0.7944731215739809,3.0077304793998474
548.0,9.133333333333333,0.5433333333333228,50.36901792364989,0.01719471306377599,0.01208400141349813,34.62247184358251,0.00915162881752298,1787.9681779825974,0.10506544870415627,0.09066037167368811,1.3014678317972044,0.9140694037261594,0.7887452335610865,3.0042824690844503
549.0,9.15,0.5424999999999894,50.36812904183315,0.01721809021570694,0.012090785481053435,34.78114007918585,0.00908608599620808,1797.521479474325,0.10512482414826166,0.09000580340862163,1.303237248426858,0.9145859700898764,0.7830504896550081,3.000873708171743
550.0,9.166666666666666,0.5416666666666561,50.36716678012541,0.017241591771709294,0.012097523736061048,34.94112868668896,0.009020989990194087,1807.125710937918,0.10518380463355956,0.08935506361174035,1.3050160812006761,0.9150991003119681,0.777389053422141,2.9975042349347856
551.0,9.183333333333334,0.5408333333333227,50.36613220726585,0.017265216438064543,0.012104215816144194,35.10243771728268,0.008956340943999379,1816.7805614543092,0.1052423869847862,0.08870817018385872,1.306804232197105,0.9156087667676399,0.7717610805995708,2.9941740795643157
552.0,9.2,0.5399999999999894,50.36502638981457,0.017288962912321317,0.012110861364249157,35.26506710146918,0.00889213893395191,1826.485708905841,0.10530056807321701,0.08806514013644164,1.3086016028336003,0.916114942236988,0.7661667191870422,2.99088326425763
553.0,9.216666666666667,0.539166666666656,50.36385039198078,0.017312829883247702,0.012117460028654266,35.429016645975786,0.008828383969424756,1836.2408198456608,0.1053583448167412,0.08742598960229066,1.3104080938630183,0.9166175999056483,0.7606061095399287,2.9876318033085956
554.0,9.233333333333333,0.5383333333333227,50.36260527545347,0.017336816030784914,0.012124011462978717,35.59428603063926,0.008765075994066986,1846.0455493683828,0.10541571417993253,0.08679073384633909,1.31222360537011,0.917116713365413,0.75507938446315,2.984419703198673
555.0,9.25,0.5374999999999893,50.361292099234454,0.017360920026002324,0.012130515326190982,35.76087480527676,0.008702214887032574,1855.8995409817742,0.10547267317411843,0.08615938727654829,1.3140480367681155,0.9176122566148303,0.7495866693059701,2.9812469626889158
556.0,9.266666666666667,0.536666666666656,50.35991191947403,0.017385140531053674,0.012136971282617067,35.92878238653595,0.008639800464204173,1865.8024264799208,0.10552921885744537,0.08553196345489947,1.3158812867954524,0.9181042040597747,0.7441280820576253,2.9781135729128527
557.0,9.283333333333333,0.5358333333333226,50.35846578930905,0.01740947619913544,0.012143379001948338,36.09800805472349,0.00857783247941298,1875.753825817482,0.10558534833494214,0.08490847510847382,1.3177232535125611,0.9185925305139966,0.7387037334437222,2.97501951747028
558.0,9.3,0.5349999999999893,50.356954758703566,0.017433925674445804,0.012149738159249123,36.26855095061742,0.008516310625654272,1885.7533469857394,0.10564105875857963,0.08428893414061465,1.3195738342988026,0.9190772111996427,0.7333137270233474,2.971964772521793
559.0,9.316666666666666,0.5341666666666559,50.35537987429195,0.017458487592145994,0.012156048434964012,36.44041007226088,0.008455234536296232,1895.8005858899223,0.10569634732732786,0.08367335164216551,1.3214329258495299,0.9195582217477523,0.7279581592868398,2.968949306884122
560.0,9.333333333333334,0.5333333333333226,50.3537421792246,0.017483160578322405,0.012162309514924818,36.613584271740585,0.008394603786285728,1905.8951262283156,0.10575121128721032,0.08306173790277702,1.3233004241732225,0.9200355381987297,0.72263711975416,2.965973082126112
561.0,9.35,0.5324999999999892,50.35204271301613,0.01750794324995098,0.012168521090357227,36.788072251944875,0.008334417893345856,1916.0365393728127,0.105805647931355,0.0824541024222778,1.3251762245887895,0.9205091370027884,0.7173506910738168,2.9630360526653945
562.0,9.366666666666667,0.5316666666666559,50.35028251139621,0.01753283421486263,0.012174682857887196,36.96387256331274,0.008274676319168926,1926.2243842514679,0.10585965460004235,0.08185045392210175,1.3270602217229521,0.9209789950203683,0.7120989491222851,2.9601381658656054
563.0,9.383333333333333,0.5308333333333225,50.34846260616283,0.017557832071710487,0.01218079451954694,37.140983600560055,0.008215378470602329,1936.4582072328901,0.10591322868075079,0.08125080035676685,1.3289523095077664,0.9214450895225318,0.7068819631038715,2.9572793621341695
564.0,9.4,0.5299999999999891,50.34658402503827,0.017582935409938848,0.01218685578278067,37.319403599398285,0.008156523700827369,1946.7375420124386,0.10596636760819833,0.08065514892539923,1.330852381178271,0.9219073981913254,0.7016997956509732,2.9544595750205698
565.0,9.416666666666666,0.5291666666666558,50.344647791527514,0.017608142809753834,0.012192866360449967,37.49913063323862,0.008098111310531545,1957.0619095004172,0.10601906886438164,0.08006350608329638,1.3327603292702674,0.9223658991201202,0.6965525029246784,2.951678731315066
566.0,9.433333333333334,0.5283333333333224,50.34265492477933,0.017633452842095106,0.012198825970838855,37.6801626098802,0.008040140549072977,1967.4308177126052,0.1060713299786118,0.07947587755352437,1.3346760456181783,0.9228205708139225,0.6914401347156619,2.9489367511477624
567.0,9.45,0.5274999999999891,50.34060643944987,0.017658864068610603,0.012204734337658526,37.86249726819173,0.00798261061563767,1977.8437616627757,0.10612314852754698,0.07889226833854328,1.3365994213531363,0.9232713921896586,0.6863627345453265,2.946233548088121
568.0,9.466666666666667,0.5266666666666557,50.33850334556885,0.017684375041631523,0.012210591190051733,38.046132174782535,0.007925520660387562,1988.3002232575157,0.10617452213522194,0.07831268273185545,1.3385303469010896,0.9237183425764308,0.6813203397671423,2.943569029244663
569.0,9.483333333333333,0.5258333333333224,50.33634664840833,0.017709984304150037,0.012216396262596881,38.23106472065719,0.007868869785602325,1998.7996711934904,0.10622544847307423,0.0777371243296706,1.340468711981116,0.9241614017157458,0.6763129816681341,2.940943095364996
570.0,9.5,0.524999999999989,50.33413734835402,0.01773569038979843,0.012222149295311695,38.41729211787115,0.007812657046810756,2009.3415608571465,0.1062759252599675,0.07716559604258383,1.342414405603843,0.9246005497617171,0.6713406855704792,2.9383556409360394
571.0,9.516666666666667,0.5241666666666557,50.33187644077921,0.017761491822830062,0.012227850033656635,38.604811396171755,0.007756881453914645,2019.9253342268432,0.10632595026221103,0.07659810010726002,1.3443673160700071,0.9250357672812359,0.6664034709331621,2.935806554284405
572.0,9.533333333333333,0.5233333333333223,50.32956491592123,0.017787387118102373,0.01223349822853797,38.79361939963719,0.007701541972303171,2030.5504197778343,0.10637552129357647,0.07603463809812047,1.3463273309691683,0.9254670352541152,0.6615013514536481,2.9332957176769314
573.0,9.55,0.522499999999989,50.32720375876048,0.01781337478106136,0.012239093636310379,38.98371278330653,0.007646637523958465,2041.2162323897435,0.1064246362153115,0.0754752109390264,1.348294337178534,0.92589433507321,0.6566343351695296,2.9308230074212736
574.0,9.566666666666666,0.5216666666666556,50.32479394890204,0.017839453307728112,0.012244636018779401,39.17508800980743,0.007592166988551215,2051.9221732569904,0.10647329293614928,0.07491981891495489,1.3502682208619405,0.9263176485444987,0.6518024245601075,2.9283882939665467
575.0,9.583333333333334,0.5208333333333223,50.32233646045978,0.017865621184687593,0.012250125143203316,39.36774134598143,0.007538129204527546,2062.6676298020693,0.10652148941231603,0.07436846168366204,1.3522488674690036,0.9267369578871494,0.6470056166478597,2.9259914420040127
576.0,9.6,0.5199999999999889,50.31983226194309,0.017891876889078562,0.012255560782294884,39.5616688595046,0.007484522970185441,2073.4519755919937,0.10656922364753359,0.0738211382873294,1.3542361617343561,0.9271522457335422,0.6422439030997658,2.923632310567664
577.0,9.616666666666667,0.5191666666666556,50.31728231614608,0.01791821888858617,0.012260942714222558,39.7568664155095,0.007431347044741083,2084.2745702574184,0.10661649369302038,0.07327784716418875,1.356229987677087,0.9275634951292773,0.6375172703284421,2.921310753134806
578.0,9.633333333333333,0.5183333333333222,50.31468758003935,0.0179446456414362,0.012266270722611472,39.95332967320657,0.0073786001493858925,2095.134759415491,0.10666329764748776,0.0727385861601207,1.3582302286003058,0.9279706895331434,0.63282569959305,2.9190266177264994
579.0,9.65,0.5174999999999889,50.312049004664274,0.01797115559639118,0.012271544596543964,40.151054082507045,0.007326280968332503,2106.031874595577,0.10670963365713387,0.07220335254022361,1.360236767090848,0.9283738128170647,0.6281691670999454,2.9167797470078582
580.0,9.666666666666666,0.5166666666666555,50.309367535029786,0.017997747192748947,0.012276764130559783,40.35003488064936,0.007274388149850464,2116.965233168375,0.10675549991563352,0.07167214300034797,1.3622494850191675,0.9287728492660116,0.6235476441030272,2.914569978388206
581.0,9.683333333333334,0.5158333333333222,50.30664411001167,0.01802441886034267,0.012281929124655994,40.55026708882924,0.007222920307291586,2127.9341382789075,0.10680089466412492,0.07114495367859235,1.3642682635393364,0.9291677835778867,0.6189610970037533,2.912397144120976
582.0,9.7,0.5149999999999888,50.303879662254325,0.01805116901954333,0.012287039384286394,40.7517455088369,0.007171876020104476,2138.937878782351,0.10684581619119357,0.07062178016675746,1.3662929830892345,0.929558600863384,0.6144094874507899,2.9102610714034087
583.0,9.716666666666667,0.5141666666666554,50.301075118075055,0.018077996081264196,0.012292094720360667,40.95446471969632,0.007121253834837571,2149.975729184284,0.10689026283285184,0.07010261752175405,1.3683235233908866,0.929945286645811,0.6098927724392602,2.908161582475958
584.0,9.733333333333333,0.5133333333333221,50.29823139737076,0.018104898446967405,0.012297094949243161,41.15841907432138,0.00707105226613241,2161.0469495841744,0.10693423297251589,0.0695874602769608,1.3703597634509626,0.9303278268608882,0.6054109044095589,2.9060984947214097
585.0,9.75,0.5124999999999887,50.29534941352714,0.018131874508672468,0.01230203989275122,41.363602696171554,0.007021269797704612,2172.150785622819,0.10697772504097929,0.06907630245352947,1.3724015815614188,0.9307062078565197,0.6009638313457063,2.9040716207636446
586.0,9.766666666666667,0.5116666666666554,50.29243007333026,0.01815892264896735,0.012306929378153217,41.57000947592813,0.006971904883314477,2183.28646843389,0.10702073751638239,0.06856913757163273,1.3744488553003384,0.9310804163925267,0.5965514968732047,2.9020807685660697
587.0,9.783333333333333,0.510833333333322,50.289474276880625,0.018186041241020984,0.01231176323816627,41.777633068175604,0.006922955947725824,2194.4532145990893,0.10706326892417922,0.06806595866165238,1.3765014615328781,0.9314504396403591,0.5921738403563757,2.900125741529613
588.0,9.8,0.5099999999999887,50.2864829175096,0.018213228648598926,0.0123165413109534,41.9864668881033,0.006874421387653396,2205.6502261080927,0.10710531783710095,0.06756675827530381,1.3785592764124524,0.9318162651827782,0.5878307969951431,2.8982063385903736
589.0,9.816666666666666,0.5091666666666553,50.28345688169825,0.018240483226080476,0.012321263440120576,42.19650410822066,0.0068262995726994435,2216.876690321906,0.1071468828751151,0.0670715284966941,1.380622175382031,0.9321778810135013,0.5835222979212386,2.8963223543167707
590.0,9.833333333333334,0.508333333333322,50.28039704899854,0.01826780331847823,0.012325929474713143,42.40773765508558,0.006778588846277944,2228.1317799413096,0.10718796270538275,0.06658026095331063,1.382690033175617,0.9325352755368298,0.5792482702938024,2.894473579006249
591.0,9.85,0.5074999999999886,50.2773042919569,0.018295187261460136,0.012330539269212045,42.6201602060608,0.006731287526527499,2239.414652979003,0.107228556042211,0.06609294682693721,1.3847627238199174,0.9328884375672356,0.5750086373943537,2.892659798781507
592.0,9.866666666666667,0.5066666666666553,50.27417947604016,0.018322633381373164,0.012335092683529586,42.833764186082426,0.0066843939072131564,2250.7244527366993,0.10726866164700304,0.06560957686449474,1.3868401206361345,0.9332373563289263,0.5708033187211042,2.890880795686165
593.0,9.883333333333333,0.5058333333333219,50.27102345956374,0.018350139995270225,0.012339589583004903,43.04854176445467,0.006637906258615176,2262.060307786783,0.10730827832820428,0.06513014138880424,1.388922096242003,0.9335820214553772,0.5666322300825969,2.889136347779977
594.0,9.9,0.5049999999999886,50.26783709362224,0.01837770541093853,0.012344029838398907,43.264484851670176,0.00659182282840762,2273.4213319580886,0.1073474049412458,0.0646546303092688,1.391008522553937,0.9339224229888383,0.5624952836906385,2.887426229233414
595.0,9.916666666666666,0.5041666666666552,50.264621222022214,0.018405327926930615,0.01234841332588908,43.48158509625093,0.006546141842523848,2284.806624327556,0.1073860403884832,0.0641830331324728,1.393099270789378,0.9342585513798038,0.5583923882525132,2.885750210421695
596.0,9.933333333333334,0.5033333333333219,50.26137668121731,0.018433005832597982,0.012352739927063705,43.699833881624116,0.006500861506011057,2296.215269215235,0.10742418361913382,0.06371533897269546,1.395194211469341,0.9345903974864641,0.5543234490624505,2.8841080580182554
597.0,9.95,0.5024999999999885,50.25810430024558,0.018460737408126336,0.01235700952891577,43.91922232301868,0.00645598000387209,2307.646336185784,0.10746183362920919,0.06325153656233663,1.3972932144210821,0.9349179525741199,0.5502883680923286,2.882499535087531
598.0,9.966666666666667,0.5016666666666552,50.25480490066909,0.01848852092457428,0.012361222023836573,44.139741264400136,0.006411495501896381,2319.098880053662,0.10749898946144472,0.06279161426225235,1.399396148781027,0.935241208314569,0.5462870440815955,2.8809244011771913
599.0,9.983333333333333,0.5008333333333218,50.25147929651569,0.018516354643913394,0.012365377309608854,44.36138127543626,0.006367406147478174,2330.571940894446,0.1075356502052262,0.06233556007199858,1.4015028829978045,0.9355601567854678,0.5423193726263876,2.87938241240966
600.0,10.0,0.49999999999998845,50.24812829422297,0.018544236819071237,0.012369475289399653,44.58413264849443,0.006323710070423167,2342.0645440607,0.1075718149965127,0.061883361639980594,1.4036132848355016,0.9358747904696604,0.5383852462678311,2.8778733215729932
601.0,10.016666666666667,0.4991666666666551,50.24475269258444,0.018572165693976777,0.012373515871752665,44.80798539568093,0.006280405383743303,2353.575700203376,0.10760748301775656,0.061435006273506405,1.405727221377102,0.936185102254482,0.5344845545795057,2.87639687821109
602.0,10.033333333333333,0.49833333333332175,50.241353282697794,0.018600139503608303,0.012377498970580353,45.03292924591559,0.006237490184439621,2365.1044052986563,0.10764265349781954,0.06099048094874229,1.4078445590281121,0.9364910854310299,0.5306171842540579,2.8749528287132
603.0,10.05,0.4974999999999884,50.23793084791534,0.018628156474043447,0.012381424505155603,45.25895364204785,0.006194962554272932,2376.649640680026,0.10767732571188626,0.06054977232056885,1.4099651635203483,0.9367927336934104,0.526783019188949,2.8735409164027077
604.0,10.066666666666666,0.49666666666665504,50.23448616379651,0.018656214822512035,0.012385292400103075,45.48604773801514,0.006152820560523148,2388.2103730761455,0.10771149898137405,0.06011286673233565,1.4120888999159356,0.9370900411379542,0.5229819405713201,2.8721608816252098
605.0,10.083333333333334,0.4958333333333217,50.2310199980625,0.01868431275745156,0.012389102585390088,45.714200396048085,0.0061110622567362525,2399.7855546540313,0.1077451726738399,0.05967975022551335,1.4142156326115083,0.937383002262407,0.519213826961966,2.8708124618358815
606.0,10.1,0.49499999999998834,50.22753311055291,0.018712448478564687,0.012392854996317256,45.94340018391814,0.006069685683459812,2411.3741230682404,0.10777834620288368,0.05925040854924148,1.4163452253425608,0.937671611965088,0.5154785543784008,2.8694953916860495
607.0,10.116666666666667,0.494166666666655,50.22402625318446,0.018740620176879608,0.012396549573508647,46.17363537223744,0.00602868886896629,2422.975001515529,0.10781101902804878,0.05882482716977083,1.4184775411880173,0.9379558655440243,0.5117759963770062,2.868209403109048
608.0,10.133333333333333,0.49333333333332163,50.22050016991173,0.018768826034812905,0.01240018626290159,46.40489393180787,0.005988069829964964,2434.587098795514,0.10784319065471915,0.0584029912797988,1.4206124425749884,0.9382357586960565,0.5081060241342494,2.866954225405294
609.0,10.15,0.4924999999999883,50.216955596689864,0.01879706422623514,0.012403765015736238,46.63716353102522,0.005947826572301979,2446.209309377358,0.10787486063401296,0.05798488580769689,1.4227497912837375,0.9385112875159126,0.5044685065269628,2.865729585326613
610.0,10.166666666666666,0.49166666666665493,50.213393261439286,0.018825332916538512,0.01240728578854456,46.870431533332685,0.005907957091648484,2457.840513472029,0.10790602856267414,0.05757049542662914,1.4248894484527996,0.9387824484952649,0.5008633102116735,2.864535207159738
611.0,10.183333333333334,0.4908333333333216,50.209813884012334,0.018853630262707626,0.012410748543139154,47.10468499473994,0.005868459374177528,2469.4795771110785,0.1079366940829595,0.057159804563560214,1.4270312745843399,0.9390492385217476,0.49729029970297384,2.8633708128090616
612.0,10.2,0.4899999999999882,50.20621817616183,0.018881954413392743,0.012414153246601558,47.33991066139182,0.005829331397229103,2481.1253522313605,0.10796685688252378,0.0567527974081526,1.4291751295496964,0.9393116548779568,0.4937493374509276,2.862236121878581
613.0,10.216666666666667,0.48916666666665487,50.202606841511596,0.018910303508985177,0.012417499871270303,47.57609496720694,0.005790571129963591,2492.7766767657185,0.10799651669430084,0.0563494579215519,1.4313208725950877,0.9395696952404172,0.4902402839175015,2.8611308517530065
614.0,10.233333333333333,0.4883333333333215,50.19898057552874,0.018938675681696177,0.012420788394728531,47.813224031574755,0.005752176534003976,2504.432374740417,0.10802567329638257,0.055949769845059207,1.4334683623475832,0.9398233576785283,0.4867629976520151,2.8600547176781266
615.0,10.25,0.48749999999998817,50.19534006549796,0.018967069055637584,0.012424018799791318,48.051283657118866,0.005714145564066459,2516.0912563781944,0.10805432651189417,0.05555371670869026,1.4356174568212086,0.9400726406534792,0.4833173353656052,2.8590074328402926
616.0,10.266666666666667,0.4866666666666548,50.191685990497525,0.018995481746905723,0.012427191074492538,48.29025932753071,0.005676476168579563,2527.7521182084083,0.10808247620886677,0.05516128183962047,1.4377680134232937,0.9403175430171408,0.4799031520046981,2.8579887084451325
617.0,10.283333333333333,0.48583333333332146,50.1880190213772,0.019023911863667604,0.012430305212071485,48.53013620547196,0.005639166290292568,2539.4137431831973,0.10811012230010662,0.05477244837051516,1.4399198889610005,0.9405580640109276,0.47652030082348185,2.85699825379541
618.0,10.3,0.4849999999999881,50.18433982073787,0.019052357506249996,0.012433361210959077,48.7708991305461,0.0056022138668720255,2551.074900799985,0.10813726474306205,0.054387199247745086,1.4420729396480618,0.9407942032646398,0.4731686334553822,2.856035776368084
619.0,10.316666666666666,0.48416666666665475,50.18064904291297,0.019080816767231126,0.012436359074763724,49.012532617353344,0.005565616831487337,2562.734347231012,0.10816390353968684,0.0540055172394861,1.4442270211117236,0.9410259607952755,0.46984799998352905,2.855100981890528
620.0,10.333333333333334,0.4833333333333214,50.17694733395166,0.019109287731534936,0.012439298812256827,49.25502085361169,0.005529373113385686,2574.390825458861,0.10819003873630113,0.053627384943702984,1.446381988399879,0.9412533370058198,0.4665582490102159,2.854193574415915
621.0,10.35,0.48249999999998805,50.1732353316037,0.0191377684765282,0.012442180437357961,49.49834769836617,0.005493480638455575,2586.04306541921,0.10821567042344916,0.05325278479601727,1.448537695988419,0.9414763326840077,0.4632992277253502,2.853313256397777
622.0,10.366666666666667,0.4816666666666547,50.16951366530604,0.01916625707212023,0.012445003969119675,49.74249668027233,0.005457937329779365,2597.6897841495643,0.10824079873575444,0.05288169907745864,1.4506939977887798,0.9416949490010635,0.4600707819738901,2.8524597287637334
623.0,10.383333333333333,0.48083333333332134,50.165782956171086,0.0191947515808654,0.01244776943171194,49.987450995970185,0.0054227411081754825,2609.3296859453176,0.1082654238517719,0.052514109922099594,1.452850747155702,0.9419091875104155,0.4568727563222664,2.851632690988384
624.0,10.4,0.479999999999988,50.16204381697659,0.019223250058068336,0.012450476854406338,50.23319350853943,0.005387889892729623,2620.961462522271,0.10828954599383708,0.0521499993245737,1.455007796895192,0.9421190501463825,0.4537049941237911,2.8508318411653657
625.0,10.416666666666666,0.47916666666665464,50.15829685215722,0.019251750551891714,0.012453126271559796,50.47970674604329,0.005353381601315292,2632.5837931857795,0.1083131654279133,0.05178934914747717,1.4571649992726836,0.9423245392228456,0.45056733758305134,2.8500568760785803
626.0,10.433333333333334,0.4783333333333213,50.15454265779766,0.019280251103466834,0.012455717722598054,50.72697290016649,0.005319214151103948,2644.195345007112,0.10833628246343524,0.05143214112865369,1.4593222060214044,0.9425256574318865,0.4474596278192871,2.849307491272578
627.0,10.45,0.47749999999998793,50.15078182162737,0.019308749747007154,0.012458251251998785,50.974973824941316,0.005285385459064575,2655.794773006147,0.10835889745315036,0.05107835688836277,1.4614792683509712,0.942722407842408,0.44438170492875606,2.8485833811221353
628.0,10.466666666666667,0.4766666666666546,50.147014923016854,0.019337244509924214,0.012460726909274338,51.223691035573,0.005251893442453119,2667.3807203414885,0.10838101079295755,0.05072797793633153,1.4636360369561634,0.9429147938987306,0.44133340804608423,2.847884238900978
629.0,10.483333333333333,0.47583333333332123,50.1432425329755,0.019365733412946597,0.012463144748954248,51.4731057073589,0.005218736019291585,2678.951818506773,0.10840262292174292,0.05038098567869043,1.4657923620259277,0.9431028194191633,0.4383145754046067,2.847209756849698
630.0,10.5,0.4749999999999879,50.13946521415089,0.019394214470241335,0.0124655048305673,51.723198674710915,0.005185911108836948,2690.506687534614,0.10842373432121358,0.05003736142479295,1.4679480932525664,0.943286488594558,0.43532504439569863,2.846559626242823
631.0,10.516666666666667,0.4741666666666545,50.13568352082966,0.01942268568953823,0.012467807218623322,51.973950430277085,0.005153416632040071,2702.04393620692,0.10844434551572812,0.04969708639391948,1.4701030798411483,0.9434658059868346,0.43236465162709947,2.8459335374550827
632.0,10.533333333333333,0.47333333333332117,50.131897998939785,0.019451145072257175,0.012470051982594708,52.22534112416962,0.005121250511994808,2713.562162272172,0.108464457072125,0.049360141721865924,1.4722571705191454,0.9436407765274875,0.4294332329802335,2.845331180026866
633.0,10.55,0.4724999999999878,50.12810918605432,0.019479590613637517,0.012472239196897515,52.47735056329711,0.0050894106743771175,2725.0599526701167,0.10848406959954858,0.04902650846741731,1.4744102135462234,0.9438114055160726,0.42653062366653055,2.8447522427288265
634.0,10.566666666666666,0.47166666666665447,50.12431761139659,0.01950802030287094,0.01247436894087231,52.729958210807936,0.005057895047874713,2736.535883762653,0.10850318374927231,0.04869616761870684,1.4765620567243012,0.9439776986186691,0.4236566582827495,2.8441964136257196
635.0,10.583333333333334,0.4708333333333211,50.12052379584677,0.019536432123236667,0.012476441298764717,52.98314318564347,0.005026701564606713,2747.9885215722506,0.10852180021451968,0.04836910009946098,1.478712547407783,0.9441396618663211,0.4208111708653105,2.8436633801394144
636.0,10.6,0.46999999999998776,50.11672825194984,0.019564824052239485,0.012478456359705552,53.23688426220352,0.0049958281605344415,2759.416422026893,0.1085399197302831,0.048045286775130785,1.4808615325140062,0.9442973016534628,0.4179939949436378,2.843152829111107
637.0,10.616666666666667,0.4691666666666544,50.11293148392488,0.019593194061750356,0.012480414217690809,53.49115987013011,0.004965272775862016,2770.8181312122783,0.10855754307313953,0.04772470845891056,1.483008858533884,0.9444506247363138,0.41520496359252185,2.84266444686272
638.0,10.633333333333333,0.46833333333332106,50.10913398767581,0.019621540118150437,0.012482314971561156,53.745948094205495,0.004935033355428555,2782.1921856306058,0.1085746710610651,0.0474073459176438,1.4851543715428062,0.9445996382312662,0.412443909483501,2.8421979192575733
639.0,10.65,0.4674999999999877,50.10533625080329,0.019649860182476744,0.012484158724981322,54.00122667437378,0.004905107849090677,2793.5371124664875,0.10859130455324609,0.04709317987761768,1.4872979172116645,0.9447443496132408,0.40971066493527375,2.841752931760179
640.0,10.666666666666666,0.46666666666665435,50.10153875261804,0.01967815221057162,0.012485945586419007,54.25697300587969,0.004875494212096,2804.851429859401,0.10860744444988896,0.04678219103024643,1.4894393408181656,0.9448847667140339,0.4070050619631439,2.841329169495343
641.0,10.683333333333334,0.465833333333321,50.0977419641554,0.019706414153234264,0.0124876756691236,54.513164139535576,0.004846190405447929,2816.133647183367,0.10862309169202715,0.046474360037644186,1.4915784872583011,0.9450208977206361,0.4043269323275044,2.8409263173064416
642.0,10.7,0.46499999999998765,50.093946348191125,0.019734643956375048,0.012489349091104584,54.76977678211519,0.004817194396261719,2827.382265333341,0.10863824726132618,0.04616966753808842,1.493715201058027,0.9451527511735377,0.40167610758136923,2.840544059812934
643.0,10.716666666666667,0.4641666666666543,50.09015235925846,0.019762839561173123,0.012490965975109663,55.02678729686876,0.004788504158111495,2838.5957770180853,0.10865291217988668,0.045868094151374585,1.4958493263851933,0.945280335965014,0.3990524191169589,2.840182081467166
644.0,10.733333333333333,0.46333333333332094,50.08636044366637,0.01979099890423589,0.01249252644860255,55.284171704179016,0.004760117671369021,2849.772667059958,0.10866708751004533,0.04556962048406267,1.4979807070616142,0.9454036613373943,0.3964556982113452,2.839840066610354
645.0,10.75,0.4624999999999876,50.082571039519046,0.019819119917761863,0.012494030643740522,55.541905682339866,0.004732032923533952,2860.9114127017333,0.1086807743541735,0.04527422713461658,1.500109186575395,0.9455227368813094,0.3938857760711642,2.839517699527869
646.0,10.766666666666667,0.46166666666665424,50.0787845767365,0.01984720052970588,0.01249547869735168,55.79996456847548,0.004704247909555552,2872.01048391939,0.10869397385447409,0.04498189469843738,1.5022346080934377,0.9456375725339244,0.3913424838764052,2.8392146645037672
647.0,10.783333333333333,0.4608333333333209,50.0750014770764,0.019875238663947078,0.012496870750911944,56.058323359592684,0.004676760632146754,2883.068343742124,0.10870668719277632,0.04469260377279088,1.504356814474154,0.9457481785771539,0.3888256528232806,2.8389306458745884
648.0,10.8,0.45999999999998753,50.07122215415696,0.019903232240459593,0.01249820695052176,56.31695671377452,0.004649569102089375,2894.083448578414,0.10871891559032874,0.04440633496163113,1.5064756482803863,0.94585456563586,0.38633511416619076,2.838665328082437
649.0,10.816666666666666,0.4591666666666542,50.06744701348104,0.01993117917548585,0.012499487446882533,56.57583895150933,0.004622671338532017,2905.054248548972,0.10873066030759028,0.044123068880320054,1.5085909517925236,0.9459567446760353,0.3838706992587844,2.8384183957273437
650.0,10.833333333333334,0.4583333333333208,50.06367645246126,0.019959077381712754,0.012500712395272848,56.83494405716537,0.004596065369279799,2915.979187825886,0.10874192264401927,0.04384278616024476,1.510702567021838,0.9460547270029676,0.38143223959412936,2.8381895336189347
651.0,10.85,0.45749999999998747,50.05991086044623,0.019986924768450064,0.012501881955524315,57.094245680608864,0.004569749231076395,2926.8567049779545,0.10875270393786109,0.043565467453333236,1.512810335723985,0.9461485242593913,0.3790195668439991,2.8379784268273758
652.0,10.866666666666667,0.4566666666666541,50.05615061874787,0.02001471924181184,0.012502996291997307,57.35371713896604,0.004543720969878526,2937.685233322804,0.10876300556593338,0.04329109343646955,1.514914099412738,0.9462381484236203,0.37663251289728505,2.8377847607336433
653.0,10.883333333333333,0.45583333333332077,50.05239610066974,0.02004245870490042,0.012504055573556307,57.61333141853317,0.004517978641122862,2948.4632012845373,0.10877282894341031,0.04301964481580953,1.5170136993739123,0.9463236118076697,0.37427090989754286,2.8376082210791247
654.0,10.9,0.4549999999999874,50.04864767153638,0.020070141057992735,0.01250505997354511,57.87306117683672,0.004492520309985921,2959.189032758096,0.10878217552360446,0.042751102330997943,1.5191089766794699,0.9464049270553587,0.37193459027968206,2.837448494014511
655.0,10.916666666666666,0.45416666666665406,50.044905688723716,0.020097764198729492,0.012506009669761701,58.13287874483871,0.00446734405163594,2969.86114747923,0.1087910467977477,0.04248544675928864,1.5211997722018349,0.9464821071404049,0.36962338680581114,2.837305266148051
656.0,10.933333333333334,0.4533333333333207,50.04117050169041,0.02012532602230693,0.012506904844432948,58.3927561293031,0.00444244795147851,2980.4779614004256,0.10879944429476984,0.04222265891956796,1.5232859266284111,0.9465551653644976,0.3673371326002412,2.8371782245931496
657.0,10.95,0.45249999999998736,50.0374424520102,0.020152824421671062,0.01250774568418902,58.65266501530609,0.00441783010539468,2991.0378870730774,0.10880736958107629,0.04196271967628332,1.5253672804762823,0.9466241153553636,0.3650756611836648,2.8370670570153105
658.0,10.966666666666667,0.451666666666654,50.03372187340518,0.020180257287714207,0.012508532380037561,58.91257676890759,0.004393488619972164,3001.539334034854,0.10881482426032373,0.04170560994327768,1.527443674107088,0.9466889710648163,0.3628388065065158,2.83697145167842
659.0,10.983333333333333,0.45083333333332065,50.03000909178006,0.02020762250947461,0.012509265127337733,59.17246243997724,0.00436942161273007,3011.9807092028877,0.10882180997319449,0.04145131068753108,1.5295149477421328,0.946749746766792,0.3606264029815204,2.836891097490445
660.0,11.0,0.4499999999999873,50.02630442525732,0.020234917974338212,0.012509944125773834,59.432292765176726,0.004345627212336661,3022.3604172726864,0.1088283283971698,0.04119980293281038,1.5315809414776589,0.9468064570553771,0.35843828551545026,2.8368256840484865
661.0,11.016666666666667,0.44916666666665395,50.02260818421327,0.020262141568242596,0.012510569579328942,59.69203817110219,0.004322103558820795,3032.6768611220837,0.1088343812463009,0.04095106776322851,1.5336414953002817,0.9468591168428178,0.356274289540088,2.8367749016831874
662.0,11.033333333333333,0.4483333333333206,50.018920671314994,0.020289291175884207,0.012511141696258117,59.95166877758664,0.004298848803776793,3042.9284422207843,0.10883997027097964,0.04070508632671422,1.5356964491026752,0.9469077413575228,0.3541342510424137,2.836738441502612
663.0,11.05,0.44749999999998724,50.015242181558214,0.020316364680927297,0.012511660689061567,60.21115440116447,0.0042758611105631495,3053.113561044636,0.10884509725770701,0.04046183983839357,1.5377456426993867,0.9469523461420509,0.35201800659402405,2.836715995435462
664.0,11.066666666666666,0.4466666666666539,50.01157300230596,0.02034335996621554,0.01251212677445744,60.47046455869483,0.004253138654494868,3063.2306174955606,0.1088497640288612,0.040221309583884396,1.539788915842854,0.9469929470510924,0.3499253933797942,2.8367072562737405
665.0,11.083333333333334,0.44583333333332054,50.00791341332811,0.02037027491398614,0.012512540173354562,60.72956847115153,0.0042306796230298805,3073.27801132559,0.10885397244246342,0.039983476922504875,1.5418261082396107,0.9470295602494316,0.3478562492257924,2.836711917714835
666.0,11.1,0.4449999999999872,50.00426368684179,0.020397107406086162,0.012512901110824887,60.98843506757559,0.004208482215949479,3083.2541425664685,0.10885772439194347,0.0397483232903974,1.5438570595666612,0.9470622022099081,0.3458104126264574,2.836729674403027
667.0,11.116666666666667,0.44416666666665383,50.0006240875525,0.020423855324191276,0.012513209816075743,61.24703298919392,0.004186544645532799,3093.1574119630473,0.10886102180590367,0.03951583020356909,1.5458816094880372,0.9470908897113618,0.343787722771051,2.83676022197045
668.0,11.133333333333333,0.4433333333333205,49.99699487269615,0.020450516550026835,0.012513466522421933,61.50533059369968,0.004164865136725632,3102.986221411745,0.1088638666478817,0.03928597926084989,1.5478995976715308,0.9471156398365707,0.34178801956939403,2.8368032570774955
669.0,11.15,0.4424999999999871,49.99337629208179,0.020477088965591153,0.01251367146725764,61.763295959705175,0.0041434419273036205,3112.7389744030256,0.10886626091611237,0.03905875214676979,1.549910863805594,0.9471364699701775,0.3398111436768972,2.836858477452669
670.0,11.166666666666666,0.4416666666666538,49.989768588135185,0.020503570453381186,0.012513824892028106,62.020896891356834,0.004122273268030082,3122.4140764680646,0.10886820664328871,0.038834130634356076,1.5519152476164215,0.9471533977966117,0.3378569365188978,2.836925581931931
671.0,11.183333333333334,0.4408333333333204,49.98617199594309,0.020529958896620525,0.012513927042201167,62.27810092311813,0.004101357422808012,3132.0099356293395,0.10886970589632149,0.03861209658785218,1.5539125888852072,0.9471664412979969,0.335925240314314,2.837004270497518
672.0,11.2,0.43999999999998707,49.9825867432983,0.020556252179489077,0.012513978167238614,62.53487532472253,0.004080692668827283,3141.5249628552688,0.10887076077609822,0.03839263196535895,1.555902727465528,0.9471756187520545,0.3340158980986228,2.8370942443162055
673.0,11.216666666666667,0.4391666666666537,49.97901305074542,0.020582448187355728,0.012513978520567348,62.791187106293734,0.004060277296706374,3150.95757251808,0.10887137341724112,0.03817571882139987,1.5578855033009547,0.9471809487299977,0.33212875374617884,2.8371952057771312
674.0,11.233333333333333,0.43833333333332036,49.97545113162737,0.020608544807012498,0.012513928359550426,63.047003023630765,0.004040109610629195,3160.3061828555947,0.10887154598786396,0.0379613393094114,1.5598607564427756,0.9471824500944164,0.3302636519918792,2.8373068585290713
675.0,11.25,0.437499999999987,49.97190119213257,0.0206345399269113,0.012513827945457877,63.30228958366901,0.004020187928476547,3169.5692164359907,0.10887128068932865,0.037749475684159636,1.561828327067916,0.9471801419971592,0.3284204384521888,2.837428907517264
676.0,11.266666666666667,0.43666666666665366,49.96836343134282,0.020660431437402125,0.012513677543437424,63.55701305010118,0.004000510581953347,3178.7451006258193,0.1088705797560004,0.03754011030408427,1.5637880554969665,0.9471740438772034,0.32659895964553315,2.837561059019703
677.0,11.283333333333333,0.4358333333333203,49.9648380412819,0.0206862172309742,0.012513477422484997,63.81113944917438,0.003981075916710601,3187.832268060792,0.10886944545500249,0.03733322563357162,1.565739782212437,0.9471641754585216,0.3247990630120731,2.8377030206830316
678.0,11.3,0.43499999999998695,49.96132520696477,0.020711895202498054,0.012513227855415126,64.06463457564927,0.003961882292462853,3196.8291571196564,0.1088678800859703,0.0371288042451574,1.5676833478770773,0.9471505567479416,0.3230205969328694,2.837854501557888
679.0,11.316666666666666,0.4341666666666536,49.95782510644749,0.02073746324947099,0.01251292911883122,64.31746399893184,0.003942928083101177,3205.7342124000743,0.1088658859808044,0.036926828821660776,1.569618593352459,0.9471332080329983,0.3212634107484487,2.838015212133906
680.0,11.333333333333334,0.43333333333332025,49.95433791087771,0.02076291927226297,0.01251258149309562,64.56959306937097,0.0039242116768015995,3214.545885197337,0.10886346550342346,0.036727282158250794,1.571545359717584,0.9471121498797841,0.3195273547767819,2.83818486437415
681.0,11.35,0.4324999999999869,49.95086378454591,0.020788261174365247,0.01251218526229959,64.82098692472454,0.003905731476129221,3223.2626339848907,0.10886062104951605,0.03653014716444645,1.5734634882877052,0.9470874031307895,0.3178122803306841,2.8383631717491786
682.0,11.366666666666667,0.43166666666665354,49.947402884937105,0.020813486862641246,0.012511740714233187,65.07161049679057,0.003887485898138102,3231.8829248969637,0.10885735504629221,0.036335406866051516,1.5753728206333155,0.9470589889027421,0.31611803973464814,2.8385498492707057
683.0,11.383333333333333,0.4308333333333202,49.94395536278329,0.020838594247578245,0.01251124814035489,65.32142851820578,0.003869473374466902,3240.40523221271,0.10885366995223442,0.03614304440702545,1.577273198599197,0.9470269285844394,0.3144444863411214,2.838744613524758
684.0,11.4,0.42999999999998684,49.94052136211642,0.02086358124354157,0.012510707835761295,65.57040552940889,0.0038516923514306752,3248.8280388423595,0.10884956825684783,0.03595304305129142,1.579164464323661,0.946991243834576,0.31279147454623535,2.8389471827044725
685.0,11.416666666666666,0.4291666666666535,49.93710102032199,0.020888445769030466,0.01251012009915647,65.8185058857702,0.003834141290108347,3257.149836813871,0.10884505248041064,0.035765386184482904,1.5810464602579157,0.9469519565795725,0.31115885980500124,2.8391572766424895
686.0,11.433333333333334,0.42833333333332013,49.93369446819319,0.02091318574693548,0.012509485232821414,66.06569376488218,0.003816818666426746,3265.369127761483,0.1088401251737231,0.035580057315629625,1.5829190291855462,0.9469090890113909,0.3095464986459777,2.839374616842915
687.0,11.45,0.4274999999999868,49.93030182998562,0.020937799104797688,0.012508803542583258,66.31193317401468,0.003799722971240472,3273.484423414534,0.1088347889178572,0.03539704007878444,1.5847820142421367,0.9468626635853575,0.3079542486854246,2.839598926512919
688.0,11.466666666666667,0.4266666666666534,49.92692322347261,0.020962283775069587,0.012508075337784383,66.55718795772998,0.0037828527104084623,3281.4942460871425,0.10882904632390522,0.035216318234592044,1.5866352589350166,0.9468127030179754,0.30638196864095074,2.8398299305939423
689.0,11.483333333333333,0.4258333333333201,49.923558760000994,0.020986637695377147,0.012507300931251516,66.80142180565953,0.0037662064048665064,3289.3971291683756,0.10882290003272818,0.03503787567180085,1.5884786071630959,0.9467592302847351,0.30482951834466737,2.8400673557924985
690.0,11.5,0.4249999999999867,49.92020854454749,0.021010858808784193,0.012506480639264666,67.04459826043616,0.0037497825906967538,3297.1916176123236,0.10881635271470418,0.034861696408718945,1.590311903236875,0.9467022686179263,0.3032967587558548,2.8403109306106566
691.0,11.516666666666667,0.42416666666665337,49.9168726757756,0.021034945064057564,0.012505614781525957,67.28668072578988,0.0037335798191934777,3304.876268428458,0.10880940706947638,0.03468776459461557,1.5921349918985166,0.9466418415044444,0.30178355197315543,2.8405603853761168
692.0,11.533333333333333,0.42333333333332,49.913551246093,0.021058894415933987,0.012504703681128411,67.52763247478916,0.0037175966569255765,3312.4496511713264,0.10880206582570062,0.034516064511069006,1.5939477183420432,0.9465779726835953,0.3002897612463003,2.840815452271939
693.0,11.55,0.42249999999998666,49.910244341709465,0.02108270482538854,0.012503747664524676,67.76741665824709,0.00370183168579597,3319.9103484301054,0.10879433174079295,0.034346580573262155,1.5957499282336582,0.9465106861448985,0.2988152509873807,2.841075865365937
694.0,11.566666666666666,0.4216666666666533,49.90695204269526,0.021106374259904307,0.012502747061495564,68.00599631326814,0.00368628350309766,3327.2569563170205,0.10878620760067728,0.03417929733122682,1.5975414677321567,0.9464400061258923,0.2973598867816733,2.841341360639722
695.0,11.583333333333334,0.42083333333331996,49.903674423040066,0.02112990069374328,0.012501702205118658,68.24333437195705,0.003670950721566778,3334.48808495503,0.10877769621953232,0.034014199471037836,1.5993221835094287,0.9463659571099311,0.2959235353980291,2.841611676017389
696.0,11.6,0.4199999999999866,49.90041155071235,0.02115328210821858,0.012500613431736765,68.4793936702623,0.0036558319694328127,3341.60235896396,0.10876880043953895,0.03385127181595811,1.6010919227710638,0.9462885638239887,0.2945060647988355,2.841886551393888
697.0,11.616666666666667,0.41916666666665325,49.897163487719205,0.021176516491968073,0.012499481080926333,68.71413695697807,0.003640925890465615,3348.59841794565,0.10875952313062748,0.033690499327535754,1.602850533277063,0.946207851236459,0.293107344149561,2.842165728663083
698.0,11.633333333333333,0.4183333333333199,49.893930290166686,0.021199601841228703,0.012498305495465748,68.9475269028769,0.0036262311440198904,3355.4749169667525,0.10874986719022464,0.033531867106654234,1.6045978633626001,0.9461238445549544,0.29172724382789184,2.8424489517454465
699.0,11.65,0.41749999999998655,49.890712008320584,0.021222536160112833,0.012497087021303711,69.17952610999443,0.003611746405076687,3362.230527039903,0.10873983554300048,0.03337536039453671,1.60633376195894,0.9460365692241042,0.29036563543246935,2.8427359666155136
700.0,11.666666666666666,0.4166666666666532,49.88750868666763,0.021245317460884417,0.012495826007527428,69.41009712104383,0.003597470364282391,3368.8639356025897,0.10872943114061585,0.03322096457370553,1.6080580786143412,0.9459460509233578,0.2890223917912381,2.8430265213289374
701.0,11.683333333333334,0.41583333333331984,49.88432036397716,0.021267943764237244,0.012494522806330812,69.63920242897066,0.0035834017279850034,3375.3738469935897,0.10871865696146943,0.033068665168898004,1.6097706635151166,0.945852315564784,0.2876973869694126,2.843320366049313
702.0,11.7,0.4149999999999865,49.88114707336321,0.02129041309957363,0.012493177772982663,69.86680448663867,0.0035695392182680213,3381.758982926426,0.10870751601044493,0.03291844784793935,1.6114713675067278,0.9457553892908708,0.2863904962770723,2.843617253074671
703.0,11.716666666666667,0.41416666666665314,49.87798884234701,0.021312723505284164,0.012491791265794795,70.09286571664452,0.003555881572981707,3388.018082960089,0.10869601131865865,0.03277029842257403,1.6131600421149581,0.9456552984723302,0.28510159627639403,2.8439169368636823
704.0,11.733333333333333,0.4133333333333198,49.87484569291994,0.021334873029028277,0.012490363646090064,70.31734852126199,0.003542427545772121,3394.1499049665167,0.10868414594320709,0.032624202849256226,1.61483653956715,0.9455520697059017,0.28383056478852914,2.844219174061581
705.0,11.75,0.41249999999998643,49.87171764160686,0.021356859728015463,0.012488895278170514,70.54021529250528,0.0035291759061078336,3400.15322559432,0.1086719229669143,0.03248014722990063,1.61650071281349,0.9454457298121544,0.28257728090013545,2.84452372352578
706.0,11.766666666666667,0.4116666666666531,49.86860469952981,0.021378681669287757,0.012487386529285362,70.76142842231896,0.0035161254393042568,3406.026840729158,0.10865934549808028,0.032338117812594463,1.61815241554839,0.9453363058332983,0.2813416249695718,2.84483034635126
707.0,11.783333333333333,0.41083333333331973,49.8655068724722,0.021400336930002303,0.012485837769598997,70.98095031287805,0.00350327494654598,3411.7695659496867,0.10864641667022877,0.03219810099227164,1.619791502231874,0.9452238250309902,0.28012347863276327,2.8451388058956275
708.0,11.8,0.4099999999999864,49.86242416094329,0.021421823597714676,0.012484249372159053,71.19874338700589,0.0034906232449069177,3417.380236979697,0.10863313964185564,0.03206008331135006,1.6214178281110234,0.945108314884144,0.2789227248087455,2.845448867803913
709.0,11.816666666666666,0.409166666666653,49.859356560243086,0.02144313977066343,0.012482621712864335,71.41477009870012,0.0034781691673684305,3422.8577101352953,0.1086195175961778,0.03192405146033299,1.6230312492415147,0.9449898030867467,0.277739247704897,2.8457603000331586
710.0,11.833333333333334,0.40833333333331967,49.85630406052762,0.021464283558053902,0.01248095517043284,71.62899294376726,0.0034659115628355064,3428.200862767846,0.10860555374088189,0.031789992278375395,1.6246316225090995,0.9448683175456724,0.2765729328218659,2.8460728728766376
711.0,11.85,0.4074999999999863,49.85326664687458,0.02148525308034406,0.012479250126369716,71.84137447055392,0.0034538492961509073,3433.4085937014056,0.10859125130787373,0.03165789275381621,1.6262188056512417,0.9447438863785014,0.27542366695820103,2.846386358987944
712.0,11.866666666666667,0.40666666666665297,49.85024429934931,0.021506046469529326,0.012477506964935272,72.05187729078297,0.0034419812481076622,3438.4798236654356,0.1085766135530277,0.031527740024677293,1.6277926572786743,0.9446165379113409,0.2742913382146924,2.8467005334047077
713.0,11.883333333333333,0.4058333333333196,49.84723699307116,0.02152666186942862,0.012475726073112984,72.26046409047838,0.0034303063154595788,3443.4134957214765,0.10856164375593697,0.031399521379130116,1.6293530368970517,0.9444863006766515,0.273175835998432,2.847015173572135
714.0,11.9,0.40499999999998626,49.84424469828013,0.021547097435970376,0.012473907840577432,72.46709764098559,0.003418823410930183,3448.2085756845036,0.1085463452196638,0.03127322425593091,1.6308998049285974,0.944353203411075,0.2720770510265989,2.8473300593662714
715.0,11.916666666666666,0.4041666666666529,49.84126738040396,0.021567351337478814,0.012472052659662431,72.67174081007093,0.003407531463219814,3452.864052538216,0.10853072127049015,0.031148836244825263,1.632432822733771,0.9442172750532642,0.2709948753299798,2.8476449731170153
716.0,11.933333333333334,0.40333333333331955,49.83830500012549,0.02158742175496043,0.012470160925328938,72.87435657310839,0.003396429417011253,3457.3789388437845,0.10851477525766925,0.031026345086922796,1.6339519526329547,0.9440785447417225,0.2699292022562283,2.8479596996309056
717.0,11.95,0.4024999999999862,49.83535751345028,0.021607306882390587,0.012468233035133211,73.07490802434178,0.0033855162329737305,3461.752271142693,0.10849851055317672,0.03090573867504294,1.635457057928143,0.9439370418126374,0.26887992647287356,2.8482740262136543
718.0,11.966666666666667,0.40166666666665285,49.83242487177472,0.021627004927000204,0.012466269389194906,73.27335838821567,0.0033747908877654123,3465.98311035242,0.10848193055146305,0.03078700505403255,1.636948002924645,0.9437927957977285,0.26784694397008313,2.8485877426924566
719.0,11.983333333333333,0.4008333333333195,49.829507021954264,0.021646514109562146,0.012464270390165094,73.46967103077918,0.003364252374034378,3470.0705421553043,0.10846503866920643,0.03067013242105609,1.6384246529527584,0.9436458364220959,0.26683015206318794,2.8489006414380422
720.0,12.0,0.39999999999998614,49.82660390637212,0.02166583266467791,0.012462236443194542,73.66380947114973,0.003353899700418295,3474.013677380355,0.1084478383450652,0.03055510912585923,1.6398868743894706,0.9434961936020672,0.26582944939497527,2.849212517386513
721.0,12.016666666666667,0.3991666666666528,49.82371546300816,0.02168495884106414,0.01246016795590185,73.85573739303467,0.003343731891542681,3477.811652377465,0.10843033303943209,0.030441923671006572,1.6413345346801442,0.943343897443059,0.26484473593775715,2.8495231680609603
722.0,12.033333333333333,0.39833333333331944,49.820841625508166,0.021703890901838534,0.012458065338341682,74.04541865630728,0.0033337479880178314,3481.4636293842464,0.1084125262341882,0.030330564712094343,1.6427675023601582,0.9431889782374373,0.2638759129952208,2.8498323935928163
723.0,12.05,0.3974999999999861,49.81798232325332,0.021722627124805972,0.012455929002973102,74.23281730862965,0.0033239470464344993,3484.9687968847443,0.10839442143245775,0.030221021057938648,1.6441856470765637,0.9430314664623823,0.2629228832040662,2.850139996743012
724.0,12.066666666666666,0.39666666666665273,49.81513748143004,0.021741165802744086,0.012453759364627894,74.41789759711864,0.0033143281393584003,3488.3263699601594,0.10837602215836331,0.030113281670740115,1.6455888396096996,0.9428713927777608,0.261985550535439,2.8504457829228995
725.0,12.083333333333334,0.3958333333333194,49.81230702110007,0.021759505243688394,0.012451556840478942,74.60062398004933,0.003304890355323454,3491.5355906314217,0.10835733195678199,0.030007335666225585,1.646976951894774,0.9427087880240033,0.26106382029616254,2.8507495602149397
726.0,12.1,0.39499999999998603,49.8094908592708,0.021777643771217124,0.012449321850008722,74.78096113859326,0.00329563279882393,3494.5957281930478,0.10833835439310167,0.029903172313767545,1.6483498570434238,0.9425436832199845,0.26015759912977765,2.8510511393931863
727.0,12.116666666666667,0.3941666666666527,49.80668890896593,0.02179557972473544,0.012447054814977826,74.95887398857681,0.003286554590305561,3497.5060795383506,0.10831909305297832,0.02980078103648194,1.6497074293652252,0.9423761095609113,0.25926679501739286,2.8513503339435293
728.0,12.133333333333333,0.3933333333333193,49.803901079296324,0.0218133114597592,0.012444756159393507,75.13432769226968,0.0032776548661554994,3500.2659694757194,0.10829955154209386,0.02970015141130511,1.6510495443891735,0.9422060984162165,0.2583913172783544,2.851646960083744
729.0,12.15,0.39249999999998597,49.80112727553117,0.021830837348197636,0.012442426309478423,75.30728767018252,0.003268932778691335,3502.8747510359235,0.10827973348591435,0.029601273169050375,1.6523760788850788,0.9420336813274548,0.25753107657073826,2.851940836783272
730.0,12.166666666666666,0.3916666666666526,49.798367399169386,0.02184815577863604,0.0124400656936393,75.4777196128769,0.003260387496149114,3505.33180576972,0.10825964252944942,0.02950413619444502,1.6536869108849614,0.9418588900062098,0.25668598489167166,2.852231785782843
731.0,12.183333333333334,0.39083333333331927,49.79562134801122,0.021865265156617016,0.012437674742435794,75.6455894927826,0.0032520182026703533,3507.6365440363315,0.10823928233701188,0.029408730526148185,1.6549819197043416,0.9416817563320034,0.2558559555774892,2.852519631613834
732.0,12.2,0.3899999999999859,49.79288901623016,0.0218821639049212,0.012435253888549384,75.8108635760079,0.00324382409828835,3509.7884052818954,0.10821865659197823,0.029315046356750286,1.6562609859634854,0.9415023123502105,0.2550409033037275,2.8528042016174235
733.0,12.216666666666667,0.38916666666665256,49.79017029444505,0.021898850463847243,0.01243280356675237,75.97350843414881,0.0032358043989132684,3511.786858308382,0.10819776899654991,0.02922307403275466,1.6575239916085975,0.9413205902699842,0.2542407440849655,2.853085325963547
734.0,12.233333333333333,0.3883333333333192,49.78746506979238,0.02191532329149015,0.012430324213876938,76.13349095608135,0.0032279583363167925,3513.63140153187,0.10817662327151527,0.029132804054541734,1.658770819932889,0.9411366224621828,0.25345539527451305,2.8533628376695845
735.0,12.25,0.38749999999998586,49.784773225998926,0.0219315808640196,0.01242781626878432,76.29077835973628,0.0032202851581156406,3515.321563231262,0.10815522315601206,0.02904422707631663,1.6600013555976432,0.9409504414573049,0.25268477556395463,2.853636572618903
736.0,12.266666666666667,0.3866666666666525,49.78209464345446,0.02194762167595603,0.012425280172334135,76.44533820385008,0.0032127841277544917,3516.856901786057,0.10813357240729085,0.028957333906040387,1.6612154846531118,0.9407620799434303,0.2519288049825513,2.8539063695790934
737.0,12.283333333333333,0.38583333333331915,49.77942919928478,0.021963444240446522,0.012422716367353672,76.59713839968313,0.0032054545244879994,3518.2370059036894,0.10811167480047942,0.02887211550534561,1.662413094559397,0.9405715707641709,0.25118740489650676,2.854172070220075
738.0,12.3,0.3849999999999858,49.776776767424906,0.021979047089538906,0.012420125298607462,76.74614722270304,0.00319829564336234,3519.4614948363296,0.10808953412834729,0.028788562989436783,1.6635940742071995,0.9403789469166214,0.2504604980081,2.854433519131921
739.0,12.316666666666666,0.38416666666665245,49.77413721869248,0.02199442877445467,0.012417507412766779,76.89233332422289,0.003191306795195694,3520.530018586472,0.10806715420107171,0.02870666762697607,1.6647583139384736,0.9401842415493238,0.2497480083546918,2.8546905638424893
740.0,12.333333333333334,0.3833333333333191,49.771510420861354,0.022009587865860502,0.01241486315837941,77.03566574299275,0.0031844873065584155,3521.442258101678,0.10804453884600393,0.0286264208399547,1.665905705566981,0.9399874879602341,0.24904986130760587,2.854943054834821
741.0,12.35,0.38249999999998574,49.76889623873539,0.022024522954138585,0.012412192985839432,77.17611391673296,0.0031778365197521925,3522.1979254582493,0.10802169190743655,0.028547814203550712,1.6670361423987492,0.9397887195946979,0.24836598357089118,2.855190845564338
742.0,12.366666666666667,0.3816666666666524,49.76629453422241,0.022039232649655145,0.012409497347357175,77.31364769360943,0.0031713537927889578,3522.7967640331976,0.10799861724637153,0.028470839445973256,1.6681495192523976,0.9395879700434322,0.2476963031799673,2.855433792475797
743.0,12.383333333333333,0.38083333333331904,49.76370516640839,0.02205371558302753,0.01240677669692927,77.44823734363838,0.003165038499368839,3523.238548665271,0.10797531874028915,0.028395488448294152,1.6692457324793535,0.9393852730405156,0.2470407495001591,2.855671755020028
744.0,12.4,0.3799999999999857,49.761127991631746,0.02206797040538966,0.0124040314903088,77.57985357001928,0.0031588900288577254,3523.523085804146,0.10795180028291762,0.028321753244266827,1.6703246799839429,0.9391806624613832,0.24639925322512138,2.8559045956704474
745.0,12.416666666666666,0.37916666666665233,49.75856286355785,0.022081995788655814,0.012401262184975689,77.70846752038442,0.0031529077862641284,3523.65021364788,0.10792806578400346,0.028249626020133277,1.6713862612433583,0.93897417232083,0.2457717463751595,2.8561321799393475
746.0,12.433333333333334,0.378333333333319,49.75600963325368,0.022095790425782573,0.012398469240107067,77.83405079796702,0.00314709119221559,3523.619802268883,0.10790411916908324,0.02817909911441922,1.6724303773274827,0.9387658367710241,0.24515816229544718,2.856354376393954
747.0,12.45,0.3774999999999856,49.75346814926265,0.022109353031029188,0.012395653116547929,77.95657547267146,0.0031414396829344982,3523.431753727725,0.10787996437925529,0.028110165017718028,1.673456930918599,0.9385556900995209,0.2445584356541468,2.8565710566722666
748.0,12.466666666666667,0.3766666666666523,49.75093825767956,0.022122682340215652,0.01239281427678177,78.07601409204939,0.0031359527102132784,3523.086002175096,0.10785560537095318,0.028042816372463635,1.6744658263309222,0.9383437667272926,0.24397250244043361,2.8567820954986485
749.0,12.483333333333333,0.3758333333333189,49.74841980222571,0.022135777110979103,0.012389953184901527,78.19233969216606,0.0031306297413892454,3522.582513941835,0.10783104611571928,0.027977045972692766,1.675456969530008,0.9381301012067577,0.24340029996242704,2.856987370699193
750.0,12.5,0.37499999999998557,49.745912624324205,0.022148636123028295,0.012387070306580546,78.3055258083594,0.00312547025931875,3521.921287616508,0.10780629059997966,0.027912846763796944,1.6764302681520113,0.937914728219823,0.2428417668450334,2.857186763216868
751.0,12.516666666666667,0.3741666666666522,49.74341656317527,0.022161258178395586,0.012384166109043759,78.41554648587818,0.0031204737623509583,3521.1023541111945,0.10778134282481985,0.027850211842264404,1.6773856315227615,0.9376976825759327,0.2422968430277003,2.857380157126394
752.0,12.533333333333333,0.37333333333331886,49.740931455831834,0.02217364210168731,0.012381241061038955,78.52237629039789,0.0031156397643010906,3520.1257767146244,0.10775620680576124,0.027789134455412336,1.6783229706767122,0.9374789992101228,0.24176546976208732,2.8575674396489226
753.0,12.55,0.3724999999999855,49.73845713727515,0.02218578674033153,0.012378295632808286,78.62599031840776,0.003110967794423086,3518.99165113323,0.10773088657253836,0.02772960800110971,1.6792421983756933,0.9372587131810837,0.24124758960965445,2.8577485011664314
754.0,12.566666666666666,0.37166666666665216,49.73599344049056,0.02219769096482374,0.012375330296059864,78.72636420745877,0.00310645739738196,3517.700105519708,0.1077053861688774,0.027671626027490834,1.6801432291275087,0.9370368596692333,0.24074314643917025,2.857923235235912
755.0,12.583333333333334,0.3708333333333188,49.73354019654338,0.022209353668969964,0.012372345523939544,78.82347414627094,0.00310210813322545,3516.25130048931,0.10767970965227529,0.027615182232660115,1.6810259792043363,0.936813473974795,0.24025208542414297,2.858091538603274
756.0,12.6,0.36999999999998545,49.73109723465489,0.022220773770128117,0.012369341791002866,78.91729688469441,0.0030979195773554406,3514.645429123381,0.10765386109377978,0.027560270464387974,1.6818903666609968,0.936588591515884,0.23977435304017536,2.858253311217056
757.0,12.616666666666667,0.3691666666666521,49.72866438227841,0.02223195020944592,0.012366319573187153,79.0078097435093,0.0030938913204986455,3512.88271696089,0.10762784457777048,0.027506884719798425,1.6827363113529612,0.9363622478266032,0.23930989706224629,2.8584084562418104
758.0,12.633333333333333,0.36833333333331875,49.726241465175484,0.02224288195209723,0.012363279347783824,79.09499062407531,0.0030900229686770093,3510.9634219769537,0.10760166420174073,0.02745501914504826,1.683563734954239,0.9361344785551443,0.23885866656191984,2.858556880071303
759.0,12.65,0.3674999999999854,49.723828307492155,0.02225356798751529,0.012360221593410782,79.17881801780513,0.0030863141431775043,3508.887834549229,0.10757532407608061,0.02740466803499821,1.684372560975032,0.9359053194619013,0.2384206119044844,2.858698492341418
760.0,12.666666666666666,0.36666666666665204,49.72142473183532,0.022264007329623397,0.012357146789985094,79.25927101547171,0.00308276448052151,3506.656277411672,0.10754882832386042,0.02735582583287613,1.6851627147791945,0.9356748064175856,0.2379956847460223,2.8588332059428025
761.0,12.683333333333334,0.3658333333333187,49.71903055934916,0.022274199017063102,0.012354055418695756,79.336329316337,0.0030793736324336157,3504.26910559573,0.10752218108061559,0.027308487129932467,1.685934123601506,0.9354429754013556,0.23758383803041244,2.8589609370332743
762.0,12.7,0.36499999999998534,49.716645609791634,0.02228414211341933,0.012350947961976678,79.40997323709142,0.0030761412658100373,3501.7267063590634,0.10749538649413229,0.027262646665088028,1.6866867165647086,0.9352098624989509,0.2371850259862658,2.8590816050499255
763.0,12.716666666666667,0.364166666666652,49.71426970161108,0.0222938357074429,0.012347824903479868,79.48018372061436,0.0030730670626864026,3499.029499101955,0.1074684487242339,0.02721829932457431,1.687420424696353,0.9349755039008348,0.2367992041237965,2.859195132720984
764.0,12.733333333333333,0.36333333333331863,49.71190265202281,0.022303278913270306,0.012344686728048731,79.54694234452677,0.003070150720205078,3496.1779352710137,0.10744137194256881,0.027175440141566382,1.688135180945429,0.9347399359003485,0.2364263292316275,2.859301446077405
765.0,12.75,0.3624999999999853,49.7095442770858,0.02231247087064008,0.012341533921691633,79.61023132955604,0.0030673919505820285,3493.172498250704,0.1074141603323986,0.02713406429580846,1.6888309201987473,0.9345031948918677,0.2360663593735336,2.859400474464149
766.0,12.766666666666667,0.3616666666666519,49.70719439177944,0.022321410745106865,0.012338366971555614,79.67003354768362,0.0030647904810729835,3490.0137032423204,0.10738681808838768,0.02709416711323231,1.6895075792971384,0.9342653173689728,0.23571925388512108,2.859492150551232
767.0,12.783333333333333,0.3608333333333186,49.704852810080276,0.022330097728251737,0.012335186365900306,79.72633253008946,0.0030623460539391427,3486.702097130826,0.10735934941639357,0.027055744065568432,1.6901650970513735,0.934026339922624,0.23538497337044534,2.859576410344443
768.0,12.8,0.3599999999999852,49.70251934503883,0.02233853103789003,0.012331992594072,79.77911247487656,0.0030600584264122684,3483.2382583392946,0.10733175853325849,0.02701879076995012,1.690803414257896,0.9337862992393489,0.235063479698566,2.8596531931958107
769.0,12.816666666666666,0.35916666666665187,49.70019380885641,0.022346709918275646,0.012328786146478036,79.82835825457383,0.0030579273706592656,3479.622796671156,0.10730404966660147,0.02698330298851042,1.6914224737142833,0.9335452320994327,0.23475473600004063,2.859722441813757
770.0,12.833333333333334,0.3583333333333185,49.69787601296199,0.02235463364030229,0.012325567514561191,79.87405542341095,0.003055952673746038,3475.856353140526,0.10727622705461203,0.026949276627972092,1.69202222023448,0.9333031753751245,0.2344587066633572,2.8597841022729615
771.0,12.85,0.35749999999998516,49.69556576808905,0.022362301501701567,0.012322337190774493,79.91619022436784,0.0030541341376007724,3471.939599790253,0.10724829494584415,0.026916707739230404,1.6926026006637913,0.933060166028844,0.23417535733130448,2.85983812402394
772.0,12.866666666666667,0.3566666666666518,49.69326288435245,0.02236971282723739,0.012319095668556029,79.95474959597725,0.003052471578976519,3467.873239498217,0.10722025759901203,0.02688559251692889,1.6931635638935976,0.9328162411114046,0.23390465489728132,2.8598844599022835
773.0,12.883333333333333,0.35583333333331846,49.69096717132534,0.022376866968897683,0.012315843442304112,79.98972117889666,0.0030509648294131716,3463.6580057716815,0.10719211928278603,0.026855927299027908,1.6937050608758653,0.9325714377602384,0.23364656750154278,2.8599230661376467
774.0,12.9,0.3549999999999851,49.68867843811598,0.022383763306081914,0.012312581007352597,80.02109332222864,0.0030496137351986893,3459.294662529865,0.10716388427559029,0.026827708566366112,1.6942270446373398,0.9323257931976354,0.23340106452738515,2.85995390236236
775.0,12.916666666666666,0.35416666666665175,49.68639649344461,0.022390401245785882,0.012309308859946386,80.04885508959148,0.003048418157329554,3454.784003875081,0.10713555686540102,0.026800932942214625,1.694729470293533,0.9320793447289888,0.23316811659726722,2.859976931619789
776.0,12.933333333333334,0.3533333333333184,49.68412114572031,0.0223967802227824,0.012306027497217164,80.07299626493715,0.003047377971470526,3450.126853852161,0.10710714134954595,0.02677559719182389,1.6952122950623996,0.9318321297410497,0.2329476955688678,2.8599921203723166
777.0,12.95,0.35249999999998505,49.68185220311778,0.02240289969979902,0.012302737417159402,80.09350735811164,0.0030464930679135957,3445.324066196601,0.10707864203450466,0.026751698221963105,1.6956754782777876,0.9315841857001905,0.232739774531079,2.859999438509057
778.0,12.966666666666667,0.3516666666666517,49.67958947365411,0.02240875916769156,0.012299439118606422,80.11037961014782,0.003045763351536085,3440.3765240715093,0.10705006323571026,0.02672923308045216,1.6961189814025737,0.9313355501506791,0.23254432779993378,2.8599988593531864
779.0,12.983333333333333,0.35083333333331834,49.67733276526555,0.02241435814561446,0.01229613310120689,80.12360499829656,0.0030451887417578304,3435.285139793292,0.10702140927735154,0.02670819895568587,1.6965427680415581,0.9310862607129583,0.23236133091446703,2.8599903596689833
780.0,13.0,0.349999999999985,49.67508188588415,0.02241969618118724,0.012292819865401356,80.13317624078789,0.0030447691724976357,3430.050854546518,0.10699268449217689,0.026688593176150358,1.696946803954062,0.9308363550819388,0.2321907606325081,2.859973919668509
781.0,13.016666666666667,0.34916666666665164,49.67283664351442,0.02242477285065723,0.012289499912399068,80.13908680131387,0.003044504592128609,3424.674638088088,0.10696389322129882,0.026670413209931566,1.6973310570662454,0.9305858710252997,0.2320325949264046,2.8599495230179492
782.0,13.033333333333333,0.3483333333333183,49.67059684630989,0.02242958775905872,0.012286173744155063,80.14133089323714,0.0030443949634326307,3419.157488440366,0.10693503981399946,0.026653656664215507,1.6976954974831542,0.9303348463817952,0.2318868129786749,2.859917156843624
783.0,13.05,0.34749999999998493,49.66836230264959,0.022434140540367915,0.01228284186334742,80.13990348352344,0.0030444402635537763,3413.5004315743577,0.10690612862753768,0.026638321284780227,1.698040097500447,0.9300833190595778,0.23175339517758795,2.8598768117376125
784.0,13.066666666666666,0.3466666666666516,49.666132821214475,0.022438430857654533,0.012279504773354715,80.13480029637927,0.0030446404839506364,3407.7045210822175,0.10687716402695682,0.026624404955479197,1.6983648316158713,0.9298313270345243,0.231632323112669,2.8598284817630644
785.0,13.083333333333334,0.3458333333333182,49.66390821106375,0.022442458403229018,0.012276162978233777,80.12601781661482,0.00304499563034762,3401.770837839841,0.10684815038489341,0.026611905697715852,1.698669676540404,0.9295789083485726,0.2315235795701279,2.8597721644591045
786.0,13.1,0.3449999999999849,49.661688281711115,0.022446222898786356,0.012272816982697684,80.11355329270995,0.003045505722685034,3395.700489659425,0.10681909208138748,0.026600821669909153,1.698954611209139,0.929326101108071,0.23142714852820961,2.8597078608454196
787.0,13.116666666666667,0.3441666666666515,49.659472843200895,0.02244972409554532,0.012269467292093815,80.09740473959299,0.003046170795067903,3389.4946109324064,0.10678999350369392,0.026591151166949812,1.6992196167918248,0.929072943482137,0.23134301515246333,2.8596355754264247
788.0,13.133333333333333,0.34333333333331817,49.65726170618406,0.022452961774384245,0.01226611441238242,80.07757094112156,0.0030469908957137634,3383.154362262746,0.10676085904609414,0.026582892619646883,1.6994646767031432,0.9288194737010189,0.23127116579092785,2.8595553161950895
789.0,13.15,0.3424999999999848,49.65505468199412,0.022455935745972565,0.012262758850115128,80.05405145226882,0.00304796608689883,3376.68093009105,0.10673169310971026,0.026576044594164558,1.699689776612663,0.9285657300544792,0.23121158796923164,2.859467094636374
790.0,13.166666666666666,0.34166666666665146,49.652851582722946,0.022458645850898174,0.012259401112413916,80.02684660101227,0.003049096444903033,3370.0755263094175,0.10670250010231909,0.026570605791448633,1.6998949044544824,0.928311750890176,0.23116427038560308,2.8593709257302615
791.0,13.183333333333334,0.3408333333333181,49.650652221296355,0.0224610919597909,0.0122560417069502,79.99595748991806,0.0030503820599535724,3363.3393878675456,0.10667328443816815,0.026566575046642497,1.7000800504365727,0.9280575746120628,0.2311292029057897,2.8592668279544253
792.0,13.2,0.33999999999998476,49.64845641154966,0.02246327397344162,0.012252681141924177,79.96138599742794,0.0030518230361669557,3356.473776370028,0.10664405053779256,0.026563951328492222,1.700245207049796,0.9278032396787952,0.2311063765578823,2.8591548232864734
793.0,13.216666666666667,0.3391666666666514,49.646263968303,0.022465191822917584,0.012249319926044402,79.92313477883833,0.003053419491489495,3349.4799776653417,0.10661480282783307,0.026562733738740348,1.7003903690766315,0.9275487846021476,0.23109578352704102,2.85903493720582
794.0,13.233333333333333,0.33833333333331805,49.644074707436545,0.022466845469673046,0.012245958568507695,79.88120726697832,0.003055171557636276,3342.3593014265134,0.1065855457408551,0.02656292151150801,1.7005155335995525,0.9272942479454394,0.23109741715011967,2.8589071986951113
795.0,13.25,0.3374999999999847,49.64188844596549,0.022468234905656064,0.012242597578979095,79.8356076725765,0.0030570793800283546,3335.1130807239447,0.10655628371516968,0.026564514012665016,1.7006207000091071,0.9270396683219762,0.23111127191018563,2.8587716402412693
796.0,13.266666666666667,0.33666666666665135,49.639705002114944,0.022469360153411177,0.012239237467572292,79.78634098432667,0.003059143117728228,3327.742671590357,0.10652702119465453,0.026567510739187422,1.7007058700116917,0.9267850843934943,0.23113734343093056,2.8586282978361166
797.0,13.283333333333333,0.335833333333318,49.63752419539455,0.022470221266177176,0.012235878744830094,79.73341296863934,0.003061362943373632,3320.249452578352,0.10649776262857748,0.026571911318502114,1.7007710476369502,0.926530534868624,0.23117562847096837,2.8584772109765426
798.0,13.3,0.33499999999998464,49.635345846672976,0.0224708183279814,0.012232521921705273,79.67683016909118,0.0030637390431092044,3312.634824310782,0.1064685124714202,0.026577715507818078,1.7008162392449118,0.9262760585013556,0.23122612491801725,2.8583184226642846
799.0,13.316666666666666,0.3341666666666513,49.63316977825217,0.022471151453729125,0.012229167509541618,79.61659990556016,0.00306627161651643,3304.900209024003,0.10643927518270375,0.02658492319344368,1.7008414535327572,0.9260216940895226,0.23128883178296,2.85815197940524
800.0,13.333333333333334,0.33333333333331794,49.63099581394139,0.022471220789288992,0.012225816020055189,79.55273027305502,0.0030689608765414275,3297.047050104526,0.10641005522681529,0.02659353439008961,1.7008467015412834,0.9257674804732929,0.23136374919377958,2.8579779312083557
801.0,13.35,0.3324999999999846,49.62882377913107,0.02247102651157391,0.01222246796531589,79.48523014023445,0.0030718070494205854,3289.0768116192103,0.10638085707283577,0.026603549240156902,1.7008319966610288,0.9255134565336711,0.23145087838936504,2.857796331584065
802.0,13.366666666666667,0.33166666666665123,49.62665350086636,0.022470568828617525,0.012219123857729233,79.41410914761758,0.003074810374604183,3280.990977839309,0.10635168519436936,0.026614968013009454,1.7007973546380601,0.9252596611910133,0.23155022171318224,2.857607237542256
803.0,13.383333333333333,0.3308333333333179,49.624484807920545,0.022469847979646615,0.012215784210018376,79.33937770548839,0.003077971104677475,3272.7910527583667,0.10632254406937372,0.026627791104230615,1.700742793579452,0.9250061334035513,0.23166178260680634,2.8574107095898094
804.0,13.4,0.32999999999998453,49.62231753086809,0.022468864235148905,0.012212449535206433,79.2610469914878,0.003081289505279641,3264.4785596048264,0.10629343817999201,0.026642019034863077,1.7006683339584203,0.9247529121659305,0.23178556560330876,2.85720681172766
805.0,13.416666666666666,0.3291666666666512,49.6201515021575,0.022467617896936402,0.012209120346598962,79.17912894790403,0.0030847658550201204,3256.055040348926,0.10626437201238605,0.026657652450631644,1.700573998619116,0.9245000365077586,0.2319215763204953,2.8569956114473696
806.0,13.433333333333334,0.3283333333333178,49.61798655618391,0.022466109298204456,0.012205797157766795,79.0936362786544,0.0030884004453924697,3247.5220552048213,0.10623535005657059,0.026674692121148133,1.7004598127810948,0.924247545492164,0.23206982145398874,2.856777179727248
807.0,13.45,0.32749999999998447,49.61582252936136,0.02246433880358637,0.01220248048252904,79.00458244596162,0.0030921935806856155,3238.881182127659,0.10620637680624948,0.026693138939097822,1.7003258040434521,0.9239954782143703,0.23223030877015102,2.8565515910279737
808.0,13.466666666666667,0.3266666666666511,49.613659260194794,0.022462306809203633,0.012199170834936388,78.91198166673028,0.0030961455778922083,3230.134016306217,0.1061774567586527,0.02671299391940682,1.7001720023886226,0.9237438738002784,0.2324030470988393,2.8563189232877404
809.0,13.483333333333333,0.32583333333331777,49.61149658935178,0.02246001374271154,0.012195868729254643,78.81584890861893,0.0031002567666143462,3221.2821696512583,0.10614859441437516,0.026734258198389524,1.6999984401858361,0.9234927714050638,0.23258804632598884,2.856079257916889
810.0,13.5,0.3249999999999844,49.609334359733886,0.022457460063340585,0.012192574679948531,78.71619988581259,0.003104527488966244,3212.327270280074,0.10611979427721654,0.02675693303287569,1.6998051521942485,0.9232422102117839,0.23278531738601846,2.855832679792051
811.0,13.516666666666667,0.32416666666665106,49.607172416547755,0.02245464626193322,0.012189289201665718,78.61305105449928,0.003108958099473811,3203.2709619971474,0.10609106085402298,0.02678101979931619,1.699592175565725,0.9229922294299998,0.23299487225405083,2.8555792772497757
812.0,13.533333333333333,0.3233333333333177,49.605010607375846,0.022451572860976488,0.012186012809221136,78.50641960804994,0.003113548964971187,3194.1149037715923,0.10606239865452988,0.02680651999286682,1.69935954984731,0.9227428682944099,0.23321672393794132,2.855319142079661
813.0,13.55,0.32249999999998435,49.60284878224684,0.02244824041462972,0.012182746017581538,78.39632347190414,0.0031183004644939724,3184.860769211472,0.10603381219120628,0.02683343522644933,1.6991073169833233,0.9224941660634945,0.23345088647010917,2.855052369516927
814.0,13.566666666666666,0.321666666666651,49.60068679370567,0.022444649508748207,0.012179489341850293,78.28278129816806,0.0031232129891690798,3175.5102460352814,0.10600530597910081,0.026861767229788957,1.6988355213171515,0.922246162018177,0.2336973748991639,2.8547790582344925
815.0,13.583333333333334,0.32083333333331765,49.59852449688322,0.022440800760902314,0.012176243297252455,78.16581245992101,0.003128286942101032,3166.0650355409343,0.10597688453568899,0.02689151784842761,1.6985442095926957,0.9219988954604941,0.2339562052813202,2.8544993103345098
816.0,13.6,0.3199999999999843,49.59636174956563,0.022436694820392053,0.01217300839912011,78.0454370452412,0.0031335227382547916,3156.5268520726413,0.10594855238072207,0.026922689042711823,1.698233430955474,0.9217524057122819,0.23422739467159284,2.854213231339349
817.0,13.616666666666667,0.31916666666665094,49.59419841226322,0.0224323323682573,0.01216978516287788,77.92167585094568,0.003138920804334758,3146.897422485699,0.10592031403607749,0.026955282886754743,1.6979032369533946,0.9215067321138741,0.23451096111476624,2.853920930182035
818.0,13.633333333333333,0.3183333333333176,49.59203434827901,0.022427714117283705,0.012166574104028867,77.7945503760548,0.003144481578659899,3137.178485609855,0.10589217402561071,0.02698930156737117,1.6975536815372032,0.9212619140228131,0.23480692363612918,2.8536225191961453
819.0,13.65,0.31749999999998424,49.58986942377685,0.022422840812003974,0.012163375738140633,77.66408281498255,0.0031502055110349913,3127.3717917111217,0.105864136875009,0.027024747382984795,1.6971848210605804,0.9210179908125782,0.2351153022319677,2.8533181141051265
820.0,13.666666666666666,0.3166666666666509,49.58770350784911,0.022417713228694916,0.0121601905808316,77.5302960504517,0.003156093062617682,3117.47910195275,0.10583620711164615,0.0270616227425067,1.6967967142799179,0.9207750018713214,0.23543611785980825,2.8530078340110476
821.0,13.683333333333334,0.31583333333331753,49.58553647258398,0.022412332175369903,0.012157019147757643,77.39321364614582,0.00316214470578131,3107.5021878553607,0.10580838926443947,0.027099930164184216,1.6963894223537477,0.9205329866006233,0.23576939242840267,2.8526918013827736
822.0,13.7,0.3149999999999842,49.583368193132266,0.022406698491767393,0.012153861954598943,77.25285983909642,0.003168360923973379,3097.4428307566473,0.10578068786370802,0.027139672274419106,1.6959630088418736,0.9202919844142597,0.2361151487874462,2.8523701420435796
823.0,13.716666666666667,0.31416666666665083,49.581198547773774,0.02240081304933447,0.012150719517047093,77.10925953181022,0.003174742211569509,3087.302821270861,0.10575310744103252,0.02718085180655412,1.6955175397041256,0.9200520347369828,0.23647341071702083,2.8520429851581293
824.0,13.733333333333333,0.3133333333333175,49.57902741798323,0.022394676751206547,0.012147592350792494,76.96243828414407,0.0031812890737226676,3077.0839587485457,0.10572565252911703,0.02722347159962693,1.695053083298823,0.9198131770033181,0.2368442029167543,2.8517104632188954
825.0,13.75,0.3124999999999841,49.57685468849569,0.022388290532182584,0.012144480971511936,76.81242230492805,0.0031880020262077314,3066.788050736517,0.10569832766165235,0.027267534597090342,1.6945697103808994,0.9195754506563754,0.23722755099468595,2.851372712031961
826.0,13.766666666666667,0.31166666666665077,49.574680247371525,0.02238165535869585,0.01214138589485652,76.65923844334307,0.003194881595260964,3056.4169124387204,0.10567113737318079,0.027313043845497816,1.6940674940996887,0.9193388951466728,0.23762348145583098,2.8510298707021926
827.0,13.783333333333333,0.3108333333333174,49.5725039860608,0.022374772228780683,0.012138307636439766,76.50291418005817,0.003201928317414425,3045.972366177941,0.1056440861989631,0.02736000249315314,1.6935465099964095,0.9191035499309789,0.2380320216904323,2.8506820816178204
828.0,13.8,0.30999999999998407,49.570325799467255,0.022367642172034827,0.012135246711826034,76.34347761813426,0.003209142739325201,3035.4562408588604,0.10561717867484671,0.027408413788723145,1.6930068360013157,0.9188694544711663,0.23845319996189135,2.8503294904343734
829.0,13.816666666666666,0.3091666666666507,49.56814558601166,0.02236026624957748,0.012132203636519151,76.18095747369422,0.0032165254175991185,3024.8703714326,0.10559041933713617,0.02745828107981242,1.692448552430519,0.9186366482330847,0.23888704539436806,2.8499722460579715
830.0,13.833333333333334,0.30833333333331736,49.5659632476947,0.022352645554003406,0.012129178925951334,76.01538306637042,0.0032240769186089317,3014.216598363119,0.1055638127224649,0.027509607811498766,1.6918717419825176,0.9184051706854446,0.23933358796003926,2.8496105006280015
831.0,13.85,0.307499999999984,49.563778690159246,0.022344781209332514,0.012126173095472342,75.84678430953156,0.003231797818306793,3003.496767095737,0.10553736336766914,0.027562397524828242,1.6912764897343777,0.9181750612987214,0.23979285846600568,2.849244409499105
832.0,13.866666666666667,0.30666666666665066,49.561591822752135,0.022336674370955607,0.012123186660338861,75.67519170029607,0.003239688702030797,2992.7127275280136,0.10551107580966346,0.02761665385526868,1.6906628831376296,0.917946359544072,0.2402648885408375,2.8488741312225394
833.0,13.883333333333333,0.3058333333333173,49.5594025585853,0.022328326225575842,0.012120220135704254,75.50063630933603,0.0032477501643054306,2981.8663334832204,0.10548495458531798,0.02767238053112032,1.690031012013835,0.9177191048922664,0.24074971062074677,2.8484998275268483
834.0,13.9,0.30499999999998395,49.55721081459633,0.022319737991146157,0.012117274036608386,75.32314977048041,0.0032559828086358026,2970.959442186818,0.10545900423133811,0.02772958137188241,1.6893809685498522,0.9174933368126414,0.24124735793537694,2.8481216632978708
835.0,13.916666666666666,0.3041666666666506,49.55501651160847,0.022310910916802755,0.012114348877967864,75.14276427012054,0.0032643872472954624,2959.9939137460683,0.10543322928414509,0.02778826028657442,1.6887128472928001,0.9172690947720622,0.24175786449319742,2.8477398065580597
836.0,13.933333333333334,0.30333333333331725,49.552819574389915,0.02230184628279435,0.012111445174566473,74.95951253642482,0.003272964101107624,2948.971610632983,0.1054076342797593,0.027848421272010655,1.688026745144704,0.9170464182339059,0.24228126506649267,2.8473544284451022
837.0,13.95,0.3024999999999839,49.550619931712546,0.02229254540040773,0.012108563441045803,74.77342782837198,0.003281713999219502,2937.8943971711924,0.10538222375368535,0.027910068411026917,1.6873227613568609,0.9168253466570625,0.24281759517593415,2.8469657031898574
838.0,13.966666666666667,0.30166666666665054,49.54841751640998,0.022283009611889223,0.01210570419189626,74.58454392460179,0.003290637578869851,2926.7641390265153,0.10535700224079848,0.027973205870657776,1.686600997523895,0.9166059194949467,0.24336689107472262,2.846573808093564
839.0,13.983333333333333,0.3008333333333172,49.54621226543496,0.02227324029036228,0.012102867941448185,74.39289511209854,0.003299735485149179,2915.5827027018468,0.10533197427523378,0.02803783790026326,1.6858615575775204,0.9163881761945337,0.24392918973229033,2.8461789235043446
840.0,14.0,0.29999999999998384,49.54400411991612,0.022263238839741267,0.012100055203863347,74.19851617470727,0.0033090083707527284,2904.3519550365013,0.10530714439027655,0.028103968829603396,1.6851045477800162,0.9161721561954059,0.24450452881754953,2.8457812327929717
841.0,14.016666666666667,0.2991666666666505,49.54179302521396,0.022253006694641548,0.012097266493126592,74.00144238149248,0.0033184568957258156,2893.0737627101707,0.10528251711825534,0.028171603066859327,1.6843300767174183,0.9159578989288214,0.24509294668167614,2.845380922327916
842.0,14.033333333333333,0.29833333333331713,49.53957893097623,0.022242545320285606,0.012094502323037819,73.80170947494432,0.0033280817272015022,2881.7499917518358,0.10525809699043637,0.028240745096599424,1.6835382552924172,0.9157454438167963,0.24569448234041497,2.8449781814496284
843.0,14.05,0.2974999999999838,49.53736179119251,0.02223185621240571,0.012091763207204152,73.59935365904072,0.003337883539130276,2870.3825070538105,0.1052338885369205,0.02831139947768907,1.6827291967169877,0.9155348302712083,0.2463091754558949,2.844573202444091
844.0,14.066666666666666,0.2966666666666504,49.535141564248086,0.022220940897142712,0.012089049659032371,73.39441158717186,0.003347863012001575,2858.973171891211,0.10520989628654193,0.028383570841142534,1.6819030165047315,0.9153260976929147,0.24693706631794002,2.8441661805155865
845.0,14.083333333333334,0.2958333333333171,49.5329182129771,0.022209800930941426,0.012086362191721618,73.18692034993117,0.0033580208325569173,2847.5238474469134,0.10518612476676881,0.028457263887915463,1.6810598324629562,0.9151192854708885,0.2475781958248645,2.8437573137587093
846.0,14.1,0.2949999999999837,49.53069170471491,0.02219843790044239,0.012083701318256302,72.97691746278473,0.0033683576934946014,2836.036392342481,0.10516257850360641,0.028532483386636394,1.680199764684484,0.9149144329813758,0.2482326054637366,2.8433468031295965
847.0,14.116666666666667,0.29416666666665037,49.52846201134966,0.022186853422370083,0.01208106755139933,72.76444085362299,0.0033788742931653514,2824.5126621750073,0.10513926202150177,0.028609234171275897,1.6793229355391912,0.9147115795870653,0.24890033729010028,2.8429348524163567
848.0,14.133333333333333,0.293333333333317,49.52622910937309,0.022175049143417797,0.012078461403685471,72.54952885020083,0.0033895713352592428,2812.9545090602355,0.10511617984325108,0.02868752113875152,1.6784294696652926,0.9145107646362843,0.24958143390713822,2.842521668208715
849.0,14.15,0.29249999999998366,49.52399297993051,0.02216302674012919,0.01207588338741506,72.33222016747747,0.0034004495284832015,2801.3637811821422,0.10509333648990846,0.028767349246467185,1.677519493960378,0.9143120274622035,0.2502759384442645,2.842107459866846
850.0,14.166666666666666,0.2916666666666503,49.52175360886996,0.022150787918776345,0.012073334014647942,72.11255389485805,0.0034115095862290706,2789.7423223491496,0.10507073648069747,0.028848723509785228,1.6765931375721812,0.9141154073820679,0.2509838945351315,2.8416924394893806
851.0,14.183333333333334,0.29083333333331696,49.519510986790515,0.02213833441523473,0.012070813797197572,71.89056948334881,0.0034227522262321396,2778.091971557136,0.10504838433292465,0.028931648999429502,1.6756505318891164,0.9139209436964444,0.25170534629503666,2.841276821880597
852.0,14.2,0.2899999999999836,49.517265109089756,0.022125667994854895,0.012068323246625441,71.6663067326293,0.003434178170219569,2766.4145625596016,0.10502628456189486,0.029016130838817978,1.6746918105305666,0.9137286756884853,0.2524403382977164,2.8408608245167684
853.0,14.216666666666667,0.28916666666665025,49.51501597601033,0.022112790452331058,0.012065862874235733,71.43980577805365,0.0034457881435487783,2754.711923444862,0.10500444168082912,0.02910217420132295,1.6737171093369374,0.9135386426232133,0.25318891555150963,2.8404446675116604
854.0,14.233333333333333,0.2883333333333169,49.51276359268567,0.022099703611566646,0.012063433191070182,71.21110707758145,0.003457582874835427,2742.9858762207455,0.10498286020078465,0.0291897843074573,1.672726566359479,0.9133508837468264,0.25395112347487847,2.840028573581184
855.0,14.25,0.28749999999998355,49.51050796918476,0.022086409325536856,0.01206103470790322,70.9802513986528,0.003469563095570813,2731.238236406819,0.10496154463057687,0.029278966421985058,1.6717203218498842,0.9131654382860187,0.25472700787127,2.839612768007173
856.0,14.266666666666667,0.2866666666666502,49.50824912055598,0.02207290947614824,0.012058667935237292,70.74727980501038,0.003481729539728293,2719.4708126343726,0.10494049947670397,0.0293697258509545,1.6706985182496599,0.9129823454473245,0.25551661490330413,2.8391974786002887
857.0,14.283333333333333,0.28583333333331684,49.50598706687006,0.02205920597409547,0.01205633338329851,70.51223364347514,0.0034940829433587808,2707.6854062541734,0.10491972924327322,0.02946206793865197,1.6696613001792857,0.9128016444164769,0.2563199910662721,2.8387829356620347
858.0,14.3,0.2849999999999835,49.50372183326201,0.022045300758715344,0.012054031562032452,70.27515453068924,0.0035066240441746646,2695.8838109524163,0.10489923843193008,0.029555998064474787,1.668608814427164,0.9126233743577916,0.25713718316093065,2.8383693719458862
859.0,14.316666666666666,0.28416666666665014,49.50145344997211,0.022031195797837976,0.012051762981100214,70.03608433982437,0.003519353581122369,2684.0678123747603,0.10487903154178908,0.029651521639721245,1.667541209938356,0.9124475744135649,0.2579682382655748,2.8379570226174957
860.0,14.333333333333334,0.2833333333333168,49.49918195238591,0.02201689308763554,0.01204952814987476,69.79506518727051,0.0035322722939427884,2672.2391877587,0.10485911306936718,0.02974864410429608,1.6664586378031336,0.9122742837034944,0.25881320370737587,2.8375461252140037
861.0,14.35,0.28249999999998343,49.49690738107319,0.022002394652468223,0.012047327577437403,69.55213941930991,0.0035453809227199203,2660.3997055744794,0.10483948750851943,0.029847370923329387,1.6653612512453195,0.912103541324119,0.25967212703296566,2.837136919602404
862.0,14.366666666666667,0.2816666666666501,49.49462978182594,0.021987702544727903,0.01204516177257462,69.30734959878136,0.0035586802074168205,2648.55112517448,0.10482015935037683,0.029947707583707357,1.6642492056104545,0.9119353863482784,0.260545055978254,2.8367296479369872
863.0,14.383333333333333,0.2808333333333167,49.49234920569523,0.021972818844679314,0.012043031243775,69.06073849174484,0.003572170887399139,2636.6951964515674,0.10480113308328665,0.030049659590512746,1.663122658353777,0.9117698578245937,0.2614320384374609,2.8363245546158318
864.0,14.4,0.2799999999999834,49.49006570902706,0.021957745660298837,0.012040936499226511,68.81234905415357,0.0035858537009457246,2624.8336595059727,0.10478241319275455,0.030153232463373338,1.6619817690280185,0.9116069947769645,0.26233312243134804,2.835921886236331
865.0,14.416666666666666,0.27916666666665,49.487779353497125,0.021942485127111243,0.012038878046813917,68.56222441853846,0.003599729384746037,2612.9682443214183,0.10476400416138981,0.03025843173271651,1.6608266992710496,0.9114468362040913,0.26324835607463365,2.8355218915497744
866.0,14.433333333333334,0.27833333333331667,49.48549020614446,0.021927039408024027,0.012036856394116504,68.31040788071498,0.0036137986733841302,2601.1006704502365,0.10474591046885202,0.03036526293592797,1.6596576127933382,0.9112894210790126,0.2641777875425733,2.835124821414924
867.0,14.45,0.2774999999999833,49.48319833940396,0.02191141069315981,0.012034872048405924,68.05694288651735,0.003628062298809077,2589.232646707546,0.104728136591801,0.030473731613412703,1.6584746753652657,0.9111347883486686,0.2651214650366905,2.834730928750625
868.0,14.466666666666667,0.27666666666664996,49.48090383113779,0.02189560119968686,0.01203292551664437,67.80187301856893,0.003642520989791328,2577.365870874882,0.10471068700384803,0.030583843304556376,1.6572780548042982,0.9109829769334777,0.26607943674964046,2.8343404684874165
869.0,14.483333333333333,0.2758333333333166,49.478606764665585,0.02187961317164737,0.012031017305482897,67.54524198309318,0.0036571754713648347,2565.502029413133,0.10469356617551034,0.030695603543585116,1.656067920961989,0.9108340257269399,0.26705175082919047,2.8339536975181194
870.0,14.5,0.27499999999998326,49.476307228793544,0.021863448879784295,0.012029147921260034,67.28709359677507,0.0036720264642548252,2553.642797184859,0.10467677857416724,0.030809017855321745,1.6548444457108729,0.9106879735952549,0.26803845534129916,2.833570874647427
871.0,14.516666666666667,0.2741666666666499,49.47400531784226,0.021847110621366184,0.01202731787000052,67.02747177367854,0.0036870746842906504,2541.7898371863057,0.10466032866401936,0.03092409175083668,1.653607802931206,0.9105448593769684,0.2690395982322791,2.8331922605404536
872.0,14.533333333333333,0.27333333333331655,49.47170113167336,0.02183060072001059,0.012025527657414353,66.76642051222622,0.0037023208418037437,2529.9448002888903,0.10464422090604927,0.031040830722991332,1.6523581684976012,0.9104047218826286,0.27005522729002457,2.8328181176702545
873.0,14.55,0.2724999999999832,49.4693947757149,0.021813921525505688,0.012023777788896017,66.50398388224806,0.003717765641010203,2518.1093249904443,0.10462845975798528,0.031159240241872305,1.6510957202655252,0.9102675998944718,0.271085390104289,2.8324487102642864
874.0,14.566666666666666,0.27166666666664985,49.46708636098553,0.0217970754136307,0.012022068769523888,66.24020601210847,0.003733409779377755,2506.2850371762083,0.10461304967426728,0.03127932575011427,1.6498206380577074,0.9101335321661252,0.2721301340259942,2.8320843042498267
875.0,14.583333333333334,0.2708333333333165,49.46477600411735,0.021780064785974804,0.012020401104059946,65.97513107591311,0.003749253946976987,2494.473549889632,0.1045979951060148,0.03140109265810962,1.6485331036504325,0.9100025574223286,0.2731895061255537,2.831725167198315
876.0,14.6,0.26999999999998314,49.46246382737744,0.021762892069754826,0.012018775296949592,65.70880328080702,0.0037652988258163726,2482.6764631130086,0.10458330050099782,0.031524546339103,1.6472333007597424,0.909874714358681,0.2742635531501961,2.8313715682686196
877.0,14.616666666666667,0.2691666666666498,49.460149958688184,0.02174555971763171,0.012017191852321748,65.44126685436702,0.0037815450891608847,2470.8953635580965,0.10456897030360952,0.03164969212416883,1.6459214150275436,0.9097500416414028,0.2753523214802688,2.8310237781492154
878.0,14.633333333333333,0.26833333333331644,49.45783453164611,0.021728070207526054,0.012015651273989143,65.17256603209783,0.003797993400834007,2459.131824466597,0.10455500895484163,0.03177653529706967,1.6445976340076467,0.909628577907122,0.2764558570845061,2.8306820689992747
879.0,14.65,0.2674999999999831,49.455517685539476,0.02171042604243249,0.012014154065448823,64.90274504503256,0.0038146444145027592,2447.3874054207663,0.10454142089226211,0.03190508108899383,1.6432621471517148,0.9095103617626803,0.27757420547424627,2.830346714388641
880.0,14.666666666666666,0.26666666666664973,49.45319956536445,0.021692629750233384,0.012012700729882822,64.63184810745167,0.003831498772945492,2435.6636521639134,0.10452821054999523,0.032035334673170025,1.6419151457951644,0.9093954317849584,0.2787074116565792,2.830017989236702
881.0,14.683333333333334,0.2658333333333164,49.45088032183985,0.02167468388351161,0.012011291770159105,64.35991940471841,0.0038485571073022945,2423.962096431088,0.10451538235870386,0.03216730115935734,1.6405568231429934,0.9092838265207235,0.27985552008640885,2.829696169750126
882.0,14.7,0.264999999999983,49.4485601114205,0.021656591019362806,0.012009927688832646,64.08700308124124,0.0038658200363075137,2412.2842557897666,0.10450294074557434,0.03230098558820863,1.6391873742555705,0.9091755844864967,0.2810185746174151,2.829381533359482
883.0,14.716666666666667,0.2641666666666497,49.44623909630914,0.021638353759206797,0.012008608988146752,63.8131432285684,0.0038832881655043723,2400.6316334907074,0.10449089013430342,0.03243639292550537,1.6378069960343622,0.9090707441684397,0.2821966184518967,2.8290743586546987
884.0,14.733333333333333,0.2633333333333163,49.44391744446687,0.02161997472859895,0.012007336170034579,63.53838387361909,0.0039009620864412595,2389.0057183288704,0.1044792349450879,0.03257352805626224,1.636415887207654,0.9089693440222647,0.2833896940894815,2.8287749253194003
885.0,14.75,0.26249999999998297,49.441595329622054,0.0216014565770409,0.01200610973612082,63.262768967056026,0.003918842375849473,2377.407984514533,0.10446797959461623,0.03271239577869957,1.6350142483162253,0.9088714224731611,0.28459784327468624,2.8284835140640725
886.0,14.766666666666667,0.2616666666666496,49.43927293127782,0.021582801977791027,0.012004930187723646,62.98634237180849,0.003936929594802212,2365.8398915544917,0.10445712849606277,0.03285300079808179,1.6336022816990026,0.908777017915746,0.28582110694331153,2.82820040655806
887.0,14.783333333333333,0.26083333333331626,49.43695043471792,0.02156401362767496,0.012003798025856771,62.70914785174712,0.003955224287854453,2354.302884143426,0.10444668605908433,0.03299534772042027,1.6321801914787175,0.9086861687140336,0.28705952516765637,2.8279258853604072
888.0,14.8,0.2599999999999829,49.43462803101113,0.02154509424689586,0.012002713751231728,62.43122906051581,0.003973726982163549,2342.798392065412,0.10443665668981894,0.03313944104603865,1.6307481835475472,0.9085989132014247,0.28831313710053624,2.827660233849508
889.0,14.816666666666666,0.25916666666664956,49.43230591701398,0.02152604657884491,0.012001677864260414,62.15262953052965,0.003992438186590315,2331.327830105587,0.10442704479088666,0.033285285162999015,1.629306465552771,0.9085152896807138,0.2895819809180914,2.827403736151576
890.0,14.833333333333334,0.2583333333333162,49.42998429537197,0.021506873389912026,0.012000690865057709,61.87339266213845,0.004011358390780221,2319.8925979718606,0.10441785476139354,0.03343288434038729,1.6278552468824408,0.9084353364241237,0.2908660937613694,2.8271566770679337
891.0,14.85,0.25749999999998285,49.427663374519156,0.021487577469296595,0.011999753253444342,61.59356171296374,0.004030488064224699,2308.4940802268316,0.10440909099693706,0.03358224272145615,1.6263947386510589,0.9083590916733523,0.2921655116766685,2.8269193420010796
892.0,14.866666666666667,0.2566666666666495,49.42534336867602,0.02146816162881903,0.01199886552894993,61.31317978741464,0.0040498276553020355,2297.133646229781,0.10440075788961418,0.03373336431662394,1.6249251536853122,0.9082865936396434,0.29348026955462825,2.8266920168795835
893.0,14.883333333333333,0.25583333333331615,49.42302449784576,0.021448628702732543,0.011998028190816258,61.03228982638308,0.004069377590297844,2285.812650088655,0.10439285982803156,0.033886252996327984,1.623446706509826,0.9082178805038745,0.29481040106805345,2.826474988081754
894.0,14.9,0.2549999999999828,49.42070698780888,0.021428981547535628,0.01199724173800061,60.750934597125955,0.004089138272404855,2274.532430622217,0.10438540119731858,0.03404091248373083,1.6219596133329712,0.9081529904166715,0.29615593860845824,2.826268542358101
895.0,14.916666666666666,0.25416666666664944,49.41839107011601,0.021409223041785375,0.011996506669179407,60.469156683338554,0.004109110080701732,2263.2943113321676,0.10437838637914174,0.03419734634727802,1.6204640920327347,0.908091961498533,0.2975169132213188,2.8260729667525863
896.0,14.933333333333334,0.2533333333333161,49.41607698207909,0.021389356085911596,0.011995823482751971,60.18699847541982,0.0041292933691107325,2252.0996003852447,0.10437181975172188,0.03435555799310595,1.6189603621426483,0.9080348318399803,0.2988933545400217,2.8258885485226504
897.0,14.95,0.25249999999998274,49.413764966760716,0.021369383602031885,0.011995192676844431,59.90450216093819,0.004149688465334144,2240.9495906053266,0.10436570568985377,0.034515550657298534,1.617448644837793,0.9079816395017277,0.30028529071849724,2.8257155750580183
898.0,14.966666666666667,0.2516666666666494,49.41145527296175,0.021349308533767937,0.011994614749313917,59.621709715296625,0.004170295669769103,2229.845559475424,0.10436004856492723,0.03467732739799148,1.6159291629208947,0.9079324225148668,0.30169274836252585,2.825554333798287
899.0,14.983333333333333,0.25083333333331603,49.40914815520715,0.021329133846062876,0.011994090197752754,59.338662892604205,0.004191115254400713,2218.788769149616,0.10435485274495143,0.034840891087322856,1.6144021408084988,0.9078872188810774,0.30311575245970884,2.825405112149285
900.0,15.0,0.2499999999999827,49.40684387372991,0.021308862525000142,0.011993619519493001,59.05540321675662,0.00421214746167333,2207.7804664747773,0.10435012259458039,0.035006244403228914,1.6128678045172604,0.9078460665728493,0.30455432630809154,2.8252681973982012
901.0,15.016666666666667,0.24916666666664938,49.40454269445326,0.02128849757762367,0.011993203211611037,58.771971972726604,0.004233392503339849,2196.821883022139,0.10434586247514147,0.035173389821084165,1.6113263816503354,0.9078090035337307,0.30600849144343223,2.8251438766274983
902.0,15.033333333333333,0.24833333333331606,49.402244888970884,0.02126804203175975,0.011992841770932367,58.48841019807172,0.0042548505592887,2185.9142351286637,0.10434207674466542,0.035342329605184755,1.609778101383895,0.9077760676785891,0.3074782675651073,2.825032436627591
903.0,15.05,0.24749999999998273,49.399950734525355,0.021247498935840558,0.011992535694036585,58.204758674658024,0.004276521776348588,2175.058723948041,0.104338769757919,0.0355130658000742,1.6082231944537715,0.9077472968938952,0.3089636724606455,2.8249341638083125
904.0,15.066666666666666,0.2466666666666494,49.39766051398458,0.021226871358729506,0.011992285477262499,57.92105792060509,0.004298406267070766,2164.256535511437,0.10433594586643959,0.03568560022171076,1.6066618931422358,0.9077227290380243,0.3104647219288836,2.8248493441091433
905.0,15.083333333333334,0.24583333333331608,49.395374515816385,0.021206162389548602,0.011992091616713387,57.63734818245475,0.004320504108488768,2153.50884079786,0.1043336094185717,0.035859934448475815,1.6050944312649333,0.9077024019415737,0.3119814297017396,2.8247782629082465
906.0,15.1,0.24499999999998276,49.39309303406106,0.021185375137507765,0.011991954608262469,57.35366942756469,0.0043428153408553855,2142.816795814076,0.10433176475950587,0.03603606981202264,1.6035210441579624,0.907686353407701,0.31351380736459694,2.82472120493026
907.0,15.116666666666667,0.24416666666664943,49.39081636830201,0.02116451273173647,0.011991874947558486,57.070061336730994,0.004365339966356987,2132.1815416840213,0.10433041623131953,0.03621400738796507,1.601941968665133,0.9076746212124798,0.3150618642752961,2.824678454152909
908.0,15.133333333333333,0.2433333333333161,49.38854482363438,0.021143578321117688,0.011991853130031448,56.78656329704029,0.0043880779478049385,2121.6042047477986,0.10432956817301979,0.03639374798640573,1.6003574431253975,0.9076672431052721,0.31662560748172985,2.8246502937123994
909.0,15.15,0.24249999999998278,49.386278710631636,0.02112257507412421,0.011991889650898561,56.50321439495507,0.004411029207304184,2111.08589666995,0.10432922492058844,0.03657529214230367,1.5987677073604611,0.9076642568091193,0.3182050416380419,2.8246370058076224
910.0,15.166666666666666,0.24166666666664946,49.38401834531012,0.021101506178657633,0.011991985005170241,56.22005340963192,0.004434193624898843,2100.6277145572167,0.104329390807029,0.03675864010568117,1.5971730026625959,0.9076657000211522,0.31980016891942614,2.8246388716031743
911.0,15.183333333333334,0.24083333333331614,49.381764049091586,0.021080374841889987,0.011992139687656335,55.93711880647772,0.004457571037194908,2090.230741085538,0.10433007016241536,0.03694379183166984,1.5955735717826527,0.9076716104130135,0.3214109889355276,2.8246561711311937
912.0,15.2,0.2399999999999828,49.37951614876359,0.021059184290108324,0.011992354192972465,55.6544487309414,0.00448116123595991,2079.8960446363512,0.1043312673139428,0.03713074697039606,1.5939696589182988,0.9076820256313022,0.3230374986424457,2.8246891831920466
913.0,15.216666666666667,0.23916666666664949,49.377274976437825,0.021037937768562106,0.011992629015546527,55.372081002546466,0.004504963966699782,2069.624679442095,0.10433298658598082,0.03731950485670612,1.5923615097024655,0.907696983298033,0.3246796922533432,2.8247381852538416
914.0,15.233333333333333,0.23833333333331616,49.3750408695063,0.02101663854131383,0.011992964649625303,55.090053109162575,0.004528978927212591,2059.4176857408384,0.1043352323001279,0.03751006449973155,1.5907493711920435,0.9077165210111127,0.3263375611476645,2.8248034533508206
915.0,15.25,0.23749999999998284,49.37281417059541,0.020995289891092835,0.011993361589281227,54.80840220152007,0.004553205766119646,2049.276089940085,0.10433800877526794,0.037702424572295085,1.5891334918568163,0.907740676344831,0.3280110937789672,2.8248852619806146
916.0,15.266666666666667,0.2366666666666495,49.37059522751784,0.02097389511915243,0.011993820328419303,54.527165087965706,0.0045776440813736115,2039.200904789534,0.10434132032762886,0.03789658340015817,1.587514121568647,0.907769486850371,0.32970027558137605,2.8249838840003942
917.0,15.283333333333333,0.2358333333333162,49.36838439322224,0.0209524575451306,0.01199434136078417,54.24637822946336,0.0046022934187440615,2029.1931295629286,0.10434517127084283,0.038092538951110796,1.5858915115909349,0.9078029900563326,0.3314050888746639,2.825099590521931
918.0,15.3,0.23499999999998286,49.366182025740805,0.020930980506914353,0.011994925179967227,53.96607773483776,0.004627153270280433,2019.2537502488321,0.10434956591600861,0.03829028882390487,1.584265914568347,0.9078412234692748,0.3331255127679723,2.8252326508055945
919.0,15.316666666666666,0.23416666666664954,49.36398848813451,0.020909467360507666,0.011995572279413953,53.686299356264236,0.0046522230727525276,2009.3837397502612,0.10435450857175513,0.038489830237032265,1.582637584516825,0.9078842245742695,0.3348615230621807,2.8253833321532755
920.0,15.333333333333334,0.2333333333333162,49.36180414843622,0.020887921479903565,0.011996283152431354,53.40707848500354,0.00467750220606874,1999.5840580932927,0.10436000354430723,0.038691160017349166,1.5810067768139004,0.9079320308354728,0.3366130921509377,2.825551899800311
921.0,15.35,0.2324999999999829,49.35962937959151,0.02086634625696006,0.011997058292195521,53.128450147382054,0.004702989991672311,1989.8556526443324,0.10436605513755318,0.03889427458854816,1.5793737481893064,0.9079846796967126,0.338380188920369,2.825738616806388
922.0,15.366666666666667,0.23166666666664956,49.35746455939719,0.020844745101280357,0.011997898191759289,52.85044900101929,0.004728685690915656,1980.199458336322,0.10437266765311369,0.039099169959480096,1.5777387567159098,0.9080422085820891,0.3401627786474768,2.8259437439454755
923.0,15.383333333333333,0.23083333333331624,49.35531007043758,0.020823121440097365,0.011998803344060036,52.573109331300465,0.004754588503413039,1970.6163979035518,0.10437984539041258,0.039305841712327684,1.5761020618009691,0.9081046548965893,0.3419608228972508,2.8261675395948096
924.0,15.4,0.2299999999999829,49.35316630001852,0.020801478718162594,0.01199977424192765,52.296465048095975,0.004780697565372179,1961.107382125236,0.10438759264674907,0.039514284990633045,1.5744639241777263,0.9081720560267168,0.34377427941850747,2.826410259622951
925.0,15.416666666666666,0.2291666666666496,49.35103364009898,0.020779820397639745,0.012000811378092497,52.020549682727165,0.00480701194790457,1951.6733100777467,0.10439591371737211,0.03972449448718189,1.5728246058973518,0.9082444493411373,0.34560310203848243,2.8266721572769713
926.0,15.433333333333334,0.22833333333331626,49.34891248722043,0.020758149958002924,0.01200191524519362,51.74539638517748,0.004833530655315294,1942.3150693954537,0.10440481289555546,0.03993646443174682,1.571184370321241,0.9083218721913324,0.3474472405561973,2.826953483068771
927.0,15.45,0.22749999999998294,49.346803242433815,0.020736470895939822,0.012003086335787021,51.471037921549886,0.004860252623372525,1933.0335365401886,0.10441429447267511,0.04015018857869284,1.5695434821136849,0.9084043619122734,0.3493066406346277,2.8272544846605863
928.0,15.466666666666667,0.2266666666666496,49.34470631122423,0.020714786725259872,0.012004325142353937,51.19750667176918,0.004887176717557123,1923.8295770792743,0.10442436273828797,0.04036566019444828,1.5679022072349194,0.9084919558231053,0.3511812436917,2.827575406749725
929.0,15.483333333333333,0.2258333333333163,49.34262210343318,0.020693100976807544,0.01200563215730944,50.92483462752897,0.004914301731292792,1914.7040459721434,0.10443502198021136,0.04058287204484454,1.5662608129345625,0.9085846912278388,0.3530709867901474,2.827916490952549
930.0,15.5,0.22499999999998296,49.34055103317853,0.020671417198380976,0.012007007873010931,50.653053390482725,0.004941626384157271,1905.6577878654446,0.10444627648460536,0.04080181638232829,1.5646195677454557,0.9086826054160666,0.3549758025262561,2.8282779756877785
931.0,15.516666666666667,0.22416666666664964,49.338493518772005,0.020649738954656036,0.012008452781766873,50.38219417067806,0.004969149320075132,1896.6916373967317,0.10445813053605499,0.04102248493305034,1.562978741477915,0.9087857356636784,0.35689561891753796,2.828660096059131
932.0,15.533333333333333,0.22333333333331631,49.33644998263437,0.02062806982711598,0.012009967375845558,50.11228778523376,0.004996869105492518,1887.8064195066286,0.104470588417655,0.04124486888383519,1.561338605214408,0.9088941192335984,0.35883035928936613,2.8290630837373727
933.0,15.55,0.222499999999983,49.33442085120818,0.02060641341398688,0.012011552147483978,49.84336465725769,0.005024784227534743,1879.0029497595503,0.10448365441109528,0.04146895886903582,1.5596994313046666,0.9090077933765288,0.36077994216061166,2.8294871668418073
934.0,15.566666666666666,0.22166666666664966,49.33240655486811,0.020584773330178885,0.012013207588896851,49.575454815006026,0.005052893092147133,1870.2820346728954,0.10449733279674774,0.041694744957278755,1.5580614933612396,0.9091267953317053,0.36274428112832513,2.82993256982127
935.0,15.583333333333334,0.22083333333331634,49.33040752782893,0.020563153207233544,0.012014934192285614,49.30858789128125,0.005081194022219846,1861.644472054819,0.10451162785375481,0.04192221663810427,1.5564250662555066,0.9092511623276668,0.3647232847515071,2.8303995133346804
936.0,15.6,0.21999999999998301,49.32842420805105,0.02054155669327735,0.01201673244984766,49.04279312306887,0.0051096852556973705,1853.091051350494,0.10452654386011839,0.042151362808507335,1.5547904261141623,0.9093809315830299,0.3667168564340138,2.830888214131206
937.0,15.616666666666667,0.2191666666666497,49.326457037143605,0.020519987452981597,0.01201860285378552,48.778099351410496,0.005138364943673605,1844.6225539969694,0.10454208509279098,0.04238217175938493,1.5531578503161767,0.9095161403072815,0.3687248943066489,2.831398884930107
938.0,15.633333333333333,0.21833333333331637,49.324506460265226,0.020498449167528715,0.012020545896316263,48.51453502151356,0.0051672311484730424,1836.2397537865556,0.10455825582776695,0.04261463116189593,1.5515276174902481,0.9096568257015725,0.3707472911084945,2.8319317343003148
939.0,15.65,0.21749999999998304,49.3225729260223,0.02047694553458527,0.012022562069680826,48.25212818309425,0.005196281841719184,1827.9434172388928,0.10457506034017597,0.042848728053739765,1.5499000075127587,0.9098030249595308,0.3727839340675359,2.8324869665398253
940.0,15.666666666666666,0.21666666666664972,49.32065688636491,0.020455480268281725,0.012024651866153592,47.99090649095396,0.005225514902390943,1819.7343039815985,0.10459250290437633,0.04308444882536081,1.5482753015062434,0.909954775268074,0.374834704780639,2.8330647815549566
941.0,15.683333333333334,0.2158333333333164,49.31875879648027,0.020434057099199286,0.012026815778051904,47.730897205787215,0.005254928114867901,1811.6131671396686,0.1046105877940505,0.04332177920608543,1.5466537818383936,0.9101121138082392,0.37689947909294325,2.833665374739576
942.0,15.7,0.21499999999998307,49.316879114683864,0.02041267977436364,0.012029054297745714,47.47212719521817,0.005284519166965713,1803.580753733562,0.10462931928230075,0.04356070425019909,1.5450357321215835,0.9102750777560165,0.37897812697673205,2.834288936854332
943.0,15.716666666666667,0.21416666666664974,49.31501830230814,0.020391352057246195,0.012031367917667356,47.214622935067034,0.00531428564796225,1795.6378050861563,0.10464870164174613,0.0438012083229715,1.5434214372129642,0.9104437042831912,0.381070512409852,2.8349356539060078
944.0,15.733333333333333,0.21333333333331642,49.31317682358878,0.02037007772777259,0.012033757130321242,46.958410510841304,0.00534422504661609,1787.785057238533,0.10466873914462052,0.044043275086637725,1.541811183215107,0.9106180305581985,0.3831764932537482,2.8356057070270535
945.0,15.75,0.2124999999999831,49.3113551455487,0.020348860582338882,0.01203622242829379,46.70351561945243,0.0053743347491780405,1780.0232413747067,0.10468943606287107,0.044286887486344025,1.5402052574772296,0.9107980937469782,0.385295921131193,2.836299272355401
946.0,15.766666666666667,0.21166666666664977,49.30955373787958,0.020327704433835442,0.01203876430426333,46.4499635711559,0.005404612037397211,1772.3530842554505,0.10471079666825786,0.044532027736067126,1.5386039485970042,0.9109839310138433,0.38742864130378396,2.8370165209146316
947.0,15.783333333333333,0.21083333333331644,49.30777307282112,0.020306613111678827,0.012041383251010023,46.197779291711996,0.00543505408652282,1764.7753086611533,0.10473282523245442,0.044778677304516346,1.53700754642297,0.9111755795223534,0.38957449254929216,2.8377576184946154
948.0,15.8,0.20999999999998312,49.30601362503792,0.020285590461851622,0.01204407976142599,45.946987324765686,0.005465657963302842,1757.2906338440011,0.1047555260271482,0.045026816901028374,1.5354163420575488,0.9113730764361893,0.3917333070389468,2.838522725532685
949.0,15.816666666666666,0.2091666666666498,49.3042758714941,0.02026464034695074,0.01204685432852533,45.69761183444536,0.005496420623981328,1749.8997759894335,0.10477890332414316,0.04527642646146451,1.5338306278607012,0.9115764589200455,0.39390491021474117,2.8393119969954874
950.0,15.833333333333334,0.20833333333331647,49.30256029132557,0.020243766646243888,0.012049707445454296,45.449676608175565,0.005527338912295258,1742.603448687112,0.1048029613954615,0.04552748513412124,1.5322506974541996,0.9117857641405149,0.39608912066685475,2.840125582261569
951.0,15.85,0.20749999999998314,49.30086736571007,0.02022297325573484,0.012052639605501523,45.20320505970522,0.005558409557472931,1735.4023634114656,0.10482770451344686,0.04577997126566481,1.5306768457265698,0.9120010292669877,0.39828575001128386,2.840963625004841
952.0,15.866666666666667,0.20666666666664982,49.29919757773495,0.02020226408823739,0.01205565130210821,44.958220232346754,0.005589629172235111,1728.2972300119995,0.10485313695086837,0.046033862387101276,1.5291093688386879,0.9122222914725547,0.4004946027677811,2.8418262630790236
953.0,15.883333333333333,0.2058333333333165,49.29755141226275,0.020181643073458145,0.012058743028878447,44.71474480242626,0.005620994250800678,1721.2887572134714,0.10487926298102397,0.04628913519979378,1.5275485642300466,0.9124495879349085,0.40271547623820586,2.842713628403161
954.0,15.9,0.20499999999998317,49.29592935579456,0.02016111415808866,0.01206191527958956,44.4728010829407,0.0056525011668984645,1714.37765312618,0.10490608687784547,0.046545765561539304,1.5259947306257304,0.9126829558372556,0.4049481603853919,2.843625846848378
955.0,15.916666666666666,0.20416666666664984,49.29433189633129,0.02014068130590668,0.012065168548202441,44.23241102742293,0.0056841461717869295,1707.5646257664866,0.1049336129160036,0.046803728472717465,1.5244481680440762,0.9129224323692312,0.4071924377126419,2.8445630381259495
956.0,15.933333333333334,0.20333333333331652,49.29275952323277,0.02012034849788689,0.012068503328872002,43.99359623400998,0.005715925392283645,1700.8503835877582,0.10496184537101302,0.04706299806252451,1.5229091778050585,0.9131680547278133,0.4094480831439632,2.8455253156768348
957.0,15.95,0.2024999999999832,49.29121272707474,0.020100119732321373,0.012071920115957592,43.75637794971493,0.005747834828806193,1694.2356360219803,0.10499078851933832,0.047323547575306074,1.5213780625394044,0.9134198601182434,0.4117148639051628,2.8465127865628106
958.0,15.966666666666667,0.20166666666664987,49.28969199950394,0.020079999024949877,0.012075419404033469,43.52077707489876,0.0057798703534267595,1687.7210940322454,0.1050204466385,0.04758534935700262,1.5198551261984559,0.91367788575495,0.4139925394059228,2.847525551359329
959.0,15.983333333333333,0.20083333333331654,49.288197833091026,0.020059990409100108,0.01207900168789932,43.28681416794231,0.005812027707942082,1681.3074706763034,0.10505082400718044,0.04784837484172205,1.518340674064787,0.9139421688624697,0.4162808611229818,2.8485637040502385
960.0,16.0,0.19999999999998322,49.28673072118168,0.020040097935838205,0.012082667462590768,43.054509450114075,0.005844302501961057,1674.9954816815193,0.10508192490533054,0.048112594538454394,1.5168350127635934,0.9142127466763756,0.4185795724845532,2.8496273319245224
961.0,16.016666666666666,0.1991666666666499,49.28529115774574,0.020020325674129705,0.01208641722338992,42.82388281063508,0.005876690211012043,1668.785846031377,0.10511375361427612,0.04837797801794389,1.515338450274877,0.9144896564442022,0.42088840875611183,2.8507165154751912
962.0,16.033333333333335,0.19833333333331657,49.28387963722453,0.020000677711011015,0.012090251465835965,42.59495381193644,0.005909186174672088,1662.6792865639416,0.10514631441682448,0.04864449389973437,1.5138512959464234,0.914772935426373,0.423207096927689,2.8518313283004857
963.0,16.05,0.19749999999998324,49.28249665437639,0.01998115815177175,0.012094170685735725,42.36774169510952,0.005941785594720353,1656.6765305824583,0.1051796115973713,0.048912109839404104,1.5123738605076034,0.9150626208971302,0.4255353556028157,2.852971837007549
964.0,16.066666666666666,0.19666666666664992,49.28114270412044,0.019961771120148006,0.012098175379174273,42.14226538554629,0.005974483533318034,1650.7783104784844,0.10521364944200685,0.049180792516006995,1.5109064560840022,0.9153587501454595,0.42787289488926084,2.8541381011187226
965.0,16.083333333333332,0.1958333333333166,49.27981828137876,0.019942520758526882,0.012102266042525532,41.91854349876956,0.006007274911217388,1644.9853643678416,0.105248432238623,0.04945050761973719,1.5094493962128994,0.91566136047602,0.4302194162917135,2.8553301729806333
966.0,16.1,0.19499999999998327,49.27852388091687,0.019923411228162418,0.012106443172462898,41.69659434644956,0.00604015450600196,1639.2984367397478,0.1052839642770192,0.049721219839834956,1.508002995859613,0.9159704892100671,0.4325746126065641,2.856548097676244
967.0,16.116666666666667,0.19416666666664995,49.27725999718279,0.01990444670940301,0.012110707265969843,41.4764359426077,0.006073116950360985,1633.7182791195073,0.10532024984900902,0.04999289285275179,1.5065675714347135,0.9162861736863784,0.4349381678189405,2.857791912940032
968.0,16.133333333333333,0.19333333333331662,49.27602712414453,0.019885631401930837,0.012115058820350586,41.25808601000407,0.006106156730400381,1628.245650745127,0.10535729324852594,0.050265489310593436,1.5051434408121447,0.9166084512621756,0.43730975700216285,2.859061649076483
969.0,16.15,0.1924999999999833,49.27482575512629,0.01986696952501319,0.012119498333240651,41.0415619867095,0.006139268183992907,1622.8813192582804,0.10539509877172944,0.05053897082985993,1.503730923348248,0.9169373593140461,0.4396890462197814,2.8603573288820754
970.0,16.166666666666668,0.19166666666664997,49.27365638264333,0.019848465317766042,0.0121240263026175,40.826881032858864,0.006172445499170618,1617.6260614100572,0.10543367071711002,0.05081329798050203,1.5023303399017114,0.9172729352388571,0.4420756924303676,2.861678967570936
971.0,16.183333333333334,0.19083333333331665,49.27251949823564,0.01983012303943025,0.01212864322681119,40.61406003758633,0.006205682712562033,1612.4806637819268,0.1054730133855942,0.05108843027531414,1.5009420128544753,0.9176152164546695,0.444469343395233,2.8630265727043778
972.0,16.2,0.18999999999998332,49.27141559230044,0.01981194696966021,0.012133349604514908,40.403115626140405,0.006238973707877149,1607.4459235224003,0.10551313108064946,0.05136432615968408,1.499566266133581,0.9179642404016501,0.44686963758925147,2.8644001441244824
973.0,16.216666666666665,0.18916666666665,49.27034515392374,0.019793941408825597,0.012138145934795577,40.194064167178325,0.0062723122144433645,1602.5226490999005,0.10555402810838795,0.051640943001720487,1.498203425234009,0.918320044542975,0.4492762041149682,2.8657996738919524
974.0,16.233333333333334,0.18833333333331667,49.26930867071088,0.019776110678326315,0.012143032717104414,39.98692178023891,0.00630569180579497,1597.7116610723547,0.10559570877766994,0.05191823708277925,1.4968538172425185,0.9186826663657284,0.4516886626201794,2.8672251462284266
975.0,16.25,0.18749999999998335,49.26830662861628,0.019758459120920606,0.012148010451287496,39.781704343393464,0.00633910589831985,1593.0137928740367,0.10563817740020687,0.05219616358841052,1.4955177708624803,0.9190521433817996,0.4541066232191715,2.8686765374634513
976.0,16.266666666666666,0.18666666666665002,49.26733951177249,0.019740991101067012,0.012153079637596258,39.57842750107317,0.0063725477499660425,1588.4298916202983,0.10568143829066341,0.052474676599748644,1.4941956164397618,0.9194285131287716,0.45652968641781316,2.8701538159863462
977.0,16.283333333333335,0.1858333333333167,49.266407802318575,0.019723711005280087,0.012158240776698005,39.377106672074376,0.006406010459011733,1583.960818930689,0.1057254957667591,0.05275372908536731,1.4928876859896494,0.9198118131708041,0.45895744304269553,2.871656942203149
978.0,16.3,0.18499999999998337,49.26551198022802,0.019706623242500332,0.012163494369686346,39.1777570577387,0.006439486962901917,1579.6074517712082,0.10577035414936885,0.05303327289362292,1.4915943132248497,0.9202020810995089,0.46138947417451937,2.873185868498878
979.0,16.316666666666666,0.18416666666665005,49.26465252313628,0.019689732244478345,0.012168840918091655,38.9803936503114,0.0064729700371550175,1575.3706833162798,0.10581601776262266,0.05331325874550954,1.4903158335845657,0.920599354534817,0.4638253510859329,2.874740539205315
980.0,16.333333333333332,0.18333333333331672,49.263829906168034,0.019673042466173747,0.012174280923891442,38.785031241473725,0.006506452294342954,1571.2514238311462,0.10586249093400477,0.053593636228049094,1.4890525842646907,0.9210036711258414,0.46626463518402705,2.8763208905745588
981.0,16.35,0.1824999999999834,49.263044601764356,0.019656558386168952,0.012179814889520725,38.59168443105378,0.006539926183148137,1567.2506015754582,0.10590977799445137,0.053874353788240716,1.4878049042491277,0.9214150685517268,0.46870687795769417,2.8779268507585485
982.0,16.366666666666667,0.18166666666665007,49.26229707950984,0.01964028450709806,0.01218544331788231,38.40036763591191,0.006573383987500966,1563.3691637287473,0.10595788327844771,0.05415535872759377,1.4865731343422517,0.921833584522495,0.47115162093006574,2.8795583397948126
983.0,16.383333333333333,0.18083333333331675,49.26158780595992,0.019624225356091266,0.012191166712357093,38.211095099004645,0.006606817825801313,1559.6080773386343,0.10600681112412363,0.0544365971972692,1.4853576172025476,0.9222592567798755,0.47359839561624195,2.8812152695986653
984.0,16.4,0.17999999999998342,49.260917244468445,0.01960838548523484,0.012196985576814225,38.02388089862527,0.0066402196502278995,1555.9683302925794,0.10605656587334851,0.05471801419385408,1.4841586973774248,0.922692123098132,0.4760467234865305,2.882897543962087
985.0,16.416666666666668,0.1791666666666501,49.26028585501569,0.01959276947204727,0.0122029004156213,37.8387389578231,0.006673581246138961,1552.4509323140376,0.10610715187182439,0.05499955355579492,1.4829767213392575,0.923132221284872,0.47849611593541574,2.8846050585595453
986.0,16.433333333333334,0.17833333333331677,49.259694094036966,0.019577381919971524,0.012208911733654439,37.65568305400181,0.006706894231568218,1549.0569159839401,0.10615857346917827,0.05528115796051497,1.4818120375226442,0.9235795891818509,0.4809460742564802,2.8863377009609756
987.0,16.45,0.17749999999998345,49.259142414252004,0.01956222745888401,0.012215020036308354,37.4747268286985,0.006740150056819874,1545.7873377884434,0.10621083501905287,0.055562768922241566,1.4806649963629304,0.9240342646657599,0.4833960896235016,2.8880953506521916
988.0,16.466666666666665,0.17666666666665012,49.25863126449516,0.01954731074562029,0.012221225829506256,37.29588379754404,0.0067733400041664225,1542.6432791939496,0.10626394087919618,0.055844326790569415,1.4795359503359995,0.9244962856490067,0.48584564307795386,2.88987787906296
989.0,16.483333333333334,0.1758333333333168,49.25816108954679,0.01953263646451812,0.012227529619709857,37.11916736040713,0.006806455187653261,1539.6258477504202,0.10631789541154871,0.05612577074978602,1.4784252539993763,0.9249656900804737,0.48829420552313835,2.891685149602988
990.0,16.5,0.17499999999998347,49.25773232996584,0.019518209327977844,0.012233931913929115,36.94459081172282,0.006839486553014076,1536.7361782240655,0.10637270298233077,0.05640703881898573,1.4773332640346428,0.9254425159462777,0.49074123772517586,2.8935170177060963
991.0,16.516666666666666,0.17416666666665015,49.257345421923844,0.019504034077040683,0.012240433219732052,36.772167351008534,0.006872424877700686,1533.9754337605698,0.10642836796212639,0.05668806785299886,1.476260339291209,0.9259268012704995,0.49318619032109007,2.8953733308827987
992.0,16.533333333333335,0.17333333333331682,49.257000797040554,0.019490115481985107,0.012247034045254398,36.601910093569046,0.006905260771031838,1531.3448070800096,0.1064848947259668,0.05696879354416248,1.4752068408314525,0.926418584115911,0.4956285038342136,2.897253928781577
993.0,16.55,0.1724999999999835,49.25669888222137,0.019476458342941778,0.01225373489920919,36.43383208139278,0.006937984674464472,1528.8455217046996,0.1065422876534115,0.05724915042495976,1.4741731319772629,0.92691790258468,0.4980676086971499,2.8991586432590926
994.0,16.566666666666666,0.17166666666665018,49.256440099496764,0.019463067490527196,0.012260536290896304,36.2679462942428,0.006970586861991821,1526.4788332212781,0.10660055112862772,0.05752907187155446,1.4731595783580032,0.9274247948190611,0.5005029252825238,2.901087298459588
995.0,16.583333333333332,0.17083333333331685,49.25622486586388,0.01944994778649653,0.012267438730211862,36.104265660944556,0.007003057440672307,1524.246030578358,0.10665968954046806,0.05780849010824745,1.472166547959922,0.9279392990020721,0.5029338639417528,2.9030397109037467
996.0,16.6,0.16999999999998353,49.256053593130545,0.01943710412441606,0.01227444272765755,35.942803070874504,0.007035386351293351,1522.1484374211839,0.10671970728254603,0.05808733621288203,1.4711944111770514,0.9284614533581503,0.5053598250520736,2.9050156895872754
997.0,16.616666666666667,0.1691666666666502,49.255926687761914,0.01942454143035537,0.012281548794349841,35.78357138565186,0.007067563369174095,1520.1874134647262,0.10678060875330947,0.058365540123224716,1.4702435408635977,0.9289912961537923,0.507780199072055,2.9070150360894447
998.0,16.633333333333333,0.16833333333331688,49.25584455072987,0.01941226466359991,0.012288757442029155,35.626583451038705,0.0070995781051113056,1518.3643559067768,0.10684239835611195,0.05864303064434819,1.469314312387877,0.929528865698174,0.5101943666058292,2.90903754469188
999.0,16.65,0.16749999999998355,49.255807577365516,0.019400278817384122,0.012296069183068836,35.47185210905106,0.007131420006472344,1516.6807008826593,0.10690508049928213,0.058919735457042814,1.468407103687804,0.9300742003437544,0.5126016984762725,2.911083002507831
1000.0,16.666666666666668,0.16666666666665023,49.25581615721494,0.019388588919645622,0.012303484530484087,35.3193902102862,0.007163078358439448,1515.1379249632105,0.10696865959619042,0.059195581127283056,1.4675222953279767,0.9306273384868566,0.5150015558073625,2.913151189622196
1001.0,16.683333333333334,0.1658333333333169,49.255870673898414,0.019377200033800845,0.01231100399794077,35.16921062647059,0.007194542285409368,1513.7375466977976,0.10703314006531367,0.05947049311677494,1.4666602705583855,0.9311883185682288,0.5173932901159419,2.915241879242556
1002.0,16.7,0.16499999999998358,49.25597150497341,0.019366117259542417,0.012318628099764053,35.02132626323314,0.007225800752552344,1512.481128204185,0.10709852633029715,0.05974439579461034,1.4658214153747653,0.9317571790735851,0.5197762434131099,2.91735483786146
1003.0,16.716666666666665,0.16416666666665025,49.25611902180151,0.01935534573365897,0.012326357350947025,34.87575007310973,0.007256842567534569,1511.3702768072058,0.10716482282001408,0.06001721245005359,1.465006118580647,0.9323339585341224,0.5221497483154662,2.9194898254302357
1004.0,16.733333333333334,0.16333333333331693,49.2563135894196,0.019344890630877434,0.012334192267159061,34.73249506878381,0.007287656382408005,1510.4066467281916,0.10723203396862278,0.06028886530648566,1.4642147718511127,0.9329186955270181,0.5245131281664251,2.9216465955445563
1005.0,16.75,0.1624999999999836,49.25655556641547,0.019334757164728596,0.01234213336475419,34.59157433657011,0.007318230695671637,1509.5919408272555,0.10730016421562052,0.06055927553653054,1.463447769798307,0.9335114286758985,0.5268656971678156,2.9238248956420216
1006.0,16.766666666666666,0.16166666666665028,49.25684530480819,0.019324950588436227,0.012350181160779204,34.45300105014661,0.007348553854508072,1508.9279124006457,0.10736921800589536,0.06082836327838821,1.4627055100387378,0.9341121966512895,0.5292067605219773,2.9260244672120046
1007.0,16.783333333333335,0.16083333333331695,49.25718314993341,0.019315476195830166,0.012358336172981732,34.31678848454297,0.007378614057199213,1508.4163670353976,0.10743919978977423,0.06109604765339797,1.461988393262385,0.9347210381710357,0.5315356145845623,2.9282450460179827
1008.0,16.8,0.15999999999998363,49.25756944033399,0.019306339322283938,0.012366598919818101,34.182950030391396,0.007408399355725066,1508.0591645237027,0.1075101140230689,0.061362246784855266,1.461296823303671,0.9353379920006993,0.5338515470282408,2.930486362332611
1009.0,16.816666666666666,0.1591666666666503,49.25800450765605,0.019297545345677514,0.012374969920461117,34.0514992084481,0.007437897658549123,1507.8582208394694,0.10758196516711807,0.06162687781810477,1.4606312072143306,0.9359630969539271,0.5361538370175114,2.932748141185769
1010.0,16.833333333333332,0.15833333333331698,49.25848867655087,0.019289099687385288,0.01238344969480758,33.92244968439354,0.007467096733594254,1507.8155101796806,0.10765475768882705,0.06188985694193141,1.4599919553381921,0.9365963918927953,0.5384417553948032,2.935030102625791
1011.0,16.85,0.15749999999998365,49.25902226458286,0.019281007813290313,0.012392038763485812,33.79581528391948,0.00749598421141253,1507.9330670732672,0.10772849606070327,0.06215109941127078,1.4593794813879435,0.9372379157281183,0.5407145648780558,2.9373319619941176
1012.0,16.866666666666667,0.15666666666665033,49.25960558214384,0.019273275234824968,0.012400737647862868,33.671610008111855,0.007524547588552549,1508.2129885603383,0.10780318476088926,0.06241051957125911,1.4587942025239016,0.9378877074197365,0.5429715202699542,2.939653430213592
1013.0,16.883333333333333,0.155833333333317,49.26023893237398,0.01926590751003859,0.012409546870051654,33.54984804913961,0.0075527742311275615,1508.6574364447308,0.10787882827319174,0.06266803088264242,1.4582365394348205,0.9385458059767681,0.545211868678989,2.9419942140905775
1014.0,16.9,0.15499999999998368,49.26092261108966,0.01925891024469289,0.012418466952917925,33.430543806258086,0.0075806513785878086,1509.2686396230315,0.10795543108710662,0.06292354594856349,1.4577069164208047,0.9392122504578275,0.5474348497525023,2.9443540166311344
1015.0,16.916666666666668,0.15416666666665035,49.26165690671856,0.01925228909338545,0.012427498420086978,33.31371190213881,0.007608166147700162,1510.0488964932317,0.10803299769784155,0.06317697654274425,1.4572057614783445,0.9398870799712215,0.5496396959218749,2.9467325373714406
1016.0,16.933333333333334,0.15333333333331703,49.262442100242225,0.01924604976070196,0.012436641795950295,33.199367199535544,0.007635305536738038,1511.0005774465153,0.10811153260633313,0.06342823363908007,1.456733506387531,0.9405703336750981,0.5518256326599965,2.9491294727226256
1017.0,16.95,0.1524999999999837,49.26327846514653,0.01924019800239785,0.012445897605671928,33.08752481829883,0.007662056429884654,1512.1261274456633,0.10819104031926119,0.06367722744266165,1.4562905868014928,0.9412620507775723,0.5539918787511563,2.9515445163302214
1018.0,16.966666666666665,0.15166666666665038,49.26416626738014,0.019234739626609876,0.012455266375194776,32.9782001527508,0.007688405601852234,1513.4280686938255,0.10827152534905841,0.06392386742223857,1.4558774423381011,0.9419622705368081,0.5561376465734755,2.953977359448385
1019.0,16.983333333333334,0.15083333333331705,49.265105765321536,0.019229680495098236,0.01246474863124652,32.871408889433276,0.007714339722719798,1514.9090033975144,0.10835299221391652,0.06416806234413773,1.4554945166739852,0.9426710322610736,0.5582621423939982,2.956427691329057
1020.0,17.0,0.14999999999998373,49.266097209754655,0.019225026524520007,0.012474344901345547,32.76716702524178,0.007739845362991984,1516.571616627976,0.10843544543778658,0.06440972030764819,1.455142257640919,0.9433883753087431,0.5603645666765392,2.9588951996262014
1021.0,17.016666666666666,0.1491666666666504,49.26714084385367,0.01922078368773441,0.01248405571380657,32.66549088596061,0.007764908998881168,1518.4186792850762,0.10851888955037654,0.06464874878188304,1.454821117324617,0.9441143390882758,0.5624441144023824,2.9613795708152755
1022.0,17.033333333333335,0.14833333333331708,49.26823690317706,0.01921695801514064,0.012493881597746004,32.566397145212306,0.007789517017814902,1520.4530511682703,0.10860332908714318,0.064885054644127,1.454531552165995,0.9448489630581456,0.5644999754039048,2.9638804906280454
1023.0,17.05,0.14749999999998376,49.26938561567143,0.01921355559604897,0.01250382308308725,32.469902843838184,0.007813655724170568,1522.6776841592464,0.10868876858927902,0.06511854421967718,1.4542740230649462,0.9455922867267273,0.5665313347111914,2.966397644502865
1024.0,17.066666666666666,0.14666666666665043,49.27058720168526,0.019210582580085848,0.01251388070056565,32.37602540972484,0.007837311345238879,1525.0956255211888,0.10877521260369521,0.06534912332318278,1.4540489954866975,0.9463443496521483,0.5685373729116902,2.9689307180505358
1025.0,17.083333333333332,0.1458333333333171,49.271841873993,0.019208045178633712,0.01252405498173331,32.2847826780944,0.007860470037417742,1527.7100213197396,0.10886266568299824,0.06557669730148788,1.4538569395707854,0.9471051914420846,0.5705172665229445,2.9714793975358145
1026.0,17.1,0.14499999999998378,49.27314983782981,0.019205949666306187,0.012534346458963619,32.196192912275556,0.007883117892637542,1530.5241199710258,0.1089511323854624,0.06580117107797977,1.4536983302427149,0.9478748517535228,0.5724701883784239,2.9740433703746616
1027.0,17.116666666666667,0.14416666666665046,49.27451129093726,0.01920430238245965,0.0125447556654556,32.11027482497423,0.007905240945019027,1533.5412759223655,0.10904061727499585,0.06602244919844319,1.4535736473283707,0.9486533702924639,0.5743953080264557,2.9766223256472903
1028.0,17.133333333333333,0.14333333333331713,49.275926423620255,0.01920310973274177,0.012555283135238004,32.02704760006297,0.00792682517776431,1536.7649534715656,0.10913112492110179,0.06624043587841957,1.4534833756712242,0.9494407868135855,0.5762917921422502,2.97921595462706
1029.0,17.15,0.1424999999999838,49.277395418815644,0.01920237819067788,0.012565929403173113,31.946530914909186,0.007947856530281527,1540.1987307309005,0.10922265989883341,0.06645503505206768,1.4534280052524082,0.9502371411198506,0.5781588049529888,2.981823951325248
1030.0,17.166666666666668,0.14166666666665048,49.2789184521727,0.019202114299296084,0.012576695004960408,31.868744963264028,0.00796832090554343,1543.8463037423096,0.10931522678874267,0.0666661504225207,1.4534080313137203,0.9510424730620611,0.5799955086759301,2.9844460130517114
1031.0,17.183333333333334,0.14083333333331716,49.28049569214583,0.01920232467279195,0.012587580477139879,31.793710478732866,0.007988204177679547,1547.711490750538,0.10940883017682346,0.06687368551373238,1.4534239544836225,0.951856822538364,0.5818010639694716,2.987081840991458
1032.0,17.2,0.13999999999998383,49.282127300099916,0.01920301599823357,0.012598586357095138,31.721448758851693,0.008007492199801815,1551.7982366413023,0.10950347465444787,0.06707754372380272,1.4534762809062984,0.9526802294936965,0.5835746303970836,2.9897311407970784
1033.0,17.216666666666665,0.1391666666666505,49.283813430428474,0.019204195037308122,0.01260971318305622,31.651981689792798,0.008026170812062779,1556.1106175519722,0.1095991648182959,0.06727762837977165,1.4535655223738515,0.9535127339191742,0.5853153669040133,2.992393623197039
1034.0,17.233333333333334,0.13833333333331718,49.285554230685044,0.01920586862811059,0.012620961494102176,31.585331771725176,0.008044225849945345,1560.6528456625274,0.10969590527027817,0.06747384279386678,1.4536921964616902,0.95435437585142,0.587022432306641,2.9950690046197512
1035.0,17.25,0.13749999999998386,49.2873498417281,0.019208043686975877,0.012632331830163377,31.52152214485654,0.008061643152782856,1565.4292741749723,0.10979370061745192,0.06766609032118878,1.4538568266672038,0.9552051953718316,0.5886949857943423,2.997757007833378
1036.0,17.266666666666666,0.13666666666665053,49.28920039787979,0.019210727210355112,0.012643824732023483,31.460576616183754,0.008078408572507646,1570.4444024898248,0.10989255547192943,0.06785427441881596,1.4540599425517782,0.9560652326057859,0.5903321874436988,3.0004573626012627
1037.0,17.283333333333335,0.1358333333333172,49.291106027098806,0.019213926276737275,0.012655440741321201,31.402519686981005,0.008094507982626096,1575.702881588643,0.10999247445077852,0.06803829870630676,1.454302079886244,0.956934527721773,0.5919331987448687,3.0031698063528856
1038.0,17.3,0.13499999999998388,49.293066851167715,0.019217648048617177,0.012667180400551727,31.347376581056118,0.008109927287417846,1581.2095196320968,0.11009346217591588,0.06821806702757653,1.4545837807998339,0.9578131209304681,0.5934971831399157,3.005894084870218
1039.0,17.316666666666666,0.13416666666665056,49.29508298589505,0.019221899774510796,0.012679044253067857,31.295173273805734,0.008124652431356277,1586.9692877834384,0.11019552327399165,0.06839348351412242,1.4549055939327218,0.9587010524837273,0.595023306572865,3.008629952989314
1040.0,17.333333333333332,0.13333333333331723,49.297154541332425,0.019226688791019266,0.012691032843080851,31.245936522103165,0.008138669408747143,1592.9873262678298,0.1102986623762657,0.06856445264956754,1.455268074592248,0.9595983626735115,0.5965107380512376,3.011377175316997
1041.0,17.35,0.1324999999999839,49.29928162200703,0.019232022524942417,0.012703146715660958,31.199693895052675,0.008151964273581882,1599.26895067848,0.11040288411847546,0.06873087933549284,1.4556717849128913,0.9605050918307364,0.5979586502187876,3.014135526962415
1042.0,17.366666666666667,0.13166666666665058,49.30146432716973,0.019237908495443226,0.012715386416737633,31.156473805646478,0.008164523149601553,1605.819658541007,0.11050819314069431,0.06889266895852246,1.4561172940200975,0.9614212803240404,0.5993662199391454,3.0169047942832834
1043.0,17.383333333333333,0.13083333333331726,49.30370275105913,0.01924435431626436,0.012727752493099456,31.11630554336189,0.008176332240567128,1612.6451361481659,0.11061459408718093,0.06904972745862559,1.4566051781980491,0.962346968558474,0.6007326288900425,3.019684775646566
1044.0,17.4,0.12999999999998393,49.305996983181785,0.019251367697997988,0.01274024549239365,31.079219307738086,0.008187377840731296,1619.7512656775648,0.11072209160621894,0.06920196139859497,1.4571360210614674,0.9632821969741048,0.6020570641677762,3.0224752822033487
1045.0,17.416666666666668,0.1291666666666506,49.30834710860893,0.019258956450410196,0.012752865963125408,31.04524624297335,0.008197646345506711,1627.1441326057106,0.11083069034994596,0.06934927803465941,1.4577104137315473,0.9642270060445297,0.6033387189015369,3.0252761386776137
1046.0,17.433333333333334,0.12833333333331728,49.31075320828992,0.01926712848482133,0.012765614454656722,31.014418473585643,0.008207124262324833,1634.830033432367,0.1109403949741732,0.06949158538818487,1.4583289550161262,0.9651814362753067,0.6045767928772083,3.0280871841686414
1047.0,17.45,0.12749999999998396,49.31321535938267,0.01927589181654362,0.012778491517204976,30.98676914118156,0.008215798221679595,1642.8154837299558,0.11105121013819336,0.06962879231841534,1.4589922515941864,0.9661455282022822,0.6057704931702135,3.0309082729666823
1048.0,17.466666666666665,0.12666666666665063,49.31573363560135,0.01928525456737743,0.012791497701841133,30.962332442380504,0.00822365498834908,1651.107226533447,0.11116314050457778,0.0697608085962027,1.4597009182047975,0.9671193223898266,0.6069190347869635,3.0337392753815875
1049.0,17.483333333333334,0.1258333333333173,49.31830810758156,0.019295224968167685,0.012804633560487652,30.941143667942733,0.008230681472788453,1659.7122410870386,0.11127619073896175,0.0698875449786707,1.4604555778406116,0.9681028594289671,0.608021641314435,3.036580078584014
1050.0,17.5,0.12499999999998397,49.32093884326321,0.019305811361421815,0.012817899645915875,30.923239243153002,0.008236864742686633,1668.6377519647024,0.11139036550981861,0.07000891328475602,1.461256861946017,0.9690961799354219,0.6090775455773773,3.039430587458816
1051.0,17.516666666666666,0.12416666666665063,49.32362590829137,0.019317022203990876,0.012831296511743239,30.908656769513033,0.008242192034678816,1677.8912385826247,0.11150566948821969,0.07012482647156626,1.462105410620069,0.9700993245475112,0.6100859903026264,3.0422907254702065
1052.0,17.533333333333335,0.1233333333333173,49.326369366435266,0.01932886606981537,0.012844824712429983,30.897435067798853,0.008246650766206506,1687.480445122478,0.11162210734758321,0.07023519871149145,1.463001872824325,0.9711123339239739,0.6110462287899755,3.0451604355382744
1053.0,17.55,0.12249999999998396,49.329169280025624,0.01934135165273726,0.012858484803275477,30.889614222541468,0.008250228547516215,1697.4133908854446,0.11173968376340863,0.07033994547000287,1.463946906595683,0.972135248741655,0.6119575255890249,3.048039680926363
1054.0,17.566666666666666,0.12166666666665062,49.33202571041058,0.019354487769380122,0.012872277340414262,30.885235627992525,0.008252913193787542,1707.6983810980096,0.11185840341299697,0.07043898358407019,1.4649411792643812,0.9731681096930735,0.6128191571814107,3.0509284461388653
1055.0,17.583333333333332,0.12083333333331728,49.33493871843035,0.019368283362098816,0.012886202880811564,30.884342035638333,0.008254692737380774,1718.344018191596,0.11197827097515764,0.07053223134112452,1.4659853676772592,0.9742109574838714,0.6136304126677833,3.053826737828914
1056.0,17.6,0.11999999999998394,49.33790836491073,0.019382747502000742,0.01290026198225849,30.88697760332973,0.008255555440193902,1729.3592135793199,0.11209929112989926,0.07061960855849261,1.467080158426436,0.9752638328301235,0.6143905944588857,3.0567345857154455
1057.0,17.616666666666667,0.1191666666666506,49.340934711175755,0.01939788939204027,0.01291445520336679,30.893187946097864,0.008255489806118137,1740.7531999543744,0.11222146855810554,0.07070103666322398,1.4682262480835278,0.9763267764555181,0.6150990189700486,3.0596520435090944
1058.0,17.633333333333333,0.11833333333331726,49.34401781957949,0.019413718370188363,0.01292878310356321,30.90302018872886,0.008254484593580792,1752.5355441358856,0.11234480794119485,0.0707764387722303,1.4694243434395569,0.9773998290883951,0.6157550173184037,3.0625791898463555
1059.0,17.65,0.11749999999998392,49.3471577540572,0.01943024391267928,0.012943246243083356,30.916523020174537,0.008252528828163868,1764.7161604894284,0.11246931396076307,0.07084573977265317,1.4706751617506943,0.9784830314586386,0.6163579360220826,3.0655161292314155
1060.0,17.666666666666668,0.11666666666665058,49.35035458069597,0.01944747563733628,0.01295784518296528,30.93374674987911,0.008249611815286035,1777.3053249508994,0.11259499129820867,0.07090886640237395,1.4719794309899827,0.9795764242944154,0.6169071377006533,3.0684629929850513
1061.0,17.683333333333334,0.11583333333331725,49.35360836832489,0.019465423306978504,0.012972580485042429,30.95474336610629,0.008245723152935596,1790.313689683983,0.11272184463434076,0.07096574733057653,1.4733378901052026,0.9806800483187645,0.6174020017760158,3.0714199401999833
1062.0,17.7,0.1149999999999839,49.356919189124916,0.019484096832911055,0.012987452711936312,30.979566596354367,0.008240852744441017,1803.7522984030945,0.11284987864896705,0.07101631323827082,1.4747512892830374,0.9817939442460132,0.6178419251729561,3.074387158702007
1063.0,17.716666666666665,0.11416666666665057,49.36028711925841,0.019503506278500407,0.013002462427048599,31.008271969951846,0.008234990811265738,1817.6326023954432,0.11297909802046344,0.07106049689868284,1.4762203902196955,0.9829181527780319,0.6182263230185406,3.0773648660162682
1064.0,17.733333333333334,0.11333333333331723,49.36371223951853,0.01952366186283753,0.01301761019455288,31.04091688292976,0.008228127905813048,1831.9664772776496,0.11310950742532276,0.07109823325741424,1.4777459663981722,0.984052714600308,0.6185546293395038,3.080353310337984
1065.0,17.75,0.11249999999998389,49.36719463599843,0.019544573964490965,0.013032896579385823,31.077560665271896,0.008220254924226627,1846.7662405244016,0.11324111153768315,0.07112945951227181,1.4793288033723209,0.9851976703778433,0.6188262977567648,3.083352771506929
1066.0,17.766666666666666,0.11166666666665055,49.370734400780364,0.019566253125352116,0.013048322147237916,31.118264650648616,0.00821136311917183,1862.0446698086075,0.11337391502883415,0.07115411519266518,1.4809696990579013,0.986353060750857,0.619040802176187,3.086363561984945
1067.0,17.783333333333335,0.11083333333331721,49.37433163264461,0.01958871005457539,0.013063887464543789,31.16309224874545,0.008201444112582352,1877.8150221947767,0.11350792256670009,0.07117214223846878,1.4826694640308111,0.9875189263302907,0.6191976374746784,3.08938602783578
1068.0,17.8,0.10999999999998387,49.377986437798356,0.01961195563261566,0.013079593098471898,31.212109020302243,0.008190489908356444,1894.0910542296233,0.11364313881530087,0.07118348507824178,1.4844289218326792,0.9886953076931175,0.6192963201807035,3.0924205497065005
1069.0,17.816666666666666,0.10916666666665054,49.381698930624374,0.019636000915365544,0.013095439616913885,31.2653827549849,0.00817849290498673,1910.8870429764204,0.11377956843418724,0.07118809070669783,1.4862489092840176,0.9898822453774289,0.6193363891482712,3.0954675438097174
1070.0,17.833333333333332,0.1083333333333172,49.385469234449594,0.01966085713839534,0.013111427588473239,31.32298355221735,0.008165445908106764,1928.217808042222,0.11391721607785191,0.07118590876131471,1.488130276805143,0.9910797798773116,0.6193174062234379,3.098527462905892
1071.0,17.85,0.10749999999998386,49.38929748233342,0.0196865357212983,0.013127557582453637,31.38498390510727,0.008151342142937631,1946.09873464978,0.11405608639511315,0.07117689159797178,1.490073888745068,0.9922879516374843,0.6192389569023544,3.1016007972849065
1072.0,17.866666666666667,0.10666666666665052,49.39318381787575,0.01971304827214412,0.01314383016884661,31.451458787606303,0.008136175266617163,1964.5457978090913,0.11419618402847245,0.07116099436550201,1.4920806237185882,0.9935068010477103,0.6191006509798674,3.1046880757461657
1073.0,17.883333333333333,0.10583333333331718,49.397128396044664,0.019740406592043555,0.013160245918318735,31.52248574505121,0.008119939380394198,1983.5755876464632,0.11433751361344281,0.07113817507904371,1.4941513749517763,0.9947363684369523,0.6189021231876802,3.1077898665764088
1074.0,17.9,0.10499999999998384,49.40113138402358,0.01976862267982725,0.013176805402198313,31.598144988241188,0.008102629041669803,2003.205335952404,0.11448007977784794,0.07110839469207561,1.496287050636124,0.995976694067277,0.6186430338210578,3.110906778524459
1075.0,17.916666666666668,0.1041666666666505,49.405192962077834,0.019797708736841894,0.013193509192461443,31.67851949121223,0.008084239275867397,2023.4529440131798,0.11462388714109123,0.07107161716701808,1.4984885742915626,0.9972278181274936,0.6183230693530573,3.1140394617721134
1076.0,17.933333333333334,0.10333333333331716,49.40931332444056,0.019827677171866863,0.013210357861717597,31.763695092879264,0.008064765588112977,2044.337011794522,0.11476894031339249,0.07102780954428227,1.5007568851386026,0.9984897807265146,0.6179419430352557,3.117188608900373
1077.0,17.95,0.10249999999998383,49.413492680217615,0.0198585406061548,0.013227351983194597,31.853760602723643,0.008044203974706841,2065.8768685500677,0.1149152438949922,0.07097694200964802,1.5030929384798566,0.9997626218864321,0.6174993954839377,3.1203549558502264
1078.0,17.966666666666665,0.10166666666665049,49.417731254311484,0.019890311878599444,0.013244492130722948,31.948807910713676,0.008022550934367649,2088.092604931289,0.11506280247532139,0.070918987959851,1.5054977060911916,1.001046381535296,0.6169951952507036,3.123539282877191
1079.0,17.983333333333334,0.10083333333331715,49.42202928836392,0.01992300405103435,0.013261778878719797,32.04893210165413,0.007999803479229548,2111.0051066800984,0.11521162063213526,0.07085392406625904,1.5079721766227898,1.0023410994995767,0.6164291393764536,3.1267424154988204
1080.0,18.0,0.09999999999998381,49.42638704171715,0.01995663041366601,0.01327921280217204,32.1542315741714,0.007975959145573096,2134.6360899902015,0.11536170293061175,0.07078173033651759,1.51051735601038,1.003646815496322,0.615801053927703,3.1299652254344053
1081.0,18.016666666666666,0.09916666666665047,49.43080479239333,0.019991204490645367,0.013296794476619023,32.26480816455057,0.007951016004270145,2159.0081386282604,0.11551305392240971,0.07070239017404409,1.5131342678969475,1.0049635691249643,0.6151107945141835,3.133208631536095
1082.0,18.033333333333335,0.09833333333331713,49.4352828380922,0.020026740045781356,0.01331452447813454,32.38076727565232,0.007924972670923148,2184.1447429113737,0.11566567814468855,0.07061589043525146,1.5158239540651905,1.0062913998587903,0.6143582467866876,3.136473600710669
1083.0,18.05,0.0974999999999838,49.43982149720641,0.02006325108840067,0.013332403383308235,32.50221801114853,0.00789782831567911,2210.0703406430744,0.11581958011908618,0.07052222148438142,1.5185874748810464,1.0076303470360497,0.6135433269141183,3.1397611488312145
1084.0,18.066666666666666,0.09666666666665046,49.44442110985455,0.020100751879357785,0.0133504317692264,32.62927331532777,0.007869582672698104,2236.810360116222,0.11597476435065401,0.07042137724582892,1.5214259097485905,1.0089804498506898,0.6126659820387116,3.1430723416379918
1085.0,18.083333333333332,0.09583333333331712,49.44908203893134,0.020139256937199576,0.013368610213452085,32.76205011873505,0.007840236049256705,2264.391265297614,0.11613123532674752,0.07031335525384022,1.5243403575766357,1.0103417473427032,0.6117261907084098,3.146408295627749
1086.0,18.1,0.09499999999998378,49.4538046711748,0.02017878104448887,0.013386939294004608,32.90066948992296,0.007809789334466297,2292.8406033160695,0.11628899751587018,0.07019815669946802,1.5273319372573624,1.0117142783880706,0.6107239632853717,3.1497701789308046
1087.0,18.116666666666667,0.09416666666665044,49.45858941825013,0.020219339254291546,0.013405419589338392,33.04525679360667,0.0077782440075865105,2322.187054383184,0.11644805536646961,0.07007578647466887,1.5304017881573266,1.0130980816882855,0.6096593423296192,3.153159212175231
1088.0,18.133333333333333,0.0933333333333171,49.4634367178498,0.020260946896831836,0.013424051678321128,33.19594185552927,0.007745602145913937,2352.4604842836866,0.11660841330568363,0.06994625321342955,1.5335510706212014,1.0144931957594474,0.6085324029568371,3.156576669337486
1089.0,18.15,0.09249999999998376,49.4683470348097,0.020303619586320654,0.01344283614021129,33.3528591343607,0.007711866432226545,2383.6919995807857,0.11677007573803408,0.06980956932981125,1.5367809664886098,1.0158996589208964,0.6073432531693578,3.1600238785788637
1090.0,18.166666666666668,0.09166666666665042,49.473320862240854,0.020347373227962023,0.013461773554634933,33.51614790096969,0.007677040161764338,2415.914005690806,0.11693304704406729,0.06966575105280264,1.5400926796244452,1.0173175092833853,0.6060920341593828,3.1635022230672134
1091.0,18.183333333333334,0.09083333333331708,49.47835872267637,0.020392224025142718,0.013480864501561822,33.685952425426855,0.00764112724872688,2449.1602679908724,0.1170973315789378,0.0695148184578753,1.543487436463052,1.0187467847367588,0.604778920583515,3.1670131417833254
1092.0,18.2,0.08999999999998375,49.48346116923331,0.02043818848681041,0.013500109561280805,33.86242217211425,0.007604132232268724,2483.4659761335756,0.11726293367093417,0.06935679549513797,1.5469664865666797,1.0201875229371271,0.6034041208077003,3.170558130311507
1093.0,18.216666666666665,0.08916666666665041,49.488628786788944,0.020485283435045923,0.013519509314374607,34.045712003338664,0.007566060281973961,2518.8678117533655,0.1174298576199439,0.069191710013989,1.5505311031986255,1.0216397612935118,0.6019678771217042,3.1741387416138416
1094.0,18.233333333333334,0.08833333333331707,49.49386219317115,0.02053352601283518,0.013539064341693689,34.23598239186488,0.007526917202791422,2555.404019760901,0.11759810769585605,0.06901959378416975,1.5541825839114944,1.0231035369539476,0.6004704659222767,3.177756586787719
1095.0,18.25,0.08749999999998373,49.499162040362414,0.020582933692046796,0.013558775224329593,34.43339964280897,0.007486709439412511,2593.114483433958,0.11776768813689703,0.0688404825131255,1.5579222511510216,1.0245788867910042,0.5989121978641918,3.1814133358062175
1096.0,18.266666666666666,0.08666666666665039,49.50452901571714,0.02063352428162131,0.013578642543587373,34.63813612535385,0.007445444080074004,2632.040803526603,0.11793860314789988,0.0686544158595838,1.5617514528759167,1.0260658473867288,0.5972934179783791,3.1851107182410243
1097.0,18.283333333333335,0.08583333333331705,49.50996384319169,0.020685315935978353,0.013598666880957353,34.85037051477509,0.007403128859768565,2672.2263816323257,0.11811085689850126,0.06846143744326519,1.5656715631942013,1.027564455016961,0.5956145057564071,3.1888505239675693
1098.0,18.3,0.08499999999998371,49.515467284586904,0.02073832716364824,0.01361884881808613,35.07028804529094,0.007359772162846322,2713.716508051901,0.11828445352126551,0.06826159485064462,1.569683983016535,1.02907474563501,0.5938758752006081,3.192634603852153
1099.0,18.316666666666666,0.08416666666665037,49.5210401408025,0.020792576836134544,0.01363918893674672,35.298080774278034,0.007315383024991385,2756.558454432623,0.11845939710973188,0.06805493963668774,1.5737901407270232,1.0305967548546673,0.5920779748391832,3.196464870420874
1100.0,18.333333333333332,0.08333333333331704,49.526683253103045,0.020848084197014775,0.013659687818808008,35.53394785842413,0.00726997113455765,2800.8015714627536,0.11863569171638139,0.06784152732249005,1.577991492872048,1.032130517932518,0.5902212877056634,3.200343298510229
1101.0,18.35,0.0824999999999837,49.532397504395,0.020904868871286057,0.013680346046203383,35.778095842420136,0.007223546833249081,2846.4973919232434,0.11881334135052117,0.06762141738875319,1.5822895248676414,1.0336760697495342,0.5883063312821527,3.204271925899328
1102.0,18.366666666666667,0.08166666666665036,49.53818382051438,0.020962950874963318,0.013701164200898489,36.030738960826866,0.0071761211161301295,2893.6997394183645,0.11899234997608203,0.06739467326503729,1.5866857517259731,1.0352334447919136,0.5863336574058243,3.2082528539237107
1103.0,18.383333333333333,0.08083333333331702,49.54404317152464,0.021022350624937597,0.013722142864858237,36.29209945378652,0.00712770563095292,2942.464843127725,0.11917272150932537,0.06716136231473471,1.5911817188015263,1.0368026771311307,0.5843038521381919,3.212288248070849
1104.0,18.4,0.07999999999998368,49.549976573024374,0.02108308894910222,0.01374328262001299,36.562407897286484,0.0070783126767882815,2992.851458944529,0.11935445981645641,0.06692155581571599,1.5957790025575467,1.0383838004031707,0.5822175355967291,3.2163803385574465
1105.0,18.416666666666668,0.07916666666665034,49.55598508746425,0.021145187096755103,0.013764584048223833,36.84190354872199,0.007027955201948943,3044.9209973888655,0.11953756871113977,0.06667532893660538,1.6004792113533934,1.039976847786916,0.5800753617484667,3.220531420888776
1106.0,18.433333333333334,0.078333333333317,49.56206982547299,0.021208666749285593,0.013786047731247045,37.13083470854542,0.00697664680119367,3098.737658710349,0.11972205195191199,0.06642276070864969,1.6052839862534263,1.0415818519816342,0.5778780181652523,3.2247438564003126
1107.0,18.45,0.07749999999998367,49.568231947191734,0.021273550031154352,0.013807674250697718,37.42945909883536,0.006924401712202309,3154.368575621916,0.1199079132394881,0.06616393399315075,1.6101950018580726,1.0431988451835463,0.5756262257404114,3.2290200727820304
1108.0,18.466666666666665,0.07666666666665033,49.5744726636166,0.021339859521175484,0.013829464188012449,37.73804425966325,0.006871234811312532,3211.883964135852,0.12009515621395701,0.065898935444439,1.615213967157772,1.044827859061426,0.5733207383666193,3.2333625645858173
1109.0,18.483333333333334,0.07583333333331699,49.58079323794887,0.021407618264110112,0.013851418124411197,38.05686796418754,0.006817161608510114,3271.3572830046046,0.12028378445186023,0.06562785546837246,1.620342626410494,1.046468924731184,0.5709623425748404,3.2377738937165184
1110.0,18.5,0.07499999999998365,49.58719498695248,0.021476849782580874,0.013873536640858214,38.38621865345592,0.006762198241665567,3332.8654023026133,0.12047380146315007,0.06535078817635274,1.625582760043546,1.0481220727294054,0.5685518571342688,3.24225668990722
1111.0,18.516666666666666,0.07416666666665031,49.59367928231855,0.02154757808931746,0.013895820318022034,38.72639589195275,0.006706361470011143,3396.488781721455,0.12066521068802068,0.06506783133485745,1.6309361855804383,1.0497873329857799,0.5660901326132598,3.246813651179478
1112.0,18.533333333333335,0.07333333333331697,49.60024755203635,0.02161982769974339,0.013918269736234634,39.07771084498874,0.00664966866685318,3462.3116591893986,0.12085801549360703,0.06477908631049564,1.6364047585935768,1.051464734794381,0.5635780509013121,3.2514475442892703
1113.0,18.55,0.07249999999998363,49.60690128177068,0.021693623644914516,0.013940885475449518,39.44048677909173,0.006592137811516063,3530.4222504678924,0.12105221917054558,0.06448465801060088,1.6419903736835795,1.0531543067837466,0.5610165246922276,3.256161205159554
1114.0,18.566666666666666,0.0716666666666503,49.61364201624506,0.021768991484820432,0.013963668115199035,39.81505958662508,0.0065337874805151555,3600.9129604220416,0.12124782492939,0.06418465481938448,1.6476949654860582,1.054856076885693,0.558406496928645,3.2609575393003962
1115.0,18.583333333333332,0.07083333333331696,49.62047136063064,0.021845957322060006,0.013986618234550536,40.20177833593121,0.006474636837957382,3673.880606710053,0.12144483589687637,0.06387918852967939,1.6535205097067216,1.0565700723028244,0.5557489402082106,3.2658395222177568
1116.0,18.6,0.06999999999998362,49.627390981940465,0.021924547815902806,0.014009736412061763,40.601005848372445,0.006414705625169346,3749.4266566877386,0.12164325511202886,0.06356837427031324,1.659469024185683,1.058296319474651,0.5530448561517252,3.2708101998120593
1117.0,18.616666666666667,0.06916666666665028,49.63440261042889,0.022004790196748628,0.014033023225735056,41.01311930372306,0.006354014149554115,3827.6574783793762,0.12184308552210105,0.06325233042915775,1.6655425699919033,1.060034844042279,0.5502952747336723,3.275872688767855
1118.0,18.633333333333333,0.06833333333331694,49.64150804099592,0.022086712280997636,0.014056479252970738,41.438510875449595,0.006292583272679245,3908.6846064254214,0.12204432997834222,0.06293117857190919,1.6717432525487108,1.0617856708115772,0.54750125357561,3.281030176935898
1119.0,18.65,0.0674999999999836,49.64870913459629,0.022170342486344124,0.014080105070519353,41.87758839750945,0.00623043439759987,3992.625023980954,0.12224699123158297,0.06260504335666374,1.6780732227913864,1.0635488237147719,0.5446638772029745,3.286285923709133
1120.0,18.666666666666668,0.06666666666665026,49.65600781965313,0.02225570984750742,0.014103901254433006,42.33077606439204,0.006167589455422033,4079.6014616073276,0.12245107192762947,0.06227405244435935,1.6845346783578363,1.0653243257703764,0.5417842562659263,3.291643260394139
1121.0,18.683333333333334,0.06583333333331692,49.66340609347614,0.022342844032413812,0.014127868380015556,42.79851516623092,0.0061040708911129695,4169.74271427261,0.1226565746024586,0.06193833640516437,1.691129864813401,1.0671121990413897,0.53886352672493,3.297105590579721
1122.0,18.7,0.06499999999998358,49.670906023684196,0.022431775358843945,0.014152007021771839,43.28126486092364,0.0060399016485662435,4263.183977655774,0.1228635016772029,0.061598028620901454,1.697861076910898,1.0689124645916652,0.5359028490018426,3.302676390504406
1123.0,18.716666666666665,0.06416666666665025,49.67850974963225,0.022522534811560566,0.01417631775335578,43.77950298531219,0.005975105154931292,4360.0672050340745,0.12307185545291645,0.06125326518360365,1.7047306598870189,1.070725142440373,0.5329034070973517,3.3083592094247436
1124.0,18.733333333333334,0.06333333333331691,49.68621948384267,0.022615154059932165,0.014200801147517487,44.29372690760103,0.005909705304218209,4460.541486125007,0.12328163810510948,0.06090418479030767,1.7117410107962652,1.0725502515144523,0.5298664076756766,3.314157669986394
1125.0,18.75,0.062499999999983576,49.69403751344101,0.022709665476068404,0.014225457776049204,44.82445442332077,0.005843726440190125,4564.763449352185,0.12349285167804182,0.06055092863419777,1.718894579883617,1.0743878095989636,0.5267930791175205,3.3200754686001015
1126.0,18.766666666666666,0.061666666666650244,49.70196620159628,0.022806102153483956,0.01425028820973023,45.372224697286434,0.005777193338556943,4672.897689110689,0.12370549807876177,0.06019364029222147,1.7261938719972003,1.0762378332852274,0.5236846705423267,3.3261163758247543
1127.0,18.783333333333335,0.06083333333331691,49.710007988965906,0.02290449792630794,0.014275293018270605,45.937599254147926,0.005710131188485787,4785.117219721559,0.12391957907087883,0.05983246560930658,1.7336414480422475,1.0781003379166458,0.5205424508009672,3.33228423675986
1128.0,18.8,0.05999999999998358,49.71816539514555,0.023004887389056563,0.014300472770253835,46.52116302029022,0.005642565573444746,4901.603957887824,0.12413509626805566,0.059467552579316525,1.7412399264776908,1.0799753375320842,0.5173677074400538,3.3385829714498287
1129.0,18.816666666666666,0.05916666666665025,49.72644102012404,0.02310730591698756,0.014325828033078317,47.123525420010075,0.005574522451398189,5022.549235597345,0.12435205112720678,0.05909905122288892,1.748991984856788,1.081862844806699,0.5141617456391335,3.3450165753026204
1130.0,18.833333333333332,0.05833333333331692,49.73483754574377,0.02321178968705539,0.014351359372897738,47.745321529077415,0.005506028134373196,5148.154345560299,0.12457044494138779,0.05872711346230946,1.756900361413222,1.0837628709900737,0.5109258871220923,3.3515891195253884
1131.0,18.85,0.057499999999983585,49.7433577371668,0.023318375699486853,0.014377067354560246,48.387213288981954,0.005437109267418284,5278.631121423352,0.12479027883236049,0.05835189299358071,1.7649678566941596,1.0856754258415362,0.5076614690441522,3.358304751579848
1132.0,18.866666666666667,0.05666666666665025,49.752004444347236,0.023427101799997734,0.014402952541546386,49.049890785372384,0.005367792806976748,5414.20255516879,0.12501155374281694,0.05797354515585226,1.773197335241828,1.0876005175625074,0.5043698428559147,3.36516769566025
1133.0,18.883333333333333,0.05583333333331692,49.76078060351031,0.02353800670267153,0.014429015495905998,49.734073594414404,0.005298105998698692,5555.103454286208,0.12523427042824492,0.057592226798385354,1.7815917273252075,1.0895381527257306,0.5010523731459525,3.3721822531968906
1134.0,18.9,0.05499999999998359,49.76968923863866,0.023651130013522256,0.01445525677819373,50.44051220102879,0.005228076354716893,5701.581141498067,0.12545842944841815,0.057208096145231764,1.790154030723499,1.0914883362012378,0.4977104364635163,3.3793528033882536
1135.0,18.916666666666668,0.05416666666665026,49.77873346296648,0.023766512254764074,0.01448167694740346,51.16998949322115,0.005157731630413212,5853.89620002937,0.1256840311584901,0.05682131265781274,1.7988873125630924,1.0934510710788639,0.4943454201229708,3.3866838037649267
1136.0,18.933333333333334,0.053333333333316926,49.78791648048223,0.023884194889811347,0.014508276560901376,51.92332233698219,0.005087099800703506,6012.323267637855,0.12591107569967339,0.056432036895589566,1.8077947112098205,1.0954263585871584,0.4909587209916292,3.394179790788608
1137.0,18.95,0.052499999999983595,49.797241587440695,0.024004220349033482,0.01453505617435791,52.70136323652314,0.005016209035870291,6177.151882865065,0.12613956298948212,0.05604043037502295,1.816879438218344,1.0974141980084944,0.48755174426269965,3.401845380489538
1138.0,18.966666666666665,0.05166666666665026,49.80671217388507,0.024126632056289943,0.014562016341678325,53.50500208491634,0.004945087676973734,6348.687387232283,0.126369492711517,0.05564665542702345,1.8261447803405855,1.0994145865901979,0.48412590221510393,3.4096852691458874
1139.0,18.983333333333334,0.05083333333331693,49.81633172518017,0.024251474456271717,0.014589157614932038,54.33516801053696,0.004873764210872639,6527.251887391213,0.12660086430476883,0.055250875053099884,1.8355941015952058,1.1014275194514886,0.48068261296196896,3.4177042340086636
1140.0,19.0,0.05,49.82610382355766,0.02437879304267381,0.014616480544280164,55.19283132503385,0.004802267244889821,6713.185281543454,0.12683367695241668,0.05485325278041706,1.8452308453999804,1.103452989486025,0.4772232991896284,3.425907134075634
