"report-file-1"
"Time Step" "flow-time etc.."
("Time Step" "flow-time" "report-def-1")
0 0 298.15
1 0.25 298.1666196488718
2 0.5 298.1833222138111
3 0.75 298.2001046148752
4 1 298.2169638828473
5 1.25 298.2338971552618
6 1.5 298.2509016725658
7 1.75 298.2679747744129
8 2 298.2851138960847
9 2.25 298.3023165650341
10 2.5 298.3195803975456
11 2.75 298.3369030955169
12 3 298.3542824433545
13 3.25 298.3717163049797
14 3.5 298.3892026209504
15 3.75 298.4067394056904
16 4 298.4243247448263
17 4.25 298.4419567926272
18 4.5 298.4596337695468
19 4.75 298.4773539598593
20 5 298.4951157093912
21 5.25 298.5129174233381
22 5.5 298.530757564168
23 5.75 298.5486346496036
24 6 298.5609960281538
25 6.25 298.5733856999281
26 6.5 298.5858028683542
27 6.75 298.5982467582483
28 7 298.6107166152802
29 7.25 298.6232117054552
30 7.5 298.6357313146083
31 7.75 298.6482747479145
32 8 298.6608413294101
33 8.25 298.673430401527
34 8.5 298.6860413246372
35 8.75 298.6986734766069
36 9 298.7113262523596
37 9.25 298.7239990634469
38 9.5 298.7366913376254
39 9.75 298.7494025184412
40 10 298.7621320648204
41 10.25 298.7748794506651
42 10.5 298.7876441646596
43 10.75 298.8004257094964
44 11 298.8132236014807
45 11.25 298.8260373705177
46 11.5 298.8388665595727
47 11.75 298.8517107243087
48 12 298.8645694327343
49 12.25 298.8774422648592
50 12.5 298.8903288123583
51 12.75 298.9032286782446
52 13 298.916141476551
53 13.25 298.9290668320215
54 13.5 298.9420043798096
55 13.75 298.9549537651873
56 14 298.9679147276652
57 14.25 298.9808868779078
58 14.5 298.9938698661274
59 14.75 299.0068633750814
60 15 299.0198670963035
61 15.25 299.0328807298626
62 15.5 299.0459039841294
63 15.75 299.058936575549
64 16 299.0719782284215
65 16.25 299.0850286746875
66 16.5 299.0980876537205
67 16.75 299.1111549121243
68 17 299.1242302035381
69 17.25 299.1373132884449
70 17.5 299.150403933987
71 17.75 299.1635020042384
72 18 299.1766072275084
73 18.25 299.1897193546198
74 18.5 299.2028381774346
75 18.75 299.2159634936273
76 19 299.2290951065297
77 19.25 299.2422328249778
78 19.5 299.2553764631652
79 19.75 299.2685258404977
80 20 299.2816807814546
81 20.25 299.2948411154516
82 20.5 299.3080066767082
83 20.75 299.3211773041196
84 21 299.3343528411295
85 21.25 299.3475331356098
86 21.5 299.3607180397398
87 21.75 299.3739074098917
88 22 299.3871011065175
89 22.25 299.4002989940398
90 22.5 299.4135009415086
91 22.75 299.4267068206007
92 23 299.4399165066457
93 23.25 299.4531298789047
94 23.5 299.4663468201055
95 23.75 299.4795672163472
96 24 299.4927909570091
97 24.25 299.506017934663
98 24.5 299.5192480449865
99 24.75 299.5324811866793
100 25 299.545717261383
101 25.25 299.5589561735998
102 25.5 299.5721978306171
103 25.75 299.5854421424313
104 26 299.5986890216752
105 26.25 299.6119383835467
106 26.5 299.6251901457391
107 26.75 299.6384442283745
108 27 299.6517005539371
109 27.25 299.6649590472102
110 27.5 299.6782196352137
111 27.75 299.6914822471433
112 28 299.7047468143118
113 28.25 299.7180132700915
114 28.5 299.7312815498587
115 28.75 299.7445515909392
116 29 299.7578233325548
117 29.25 299.7710967157728
118 29.5 299.7843716834554
119 29.75 299.7976481802104
120 30 299.8109261523452
121 30.25 299.8242055478202
122 30.5 299.8374863161993
123 30.75 299.8507684086188
124 31 299.86405177773
125 31.25 299.8773363776551
126 31.5 299.8906221639628
127 31.75 299.9039090936207
128 32 299.9171971249583
129 32.25 299.930486217629
130 32.5 299.9437763325732
131 32.75 299.9570674319838
132 33 299.9703594792722
133 33.25 299.9836524390341
134 33.5 299.9969462770176
135 33.75 300.0102409600899
136 34 300.0235364562084
137 34.25 300.0368327343896
138 34.5 300.0501297646805
139 34.75 300.0634275181291
140 35 300.0767259667586
141 35.25 300.0900250835383
142 35.5 300.1033248423578
143 35.75 300.1166252180029
144 36 300.1200979468264
145 36.25 300.123571859225
146 36.5 300.1270469430338
147 36.75 300.1305231862684
148 37 300.1340005771342
149 37.25 300.1374791040429
150 37.5 300.1409587556341
151 37.75 300.1444395207972
152 38 300.1479213886941
153 38.25 300.1514043487811
154 38.5 300.1548883908253
155 38.75 300.1583735049164
156 39 300.1618596814712
157 39.25 300.1653469112337
158 39.5 300.1688351852664
159 39.75 300.1723244949392
160 40 300.1758148319113
161 40.25 300.179306188111
162 40.5 300.1827985557132
163 40.75 300.1862919271154
164 41 300.1897862949131
165 41.25 300.1932816518772
166 41.5 300.1967779909274
167 41.75 300.2002753051121
168 42 300.2037735875892
169 42.25 300.2072728347342
170 42.5 300.2107733047164
171 42.75 300.214274730578
172 43 300.2177771052854
173 43.25 300.2212804217963
174 43.5 300.2247846730595
175 43.75 300.2282898520177
176 44 300.2317959516101
177 44.25 300.2353029647759
178 44.5 300.2388108844583
179 44.75 300.24231970361
180 45 300.2458294151897
181 45.25 300.249340292911
182 45.5 300.2528520822241
183 45.75 300.2563647434122
184 46 300.259878269059
185 46.25 300.2633926518035
186 46.5 300.2669078843444
187 46.75 300.2704239594433
188 47 300.2739408699282
189 47.25 300.2774586086953
190 47.5 300.2809771687121
191 47.75 300.2844965430184
192 48 300.2880167247288
193 48.25 300.2915377070329
194 48.5 300.2950594831973
195 48.75 300.2985820465657
196 49 300.30210539056
197 49.25 300.30562950868
198 49.5 300.3091543945046
199 49.75 300.3126800416917
200 50 300.3162064439773
201 50.25 300.3197335951767
202 50.5 300.3232614891964
203 50.75 300.3267901200069
204 51 300.3303194816464
205 51.25 300.3338495682424
206 51.5 300.3373803739996
207 51.75 300.3409118931997
208 52 300.3444441202001
209 52.25 300.3479770494343
210 52.5 300.3515106754107
211 52.75 300.3550449927121
212 53 300.3585799959953
213 53.25 300.3621156799904
214 53.5 300.3656520395002
215 53.75 300.3691890693992
216 54 300.3727267646336
217 54.25 300.3762651202201
218 54.5 300.379804131245
219 54.75 300.3833439424773
220 55 300.3868845000695
221 55.25 300.3904256930321
222 55.5 300.3939675167923
223 55.75 300.3975099668461
224 56 300.4010530387582
225 56.25 300.4045967780889
226 56.5 300.408141276291
227 56.75 300.4116863788984
228 57 300.4152320818063
229 57.25 300.4187783809736
230 57.5 300.4223252724227
231 57.75 300.4258727522375
232 58 300.429420816563
233 58.25 300.4329694616045
234 58.5 300.4365186836259
235 58.75 300.4400684789499
236 59 300.443618843956
237 59.25 300.4471697750805
238 59.5 300.4507212688148
239 59.75 300.454273321706
240 60 300.4578259303543
241 60.25 300.4613790914133
242 60.5 300.4649328015895
243 60.75 300.4684870576404
244 61 300.4720418563747
245 61.25 300.4755971946514
246 61.5 300.4791530693786
247 61.75 300.4827094775134
248 62 300.4862664160608
249 62.25 300.4898238820738
250 62.5 300.4933818726693
251 62.75 300.4969403849739
252 63 300.5004994161783
253 63.25 300.5040589635178
254 63.5 300.5076190242722
255 63.75 300.5111795957644
256 64 300.5147406753604
257 64.25 300.5183022604687
258 64.5 300.5218643485395
259 64.75 300.525426937064
260 65 300.5289900235739
261 65.25 300.5325536056414
262 65.5 300.5361176808779
263 65.75 300.5396822469337
264 66 300.5432473014974
265 66.25 300.5468128422958
266 66.5 300.5503788670928
267 66.75 300.5539453736893
268 67 300.5575123599224
269 67.25 300.561079823665
270 67.5 300.5646477628255
271 67.75 300.5682161753469
272 68 300.5717850592067
273 68.25 300.5753544124165
274 68.5 300.5789242330208
275 68.75 300.5824945190973
276 69 300.5860652687566
277 69.25 300.5896364801408
278 69.5 300.5932081514237
279 69.75 300.5967802808104
280 70 300.6003528665366
281 70.25 300.6039259068685
282 70.5 300.6074994001021
283 70.75 300.6110733445627
284 71 300.6146477386047
285 71.25 300.6182225806115
286 71.5 300.6217978689943
287 71.75 300.6253736021924
288 72 300.6289497786723
289 72.25 300.632526396928
290 72.5 300.6361034554797
291 72.75 300.6396809528742
292 73 300.6432588876844
293 73.25 300.6468372869441
294 73.5 300.6504161224286
295 73.75 300.6539953899079
296 74 300.6575750880847
297 74.25 300.6611552156854
298 74.5 300.6647357714593
299 74.75 300.6683167541789
300 75 300.6718981626393
301 75.25 300.6754799956574
302 75.5 300.6790622520726
303 75.75 300.6826449307455
304 76 300.6862280305583
305 76.25 300.6898115504142
306 76.5 300.693395489237
307 76.75 300.696979845971
308 77 300.7005646195807
309 77.25 300.7041498090504
310 77.5 300.7077354133837
311 77.75 300.7113214316041
312 78 300.7149078627535
313 78.25 300.718494705893
314 78.5 300.7220819601016
315 78.75 300.7256696244772
316 79 300.7292576981353
317 79.25 300.7328461802092
318 79.5 300.7364350698491
319 79.75 300.7400243662231
320 80 300.743614068516
321 80.25 300.7472041759291
322 80.5 300.7507946876802
323 80.75 300.7543856030035
324 81 300.7579769211489
325 81.25 300.7615686413824
326 81.5 300.7651607629851
327 81.75 300.7687532852536
328 82 300.7723462074996
329 82.25 300.7759395290494
330 82.5 300.779533249244
331 82.75 300.7831273674391
332 83 300.7867218830044
333 83.25 300.7903167953232
334 83.5 300.7939121037931
335 83.75 300.7975078078258
336 84 300.8011039068459
337 84.25 300.80470040029
338 84.5 300.8082972876084
339 84.75 300.8118945682646
340 85 300.8154922417344
341 85.25 300.819090307506
342 85.5 300.82268876508
343 85.75 300.8262876139688
344 86 300.8298868536971
345 86.25 300.8334864838006
346 86.5 300.8370865038272
347 86.75 300.8406869133357
348 87 300.8442877118961
349 87.25 300.8478888990905
350 87.5 300.8514904745113
351 87.75 300.8550924377594
352 88 300.8586947884479
353 88.25 300.8622975262001
354 88.5 300.8659006506495
355 88.75 300.8695041614397
356 89 300.8731080582242
357 89.25 300.876712340666
358 89.5 300.8803170084381
359 89.75 300.8839220612226
360 90 300.8875274987105
361 90.25 300.8911333206023
362 90.5 300.8947395266077
363 90.75 300.898346116445
364 91 300.901953089841
365 91.25 300.9055604465314
366 91.5 300.9091681862603
367 91.75 300.9127763087799
368 92 300.9163848138509
369 92.25 300.9199937012421
370 92.5 300.9236029707299
371 92.75 300.9272126220984
372 93 300.9308226551393
373 93.25 300.9344330696522
374 93.5 300.9380438654441
375 93.75 300.941655042329
376 94 300.9452666001284
377 94.25 300.948878539251
378 94.5 300.9524908738533
379 94.75 300.9561035889952
380 95 300.9597166845211
381 95.25 300.9633301602817
382 95.5 300.9669440161349
383 95.75 300.9705582519447
384 96 300.9741728675818
385 96.25 300.977787862923
386 96.5 300.9814032378513
387 96.75 300.9850189922558
388 97 300.9886351260316
389 97.25 300.9922516390797
390 97.5 300.9958685313069
391 97.75 300.9994858026253
392 98 301.0031034529533
393 98.25 301.0067214822145
394 98.5 301.0103398903374
395 98.75 301.0139586772566
396 99 301.0175778429114
397 99.25 301.0211973872462
398 99.5 301.0248173102109
399 99.75 301.0284376117598
400 100 301.0320582918524
401 100.25 301.0356793504529
402 100.5 301.03930078753
403 100.75 301.0429226030571
404 101 301.0465447970125
405 101.25 301.0501673693785
406 101.5 301.0537903201418
407 101.75 301.0574136492935
408 102 301.0610373568289
409 102.25 301.0646614427475
410 102.5 301.0682859070526
411 102.75 301.0719107497517
412 103 301.0755359708563
413 103.25 301.0791615703814
414 103.5 301.0827875483459
415 103.75 301.0864139047726
416 104 301.0900406396876
417 104.25 301.0936677531207
418 104.5 301.0972952451053
419 104.75 301.1009231156781
420 105 301.1045513648789
421 105.25 301.1081799927514
422 105.5 301.1118089993418
423 105.75 301.1154383846999
424 106 301.1190681488786
425 106.25 301.1226982919338
426 106.5 301.1263288139241
427 106.75 301.1299597149114
428 107 301.1335909949601
429 107.25 301.1372226541378
430 107.5 301.1408546925142
431 107.75 301.1444871101626
432 108 301.148119907158
433 108.25 301.1517530835786
434 108.5 301.1553866395049
435 108.75 301.1590205750196
436 109 301.1626548902083
437 109.25 301.1662895851584
438 109.5 301.1699246599603
439 109.75 301.173560114706
440 110 301.1771959494902
441 110.25 301.1808321644092
442 110.5 301.1844687595618
443 110.75 301.1881057350496
444 111 301.1917430909754
445 111.25 301.1953808274431
446 111.5 301.1990189445594
447 111.75 301.2026574424328
448 112 301.2062963211737
449 112.25 301.209935580894
450 112.5 301.2135752217078
451 112.75 301.2172152437305
452 113 301.2208556470795
453 113.25 301.2244964318733
454 113.5 301.2281375982325
455 113.75 301.2317791462789
456 114 301.2354210761359
457 114.25 301.2390633879282
458 114.5 301.2427060817822
459 114.75 301.2463491578253
460 115 301.2499926161864
461 115.25 301.2536364569959
462 115.5 301.257280680385
463 115.75 301.2609252864867
464 116 301.2645702754345
465 116.25 301.2682156473635
466 116.5 301.2718614024099
467 116.75 301.2755075407108
468 117 301.2791540624044
469 117.25 301.28280096763
470 117.5 301.2864482565276
471 117.75 301.2900959292385
472 118 301.2937439859046
473 118.25 301.297392426669
474 118.5 301.3010412516752
475 118.75 301.304690461068
476 119 301.3083400549927
477 119.25 301.3119900335952
478 119.5 301.3156403970225
479 119.75 301.3192911454223
480 120 301.3229422789424
481 120.25 301.3265937977318
482 120.5 301.3302457019399
483 120.75 301.3338979917166
484 121 301.3375506672126
485 121.25 301.3412037285789
486 121.5 301.3448571759671
487 121.75 301.3485110095291
488 122 301.3521652294176
489 122.25 301.3558198357853
490 122.5 301.3594748287857
491 122.75 301.3631302085722
492 123 301.3667859752991
493 123.25 301.3704421291206
494 123.5 301.3740986701912
495 123.75 301.3777555986662
496 124 301.3814129147003
497 124.25 301.3850706184492
498 124.5 301.3887287100683
499 124.75 301.3923871897134
500 125 301.3960460575405
501 125.25 301.3997053137057
502 125.5 301.4033649583652
503 125.75 301.407024991675
504 126 301.4106854137917
505 126.25 301.4143462248717
506 126.5 301.4180074250715
507 126.75 301.4216690145473
508 127 301.4253309934558
509 127.25 301.4289933619532
510 127.5 301.4326561201962
511 127.75 301.436319268341
512 128 301.4399828065439
513 128.25 301.4436467349609
514 128.5 301.447311053748
515 128.75 301.4509757630613
516 129 301.4546408630564
517 129.25 301.458306353889
518 129.5 301.4619722357146
519 129.75 301.4656385086881
520 130 301.4693051729646
521 130.25 301.472972228699
522 130.5 301.4766396760456
523 130.75 301.4803075151586
524 131 301.4839757461921
525 131.25 301.4876443692996
526 131.5 301.4913133846345
527 131.75 301.4949827923498
528 132 301.4986525925981
529 132.25 301.5023227855318
530 132.5 301.5059933713027
531 132.75 301.5096643500626
532 133 301.5133357219623
533 133.25 301.5170074871528
534 133.5 301.5206796457843
535 133.75 301.5243521980066
536 134 301.5280251439693
537 134.25 301.5316984838212
538 134.5 301.5353722177109
539 134.75 301.5390463457862
540 135 301.5427208681947
541 135.25 301.5463957850833
542 135.5 301.5500710965986
543 135.75 301.5537468028862
544 136 301.5574229040918
545 136.25 301.5610994003598
546 136.5 301.5647762918346
547 136.75 301.56845357866
548 137 301.5721312609788
549 137.25 301.5758093389335
550 137.5 301.5794878126658
551 137.75 301.5831666823171
552 138 301.5868459480278
553 138.25 301.5905256099377
554 138.5 301.5942056681862
555 138.75 301.597886122912
556 139 301.6015669742526
557 139.25 301.6052482223457
558 139.5 301.6089298673273
559 139.75 301.6126119093336
560 140 301.6162943484994
561 140.25 301.6199771849593
562 140.5 301.6236604188469
563 140.75 301.627344050295
564 141 301.631028079436
565 141.25 301.6347125064009
566 141.5 301.6383973313206
567 141.75 301.6420825543248
568 142 301.6457681755427
569 142.25 301.6494541951024
570 142.5 301.6531406131315
571 142.75 301.6568274297568
572 143 301.6605146451042
573 143.25 301.6642022592983
574 143.5 301.6678902724636
575 143.75 301.6715786847235
576 144 301.6752674962005
577 144.25 301.6789567070163
578 144.5 301.6826463172919
579 144.75 301.6863363271469
580 145 301.6900267367006
581 145.25 301.6937175460715
582 145.5 301.6974087553764
583 145.75 301.7011003647322
584 146 301.7047923742541
585 146.25 301.7084847840571
586 146.5 301.7121775942547
587 146.75 301.71587080496
588 147 301.7195644162846
589 147.25 301.7232584283398
590 147.5 301.7269528412355
591 147.75 301.7306476550809
592 148 301.734342869984
593 148.25 301.7380384860523
594 148.5 301.7417345033921
595 148.75 301.7454309221087
596 149 301.7491277423064
597 149.25 301.7528249640886
598 149.5 301.7565225875578
599 149.75 301.7602206128154
600 150 301.7639190399621
601 150.25 301.7676178690971
602 150.5 301.7713171003192
603 150.75 301.7750167337256
604 151 301.7787167694131
605 151.25 301.7824172074771
606 151.5 301.7861180480121
607 151.75 301.7898192911116
608 152 301.793520936868
609 152.25 301.7972229853731
610 152.5 301.800925436717
611 152.75 301.8046282909893
612 153 301.8083315482783
613 153.25 301.8120352086713
614 153.5 301.8157392722546
615 153.75 301.8194437391135
616 154 301.8231486093323
617 154.25 301.8268538829942
618 154.5 301.8305595601811
619 154.75 301.8342656409743
620 155 301.8379721254537
621 155.25 301.8416790136982
622 155.5 301.8453863057859
623 155.75 301.8490940017933
624 156 301.8528021017964
625 156.25 301.8565106058697
626 156.5 301.8602195140869
627 156.75 301.8639288265205
628 157 301.8676385432418
629 157.25 301.8713486643213
630 157.5 301.8750591898282
631 157.75 301.8787701198306
632 158 301.8824814543958
633 158.25 301.8861931935895
634 158.5 301.8899053374768
635 158.75 301.8936178861213
636 159 301.8973308395858
637 159.25 301.901044197932
638 159.5 301.90475796122
639 159.75 301.9084721295093
640 160 301.9121867028585
641 160.25 301.9159016813243
642 160.5 301.919617064963
643 160.75 301.9233328538293
644 161 301.9270490479771
645 161.25 301.9307656474591
646 161.5 301.9344826523268
647 161.75 301.9382000626304
648 162 301.9419178784195
649 162.25 301.9456360997423
650 162.5 301.9493547266456
651 162.75 301.9530737591754
652 163 301.9567931973766
653 163.25 301.9605130412927
654 163.5 301.9642332909661
655 163.75 301.9679539464384
656 164 301.9716750077497
657 164.25 301.975396474939
658 164.5 301.9791183480445
659 164.75 301.9828406271029
660 165 301.9865633121499
661 165.25 301.9902864032198
662 165.5 301.9940099003462
663 165.75 301.9977338035612
664 166 302.001458112896
665 166.25 302.0051828283806
666 166.5 302.0089079500434
667 166.75 302.0126334779123
668 167 302.016359412014
669 167.25 302.0200857523736
670 167.5 302.023812499015
671 167.75 302.0275396519617
672 168 302.0312672112353
673 168.25 302.0349951768566
674 168.5 302.038723548845
675 168.75 302.0424523272191
676 169 302.046181511996
677 169.25 302.0499111031919
678 169.5 302.0536411008216
679 169.75 302.057371504899
680 170 302.0611023154364
681 170.25 302.0648335324456
682 170.5 302.0685651559367
683 170.75 302.0722971859187
684 171 302.0760296223998
685 171.25 302.0797624653868
686 171.5 302.083495714885
687 171.75 302.0872293708992
688 172 302.0909634334325
689 172.25 302.0946979024872
690 172.5 302.0984327780641
691 172.75 302.1021680601631
692 173 302.105903748783
693 173.25 302.109639843921
694 173.5 302.1133763455736
695 173.75 302.1171132537357
696 174 302.1208505684015
697 174.25 302.1245882895639
698 174.5 302.1283264172145
699 174.75 302.1320649513436
700 175 302.1358038919406
701 175.25 302.1395432389937
702 175.5 302.14328299249
703 175.75 302.1470231524152
704 176 302.150763718754
705 176.25 302.1545046914898
706 176.5 302.158246070605
707 176.75 302.1619878560808
708 177 302.1657300478972
709 177.25 302.1694726460329
710 177.5 302.1732156504659
711 177.75 302.1769590611723
712 178 302.1807028781276
713 178.25 302.184447101306
714 178.5 302.1881917306807
715 178.75 302.1919367662231
716 179 302.1956822079043
717 179.25 302.1994280556936
718 179.5 302.2031743095595
719 179.75 302.206920969469
720 180 302.2087240066821
721 180.25 302.2105260657328
722 180.5 302.2123271582453
723 180.75 302.2141272823069
724 181 302.2159264630691
725 181.25 302.2177247115755
726 181.5 302.2195220372927
727 181.75 302.2213184460854
728 182 302.2231139368419
729 182.25 302.224908496684
730 182.5 302.2267020982877
731 182.75 302.2284948368263
732 183 302.23028660008
733 183.25 302.2320774303411
734 183.5 302.2338673797816
735 183.75 302.2356562909824
736 184 302.2374444973154
737 184.25 302.2392318506437
738 184.5 302.2410182168923
739 184.75 302.2428034784373
740 185 302.2445877185565
741 185.25 302.2463714584096
742 185.5 302.2481541402001
743 185.75 302.2499356351961
744 186 302.2517158918529
745 186.25 302.2534948700608
746 186.5 302.2552723825274
747 186.75 302.2570505076541
748 187 302.2588273922103
749 187.25 302.2606029501474
750 187.5 302.2623774823688
751 187.75 302.2641506572366
752 188 302.2659222853231
753 188.25 302.2676923051183
754 188.5 302.2694605547633
755 188.75 302.2712269644791
756 189 302.2729914506927
757 189.25 302.2747558552525
758 189.5 302.2765184390717
759 189.75 302.2782797792847
760 190 302.2800394262214
761 190.25 302.2817967125399
762 190.5 302.2835514458143
763 190.75 302.285303459306
764 191 302.287052574171
765 191.25 302.2887986013922
766 191.5 302.2905413183872
767 191.75 302.2922805522085
768 192 302.2940160967372
769 192.25 302.2957477503411
770 192.5 302.2974752787136
771 192.75 302.2992008950538
772 193 302.3009308407302
773 193.25 302.3026570944618
774 193.5 302.3043795204921
775 193.75 302.3060979512889
776 194 302.3078122538117
777 194.25 302.3095222657024
778 194.5 302.3112278572016
779 194.75 302.3129288862767
780 195 302.3146252184912
781 195.25 302.3163166792741
782 195.5 302.3180031270221
783 195.75 302.3196844390385
784 196 302.3213604998304
785 196.25 302.3230312014073
786 196.5 302.3246964434973
787 196.75 302.3263561336864
788 197 302.32801018749
789 197.25 302.3296585283575
790 197.5 302.3313010876224
791 197.75 302.3329378043975
792 198 302.3345686254317
793 198.25 302.3361935049245
794 198.5 302.3378124043143
795 198.75 302.339425292039
796 199 302.341032143277
797 199.25 302.3426329396729
798 199.5 302.3442276690547
799 199.75 302.345816325139
800 200 302.3473989072374
801 200.25 302.3489754199562
802 200.5 302.3505458729028
803 200.75 302.3521102803883
804 201 302.3536688361787
805 201.25 302.3552213783857
806 201.5 302.3567713839326
807 201.75 302.3583202634018
808 202 302.3598639248568
809 202.25 302.3614019604368
810 202.5 302.3629346209057
811 202.75 302.3644619481763
812 203 302.3659839779027
813 203.25 302.3675007471377
814 203.5 302.3690122948954
815 203.75 302.3705186619238
816 204 302.3720198904696
817 204.25 302.3735163525392
818 204.5 302.3750074299065
819 204.75 302.3764938388494
820 205 302.3779752698162
821 205.25 302.3794517888684
822 205.5 302.3809231058542
823 205.75 302.3823896062354
824 206 302.3838513495903
825 206.25 302.3853083839332
826 206.5 302.3867607571224
827 206.75 302.3882089422595
828 207 302.3896521322084
829 207.25 302.3910907982609
830 207.5 302.3925250026491
831 207.75 302.3939547940261
832 208 302.3953802200133
833 208.25 302.3968013283351
834 208.5 302.3982181666703
835 208.75 302.3996307824719
836 209 302.4010392228573
837 209.25 302.4024435345439
838 209.5 302.4038437638121
839 209.75 302.4052399564874
840 210 302.4066321579307
841 210.25 302.4080204130398
842 210.5 302.409404766251
843 210.75 302.4107852615501
844 211 302.4121619424805
845 211.25 302.4135348521565
846 211.5 302.414904033272
847 211.75 302.4162695281165
848 212 302.4176313785813
849 212.25 302.4189896261729
850 212.5 302.4203443120196
851 212.75 302.4216954768823
852 213 302.4230431611583
853 213.25 302.4243874048907
854 213.5 302.4257282477674
855 213.75 302.4270657291305
856 214 302.4283998879715
857 214.25 302.4297307629378
858 214.5 302.4310583923259
859 214.75 302.4323828140851
860 215 302.4337040658087
861 215.25 302.4350221847367
862 215.5 302.4363372077449
863 215.75 302.4376491713459
864 216 302.4389581116787
865 216.25 302.4402640645089
866 216.5 302.4415670652175
867 216.75 302.4428671488027
868 217 302.4441643498673
869 217.25 302.4454587026204
870 217.5 302.4467502408693
871 217.75 302.4480389980183
872 218 302.4493250070606
873 218.25 302.4506083005826
874 218.5 302.4518889107528
875 218.75 302.4531668693277
876 219 302.4544422076436
877 219.25 302.4557149566214
878 219.5 302.4569851467611
879 219.75 302.4582551318097
880 220 302.4595345836343
881 220.25 302.4608116077487
882 220.5 302.4620862296846
883 220.75 302.4633584746638
884 221 302.4646283676075
885 221.25 302.4658959331404
886 221.5 302.4671611955798
887 221.75 302.4684241789677
888 222 302.4696849070667
889 222.25 302.4709434033613
890 222.5 302.4721996910718
891 222.75 302.4734537931534
892 223 302.4747057322946
893 223.25 302.4759555309359
894 223.5 302.4772032112502
895 223.75 302.4784487951515
896 224 302.4796923042904
897 224.25 302.4809337600522
898 224.5 302.4821731835397
899 224.75 302.4834105955878
900 225 302.4846460167417
901 225.25 302.4858794672658
902 225.5 302.4871109671234
903 225.75 302.4883405359921
904 226 302.4895681932413
905 226.25 302.4907939579401
906 226.5 302.4920178488526
907 226.75 302.4932398844334
908 227 302.494460082819
909 227.25 302.4956784618541
910 227.5 302.4968950390552
911 227.75 302.4981098316417
912 228 302.4993228565153
913 228.25 302.500534130281
914 228.5 302.5017436692345
915 228.75 302.5029514893794
916 229 302.5041576064144
917 229.25 302.5053620357501
918 229.5 302.5065647924989
919 229.75 302.507765891487
920 230 302.5089653472452
921 230.25 302.5101631740243
922 230.5 302.5113593857836
923 230.75 302.5125539962085
924 231 302.5137470187029
925 231.25 302.5149384664032
926 231.5 302.5161283521776
927 231.75 302.5173166886365
928 232 302.5185034881321
929 232.25 302.5196887627721
930 232.5 302.5208725244178
931 232.75 302.5220547846988
932 233 302.5232355550127
933 233.25 302.5244148465368
934 233.5 302.5255926702383
935 233.75 302.5267690368801
936 234 302.5279439570309
937 234.25 302.5291174410758
938 234.5 302.5302894992275
939 234.75 302.5314601415355
940 235 302.5326293779003
941 235.25 302.5337972180803
942 235.5 302.5349636717103
943 235.75 302.536128748311
944 236 302.5372924573058
945 236.25 302.5384548080252
946 236.5 302.5396158097291
947 236.75 302.5407754716114
948 237 302.5419338028144
949 237.25 302.5430908124353
950 237.5 302.5442465095365
951 237.75 302.5454009031589
952 238 302.5465540023181
953 238.25 302.5477058160263
954 238.5 302.5488563532869
955 238.75 302.550005623104
956 239 302.5511536344909
957 239.25 302.5523003964705
958 239.5 302.5534459180869
959 239.75 302.5545902084008
960 240 302.5557332765043
961 240.25 302.5568755463637
962 240.5 302.5580165736689
963 240.75 302.5591563889512
964 241 302.5602950069986
965 241.25 302.5614320654016
966 241.5 302.5625679519072
967 241.75 302.5637026822593
968 242 302.5648362621169
969 242.25 302.5659686964239
970 242.5 302.5670999900847
971 242.75 302.5682301478514
972 243 302.5693591742749
973 243.25 302.570487073726
974 243.5 302.5716147642476
975 243.75 302.5727455750809
976 244 302.5738752823333
977 244.25 302.5750038905926
978 244.5 302.5761314042853
979 244.75 302.5772578276904
980 245 302.5783831649587
981 245.25 302.5795074201259
982 245.5 302.5806305971292
983 245.75 302.5817526998139
984 246 302.5828737319435
985 246.25 302.5839936972064
986 246.5 302.5851125992236
987 246.75 302.5862304415468
988 247 302.5873472276687
989 247.25 302.5884629610228
990 247.5 302.5895776449959
991 247.75 302.5906912829174
992 248 302.5918038780891
993 248.25 302.5929154337768
994 248.5 302.5940259532215
995 248.75 302.5951354396632
996 249 302.5962438963542
997 249.25 302.597351326569
998 249.5 302.5984577336367
999 249.75 302.5995631209532
1000 250 302.6006674920083
1001 250.25 302.6017708504046
1002 250.5 302.6028731998873
1003 250.75 302.6039745443558
1004 251 302.605074887902
1005 251.25 302.6061742348131
1006 251.5 302.6072725896121
1007 251.75 302.6083699570439
1008 252 302.6094663421197
1009 252.25 302.6105617500987
1010 252.5 302.61165618652
1011 252.75 302.6127496571711
1012 253 302.6138421681348
1013 253.25 302.6149337257458
1014 253.5 302.6160243366072
1015 253.75 302.6171140075583
1016 254 302.6182027456916
1017 254.25 302.6192905583119
1018 254.5 302.6203774529316
1019 254.75 302.6214634372374
1020 255 302.62254851913
1021 255.25 302.6236327066425
1022 255.5 302.6247160079888
1023 255.75 302.6257986828342
1024 256 302.6268804795537
1025 256.25 302.6279611753464
1026 256.5 302.6290410095959
1027 256.75 302.630120002236
1028 257 302.6311981654055
1029 257.25 302.6322755110411
1030 257.5 302.6333520519439
1031 257.75 302.6344278018004
1032 258 302.6355027749422
1033 258.25 302.6365818459953
1034 258.5 302.6376623032056
1035 258.75 302.6387421027753
1036 259 302.6398212581766
1037 259.25 302.6408997801958
1038 259.5 302.6419776769428
1039 259.75 302.6430549539406
1040 260 302.644131614339
1041 260.25 302.645207659143
1042 260.5 302.6462830875111
1043 260.75 302.6473578970372
1044 261 302.6484320840347
1045 261.25 302.6495056438015
1046 261.5 302.650578570882
1047 261.75 302.6516508592813
1048 262 302.6527225026984
1049 262.25 302.653793494683
1050 262.5 302.6548638287946
1051 262.75 302.6559334987542
1052 263 302.6570024985519
1053 263.25 302.6580708225079
1054 263.5 302.659138465412
1055 263.75 302.6602054225354
1056 264 302.6612716897116
1057 264.25 302.662337263328
1058 264.5 302.6634023885225
1059 264.75 302.6644665640112
1060 265 302.6655300392392
1061 265.25 302.666592823125
1062 265.5 302.6676549221198
1063 265.75 302.6687163453365
1064 266 302.6697771045827
1065 266.25 302.6708372136576
1066 266.5 302.6718966875452
1067 266.75 302.6729555416621
1068 267 302.6740137911984
1069 267.25 302.6750714506154
1070 267.5 302.6761285332439
1071 267.75 302.6771850510963
1072 268 302.6782410147613
1073 268.25 302.6792964333406
1074 268.5 302.6803513145177
1075 268.75 302.6814056646991
1076 269 302.6824594890933
1077 269.25 302.6835127918852
1078 269.5 302.6845655763838
1079 269.75 302.6856178451753
1080 270 302.6866698511188
1081 270.25 302.687721329362
1082 270.5 302.6887720599016
1083 270.75 302.6898222875834
1084 271 302.690872026164
1085 271.25 302.691921286635
1086 271.5 302.6929703191193
1087 271.75 302.6940186638715
1088 272 302.695066820818
1089 272.25 302.696114548839
1090 272.5 302.6971618652292
1091 272.75 302.6982087842238
1092 273 302.6992553158199
1093 273.25 302.7003014647178
1094 273.5 302.7013472373243
1095 273.75 302.7023923812922
1096 274 302.7034371430955
1097 274.25 302.7044815221327
1098 274.5 302.7055255098446
1099 274.75 302.7065690953191
1100 275 302.7076122660989
1101 275.25 302.708655008563
1102 275.5 302.709697308323
1103 275.75 302.7107391505992
1104 276 302.7117805205802
1105 276.25 302.7128214037306
1106 276.5 302.7138617860269
1107 276.75 302.7149016541427
1108 277 302.7159412638765
1109 277.25 302.7169803163728
1110 277.5 302.718018558664
1111 277.75 302.7190562441235
1112 278 302.7200933734391
1113 278.25 302.721129944043
1114 278.5 302.722165955191
1115 278.75 302.7232014077774
1116 279 302.7242363035795
1117 279.25 302.7252706446044
1118 279.5 302.7263044325824
1119 279.75 302.7273376686769
1120 280 302.7283703533316
1121 280.25 302.7294024862703
1122 280.5 302.730434066533
1123 280.75 302.7314650925996
1124 281 302.7324955625238
1125 281.25 302.7335254740647
1126 281.5 302.7345548248188
1127 281.75 302.7355836123258
1128 282 302.7366118341377
1129 282.25 302.737639487916
1130 282.5 302.7386665714642
1131 282.75 302.7396933200598
1132 283 302.740719251531
1133 283.25 302.7417446076612
1134 283.5 302.7427693954498
1135 283.75 302.743793618694
1136 284 302.7448172823491
1137 284.25 302.7458403923891
1138 284.5 302.7468629551734
1139 284.75 302.7478849768253
1140 285 302.7489064627567
1141 285.25 302.7499274173919
1142 285.5 302.7509478439857
1143 285.75 302.7519677445937
1144 286 302.7529871201714
1145 286.25 302.7540059707097
1146 286.5 302.7550242953756
1147 286.75 302.7560420927266
1148 287 302.757059360828
1149 287.25 302.7580760975228
1150 287.5 302.7590923005462
1151 287.75 302.7601079676838
1152 288 302.7611230968932
1153 288.25 302.7621376864038
1154 288.5 302.7631517347928
1155 288.75 302.7641652410762
1156 289 302.765178204769
1157 289.25 302.7661906259327
1158 289.5 302.7672025052179
1159 289.75 302.7682138439004
1160 290 302.7692246438868
1161 290.25 302.7702349077276
1162 290.5 302.7712446386062
1163 290.75 302.772253840298
1164 291 302.7732625171628
1165 291.25 302.774270674075
1166 291.5 302.7752783163874
1167 291.75 302.776285449878
1168 292 302.777292080666
1169 292.25 302.7782982151541
1170 292.5 302.7793038599328
1171 292.75 302.7803090217604
1172 293 302.7813137074335
1173 293.25 302.7823179238086
1174 293.5 302.7833216776835
1175 293.75 302.7843249757593
1176 294 302.7853278246535
1177 294.25 302.7863302308419
1178 294.5 302.7873322006488
1179 294.75 302.7883337402205
1180 295 302.7893348555057
1181 295.25 302.7903355522769
1182 295.5 302.7913358360765
1183 295.75 302.7923357121952
1184 296 302.7933351856581
1185 296.25 302.7943342612002
1186 296.5 302.7953329432618
1187 296.75 302.7963312359529
1188 297 302.7973291430325
1189 297.25 302.7983266679054
1190 297.5 302.7993238136414
1191 297.75 302.8003205829435
1192 298 302.8013169781687
1193 298.25 302.8023130012937
1194 298.5 302.803308653994
1195 298.75 302.8043039376163
1196 299 302.8052988532175
1197 299.25 302.8062934015855
1198 299.5 302.8072875832953
1199 299.75 302.8082813987234
1200 300 302.8092748480456
1201 300.25 302.8102679312886
1202 300.5 302.811260648344
1203 300.75 302.8122529989846
1204 301 302.8132449828778
1205 301.25 302.8142365996948
1206 301.5 302.8152278490214
1207 301.75 302.8162187305257
1208 302 302.8172092439103
1209 302.25 302.8181993889975
1210 302.5 302.8191891658051
1211 302.75 302.8201785744567
1212 303 302.8211676153708
1213 303.25 302.822156289115
1214 303.5 302.8231446678454
1215 303.75 302.8241326075521
1216 304 302.8251201842181
1217 304.25 302.8261074016273
1218 304.5 302.8270942637256
1219 304.75 302.8280807752361
1220 305 302.8290669415699
1221 305.25 302.8300527685558
1222 305.5 302.831038262169
1223 305.75 302.8320234282207
1224 306 302.8330082721308
1225 306.25 302.8339927987601
1226 306.5 302.8349770122735
1227 306.75 302.8359609160571
1228 307 302.8369445126673
1229 307.25 302.8379278038424
1230 307.5 302.8389107905127
1231 307.75 302.8398934728216
1232 308 302.8408758501978
1233 308.25 302.8418579213802
1234 308.5 302.8428396845138
1235 308.75 302.8438211371377
1236 309 302.8448022763304
1237 309.25 302.8457830987525
1238 309.5 302.8467636007014
1239 309.75 302.8477437782081
1240 310 302.84872362717
1241 310.25 302.8497031433732
1242 310.5 302.8506823226208
1243 310.75 302.851661160754
1244 311 302.8526396538081
1245 311.25 302.853617797981
1246 311.5 302.8545955897459
1247 311.75 302.8555730258362
1248 312 302.8565501033431
1249 312.25 302.8575268197083
1250 312.5 302.8585031727515
1251 312.75 302.8594791607121
1252 313 302.8604547822492
1253 313.25 302.8614300364278
1254 313.5 302.8624049226794
1255 313.75 302.8633794408273
1256 314 302.8643535910132
1257 314.25 302.8653273736864
1258 314.5 302.8663007894914
1259 314.75 302.8672738392975
1260 315 302.8682465241105
1261 315.25 302.869218845004
1262 315.5 302.8701908031
1263 315.75 302.8711623995642
1264 316 302.8721336355833
1265 316.25 302.8731045123685
1266 316.5 302.8740750311243
1267 316.75 302.875045193098
1268 317 302.8760149995719
1269 317.25 302.876984451864
1270 317.5 302.877953551302
1271 317.75 302.8789222992169
1272 318 302.8798906969232
1273 318.25 302.8808587456811
1274 318.5 302.8818264466749
1275 318.75 302.882793800974
1276 319 302.8837608095308
1277 319.25 302.8847274731281
1278 319.5 302.8856937924131
1279 319.75 302.8866597678388
1280 320 302.8876253997282
1281 320.25 302.8885906882134
1282 320.5 302.8895556333231
1283 320.75 302.8905202349332
1284 321 302.8914844928186
1285 321.25 302.8924484066234
1286 321.5 302.8934119759431
1287 321.75 302.8943752002231
1288 322 302.895338078834
1289 322.25 302.8963006110488
1290 322.5 302.8972627960723
1291 322.75 302.8982246330001
1292 323 302.8991861208755
1293 323.25 302.900147258704
1294 323.5 302.901108045469
1295 323.75 302.9020684801262
1296 324 302.9030285617104
1297 324.25 302.9039882893106
1298 324.5 302.904947662104
1299 324.75 302.9059066794697
1300 325 302.9068653409489
1301 325.25 302.9078236462972
1302 325.5 302.9087815955594
1303 325.75 302.9097392336478
1304 326 302.9106964710435
1305 326.25 302.9116533995901
1306 326.5 302.9126099334949
1307 326.75 302.913566166824
1308 327 302.9145220594082
1309 327.25 302.9154776205315
1310 327.5 302.9164328140164
1311 327.75 302.9173876935036
1312 328 302.9183422684723
1313 328.25 302.9192965475816
1314 328.5 302.920250538807
1315 328.75 302.9212042492458
1316 329 302.922157684891
1317 329.25 302.9231108505666
1318 329.5 302.9240637499142
1319 329.75 302.9250163854373
1320 330 302.9259867067014
1321 330.25 302.9269723206011
1322 330.5 302.9279578022621
1323 330.75 302.9289431499188
1324 331 302.9299283610567
1325 331.25 302.9309134324567
1326 331.5 302.9318983602924
1327 331.75 302.9328831401779
1328 332 302.9338677672621
1329 332.25 302.9348522362883
1330 332.5 302.9358365416599
1331 332.75 302.9368206774886
1332 333 302.9378046376717
1333 333.25 302.9387884159235
1334 333.5 302.9397720058184
1335 333.75 302.9407554008604
1336 334 302.9417385945015
1337 334.25 302.9427215801922
1338 334.5 302.9437043514453
1339 334.75 302.9446869018597
1340 335 302.9456692251726
1341 335.25 302.9466513153432
1342 335.5 302.9476331666126
1343 335.75 302.9486147735407
1344 336 302.9495960383717
1345 336.25 302.9505770524268
1346 336.5 302.951557807583
1347 336.75 302.9525382998242
1348 337 302.9535185268647
1349 337.25 302.9544985729335
1350 337.5 302.955478356879
1351 337.75 302.9564578781568
1352 338 302.9574371403451
1353 338.25 302.9584161488927
1354 338.5 302.9593949110304
1355 338.75 302.9603734357907
1356 339 302.961351733919
1357 339.25 302.9623298176998
1358 339.5 302.9633077006855
1359 339.75 302.9642853973636
1360 340 302.9652629227913
1361 340.25 302.9662402922556
1362 340.5 302.9672175209066
1363 340.75 302.9681946234431
1364 341 302.9691716138638
1365 341.25 302.9701485051959
1366 341.5 302.9711253093541
1367 341.75 302.9721020370435
1368 342 302.9730786200653
1369 342.25 302.9740552217145
1370 342.5 302.9750317726262
1371 342.75 302.9760082760986
1372 343 302.9769847364288
1373 343.25 302.977961156831
1374 343.5 302.9789375392378
1375 343.75 302.9799138843163
1376 344 302.9808901914254
1377 344.25 302.9818664586
1378 344.5 302.9828426824873
1379 344.75 302.9838188583319
1380 345 302.9847949799668
1381 345.25 302.9857710398459
1382 345.5 302.9867470291406
1383 345.75 302.9877229378158
1384 346 302.9886987548089
1385 346.25 302.9896744681816
1386 346.5 302.9906500653181
1387 346.75 302.9916255331393
1388 347 302.9926008582621
1389 347.25 302.9935760272526
1390 347.5 302.9945510268144
1391 347.75 302.9955258439369
1392 348 302.9965004069448
1393 348.25 302.9974748206924
1394 348.5 302.9984490181614
1395 348.75 302.9994229877046
1396 349 303.0003967205573
1397 349.25 303.0013702093838
1398 349.5 303.002343448268
1399 349.75 303.0033164328811
1400 350 303.0042891605196
1401 350.25 303.0052616302021
1402 350.5 303.0062338426206
1403 350.75 303.0072058000883
1404 351 303.0081775064024
1405 351.25 303.0091489667053
1406 351.5 303.0101201872542
1407 351.75 303.0110911752126
1408 352 303.0120619383973
1409 352.25 303.0130324850275
1410 352.5 303.014002823484
1411 352.75 303.0149729620785
1412 353 303.0159429087985
1413 353.25 303.0169126710908
1414 353.5 303.0178822557043
1415 353.75 303.0188516685045
1416 354 303.0198209143234
1417 354.25 303.0207899968568
1418 354.5 303.0217589185312
1419 354.75 303.0227276804783
1420 355 303.0236962824476
1421 355.25 303.0246647228197
1422 355.5 303.0256329986113
1423 355.75 303.026601105511
1424 356 303.0275690379166
1425 356.25 303.0285367890527
1426 356.5 303.0295043510357
1427 356.75 303.0304717150005
1428 357 303.0314388712176
1429 357.25 303.0324058092035
1430 357.5 303.0333725178373
1431 357.75 303.0343389854945
1432 358 303.0353051518864
1433 358.25 303.0362710983766
1434 358.5 303.0372367684197
1435 358.75 303.0382021487334
1436 359 303.0391672278089
1437 359.25 303.040131995052
1438 359.5 303.0410964411001
1439 359.75 303.0420605581693
1440 360 303.0430243404298
1441 360.25 303.0439877842152
1442 360.5 303.0449508881736
1443 360.75 303.0459136532764
1444 361 303.0468760826964
1445 361.25 303.0478381816109
1446 361.5 303.0487999569335
1447 361.75 303.0497614169595
1448 362 303.0507225710033
1449 362.25 303.0516834290308
1450 362.5 303.0526440013184
1451 362.75 303.0536042980856
1452 363 303.0545643292394
1453 363.25 303.0555241041448
1454 363.5 303.056483631437
1455 363.75 303.0574429189011
1456 364 303.0584019733605
1457 364.25 303.0593608006648
1458 364.5 303.0603194056623
1459 364.75 303.0612777922396
1460 365 303.0622359633506
1461 365.25 303.0631939210327
1462 365.5 303.0641516664801
1463 365.75 303.0651092001117
1464 366 303.0660665216134
1465 366.25 303.0670236300062
1466 366.5 303.0679805237006
1467 366.75 303.0689372005673
1468 367 303.0698936579644
1469 367.25 303.070849892812
1470 367.5 303.0718059016129
1471 367.75 303.0727616805189
1472 368 303.073717225335
1473 368.25 303.0746725315836
1474 368.5 303.0756275945195
1475 368.75 303.0765824091882
1476 369 303.0775369704397
1477 369.25 303.0784912729719
1478 369.5 303.07944531134
1479 369.75 303.0803990800318
1480 370 303.0813525734589
1481 370.25 303.0823057860018
1482 370.5 303.0832587120204
1483 370.75 303.084211345873
1484 371 303.0851636819173
1485 371.25 303.0861157145228
1486 371.5 303.0870674380701
1487 371.75 303.0880188469602
1488 372 303.0889699355964
1489 372.25 303.0899206984385
1490 372.5 303.0908711300071
1491 372.75 303.0918212249278
1492 373 303.0927709780102
1493 373.25 303.0937203842603
1494 373.5 303.0946694389779
1495 373.75 303.0956181378081
1496 374 303.0965664767749
1497 374.25 303.097514452386
1498 374.5 303.0984620616395
1499 374.75 303.09940930206
1500 375 303.1003561718017
1501 375.25 303.1013026696009
1502 375.5 303.1022487948216
1503 375.75 303.1031945571776
1504 376 303.1041399428709
1505 376.25 303.1050849484155
1506 376.5 303.1060295862879
1507 376.75 303.1069738595286
1508 377 303.1079177713407
1509 377.25 303.1088613254837
1510 377.5 303.1098045263387
1511 377.75 303.110747378822
1512 378 303.1116898883431
1513 378.25 303.1126320607385
1514 378.5 303.1135739022328
1515 378.75 303.114515419407
1516 379 303.1154566191241
1517 379.25 303.1163975085303
1518 379.5 303.1173380950038
1519 379.75 303.1182783861559
1520 380 303.1192183898013
1521 380.25 303.1201581139302
1522 380.5 303.1210975666714
1523 380.75 303.1220367562973
1524 381 303.1229756911309
1525 381.25 303.1239143795609
1526 381.5 303.124852829946
1527 381.75 303.1257910505993
1528 382 303.1267290496951
1529 382.25 303.127666835231
1530 382.5 303.1286044149844
1531 382.75 303.1295417964129
1532 383 303.1304789866286
1533 383.25 303.1314159923488
1534 383.5 303.1323528197647
1535 383.75 303.1332894745464
1536 384 303.1342259617459
1537 384.25 303.1351622857978
1538 384.5 303.1360984504095
1539 384.75 303.137034458541
1540 385 303.1379703124186
1541 385.25 303.1389060134952
1542 385.5 303.1398415624692
1543 385.75 303.1407769592805
1544 386 303.1417122031689
1545 386.25 303.1426472926989
1546 386.5 303.1435822258011
1547 386.75 303.1445169998188
1548 387 303.1454516115553
1549 387.25 303.1463860573312
1550 387.5 303.1473203330287
1551 387.75 303.1482544188521
1552 388 303.1491883226431
1553 388.25 303.1501220553782
1554 388.5 303.1510555994026
1555 388.75 303.1519889510295
1556 389 303.1529221058961
1557 389.25 303.1538550605147
1558 389.5 303.1547878125319
1559 389.75 303.1557203609944
1560 390 303.1566527065768
1561 390.25 303.1575848517783
1562 390.5 303.1585168009519
1563 390.75 303.1594485602952
1564 391 303.1603801377278
1565 391.25 303.1613115426853
1566 391.5 303.1622427858798
1567 391.75 303.1631738789872
1568 392 303.164104834354
1569 392.25 303.1650356646773
1570 392.5 303.1659663827168
1571 392.75 303.1668970010394
1572 393 303.1678275317679
1573 393.25 303.1687579864125
1574 393.5 303.1696883757014
1575 393.75 303.1706187094677
1576 394 303.1715489965742
1577 394.25 303.1724792448969
1578 394.5 303.1734094612625
1579 394.75 303.1743396515357
1580 395 303.1752698205913
1581 395.25 303.1761999724244
1582 395.5 303.1771301101764
1583 395.75 303.1780602362661
1584 396 303.1789903524454
1585 396.25 303.1799204598545
1586 396.5 303.1808505591693
1587 396.75 303.1817806506146
1588 397 303.182710734102
1589 397.25 303.1836408092313
1590 397.5 303.1845708753902
1591 397.75 303.1855009317947
1592 398 303.1864309775883
1593 398.25 303.1873610117909
1594 398.5 303.1882910334093
1595 398.75 303.1892210414501
1596 399 303.1901510349546
1597 399.25 303.1910810129427
1598 399.5 303.192010974532
1599 399.75 303.1929409188461
1600 400 303.1938709356962
1601 400.25 303.1948008454247
1602 400.5 303.1957307336202
1603 400.75 303.1966606024116
1604 401 303.1975904513051
1605 401.25 303.1985202797992
1606 401.5 303.1994500875785
1607 401.75 303.200379874521
1608 402 303.2013096406423
1609 402.25 303.2022393860325
1610 402.5 303.2031691108141
1611 402.75 303.2040988150582
1612 403 303.2050284987515
1613 403.25 303.2059581617036
1614 403.5 303.2068878034951
1615 403.75 303.2078174233994
1616 404 303.2087470203819
1617 404.25 303.209676593031
1618 404.5 303.2106061395318
1619 404.75 303.2115356576842
1620 405 303.2124651448682
1621 405.25 303.2133945980561
1622 405.5 303.214324013811
1623 405.75 303.2152533882965
1624 406 303.2161827172707
1625 406.25 303.2171119961019
1626 406.5 303.2180412197426
1627 406.75 303.2189703827702
1628 407 303.2198994793421
1629 407.25 303.2208285032494
1630 407.5 303.2217574478912
1631 407.75 303.2226863063387
1632 408 303.2236150713211
1633 408.25 303.2245437352849
1634 408.5 303.2254722904491
1635 408.75 303.2264007288188
1636 409 303.2273290423018
1637 409.25 303.2282572227163
1638 409.5 303.2291852618953
1639 409.75 303.2301131517953
1640 410 303.2310408845062
1641 410.25 303.2319684523398
1642 410.5 303.2328958478727
1643 410.75 303.2338231594916
1644 411 303.2347502721385
1645 411.25 303.2356771015117
1646 411.5 303.2366037305622
1647 411.75 303.2375301557836
1648 412 303.2384563703101
1649 412.25 303.2393823665288
1650 412.5 303.2403081360206
1651 412.75 303.2412336691236
1652 413 303.242158954627
1653 413.25 303.2430839794944
1654 413.5 303.2440087287154
1655 413.75 303.2449331852495
1656 414 303.2458573300906
1657 414.25 303.2467811424096
1658 414.5 303.2477045997733
1659 414.75 303.2486276784132
1660 415 303.2495503535384
1661 415.25 303.250472599649
1662 415.5 303.2513943908484
1663 415.75 303.2523157011333
1664 416 303.2532365046637
1665 416.25 303.2541567889321
1666 416.5 303.2550764930095
1667 416.75 303.2559956156379
1668 417 303.2569141348656
1669 417.25 303.2578320288243
1670 417.5 303.2587492768314
1671 417.75 303.2596658595738
1672 418 303.2605817591734
1673 418.25 303.2614969592024
1674 418.5 303.2624114447644
1675 418.75 303.263325202482
1676 419 303.2642382205069
1677 419.25 303.2651504884511
1678 419.5 303.2660619973549
1679 419.75 303.2669727395795
1680 420 303.2678827087071
1681 420.25 303.2687918994212
1682 420.5 303.2697003073843
1683 420.75 303.2706079290806
1684 421 303.2715147617282
1685 421.25 303.2724208031157
1686 421.5 303.2733260515617
1687 421.75 303.2742305058024
1688 422 303.2751341649098
1689 422.25 303.2760370283074
1690 422.5 303.2769390957048
1691 422.75 303.2778403671831
1692 423 303.2787408432054
1693 423.25 303.2796405246664
1694 423.5 303.2805394130318
1695 423.75 303.2814375103716
1696 424 303.2823348194841
1697 424.25 303.2832313439342
1698 424.5 303.2841270881448
1699 424.75 303.2850220574014
1700 425 303.2859162579177
1701 425.25 303.2868096968036
1702 425.5 303.2877023820251
1703 425.75 303.2885943224072
1704 426 303.289485527567
1705 426.25 303.2903760078765
1706 426.5 303.2912657744121
1707 426.75 303.2921548388834
1708 427 303.2930432136232
1709 427.25 303.2939309115237
1710 427.5 303.2948179459847
1711 427.75 303.295704330899
1712 428 303.2965900805858
1713 428.25 303.2974752097968
1714 428.5 303.2983597336536
1715 428.75 303.2992436676005
1716 429 303.3001270274383
1717 429.25 303.3010098292152
1718 429.5 303.3018920892479
1719 429.75 303.3027738240602
1720 430 303.303655050351
1721 430.25 303.304535784924
1722 430.5 303.3054160447256
1723 430.75 303.3062958467217
1724 431 303.3071752079271
1725 431.25 303.3080541453535
1726 431.5 303.3089326759684
1727 431.75 303.3098108166855
1728 432 303.3106885843283
1729 432.25 303.3115659955707
1730 432.5 303.312443066964
1731 432.75 303.3133198148317
1732 433 303.3141962552797
1733 433.25 303.3150724041215
1734 433.5 303.3159482768783
1735 433.75 303.3168238886889
1736 434 303.3176992543385
1737 434.25 303.3185743881237
1738 434.5 303.3194493039221
1739 434.75 303.3203240150887
1740 435 303.3211985344414
1741 435.25 303.3220728742004
1742 435.5 303.3229470460099
1743 435.75 303.3238210608753
1744 436 303.3246949291562
1745 436.25 303.3255686605352
1746 436.5 303.3264422640403
1747 436.75 303.327315748004
1748 437 303.328189120107
1749 437.25 303.3290623873207
1750 437.5 303.3299355559807
1751 437.75 303.3308086317542
1752 438 303.3316816196877
1753 438.25 303.3325545241449
1754 438.5 303.3334273488773
1755 438.75 303.3343000969465
1756 439 303.3351727493837
1757 439.25 303.3360453497061
1758 439.5 303.3369178793075
1759 439.75 303.3377903379763
1760 440 303.3386627256343
1761 440.25 303.3395350416138
1762 440.5 303.3404072845394
1763 440.75 303.3412794523661
1764 441 303.3421515423523
1765 441.25 303.3430235510626
1766 441.5 303.3438954743943
1767 441.75 303.3447673075542
1768 442 303.3456390451094
1769 442.25 303.3465106809718
1770 442.5 303.3473822084429
1771 442.75 303.3482536202433
1772 443 303.3491249085486
1773 443.25 303.3499960650172
1774 443.5 303.3508670808383
1775 443.75 303.3517379467396
1776 444 303.3526086530463
1777 444.25 303.3534791896755
1778 444.5 303.354349546196
1779 444.75 303.355219711806
1780 445 303.3560896754013
1781 445.25 303.3569594255779
1782 445.5 303.3578289506806
1783 445.75 303.3586982387857
1784 446 303.3595672778149
1785 446.25 303.3604360555069
1786 446.5 303.3613045595062
1787 446.75 303.3621727773981
1788 447 303.363040696794
1789 447.25 303.3639083053784
1790 447.5 303.364775590994
1791 447.75 303.3656425417308
1792 448 303.366509145998
1793 448.25 303.3673753926064
1794 448.5 303.3682412708286
1795 448.75 303.3691067704922
1796 449 303.3699718820116
1797 449.25 303.3708365964364
1798 449.5 303.3717009055025
1799 449.75 303.3725648016376
1800 450 303.3734282779935
1801 450.25 303.3742913284825
1802 450.5 303.3751539477934
1803 450.75 303.3760161314248
1804 451 303.3768778757049
1805 451.25 303.3777391778009
1806 451.5 303.3786000358187
1807 451.75 303.3794604487384
1808 452 303.3803204164723
1809 452.25 303.3811799398874
1810 452.5 303.3820390208053
1811 452.75 303.382897661956
1812 453 303.3837558670435
1813 453.25 303.3846136406831
1814 453.5 303.3854709884111
1815 453.75 303.386327916654
1816 454 303.387184432715
1817 454.25 303.3880405447478
1818 454.5 303.3888962617328
1819 454.75 303.3897515934284
1820 455 303.390606550375
1821 455.25 303.3914611438137
1822 455.5 303.3923153856828
1823 455.75 303.3931692885357
1824 456 303.3940228655457
1825 456.25 303.3948761303855
1826 456.5 303.3957290972799
1827 456.75 303.3965817808061
1828 457 303.3974341959
1829 457.25 303.3982863577664
1830 457.5 303.3991382817713
1831 457.75 303.3999899833758
1832 458 303.400841478017
1833 458.25 303.401692780946
1834 458.5 303.4025439072045
1835 458.75 303.4033948714213
1836 459 303.4042456877633
1837 459.25 303.4050963697989
1838 459.5 303.4059469304494
1839 459.75 303.4067973819044
1840 460 303.4076477355779
1841 460.25 303.4084980020882
1842 460.5 303.4093481912722
1843 460.75 303.4101983121386
1844 461 303.4110483729656
1845 461.25 303.41189838125
1846 461.5 303.4127483438644
1847 461.75 303.4135982669855
1848 462 303.4144481562532
1849 462.25 303.4152980167657
1850 462.5 303.4161478531508
1851 462.75 303.4169976695326
1852 463 303.4178474696715
1853 463.25 303.4186972758303
1854 463.5 303.4195470727239
1855 463.75 303.4203968447439
1856 464 303.4212466108431
1857 464.25 303.4220963734405
1858 464.5 303.4229461339531
1859 464.75 303.4237958934049
1860 465 303.4246456523259
1861 465.25 303.425495410719
1862 465.5 303.4263451680082
1863 465.75 303.4271949229102
1864 466 303.4280446733902
1865 466.25 303.4288944166003
1866 466.5 303.4297441488504
1867 466.75 303.4305938655538
1868 467 303.4314435612763
1869 467.25 303.4322932297244
1870 467.5 303.4331428638043
1871 467.75 303.4339924556346
1872 468 303.4348419966521
1873 468.25 303.4356914776294
1874 468.5 303.4365408887774
1875 468.75 303.4373902197854
1876 469 303.4382394599082
1877 469.25 303.4390885979959
1878 469.5 303.4399376225997
1879 469.75 303.4407865219648
1880 470 303.4416352841357
1881 470.25 303.4424838969317
1882 470.5 303.4433323480467
1883 470.75 303.4441806250062
1884 471 303.4450287153217
1885 471.25 303.44587660638
1886 471.5 303.4467242855957
1887 471.75 303.4475717404277
1888 472 303.4484189584655
1889 472.25 303.449265927485
1890 472.5 303.4501126355439
1891 472.75 303.4509590710831
1892 473 303.451805223013
1893 473.25 303.4526510808075
1894 473.5 303.4534966345747
1895 473.75 303.4543418751437
1896 474 303.4551867941189
1897 474.25 303.4560313839157
1898 474.5 303.4568756378285
1899 474.75 303.4577195500256
1900 475 303.4585631156065
1901 475.25 303.4594063305815
1902 475.5 303.4602491919403
1903 475.75 303.4610916975801
1904 476 303.4619338463608
1905 476.25 303.4627756380613
1906 476.5 303.4636170733805
1907 476.75 303.4644581538711
1908 477 303.4652988819376
1909 477.25 303.466139260777
1910 477.5 303.4669793259163
1911 477.75 303.4678190456512
1912 478 303.4686584275244
1913 478.25 303.4694974788258
1914 478.5 303.4703362067567
1915 478.75 303.4711745922936
1916 479 303.4720126702537
1917 479.25 303.4728504491233
1918 479.5 303.4736879363909
1919 479.75 303.4745251397483
1920 480 303.4753620670242
1921 480.25 303.4761987260028
1922 480.5 303.4770351243604
1923 480.75 303.4778712694286
1924 481 303.4787071681455
1925 481.25 303.4795428268785
1926 481.5 303.4803782513492
1927 481.75 303.481213446581
1928 482 303.4820484167909
1929 482.25 303.4828831653561
1930 482.5 303.4837176947855
1931 482.75 303.4845520066816
1932 483 303.4853861017554
1933 483.25 303.4862199798137
1934 483.5 303.487053639753
1935 483.75 303.4878870795451
1936 484 303.4887202962885
1937 484.25 303.4895532861503
1938 484.5 303.490386044381
1939 484.75 303.4912185653218
1940 485 303.4920508424005
1941 485.25 303.4928828681153
1942 485.5 303.4937146340631
1943 485.75 303.4945461309202
1944 486 303.4953773484695
1945 486.25 303.4962082756275
1946 486.5 303.4970389005211
1947 486.75 303.4978692104942
1948 487 303.4986991922419
1949 487.25 303.4995288318756
1950 487.5 303.5003581150712
1951 487.75 303.5011870272015
1952 488 303.5020155535246
1953 488.25 303.50284367931
1954 488.5 303.5036713900623
1955 488.75 303.5044986716827
1956 489 303.5053255106722
1957 489.25 303.5061518942977
1958 489.5 303.5069778107542
1959 489.75 303.5078032493261
1960 490 303.5086282004985
1961 490.25 303.5094526560533
1962 490.5 303.5102765743655
1963 490.75 303.5110999840045
1964 491 303.5119228801221
1965 491.25 303.5127452607328
1966 491.5 303.5135671255808
1967 491.75 303.5143884760801
1968 492 303.5152093151635
1969 492.25 303.5160296803101
1970 492.5 303.516849545691
1971 492.75 303.5176689167791
1972 493 303.5184878014255
1973 493.25 303.5193062084011
1974 493.5 303.5201241470355
1975 493.75 303.5209416268484
1976 494 303.5217586572127
1977 494.25 303.5225752470425
1978 494.5 303.5233914045366
1979 494.75 303.5242071369258
1980 495 303.5250224502627
1981 495.25 303.525837349304
1982 495.5 303.5266518373726
1983 495.75 303.5274659162969
1984 496 303.5282795863662
1985 496.25 303.5290928463252
1986 496.5 303.529905693384
1987 496.75 303.5307181232697
1988 497 303.531530130295
1989 497.25 303.5323417074246
1990 497.5 303.5331528464248
1991 497.75 303.5339635379302
1992 498 303.5347737716471
1993 498.25 303.5355835364312
1994 498.5 303.5363927884986
1995 498.75 303.5372015493858
1996 499 303.5380098320077
1997 499.25 303.538817597274
1998 499.5 303.5396248305933
1999 499.75 303.540431518462
2000 500 303.5412376472332
2001 500.25 303.5420432029642
2002 500.5 303.5428481715609
2003 500.75 303.5436525388766
2004 501 303.5444562908235
2005 501.25 303.5452594136323
2006 501.5 303.5460618940343
2007 501.75 303.5468637194792
2008 502 303.5476648784115
2009 502.25 303.5484653604205
2010 502.5 303.5492651563878
2011 502.75 303.5500642586217
2012 503 303.5508626609083
2013 503.25 303.5516603584529
2014 503.5 303.5524573479028
2015 503.75 303.5532536271867
2016 504 303.5540491954447
2017 504.25 303.5548440528855
2018 504.5 303.5556382006576
2019 504.75 303.5564316406748
2020 505 303.5572243755424
2021 505.25 303.5580164083982
2022 505.5 303.5588077428341
2023 505.75 303.5595983827959
2024 506 303.5603883325264
2025 506.25 303.5611775965137
2026 506.5 303.5619661794614
2027 506.75 303.5627540862628
2028 507 303.5635413219693
2029 507.25 303.5643278918167
2030 507.5 303.5651138011996
2031 507.75 303.5658990556839
2032 508 303.5666836610083
2033 508.25 303.5674676231018
2034 508.5 303.5682509480826
2035 508.75 303.5690336422698
2036 509 303.5698157121909
2037 509.25 303.5705971645932
2038 509.5 303.5713780064337
2039 509.75 303.5721581294079
2040 510 303.5729376614869
2041 510.25 303.5737167124598
2042 510.5 303.5744951875565
2043 510.75 303.5752730924603
2044 511 303.5760503260864
2045 511.25 303.5768271213672
2046 511.5 303.5776033848066
2047 511.75 303.578379128151
2048 512 303.5791543685472
2049 512.25 303.5799291255895
2050 512.5 303.5807034211107
2051 512.75 303.5814772789658
2052 513 303.5822507248399
2053 513.25 303.5830237858202
2054 513.5 303.5837964900593
2055 513.75 303.5845688661885
2056 514 303.5853409428634
2057 514.25 303.5861127482632
2058 514.5 303.5868843096329
2059 514.75 303.5876556528974
2060 515 303.5884268022673
2061 515.25 303.5891977799911
2062 515.5 303.589968606066
2063 515.75 303.590739298118
2064 516 303.5915098712372
2065 516.25 303.5922803379253
2066 516.5 303.593050708032
2067 516.75 303.5938209888134
2068 517 303.5945911849357
2069 517.25 303.5953612985519
2070 517.5 303.5961313294175
2071 517.75 303.5969012749899
2072 518 303.5976711305316
2073 518.25 303.5984408892808
2074 518.5 303.5992105425656
2075 518.75 303.599980079956
2076 519 303.6007494894665
2077 519.25 303.6015187576668
2078 519.5 303.602287869898
2079 519.75 303.6030568104553
2080 520 303.6038255627863
2081 520.25 303.6045941096522
2082 520.5 303.6053624333869
2083 520.75 303.6061305160356
2084 521 303.6068983395621
2085 521.25 303.6076658859729
2086 521.5 303.6084331374722
2087 521.75 303.6092000765685
2088 522 303.6099666861322
2089 522.25 303.6107329495029
2090 522.5 303.6114988504989
2091 522.75 303.6122643734649
2092 523 303.6130295032858
2093 523.25 303.6137942253972
2094 523.5 303.6145585257937
2095 523.75 303.6153223910517
2096 524 303.6160858083347
2097 524.25 303.6168487654252
2098 524.5 303.6176112507351
2099 524.75 303.618373253385
2100 525 303.619134763194
2101 525.25 303.61989577075
2102 525.5 303.6206562674182
2103 525.75 303.6214162454391
2104 526 303.6221756978729
2105 526.25 303.6229346187271
2106 526.5 303.6236930028963
2107 526.75 303.6244508462456
2108 527 303.6252081455512
2109 527.25 303.6259648985776
2110 527.5 303.6267211040053
2111 527.75 303.6274767614694
2112 528 303.6282318715359
2113 528.25 303.6289864356831
2114 528.5 303.6297404562998
2115 528.75 303.6304939366742
2116 529 303.6312468809762
2117 529.25 303.6319992942429
2118 529.5 303.6327511823778
2119 529.75 303.6335025520693
2120 530 303.634253410808
2121 530.25 303.6350037668793
2122 530.5 303.6357536292448
2123 530.75 303.6365030075684
2124 531 303.6372519120982
2125 531.25 303.638000353663
2126 531.5 303.6387483435305
2127 531.75 303.6394958933689
2128 532 303.6402430150794
2129 532.25 303.6409897207776
2130 532.5 303.6417360226129
2131 532.75 303.6424819327353
2132 533 303.6432274630944
2133 533.25 303.643972625432
2134 533.5 303.6447174311272
2135 533.75 303.6454618911065
2136 534 303.646206015808
2137 534.25 303.646949815091
2138 534.5 303.6476932981905
2139 534.75 303.6484364207785
2140 535 303.6491792411503
2141 535.25 303.6499218176354
2142 535.5 303.6506641104139
2143 535.75 303.6514061248238
2144 536 303.6521478676607
2145 536.25 303.6528893461293
2146 536.5 303.6536305680253
2147 536.75 303.6543715420235
2148 537 303.655112277928
2149 537.25 303.6558527868228
2150 537.5 303.6565930810571
2151 537.75 303.6573331741899
2152 538 303.6580730807813
2153 538.25 303.6588128161089
2154 538.5 303.65955239578
2155 538.75 303.660291835378
2156 539 303.6610311500228
2157 539.25 303.6617703539944
2158 539.5 303.6625094603868
2159 539.75 303.6632484808057
2160 540 303.6639874251429
2161 540.25 303.6647263013928
2162 540.5 303.6654651156054
2163 540.75 303.6662038718318
2164 541 303.6669425721673
2165 541.25 303.6676812168266
2166 541.5 303.6684198042627
2167 541.75 303.6691583312962
2168 542 303.6698967932944
2169 542.25 303.6706351843456
2170 542.5 303.6713734974337
2171 542.75 303.6721117246244
2172 543 303.6728498572436
2173 543.25 303.6735878860797
2174 543.5 303.6743258015068
2175 543.75 303.6750635937133
2176 544 303.6758012528684
2177 544.25 303.6765387692575
2178 544.5 303.6772761334774
2179 544.75 303.6780133365511
2180 545 303.6787503700895
2181 545.25 303.6794872263688
2182 545.5 303.6802238985151
2183 545.75 303.6809603804982
2184 546 303.6816966672823
2185 546.25 303.682432754815
2186 546.5 303.6831686400993
2187 546.75 303.6839043212308
2188 547 303.6846397973693
2189 547.25 303.6853750688111
2190 547.5 303.6861101369532
2191 547.75 303.6868450042275
2192 548 303.6875796741274
2193 548.25 303.6883141511466
2194 548.5 303.6890484407348
2195 548.75 303.6897825502636
2196 549 303.690516485521
2197 549.25 303.6912502546256
2198 549.5 303.691983866238
2199 549.75 303.6927173293031
2200 550 303.6934506532325
2201 550.25 303.6941838472939
2202 550.5 303.6949169170671
2203 550.75 303.6956498754616
2204 551 303.6963827312834
2205 551.25 303.6971154927695
2206 551.5 303.6978481675455
2207 551.75 303.698580762543
2208 552 303.6993132839202
2209 552.25 303.7000457447795
2210 552.5 303.7007781332647
2211 552.75 303.7015104708637
2212 553 303.7022427508764
2213 553.25 303.7029749653346
2214 553.5 303.7037071266367
2215 553.75 303.7044392367126
2216 554 303.705171313637
2217 554.25 303.7059033437938
2218 554.5 303.7066353115733
2219 554.75 303.7073672384012
2220 555 303.7080991300933
2221 555.25 303.7088310231396
2222 555.5 303.7095628683722
2223 555.75 303.7102947034739
2224 556 303.7110265414724
2225 556.25 303.7117583959426
2226 556.5 303.7124902819381
2227 556.75 303.7132222158116
2228 557 303.7139542149776
2229 557.25 303.7146862975819
2230 557.5 303.7154184821982
2231 557.75 303.7161507874267
2232 558 303.7168832316153
2233 558.25 303.7176158324973
2234 558.5 303.7183486069435
2235 558.75 303.719081570702
2236 559 303.7198147382109
2237 559.25 303.7205481224427
2238 559.5 303.7212817347926
2239 559.75 303.722015585019
2240 560 303.7227496812532
2241 560.25 303.7234840299855
2242 560.5 303.7242186361187
2243 560.75 303.7249535030344
2244 561 303.7256887631169
2245 561.25 303.7264242842468
2246 561.5 303.7271599475442
2247 561.75 303.7278958686434
2248 562 303.7286320481808
2249 562.25 303.7293684811934
2250 562.5 303.7301051609688
2251 562.75 303.7308420792126
2252 563 303.7315792258416
2253 563.25 303.7323165888232
2254 563.5 303.7330541540737
2255 563.75 303.7337919055011
2256 564 303.7345299745734
2257 564.25 303.735268180873
2258 564.5 303.7360065095653
2259 564.75 303.7367448046348
2260 565 303.7374831770305
2261 565.25 303.7382216072949
2262 565.5 303.7389600713755
2263 565.75 303.7396985453697
2264 566 303.7404370062774
2265 566.25 303.7411754322359
2266 566.5 303.7419138027891
2267 566.75 303.7426520990779
2268 567 303.7433903040574
2269 567.25 303.7441284025636
2270 567.5 303.7448663814156
2271 567.75 303.745604229345
2272 568 303.7463419369221
2273 568.25 303.7470794964705
2274 568.5 303.7478169018493
2275 568.75 303.7485541482853
2276 569 303.7492912321727
2277 569.25 303.7500281508487
2278 569.5 303.7507649024175
2279 569.75 303.751501485526
2280 570 303.7522378992054
2281 570.25 303.7529741427244
2282 570.5 303.7537102154435
2283 570.75 303.7544461167016
2284 571 303.7551818457673
2285 571.25 303.7559174017244
2286 571.5 303.756652783461
2287 571.75 303.7573879895909
2288 572 303.7581230185028
2289 572.25 303.7588578682988
2290 572.5 303.759592536848
2291 572.75 303.7603270217322
2292 573 303.761061320279
2293 573.25 303.7617954295567
2294 573.5 303.762529346349
2295 573.75 303.763263070301
2296 574 303.7639965847137
2297 574.25 303.764729887949
2298 574.5 303.7654629799415
2299 574.75 303.7661958585341
2300 575 303.7669285182814
2301 575.25 303.7676609532987
2302 575.5 303.7683931571299
2303 575.75 303.7691251227675
2304 576 303.7698568426683
2305 576.25 303.7705883088037
2306 576.5 303.7713194822101
2307 576.75 303.7720504103432
2308 577 303.7727810595641
2309 577.25 303.7735114201911
2310 577.5 303.7742414836765
2311 577.75 303.7749712418759
2312 578 303.7757006871179
2313 578.25 303.7764298123798
2314 578.5 303.7771586113914
2315 578.75 303.7778870787169
2316 579 303.7786152097786
2317 579.25 303.7793430008385
2318 579.5 303.780070448915
2319 579.75 303.780797551663
2320 580 303.7815243072537
2321 580.25 303.7822507142008
2322 580.5 303.7829767711766
2323 580.75 303.7837024768677
2324 581 303.7844278297832
2325 581.25 303.7851528281195
2326 581.5 303.7858774695777
2327 581.75 303.7866017513299
2328 582 303.7873256698925
2329 582.25 303.7880492211235
2330 582.5 303.7887724002047
2331 582.75 303.7894952016829
2332 583 303.7902176195341
2333 583.25 303.7909396473059
2334 583.5 303.7916612285982
2335 583.75 303.7923824533041
2336 584 303.7931032689408
2337 584.25 303.7938236672646
2338 584.5 303.794543642185
2339 584.75 303.7952631883583
2340 585 303.7959823011498
2341 585.25 303.7967009768259
2342 585.5 303.797419212612
2343 585.75 303.7981370068337
2344 586 303.7988543588953
2345 586.25 303.7995712693323
2346 586.5 303.800287739743
2347 586.75 303.8010037727501
2348 587 303.8017193719329
2349 587.25 303.8024345417124
2350 587.5 303.8031492872611
2351 587.75 303.8038636143998
2352 588 303.8045775294833
2353 588.25 303.8052910393066
2354 588.5 303.8060041509833
2355 588.75 303.8067168718653
2356 589 303.8074292094794
2357 589.25 303.8081411713613
2358 589.5 303.8088527650571
2359 589.75 303.8095639980193
2360 590 303.8102748775261
2361 590.25 303.8109854106854
2362 590.5 303.8116956043364
2363 590.75 303.8124054650417
2364 591 303.8131149990364
2365 591.25 303.8138242122382
2366 591.5 303.8145331102397
2367 591.75 303.8152416982936
2368 592 303.8159499813234
2369 592.25 303.8166579639838
2370 592.5 303.8173656506468
2371 592.75 303.8180730454781
2372 593 303.8187801524547
2373 593.25 303.8194869753708
2374 593.5 303.8201935179174
2375 593.75 303.8208997837127
2376 594 303.8216057763034
2377 594.25 303.8223114992028
2378 594.5 303.8230169558807
2379 594.75 303.8237221497943
2380 595 303.8244270843534
2381 595.25 303.8251317629958
2382 595.5 303.8258361890711
2383 595.75 303.8265403659252
2384 596 303.8272442968938
2385 596.25 303.8279479853017
2386 596.5 303.8286514344381
2387 596.75 303.8293546475866
2388 597 303.8300576279061
2389 597.25 303.8307603785043
2390 597.5 303.8314629022735
2391 597.75 303.8321652018522
2392 598 303.8328672795246
2393 598.25 303.8335691371158
2394 598.5 303.8342707758837
2395 598.75 303.8349721964261
2396 599 303.8356733986121
2397 599.25 303.8363743815239
2398 599.5 303.8370751433974
2399 599.75 303.8377756232446
2400 600 303.8384758752092
2401 600.25 303.8391759469332
2402 600.5 303.8398757834053
2403 600.75 303.8405753776302
2404 601 303.8412747239979
2405 601.25 303.8419738168243
2406 601.5 303.8426726504786
2407 601.75 303.8433712197248
2408 602 303.8440695200651
2409 602.25 303.8447675480064
2410 602.5 303.845465301263
2411 602.75 303.8461627788601
2412 603 303.8468599811164
2413 603.25 303.847556909563
2414 603.5 303.8482535667363
2415 603.75 303.8489499559548
2416 604 303.8496460810508
2417 604.25 303.8503419460504
2418 604.5 303.8510375548872
2419 604.75 303.8517329111544
2420 605 303.8524280178637
2421 605.25 303.8531228772623
2422 605.5 303.8538174906798
2423 605.75 303.8545118584371
2424 606 303.855205979802
2425 606.25 303.8558998529498
2426 606.5 303.8565934750067
2427 606.75 303.8572868420696
2428 607 303.8579799492431
2429 607.25 303.8586727907539
2430 607.5 303.8593653600323
2431 607.75 303.86005764974
2432 608 303.860749651973
2433 608.25 303.8614413582359
2434 608.5 303.8621327596124
2435 608.75 303.8628238467931
2436 609 303.8635146102329
2437 609.25 303.8642050401486
2438 609.5 303.8648951265617
2439 609.75 303.8655848594115
2440 610 303.8662742285772
2441 610.25 303.866963223928
2442 610.5 303.8676518353101
2443 610.75 303.8683400526295
2444 611 303.8690278658156
2445 611.25 303.86971526486
2446 611.5 303.8704022397778
2447 611.75 303.8710887806214
2448 612 303.8717748774274
2449 612.25 303.8724605202113
2450 612.5 303.8731456988903
2451 612.75 303.8738304032668
2452 613 303.8745146229925
2453 613.25 303.8751983475551
2454 613.5 303.8758815662429
2455 613.75 303.8765642681864
2456 614 303.877246442375
2457 614.25 303.8779280777139
2458 614.5 303.8786091630787
2459 614.75 303.8792896874098
2460 615 303.8799696398146
2461 615.25 303.8806490096453
2462 615.5 303.8813277865948
2463 615.75 303.8820059608188
2464 616 303.8826835230029
2465 616.25 303.8833604644876
2466 616.5 303.884036777305
2467 616.75 303.8847124543354
2468 617 303.885387489377
2469 617.25 303.8860618772499
2470 617.5 303.8867356138779
2471 617.75 303.8874086964421
2472 618 303.8880810773692
2473 618.25 303.8887528022085
2474 618.5 303.8894239122283
2475 618.75 303.8900943733107
2476 619 303.8907641895058
2477 619.25 303.8914333678159
2478 619.5 303.8921019174958
2479 619.75 303.8927698501143
2480 620 303.8934371796836
2481 620.25 303.8941039226069
2482 620.5 303.8947700976431
2483 620.75 303.89543572571
2484 621 303.8961008296215
2485 621.25 303.896765433779
2486 621.5 303.8974295638108
2487 621.75 303.8980932461975
2488 622 303.8987565078644
2489 622.25 303.8994193757974
2490 622.5 303.9000818766968
2491 622.75 303.900744036639
2492 623 303.9014058807823
2493 623.25 303.9020674331333
2494 623.5 303.902728716326
2495 623.75 303.9033897514558
2496 624 303.9040505579823
2497 624.25 303.9047111536456
2498 624.5 303.9053715544175
2499 624.75 303.9060317745161
2500 625 303.9066918264212
2501 625.25 303.907351720904
2502 625.5 303.9080114671191
2503 625.75 303.9086710726876
2504 626 303.9093305437539
2505 626.25 303.909989885099
2506 626.5 303.9106491002246
2507 626.75 303.9113081914907
2508 627 303.9119671152918
2509 627.25 303.9126259188905
2510 627.5 303.9132846003205
2511 627.75 303.9139431981126
2512 628 303.9146016701123
2513 628.25 303.9152600128085
2514 628.5 303.915918223214
2515 628.75 303.9165762978596
2516 629 303.9172342326598
2517 629.25 303.9178920229103
2518 629.5 303.9185496632498
2519 629.75 303.9192071076761
2520 630 303.9198643911691
2521 630.25 303.9205215405457
2522 630.5 303.9211785110479
2523 630.75 303.9218352925214
2524 631 303.922491875074
2525 631.25 303.9231482482784
2526 631.5 303.9238044012596
2527 631.75 303.9244603228904
2528 632 303.9251160019286
2529 632.25 303.9257714271704
2530 632.5 303.9264265875749
2531 632.75 303.9270814724046
2532 633 303.9277360712301
2533 633.25 303.9283903740327
2534 633.5 303.9290443711786
2535 633.75 303.9296980534526
2536 634 303.930351412044
2537 634.25 303.931004438533
2538 634.5 303.9316571248861
2539 634.75 303.9323094634343
2540 635 303.9329614468303
2541 635.25 303.9336130680305
2542 635.5 303.9342643203158
2543 635.75 303.9349151971748
2544 636 303.9355656923551
2545 636.25 303.9362157998444
2546 636.5 303.9368655137669
2547 636.75 303.9375148284127
2548 637 303.9381637381827
2549 637.25 303.9388122375474
2550 637.5 303.9394603209991
2551 637.75 303.9401079830167
2552 638 303.9407552179858
2553 638.25 303.9414020201956
2554 638.5 303.9420483837445
2555 638.75 303.9426943025466
2556 639 303.9433397702893
2557 639.25 303.9439847804277
2558 639.5 303.9446293262016
2559 639.75 303.9452734006259
2560 640 303.9459169965285
2561 640.25 303.9465601065569
2562 640.5 303.9472027232498
2563 640.75 303.9478448390612
2564 641 303.9484864464043
2565 641.25 303.9491275377215
2566 641.5 303.9497681055265
2567 641.75 303.9504081424529
2568 642 303.9510476413219
2569 642.25 303.9516865951857
2570 642.5 303.9523249973653
2571 642.75 303.9529628414996
2572 643 303.9536001215846
2573 643.25 303.9542368320041
2574 643.5 303.9548729675406
2575 643.75 303.9555084140026
2576 644 303.9561432813626
2577 644.25 303.9567776619369
2578 644.5 303.9574114541328
2579 644.75 303.9580446519893
2580 645 303.9586772536787
2581 645.25 303.9593092584508
2582 645.5 303.959940666551
2583 645.75 303.9605714794342
2584 646 303.9612016999075
2585 646.25 303.9618313322633
2586 646.5 303.9624603823133
2587 646.75 303.9630888573611
2588 647 303.9637167661437
2589 647.25 303.9643441187484
2590 647.5 303.9649709264426
2591 647.75 303.9655972015267
2592 648 303.9662229571596
2593 648.25 303.9668482071636
2594 648.5 303.9674729658416
2595 648.75 303.9680972477727
2596 649 303.9687210676354
2597 649.25 303.969344440031
2598 649.5 303.9699673793245
2599 649.75 303.9705898995164
2600 650 303.9712120140998
2601 650.25 303.9718337359702
2602 650.5 303.9724550773359
2603 650.75 303.9730759569351
2604 651 303.9736964866298
2605 651.25 303.9743167537388
2606 651.5 303.9749365990272
2607 651.75 303.9755562002715
2608 652 303.9761754841722
2609 652.25 303.9767944581798
2610 652.5 303.9774131333486
2611 652.75 303.9780315223383
2612 653 303.9786496396518
2613 653.25 303.9792675019676
2614 653.5 303.9798851283366
2615 653.75 303.9805025402045
2616 654 303.9811197613283
2617 654.25 303.9817368175184
2618 654.5 303.9823537362907
2619 654.75 303.9829705464753
2620 655 303.9835872777633
2621 655.25 303.9842039602448
2622 655.5 303.9848206239481
2623 655.75 303.9854372984303
2624 656 303.9860540123713
2625 656.25 303.9866707932291
2626 656.5 303.9872876669057
2627 656.75 303.9879046575429
2628 657 303.9885217872738
2629 657.25 303.9891390760652
2630 657.5 303.989756541664
2631 657.75 303.9903741994488
2632 658 303.9909920624123
2633 658.25 303.9916101411035
2634 658.5 303.9922284437175
2635 658.75 303.9928469760509
2636 659 303.9934658046042
2637 659.25 303.9940848743661
2638 659.5 303.9947041180789
2639 659.75 303.9953235887241
2640 660 303.9959432815872
2641 660.25 303.9965631876567
2642 660.5 303.9971832949416
2643 660.75 303.997803588374
2644 661 303.9984240496224
2645 661.25 303.9990446569392
2646 661.5 303.9996654728722
2647 661.75 304.0002863751408
2648 662 304.000907253345
2649 662.25 304.0015282398478
2650 662.5 304.00214912827
2651 662.75 304.0027700474872
2652 663 304.0033907930062
2653 663.25 304.0040114094251
2654 663.5 304.0046319398493
2655 663.75 304.005252258864
2656 664 304.005872271624
2657 664.25 304.0064920232098
2658 664.5 304.0071114914664
2659 664.75 304.0077306563708
2660 665 304.0083495655077
2661 665.25 304.0089681333507
2662 665.5 304.0095863532754
2663 665.75 304.0102041888934
2664 666 304.0108216928027
2665 666.25 304.0114388739369
2666 666.5 304.0120557924926
2667 666.75 304.0126723615301
2668 667 304.0132886490251
2669 667.25 304.0139046755992
2670 667.5 304.0145204615489
2671 667.75 304.0151360277239
2672 668 304.0157513948529
2673 668.25 304.0163665827588
2674 668.5 304.0169816097127
2675 668.75 304.0175964918698
2676 669 304.0182112428369
2677 669.25 304.0188258734591
2678 669.5 304.0194403916784
2679 669.75 304.0200548025749
2680 670 304.0206691084551
2681 670.25 304.0212833090631
2682 670.5 304.0218974018248
2683 670.75 304.0225113821621
2684 671 304.0231252437446
2685 671.25 304.0237389788447
2686 671.5 304.0243525785863
2687 671.75 304.0249660716637
2688 672 304.0255794022791
2689 672.25 304.0261925298751
2690 672.5 304.0268054803681
2691 672.75 304.0274182449517
2692 673 304.028030814294
2693 673.25 304.0286431800915
2694 673.5 304.0292553354846
2695 673.75 304.0298672753389
2696 674 304.0304789964174
2697 674.25 304.0310904975069
2698 674.5 304.0317017794615
2699 674.75 304.032312845135
2700 675 304.0329236992333
2701 675.25 304.0335343481455
2702 675.5 304.0341447996807
2703 675.75 304.0347550627241
2704 676 304.0353651470136
2705 676.25 304.0359750626768
2706 676.5 304.036584819964
2707 676.75 304.0371944289029
2708 677 304.0378038989812
2709 677.25 304.0384132388268
2710 677.5 304.0390224559767
2711 677.75 304.0396315566229
2712 678 304.0402405454506
2713 678.25 304.0408494254363
2714 678.5 304.0414581977727
2715 678.75 304.0420668618145
2716 679 304.0426754150473
2717 679.25 304.0432838530521
2718 679.5 304.0438921696439
2719 679.75 304.0445003569345
2720 680 304.0451084053929
2721 680.25 304.0457163040971
2722 680.5 304.0463240409082
2723 680.75 304.0469316026503
2724 681 304.0475389754126
2725 681.25 304.0481461447648
2726 681.5 304.0487530960289
2727 681.75 304.0493598145144
2728 682 304.0499662857506
2729 682.25 304.0505724956997
2730 682.5 304.0511784309072
2731 682.75 304.0517840786659
2732 683 304.0523894271164
2733 683.25 304.0529944653138
2734 683.5 304.0535991833031
2735 683.75 304.0542035721699
2736 684 304.0548076240007
2737 684.25 304.0554113319088
2738 684.5 304.056014700918
2739 684.75 304.0566177122955
2740 685 304.0572203541071
2741 685.25 304.0578226339009
2742 685.5 304.0584245491517
2743 685.75 304.0590260974907
2744 686 304.0596272770122
2745 686.25 304.0602280862675
2746 686.5 304.060828524295
2747 686.75 304.0614285906462
2748 687 304.0620282854784
2749 687.25 304.062627609636
2750 687.5 304.0632265647275
2751 687.75 304.0638251532303
2752 688 304.0644233784963
2753 688.25 304.065021244764
2754 688.5 304.0656187571322
2755 688.75 304.0662159214723
2756 689 304.0668127443368
2757 689.25 304.0674092328027
2758 689.5 304.0680053943346
2759 689.75 304.0686012366214
2760 690 304.0691967674187
2761 690.25 304.0697919943884
2762 690.5 304.0703869249768
2763 690.75 304.0709815662859
2764 691 304.0715759249825
2765 691.25 304.0721700071832
2766 691.5 304.0727638184
2767 691.75 304.0733573634482
2768 692 304.073950646429
2769 692.25 304.0745436706571
2770 692.5 304.075136438653
2771 692.75 304.0757289521019
2772 693 304.0763212118944
2773 693.25 304.0769132181064
2774 693.5 304.0775049700252
2775 693.75 304.0780964662173
2776 694 304.078687704547
2777 694.25 304.0792786822851
2778 694.5 304.0798693961545
2779 694.75 304.0804598424394
2780 695 304.0810500170791
2781 695.25 304.0816399157361
2782 695.5 304.0822295338995
2783 695.75 304.0828188669746
2784 696 304.0834079103349
2785 696.25 304.0839966593605
2786 696.5 304.0845851095249
2787 696.75 304.0851732563805
2788 697 304.0857610956078
2789 697.25 304.0863486230213
2790 697.5 304.0869358345628
2791 697.75 304.0875227263186
2792 698 304.0881092945293
2793 698.25 304.0886955355537
2794 698.5 304.0892814459335
2795 698.75 304.0898670223302
2796 699 304.0904522615977
2797 699.25 304.0910371607833
2798 699.5 304.0916217171583
2799 699.75 304.0922059282233
2800 700 304.0927897917962
2801 700.25 304.0933733059821
2802 700.5 304.0939564693047
2803 700.75 304.0945392807207
2804 701 304.0951217397073
2805 701.25 304.0957038463316
2806 701.5 304.0962856013107
2807 701.75 304.0968670060795
2808 702 304.0974480628881
2809 702.25 304.0980287748271
2810 702.5 304.0986091459458
2811 702.75 304.099189181242
2812 703 304.0997688867593
2813 703.25 304.1003482695604
2814 703.5 304.1009273377432
2815 703.75 304.1015061043155
2816 704 304.1020845715124
2817 704.25 304.1026627543018
2818 704.5 304.1032406646744
2819 704.75 304.103818315269
2820 705 304.1043957193897
2821 705.25 304.1049728908362
2822 705.5 304.1055498438673
2823 705.75 304.1061265930346
2824 706 304.1067031530181
2825 706.25 304.1072795385538
2826 706.5 304.1078557642514
2827 706.75 304.1084318445506
2828 707 304.1090077957792
2829 707.25 304.1095836265964
2830 707.5 304.1101593525087
2831 707.75 304.1107349878714
2832 708 304.1113105400434
2833 708.25 304.1118860187509
2834 708.5 304.1124614345477
2835 708.75 304.1130367984563
2836 709 304.1136121189847
2837 709.25 304.1141874040649
2838 709.5 304.1147626612824
2839 709.75 304.1153378981083
2840 710 304.1159131220224
2841 710.25 304.116488340683
2842 710.5 304.1170635620074
2843 710.75 304.1176387941783
2844 711 304.1182140456049
2845 711.25 304.1187893248079
2846 711.5 304.1193646402965
2847 711.75 304.1199400003415
2848 712 304.120515412809
2849 712.25 304.1210908849256
2850 712.5 304.1216664230937
2851 712.75 304.122242032699
2852 713 304.1228177179421
2853 713.25 304.123393481735
2854 713.5 304.1239693256229
2855 713.75 304.1245452497242
2856 714 304.1251212527387
2857 714.25 304.1256973319435
2858 714.5 304.1262734832256
2859 714.75 304.1268497011735
2860 715 304.127425979153
2861 715.25 304.1280023093732
2862 715.5 304.1285786830143
2863 715.75 304.1291550903283
2864 716 304.1297315207099
2865 716.25 304.1303079628431
2866 716.5 304.1308844047972
2867 716.75 304.1314608341116
2868 717 304.1320372379042
2869 717.25 304.1326136029536
2870 717.5 304.13318991579
2871 717.75 304.1337661627733
2872 718 304.1343423301572
2873 718.25 304.1349184041496
2874 718.5 304.1354943709874
2875 718.75 304.1360702169756
2876 719 304.136645928538
2877 719.25 304.1372214922401
2878 719.5 304.1377968948608
2879 719.75 304.1383721233688
2880 720 304.1389471650101
2881 720.25 304.1395220072637
2882 720.5 304.1400966379268
2883 720.75 304.1406710451241
2884 721 304.1412452173442
2885 721.25 304.1418191434722
2886 721.5 304.1423928128297
2887 721.75 304.1429662152078
2888 722 304.1435393409082
2889 722.25 304.1441121807964
2890 722.5 304.1446847263137
2891 722.75 304.1452569695419
2892 723 304.1458289032325
2893 723.25 304.1464005208638
2894 723.5 304.1469718166586
2895 723.75 304.1475427856836
2896 724 304.1481134238545
2897 724.25 304.1486837280287
2898 724.5 304.1492536960434
2899 724.75 304.1498233267819
2900 725 304.1503926202034
2901 725.25 304.1509615774283
2902 725.5 304.1515302007423
2903 725.75 304.1520984936485
2904 726 304.152666460849
2905 726.25 304.1532341082155
2906 726.5 304.1538014428493
2907 726.75 304.1543684729724
2908 727 304.154935207909
2909 727.25 304.1555016579429
2910 727.5 304.1560678342931
2911 727.75 304.1566337656166
2912 728 304.1571994278228
2913 728.25 304.1577648539507
2914 728.5 304.1583300584183
2915 728.75 304.158895066474
2916 729 304.1594598751124
2917 729.25 304.1600244928516
2918 729.5 304.1605889462633
2919 729.75 304.1611532505378
2920 730 304.1617174204238
2921 730.25 304.1622814707806
2922 730.5 304.1628454165906
2923 730.75 304.1634092730362
2924 731 304.1639730554725
2925 731.25 304.1645367794704
2926 731.5 304.1651004607644
2927 731.75 304.1656641151801
2928 732 304.1662277585449
2929 732.25 304.1667914065636
2930 732.5 304.1673550745962
2931 732.75 304.1679187775629
2932 733 304.1684825297088
2933 733.25 304.1690463444045
2934 733.5 304.1696102340372
2935 733.75 304.1701742098155
2936 734 304.1707382816764
2937 734.25 304.1713024581181
2938 734.5 304.1718667461781
2939 734.75 304.1724311513941
2940 735 304.1729956777878
2941 735.25 304.1735603278684
2942 735.5 304.1741251026328
2943 735.75 304.1746900017428
2944 736 304.1752550521288
2945 736.25 304.1758202256233
2946 736.5 304.1763855192168
2947 736.75 304.1769508931436
2948 737 304.1775163701643
2949 737.25 304.1780819446475
2950 737.5 304.1786476088896
2951 737.75 304.1792133543039
2952 738 304.1797791716073
2953 738.25 304.1803450508407
2954 738.5 304.1809109813462
2955 738.75 304.1814769517941
2956 739 304.182042950153
2957 739.25 304.1826089637037
2958 739.5 304.1831749790168
2959 739.75 304.1837409819379
2960 740 304.184306957578
2961 740.25 304.1848728903122
2962 740.5 304.1854387637949
2963 740.75 304.1860045609505
2964 741 304.1865702639948
2965 741.25 304.1871358544797
2966 741.5 304.1877013133143
2967 741.75 304.1882666208468
2968 742 304.1888317569113
2969 742.25 304.1893967009229
2970 742.5 304.189961431968
2971 742.75 304.1905259288777
2972 743 304.191090170355
2973 743.25 304.1916541350895
2974 743.5 304.1922178018694
2975 743.75 304.1927811497124
2976 744 304.1933441579837
2977 744.25 304.1939068065749
2978 744.5 304.1944690759976
2979 744.75 304.1950309962946
2980 745 304.1955924466598
2981 745.25 304.1961534631029
2982 745.5 304.1967140319395
2983 745.75 304.1972741387605
2984 746 304.1978337702755
2985 746.25 304.1983929144449
2986 746.5 304.1989515604581
2987 746.75 304.1995096986271
2988 747 304.2000673202749
2989 747.25 304.200624417616
2990 747.5 304.2011809835629
2991 747.75 304.2017370116521
2992 748 304.2022924958429
2993 748.25 304.2028474304313
2994 748.5 304.2034018099278
2995 748.75 304.2039556289873
2996 749 304.2045088823646
2997 749.25 304.2050615648401
2998 749.5 304.2056136712309
2999 749.75 304.2061651963533
3000 750 304.2067161350756
3001 750.25 304.2072664823277
3002 750.5 304.207816233142
3003 750.75 304.2083653827261
3004 751 304.2089139265129
3005 751.25 304.2094618602601
3006 751.5 304.2100091801159
3007 751.75 304.2105558827471
3008 752 304.2111019654221
3009 752.25 304.211647426119
3010 752.5 304.2121922636276
3011 752.75 304.2127364776743
3012 753 304.213280069035
3013 753.25 304.2138229892902
3014 753.5 304.2143653400589
3015 753.75 304.214907078935
3016 754 304.2154482101072
3017 754.25 304.2159887402717
3018 754.5 304.2165286774622
3019 754.75 304.217068030805
3020 755 304.2176068104359
3021 755.25 304.2181450274996
3022 755.5 304.2186826938588
3023 755.75 304.2192198219985
3024 756 304.2197564248203
3025 756.25 304.2202925155113
3026 756.5 304.2208281073174
3027 756.75 304.2213632134689
3028 757 304.2218978470091
3029 757.25 304.2224320207119
3030 757.5 304.2229657470024
3031 757.75 304.2234990378772
3032 758 304.2240319048764
3033 758.25 304.2245643589654
3034 758.5 304.225096410537
3035 758.75 304.2256280693334
3036 759 304.2261593444358
3037 759.25 304.2266902441994
3038 759.5 304.22722077624
3039 759.75 304.2277509474059
3040 760 304.2282807637783
3041 760.25 304.2288102306558
3042 760.5 304.2293393525638
3043 760.75 304.2298681332574
3044 761 304.2303965757387
3045 761.25 304.2309246822463
3046 761.5 304.2314524543764
3047 761.75 304.2319798930303
3048 762 304.2325069984973
3049 762.25 304.2330337704901
3050 762.5 304.2335602082035
3051 762.75 304.2340863103771
3052 763 304.2346120753409
3053 763.25 304.2351375011032
3054 763.5 304.2356625853628
3055 763.75 304.236187325585
3056 764 304.2367117190689
3057 764.25 304.2372357629347
3058 764.5 304.2377594541899
3059 764.75 304.2382827897209
3060 765 304.2388057077187
3061 765.25 304.2393282624722
3062 765.5 304.2398504470808
3063 765.75 304.2403723155548
3064 766 304.2408938117352
3065 766.25 304.2414149300653
3066 766.5 304.2419356659926
3067 766.75 304.2424560144215
3068 767 304.2429759695
3069 767.25 304.243495524558
3070 767.5 304.2440146720168
3071 767.75 304.2445334033157
3072 768 304.245051708845
3073 768.25 304.2455695778954
3074 768.5 304.2460869323131
3075 768.75 304.2466038303315
3076 769 304.2471203074553
3077 769.25 304.2476362963703
3078 769.5 304.2481517807289
3079 769.75 304.248666745185
3080 770 304.2491811744945
3081 770.25 304.2496950538128
3082 770.5 304.250208369053
3083 770.75 304.2507211072037
3084 771 304.2512332565244
3085 771.25 304.2517448066827
3086 771.5 304.252255748738
3087 771.75 304.2527660750992
3088 772 304.2532757793641
3089 772.25 304.2537848561367
3090 772.5 304.2542933008101
3091 772.75 304.2548011093558
3092 773 304.2553082780902
3093 773.25 304.2558148034984
3094 773.5 304.2563206820806
3095 773.75 304.256825910201
3096 774 304.2573304840199
3097 774.25 304.2578343994313
3098 774.5 304.2583376520362
3099 774.75 304.2588402371655
3100 775 304.2593421498747
3101 775.25 304.259843385031
3102 775.5 304.2603439373623
3103 775.75 304.2608438015311
3104 776 304.2613429220022
3105 776.25 304.261841394871
3106 776.5 304.262339117349
3107 776.75 304.2628361802225
3108 777 304.263332532202
3109 777.25 304.2638281688414
3110 777.5 304.2643230878022
3111 777.75 304.2648172882015
3112 778 304.2653107707555
3113 778.25 304.2658035379347
3114 778.5 304.2662955942179
3115 778.75 304.26678694618
3116 779 304.2672776024116
3117 779.25 304.2677675735587
3118 779.5 304.2682568721841
3119 779.75 304.2687455125488
3120 780 304.2692335104761
3121 780.25 304.2697208830868
3122 780.5 304.2702076485006
3123 780.75 304.2706938256406
3124 781 304.2711794339484
3125 781.25 304.271664493136
3126 781.5 304.2721490229813
3127 781.75 304.272632998813
3128 782 304.2731165281562
3129 782.25 304.2735995867306
3130 782.5 304.2740821908318
3131 782.75 304.2745643574453
3132 783 304.2750461027819
3133 783.25 304.2755274421585
3134 783.5 304.2760083899556
3135 783.75 304.2764889596249
3136 784 304.2769691636624
3137 784.25 304.2774490135742
3138 784.5 304.2779285198238
3139 784.75 304.2784076917476
3140 785 304.278886537423
3141 785.25 304.2793650635239
3142 785.5 304.279843275204
3143 785.75 304.2803211759392
3144 786 304.2807987673921
3145 786.25 304.2812760493014
3146 786.5 304.281753019444
3147 786.75 304.2822296735841
3148 787 304.282706005513
3149 787.25 304.283182007105
3150 787.5 304.283657668426
3151 787.75 304.2841329778585
3152 788 304.2846079222751
3153 788.25 304.2850824872087
3154 788.5 304.2855566570529
3155 788.75 304.2860304152337
3156 789 304.2865037444049
3157 789.25 304.2869766266659
3158 789.5 304.2874490436884
3159 789.75 304.2879209769286
3160 790 304.2883924078153
3161 790.25 304.2888633178924
3162 790.5 304.2893336890614
3163 790.75 304.2898035037011
3164 791 304.2902727449226
3165 791.25 304.2907413967355
3166 791.5 304.2912094442257
3167 791.75 304.2916768199074
3168 792 304.2921435650756
3169 792.25 304.2926097192424
3170 792.5 304.2930751683613
3171 792.75 304.2935400128353
3172 793 304.2940041951352
3173 793.25 304.2944677089437
3174 793.5 304.2949305518022
3175 793.75 304.2953927232923
3176 794 304.2958542248898
3177 794.25 304.2963150600352
3178 794.5 304.2967752341175
3179 794.75 304.2972347544231
3180 795 304.29769363008
3181 795.25 304.2981518718763
3182 795.5 304.2986094921404
3183 795.75 304.2990665044809
3184 796 304.2995229236317
3185 796.25 304.2999787652284
3186 796.5 304.3004340455403
3187 796.75 304.3008887813029
3188 797 304.3013429894165
3189 797.25 304.3017966867874
3190 797.5 304.302249890077
3191 797.75 304.3027026155027
3192 798 304.3031548786638
3193 798.25 304.30360669435
3194 798.5 304.3040580764176
3195 798.75 304.3045090376302
3196 799 304.3049595895372
3197 799.25 304.3054097423951
3198 799.5 304.3058595050773
3199 799.75 304.306308885019
3200 800 304.3067578881926
3201 800.25 304.3072065190706
3202 800.5 304.3076547806041
3203 800.75 304.3081026742763
3204 801 304.3085502000916
3205 801.25 304.3089973566434
3206 801.5 304.3094441411724
3207 801.75 304.309890549657
3208 802 304.3103365769321
3209 802.25 304.3107822167852
3210 802.5 304.3112274620955
3211 802.75 304.3116723050031
3212 803 304.3121167370679
3213 803.25 304.3125607494619
3214 803.5 304.3130043331846
3215 803.75 304.313447479209
3216 804 304.3138901787553
3217 804.25 304.3143324234132
3218 804.5 304.3147742053968
3219 804.75 304.3152155176968
3220 805 304.3156563542251
3221 805.25 304.3160967099354
3222 805.5 304.3165365809488
3223 805.75 304.316975964576
3224 806 304.3174148593939
3225 806.25 304.3178532652465
3226 806.5 304.3182911832157
3227 806.75 304.3187286155922
3228 807 304.3191655658275
3229 807.25 304.3196020384477
3230 807.5 304.3200380390211
3231 807.75 304.3204735740017
3232 808 304.3209086507489
3233 808.25 304.3213432773825
3234 808.5 304.3217774627383
3235 808.75 304.3222112163479
3236 809 304.322644548334
3237 809.25 304.3230774693537
3238 809.5 304.3235099609531
3239 809.75 304.3239420958075
3240 810 304.3243738555465
3241 810.25 304.3248052513333
3242 810.5 304.3252362722208
3243 810.75 304.3256669798722
3244 811 304.3260973629144
3245 811.25 304.3265274336375
3246 811.5 304.326957205277
3247 811.75 304.3273866912821
3248 812 304.3278159051544
3249 812.25 304.3282448604062
3250 812.5 304.328673570575
3251 812.75 304.3291020491442
3252 813 304.3295303095614
3253 813.25 304.3299583651787
3254 813.5 304.3303862292047
3255 813.75 304.3308139147335
3256 814 304.3312414346676
3257 814.25 304.3316688017192
3258 814.5 304.3320960284639
3259 814.75 304.3325231284413
3260 815 304.3329501124236
3261 815.25 304.3333769920171
3262 815.5 304.3338037838346
3263 815.75 304.3342304898074
3264 816 304.3346571462964
3265 816.25 304.3350837234219
3266 816.5 304.3355102488359
3267 816.75 304.3359367317539
3268 817 304.3363631803521
3269 817.25 304.3367896017011
3270 817.5 304.3372160016328
3271 817.75 304.3376423843878
3272 818 304.3380687524212
3273 818.25 304.3384951061775
3274 818.5 304.3389214771777
3275 818.75 304.3393477952644
3276 819 304.3397740862387
3277 819.25 304.3402003424246
3278 819.5 304.3406265534861
3279 819.75 304.3410527071551
3280 820 304.341478789466
3281 820.25 304.341904784955
3282 820.5 304.3423306768393
3283 820.75 304.342756447203
3284 821 304.3431820772053
3285 821.25 304.3436075472318
3286 821.5 304.3440328370345
3287 821.75 304.3444579258689
3288 822 304.3448827925878
3289 822.25 304.3453074157331
3290 822.5 304.3457317736161
3291 822.75 304.3461558443819
3292 823 304.3465796200654
3293 823.25 304.3470030585602
3294 823.5 304.3474261304698
3295 823.75 304.3478488272561
3296 824 304.3482711269442
3297 824.25 304.3486930069835
3298 824.5 304.3491144443707
3299 824.75 304.3495354169743
3300 825 304.3499558936725
3301 825.25 304.3503758550917
3302 825.5 304.3507952758533
3303 825.75 304.3512141300313
3304 826 304.3516323913194
3305 826.25 304.3520500331928
3306 826.5 304.3524670290677
3307 826.75 304.352883352543
3308 827 304.3532989776467
3309 827.25 304.3537138791268
3310 827.5 304.3541280328009
3311 827.75 304.3545414158679
3312 828 304.3549540072608
3313 828.25 304.3553657879609
3314 828.5 304.3557767412751
3315 828.75 304.3561868531014
3316 829 304.356596112117
3317 829.25 304.3570045098871
3318 829.5 304.3574120409595
3319 829.75 304.3578187029022
3320 830 304.3582244962467
3321 830.25 304.3586293271571
3322 830.5 304.3590332938486
3323 830.75 304.3594365012889
3324 831 304.3598388754338
3325 831.25 304.3602403201247
3326 831.5 304.3606410649693
3327 831.75 304.361041032617
3328 832 304.3614401357553
3329 832.25 304.3618386219365
3330 832.5 304.3622364219877
3331 832.75 304.3626335715858
3332 833 304.3630301139372
3333 833.25 304.3634260966952
3334 833.5 304.3638215713303
3335 833.75 304.364216592596
3336 834 304.364611217841
3337 834.25 304.3650055062667
3338 834.5 304.3653995180749
3339 834.75 304.3657933136453
3340 835 304.3661869527029
3341 835.25 304.3665804935602
3342 835.5 304.3669739924254
3343 835.75 304.3673675028108
3344 836 304.3677610750304
3345 836.25 304.3681547557923
3346 836.5 304.3685485879078
3347 836.75 304.3689426100744
3348 837 304.3693368567309
3349 837.25 304.3697313580132
3350 837.5 304.3701261397522
3351 837.75 304.3705212235543
3352 838 304.3709166268777
3353 838.25 304.371312363196
3354 838.5 304.3717084421929
3355 838.75 304.3721048699461
3356 839 304.3725016491709
3357 839.25 304.3728987794526
3358 839.5 304.3732962574713
3359 839.75 304.3736940772826
3360 840 304.3740922305217
3361 840.25 304.3744907066429
3362 840.5 304.3748894930856
3363 840.75 304.3752885755152
3364 841 304.3756879379961
3365 841.25 304.3760875631317
3366 841.5 304.3764874322429
3367 841.75 304.3768875255192
3368 842 304.3772878221703
3369 842.25 304.3776883006196
3370 842.5 304.3780889385931
3371 842.75 304.3784897133632
3372 843 304.378890601815
3373 843.25 304.3792915806172
3374 843.5 304.379692626334
3375 843.75 304.3800937154907
3376 844 304.3804948246776
3377 844.25 304.3808959305869
3378 844.5 304.3812970100287
3379 844.75 304.3816980399696
3380 845 304.3820989974969
3381 845.25 304.3824998598747
3382 845.5 304.3829006044887
3383 845.75 304.3833012089143
3384 846 304.383701650924
3385 846.25 304.3841020022219
3386 846.5 304.3845021301921
3387 846.75 304.3849020192057
3388 847 304.3853016487525
3389 847.25 304.3857009314016
3390 847.5 304.3860999265555
3391 847.75 304.386498619241
3392 848 304.3868969926788
3393 848.25 304.3872950314906
3394 848.5 304.3876927221521
3395 848.75 304.3880900531474
3396 849 304.3884870150837
3397 849.25 304.388883600742
3398 849.5 304.3892798564839
3399 849.75 304.3896757130118
3400 850 304.3900711957777
3401 850.25 304.3904662377895
3402 850.5 304.3908609009218
3403 850.75 304.3912551930215
3404 851 304.3916491223749
3405 851.25 304.3920427001016
3406 851.5 304.3924359407666
3407 851.75 304.3928288626013
3408 852 304.3932214876621
3409 852.25 304.3936138418647
3410 852.5 304.3940059547936
3411 852.75 304.3943978594153
3412 853 304.3947895915722
3413 853.25 304.3951811893739
3414 853.5 304.3955726925022
3415 853.75 304.3959641415547
3416 854 304.3963555772792
3417 854.25 304.3967470399041
3418 854.5 304.397138568548
3419 854.75 304.3975302006509
3420 855 304.3979219715189
3421 855.25 304.3983139139622
3422 855.5 304.3987060579736
3423 855.75 304.3990984305273
3424 856 304.399491055452
3425 856.25 304.3998839533264
3426 856.5 304.400277141472
3427 856.75 304.4006706339786
3428 857 304.401064441788
3429 857.25 304.4014585727705
3430 857.5 304.4018530318239
3431 857.75 304.4022478210171
3432 858 304.4026429397915
3433 858.25 304.4030383850707
3434 858.5 304.4034341514829
3435 858.75 304.4038302314584
3436 859 304.4042266154751
3437 859.25 304.4046232921572
3438 859.5 304.4050202485095
3439 859.75 304.4054174700169
3440 860 304.4058149408535
3441 860.25 304.4062126440497
3442 860.5 304.4066105616368
3443 860.75 304.4070086748475
3444 861 304.4074069642614
3445 861.25 304.4078054100326
3446 861.5 304.408203991961
3447 861.75 304.4086026897081
3448 862 304.4090014829062
3449 862.25 304.4094003512511
3450 862.5 304.4097992745756
3451 862.75 304.4101982329567
3452 863 304.4105972067001
3453 863.25 304.4109961764121
3454 863.5 304.4113951229651
3455 863.75 304.4117940274992
3456 864 304.4121928713921
3457 864.25 304.4125916362488
3458 864.5 304.4129903038444
3459 864.75 304.4133888560777
3460 865 304.4137872749426
3461 865.25 304.4141855424681
3462 865.5 304.4145836406957
3463 865.75 304.4149815516647
3464 866 304.4153792573474
3465 866.25 304.4157767396705
3466 866.5 304.4161739804732
3467 866.75 304.4165709615277
3468 867 304.4169676645224
3469 867.25 304.4173640710811
3470 867.5 304.4177601627723
3471 867.75 304.4181559211408
3472 868 304.4185513277433
3473 868.25 304.4189463815589
3474 868.5 304.4193410260871
3475 868.75 304.4197352734012
3476 869 304.4201290832815
3477 869.25 304.420522451295
3478 869.5 304.4209153611008
3479 869.75 304.4213077966066
3480 870 304.4216997425276
3481 870.25 304.422091184513
3482 870.5 304.4224821093852
3483 870.75 304.4228725052355
3484 871 304.4232623616222
3485 871.25 304.4236516696681
3486 871.5 304.4240404222118
3487 871.75 304.4244286138841
3488 872 304.4248162411772
3489 872.25 304.4252033025283
3490 872.5 304.4255897983021
3491 872.75 304.4259757307905
3492 873 304.4263611041791
3493 873.25 304.426745924457
3494 873.5 304.4271301993659
3495 873.75 304.4275139382431
3496 874 304.4278971519055
3497 874.25 304.4282798041427
3498 874.5 304.4286620031567
3499 874.75 304.42904371819
3500 875 304.42942496284
3501 875.25 304.4298057530487
3502 875.5 304.4301861054191
3503 875.75 304.430565951613
3504 876 304.430945399634
3505 876.25 304.4313245424036
3506 876.5 304.4317033178942
3507 876.75 304.4320817416043
3508 877 304.4324598310477
3509 877.25 304.4328376039119
3510 877.5 304.4332150779599
3511 877.75 304.4335922711363
3512 878 304.4339692016731
3513 878.25 304.4343458880406
3514 878.5 304.4347223490181
3515 878.75 304.4350986035972
3516 879 304.4354746708449
3517 879.25 304.435850569829
3518 879.5 304.4362263193863
3519 879.75 304.4366019379625
3520 880 304.4369774434479
3521 880.25 304.4373528529474
3522 880.5 304.4377281826361
3523 880.75 304.4381034475919
3524 881 304.4384786616372
3525 881.25 304.4388538372122
3526 881.5 304.4392289852541
3527 881.75 304.439604115093
3528 882 304.4399792343355
3529 882.25 304.4403543487825
3530 882.5 304.4407294623448
3531 882.75 304.4411045769605
3532 883 304.4414796925275
3533 883.25 304.4418548068724
3534 883.5 304.4422299156968
3535 883.75 304.4426050125906
3536 884 304.442980089077
3537 884.25 304.44335513464
3538 884.5 304.4437301368286
3539 884.75 304.4441050813656
3540 885 304.4444799522438
3541 885.25 304.4448547319314
3542 885.5 304.445229401472
3543 885.75 304.4456039406708
3544 886 304.4459783282699
3545 886.25 304.4463525421001
3546 886.5 304.4467265592514
3547 886.75 304.4471003328842
3548 887 304.4474738609387
3549 887.25 304.4478471406582
3550 887.5 304.4482201281185
3551 887.75 304.4485927992274
3552 888 304.4489651313459
3553 888.25 304.4493371029151
3554 888.5 304.4497086937965
3555 888.75 304.4500798856564
3556 889 304.4504506623047
3557 889.25 304.4508210099139
3558 889.5 304.4511909171172
3559 889.75 304.4515603750341
3560 890 304.4519293771141
3561 890.25 304.4522979189456
3562 890.5 304.4526659979348
3563 890.75 304.4530336129948
3564 891 304.4534007641289
3565 891.25 304.4537674520859
3566 891.5 304.4541336780021
3567 891.75 304.4544994430267
3568 892 304.4548647480321
3569 892.25 304.455229593355
3570 892.5 304.4555939785902
3571 892.75 304.4559579024349
3572 893 304.456321362553
3573 893.25 304.4566843555402
3574 893.5 304.4570468769074
3575 893.75 304.4574089210544
3576 894 304.457770481353
3577 894.25 304.4581315501991
3578 894.5 304.4584921191069
3579 894.75 304.458852178773
3580 895 304.4592117192473
3581 895.25 304.4595707299835
3582 895.5 304.4599292000325
3583 895.75 304.4602871181785
3584 896 304.460644473093
3585 896.25 304.4610012535148
3586 896.5 304.4613574484624
3587 896.75 304.4617130473858
3588 897 304.462068040413
3589 897.25 304.4624224184305
3590 897.5 304.4627761733569
3591 897.75 304.4631292982457
3592 898 304.4634817874376
3593 898.25 304.4638336365992
3594 898.5 304.4641848429142
3595 898.75 304.4645353509578
3596 899 304.4648852673015
3597 899.25 304.4652344898782
3598 899.5 304.4655830766337
3599 899.75 304.4659310768024
3600 900 304.4662784507123
3601 900.25 304.4666251515834
3602 900.5 304.4669712936123
3603 900.75 304.4673167879018
3604 901 304.4676617007163
3605 901.25 304.4680060464449
3606 901.5 304.4683498843951
3607 901.75 304.4686931905783
3608 902 304.4690359834341
3609 902.25 304.4693782847418
3610 902.5 304.4697201175166
3611 902.75 304.4700615055095
3612 903 304.4704024729349
3613 903.25 304.4707430441425
3614 903.5 304.4710832432469
3615 903.75 304.471423093816
3616 904 304.4717626185305
3617 904.25 304.4721018388659
3618 904.5 304.4724407748416
3619 904.75 304.4727794447329
3620 905 304.4731178649189
3621 905.25 304.4734560497283
3622 905.5 304.4737940113298
3623 905.75 304.4741317596851
3624 906 304.4744693025078
3625 906.25 304.4748066453141
3626 906.5 304.4751437914359
3627 906.75 304.4754807420859
3628 907 304.4758174964404
3629 907.25 304.4761540517272
3630 907.5 304.4764904033612
3631 907.75 304.4768265450439
3632 908 304.4771624689087
3633 908.25 304.477498165671
3634 908.5 304.4778336247986
3635 908.75 304.478168834694
3636 909 304.4785037829154
3637 909.25 304.4788384563623
3638 909.5 304.4791728415207
3639 909.75 304.4795069246995
3640 910 304.4798406922045
3641 910.25 304.4801741305907
3642 910.5 304.480507226828
3643 910.75 304.4808399684842
3644 911 304.4811723438559
3645 911.25 304.4815043420593
3646 911.5 304.481835953187
3647 911.75 304.4821671682756
3648 912 304.4824979656312
3649 912.25 304.482828351001
3650 912.5 304.4831583172175
3651 912.75 304.4834878506388
3652 913 304.4838169820052
3653 913.25 304.4841456717102
3654 913.5 304.484473942312
3655 913.75 304.4848017813435
3656 914 304.4851291858587
3657 914.25 304.4854561534034
3658 914.5 304.4857826573917
3659 914.75 304.4861087142885
3660 915 304.4864343161088
3661 915.25 304.4867594530154
3662 915.5 304.4870841238381
3663 915.75 304.4874083513869
3664 916 304.4877320977913
3665 916.25 304.4880553532462
3666 916.5 304.4883781099717
3667 916.75 304.4887003618667
3668 917 304.4890221051256
3669 917.25 304.4893433388553
3670 917.5 304.4896640654792
3671 917.75 304.4899842910406
3672 918 304.4903040252167
3673 918.25 304.4906232812175
3674 918.5 304.4909420754594
3675 918.75 304.4912604272423
3676 919 304.491578358221
3677 919.25 304.4918958918768
3678 919.5 304.4922130530055
3679 919.75 304.4925298671868
3680 920 304.4928463603533
3681 920.25 304.4931625582741
3682 920.5 304.4934784862342
3683 920.75 304.4937941687369
3684 921 304.4941096292205
3685 921.25 304.4944248899191
3686 921.5 304.494739971675
3687 921.75 304.4950548938602
3688 922 304.495369674329
3689 922.25 304.4956843293169
3690 922.5 304.495998873464
3691 922.75 304.4963133197393
3692 923 304.4966276794244
3693 923.25 304.4969419621294
3694 923.5 304.497256175738
3695 923.75 304.4975703264467
3696 924 304.4978844187639
3697 924.25 304.4981984555245
3698 924.5 304.4985124379375
3699 924.75 304.4988263656405
3700 925 304.4991402367642
3701 925.25 304.499454047986
3702 925.5 304.4997677946636
3703 925.75 304.5000814709266
3704 926 304.50039506974
3705 926.25 304.5007085830811
3706 926.5 304.5010220020078
3707 926.75 304.5013353167754
3708 927 304.5016485169506
3709 927.25 304.5019615915623
3710 927.5 304.5022745291539
3711 927.75 304.5025873179197
3712 928 304.5028999457719
3713 928.25 304.5032124004689
3714 928.5 304.5035246696487
3715 928.75 304.5038367409251
3716 929 304.5041486019339
3717 929.25 304.5044602403884
3718 929.5 304.5047716441255
3719 929.75 304.5050828011236
3720 930 304.5053936995617
3721 930.25 304.5057043277996
3722 930.5 304.5060146743796
3723 930.75 304.5063247280451
3724 931 304.5066344776844
3725 931.25 304.5069439122123
3726 931.5 304.5072530217298
3727 931.75 304.5075617950329
3728 932 304.5078702217183
3729 932.25 304.5081782915967
3730 932.5 304.5084859947199
3731 932.75 304.5087933213985
3732 933 304.509100262304
3733 933.25 304.5094068084894
3734 933.5 304.5097129515195
3735 933.75 304.5100186835668
3736 934 304.5103239974632
3737 934.25 304.5106288868503
3738 934.5 304.5109333462254
3739 934.75 304.5112373710008
3740 935 304.5115409576277
3741 935.25 304.51184410356
3742 935.5 304.5121468073324
3743 935.75 304.5124490685428
3744 936 304.5127508878389
3745 936.25 304.5130522668617
3746 936.5 304.5133532082148
3747 936.75 304.513653681893
3748 937 304.5139537227706
3749 937.25 304.5142533675731
3750 937.5 304.5145525642998
3751 937.75 304.5148513820306
3752 938 304.5151497964095
3753 938.25 304.5154478152254
3754 938.5 304.5157454472979
3755 938.75 304.5160427023321
3756 939 304.5163395909307
3757 939.25 304.5166361245231
3758 939.5 304.5169323152958
3759 939.75 304.5172281760546
3760 940 304.51752372009
3761 940.25 304.5178189609419
3762 940.5 304.5181139122855
3763 940.75 304.518408587729
3764 941 304.5187029746187
3765 941.25 304.5189971157975
3766 941.5 304.5192910241569
3767 941.75 304.5195847335384
3768 942 304.5198782293632
3769 942.25 304.5201715209797
3770 942.5 304.5204646163096
3771 942.75 304.5207575215032
3772 943 304.5210502405812
3773 943.25 304.5213427751175
3774 943.5 304.5216351239914
3775 943.75 304.5219272832931
3776 944 304.5222192462389
3777 944.25 304.5225110032608
3778 944.5 304.5228025421657
3779 944.75 304.5230938483878
3780 945 304.5233849052706
3781 945.25 304.5236756944484
3782 945.5 304.5239661961797
3783 945.75 304.5242563897676
3784 946 304.5245462538958
3785 946.25 304.5248357669767
3786 946.5 304.5251249075084
3787 946.75 304.5254136543442
3788 947 304.5257019762919
3789 947.25 304.5259898601082
3790 947.5 304.5262773020797
3791 947.75 304.5265642743508
3792 948 304.5268507615656
3793 948.25 304.5271367505339
3794 948.5 304.5274222305384
3795 948.75 304.5277071936249
3796 949 304.5279916348365
3797 949.25 304.5282755524307
3798 949.5 304.5285589478504
3799 949.75 304.5288418256796
3800 950 304.5291241933746
3801 950.25 304.5294060609431
3802 950.5 304.5296874405253
3803 950.75 304.5299683459126
3804 951 304.5302487920882
3805 951.25 304.5305287946986
3806 951.5 304.5308083696113
3807 951.75 304.5310875324878
3808 952 304.5313662984221
3809 952.25 304.5316446816383
3810 952.5 304.5319226952245
3811 952.75 304.5322003509839
3812 953 304.5324776592913
3813 953.25 304.53275462903
3814 953.5 304.5330312675997
3815 953.75 304.5333075808941
3816 954 304.5335835733735
3817 954.25 304.5338591921804
3818 954.5 304.534134500563
3819 954.75 304.5344095452166
3820 955 304.5346842759118
3821 955.25 304.5349586902332
3822 955.5 304.5352327872961
3823 955.75 304.535506566451
3824 956 304.5357800274387
3825 956.25 304.5360531707205
3826 956.5 304.5363259978632
3827 956.75 304.5365985117202
3828 957 304.5368707166216
3829 957.25 304.5371426184228
3830 957.5 304.5374142243911
3831 957.75 304.5376855431278
3832 958 304.5379565843967
3833 958.25 304.5382273587699
3834 958.5 304.5384978773945
3835 958.75 304.5387681516166
3836 959 304.5390381926817
3837 959.25 304.5393080114014
3838 959.5 304.5395776178852
3839 959.75 304.539847021299
3840 960 304.5401162296408
3841 960.25 304.5403852496007
3842 960.5 304.5406540864303
3843 960.75 304.5409227438674
3844 961 304.5411912241051
3845 961.25 304.5414595277542
3846 961.5 304.5417276538684
3847 961.75 304.5419955999883
3848 962 304.5422633621753
3849 962.25 304.5425309350611
3850 962.5 304.5427983119376
3851 962.75 304.5430654848232
3852 963 304.5433324445564
3853 963.25 304.5435991808902
3854 963.5 304.5438656825873
3855 963.75 304.54413192877
3856 964 304.5443979178535
3857 964.25 304.5446636400372
3858 964.5 304.5449290753968
3859 964.75 304.5451942087739
3860 965 304.5454590251876
3861 965.25 304.5457235093639
3862 965.5 304.545987645844
3863 965.75 304.5462514191035
3864 966 304.5465148136724
3865 966.25 304.5467778142884
3866 966.5 304.5470404059716
3867 966.75 304.5473025741342
3868 967 304.5475643046541
3869 967.25 304.547825583902
3870 967.5 304.5480863987507
3871 967.75 304.5483467365922
3872 968 304.5486065853083
3873 968.25 304.5488659332717
3874 968.5 304.5491247693023
3875 968.75 304.5493830826593
3876 969 304.5496408630117
3877 969.25 304.5498981004427
3878 969.5 304.5501547854014
3879 969.75 304.5504109087254
3880 970 304.5506664616059
3881 970.25 304.5509214356023
3882 970.5 304.551175822606
3883 970.75 304.551429601359
3884 971 304.5516827749415
3885 971.25 304.5519353360067
3886 971.5 304.5521872951207
3887 971.75 304.5524386339931
3888 972 304.5526893467028
3889 972.25 304.5529394289566
3890 972.5 304.5531888777612
3891 972.75 304.5534376915604
3892 973 304.5536858703865
3893 973.25 304.5539334159103
3894 973.5 304.554180331365
3895 973.75 304.5544266214834
3896 974 304.5546722923141
3897 974.25 304.5549173510063
3898 974.5 304.5551618055827
3899 974.75 304.5554056647414
3900 975 304.5556489376069
3901 975.25 304.5558916335506
3902 975.5 304.5561337619992
3903 975.75 304.556375332262
3904 976 304.5566163534619
3905 976.25 304.5568568343849
3906 976.5 304.5570967834614
3907 976.75 304.5573362086647
3908 977 304.5575751175251
3909 977.25 304.5578135171116
3910 977.5 304.5580513951694
3911 977.75 304.5582887778307
3912 978 304.5585256878599
3913 978.25 304.5587621149675
3914 978.5 304.558998064791
3915 978.75 304.5592335442248
3916 979 304.5594685615949
3917 979.25 304.5597031272594
3918 979.5 304.5599372541337
3919 979.75 304.5601709582874
3920 980 304.56040425916
3921 980.25 304.5606371797707
3922 980.5 304.5608697466472
3923 980.75 304.5611019896296
3924 981 304.5613339414747
3925 981.25 304.5615656374222
3926 981.5 304.56179711463
3927 981.75 304.5620284116205
3928 982 304.5622595676762
3929 982.25 304.5624906222856
3930 982.5 304.5627216146324
3931 982.75 304.5629525831157
3932 983 304.5631835649592
3933 983.25 304.5634145958478
3934 983.5 304.5636457096435
3935 983.75 304.5638769381689
3936 984 304.5641083110062
3937 984.25 304.5643398553672
3938 984.5 304.5645715960068
3939 984.75 304.5648035551283
3940 985 304.5650357523917
3941 985.25 304.5652682049151
3942 985.5 304.5655009272245
3943 985.75 304.5657339313702
3944 986 304.5659672269081
3945 986.25 304.5662008209752
3946 986.5 304.5664347183374
3947 986.75 304.5666689214563
3948 987 304.5669034304912
3949 987.25 304.5671382434284
3950 987.5 304.5673733560968
3951 987.75 304.5676087621816
3952 988 304.5678444533634
3953 988.25 304.5680804192654
3954 988.5 304.5683166475935
3955 988.75 304.5685531240987
3956 989 304.568789832673
3957 989.25 304.5690267553881
3958 989.5 304.5692638725495
3959 989.75 304.5695011627665
3960 990 304.5697386030158
3961 990.25 304.5699761687508
3962 990.5 304.5702138339875
3963 990.75 304.5704515714256
3964 991 304.5706893525755
3965 991.25 304.570927147882
3966 991.5 304.571164926867
3967 991.75 304.5714026582692
3968 992 304.5716403101933
3969 992.25 304.57187785024
3970 992.5 304.5721152456561
3971 992.75 304.5723524634618
3972 993 304.5725894705617
3973 993.25 304.5728262338868
3974 993.5 304.5730627204948
3975 993.75 304.5732988976733
3976 994 304.5735348108745
3977 994.25 304.5737703420426
3978 994.5 304.5740053960196
3979 994.75 304.5742400127795
3980 995 304.574474165233
3981 995.25 304.5747078738576
3982 995.5 304.5749410356871
3983 995.75 304.5751736104056
3984 996 304.5754056135098
3985 996.25 304.57563702554
3986 996.5 304.5758678278531
3987 996.75 304.576098005396
3988 997 304.5763275475901
3989 997.25 304.5765564488613
3990 997.5 304.576784708988
3991 997.75 304.5770123333249
3992 998 304.5772393327247
3993 998.25 304.5774657233144
3994 998.5 304.5776915260656
3995 998.75 304.5779167662404
3996 999 304.578141472694
3997 999.25 304.5783656772057
3998 999.5 304.5785894136869
3999 999.75 304.5788127175327
4000 1000 304.5790356249051
4001 1000.25 304.5792581721761
4002 1000.5 304.579480395403
4003 1000.75 304.5797023299124
4004 1001 304.5799240099772
4005 1001.25 304.5801454685995
4006 1001.5 304.5803667483788
4007 1001.75 304.5805878616744
4008 1002 304.5808088426289
4009 1002.25 304.5810297183359
4010 1002.5 304.5812505131175
4011 1002.75 304.581471249332
4012 1003 304.581691947351
4013 1003.25 304.5819126254873
4014 1003.5 304.5821332998501
4015 1003.75 304.5823539842667
4016 1004 304.5825746901971
4017 1004.25 304.5827954267223
4018 1004.5 304.5830162005178
4019 1004.75 304.583237015893
4020 1005 304.5834578748605
4021 1005.25 304.5836787772407
4022 1005.5 304.5838997208025
4023 1005.75 304.5841207014313
4024 1006 304.5843417133406
4025 1006.25 304.5845627492418
4026 1006.5 304.5847838005941
4027 1006.75 304.5850048578158
4028 1007 304.5852259105102
4029 1007.25 304.5854469476961
4030 1007.5 304.5856679580262
4031 1007.75 304.5858889299738
4032 1008 304.5861098520207
4033 1008.25 304.5863307128232
4034 1008.5 304.5865515013703
4035 1008.75 304.5867722070518
4036 1009 304.5869928198716
4037 1009.25 304.5872133304391
4038 1009.5 304.5874337301366
4039 1009.75 304.5876540111557
4040 1010 304.5878741666172
4041 1010.25 304.5880941905907
4042 1010.5 304.5883140781397
4043 1010.75 304.588533825412
4044 1011 304.5887534296326
4045 1011.25 304.5889729404348
4046 1011.5 304.5891922524539
4047 1011.75 304.5894114185091
4048 1012 304.5896304419819
4049 1012.25 304.5898493258441
4050 1012.5 304.5900680742538
4051 1012.75 304.5902866927549
4052 1013 304.590505188321
4053 1013.25 304.590723569366
4054 1013.5 304.5909418457003
4055 1013.75 304.5911600284641
4056 1014 304.5913781299835
4057 1014.25 304.5915961636371
4058 1014.5 304.5918141436684
4059 1014.75 304.5920320849424
4060 1015 304.5922500027404
4061 1015.25 304.592467912522
4062 1015.5 304.5926858296827
4063 1015.75 304.5929037693487
4064 1016 304.5931217461271
4065 1016.25 304.5933397739337
4066 1016.5 304.5935578657993
4067 1016.75 304.5937760337319
4068 1017 304.5939942886022
4069 1017.25 304.5942126400186
4070 1017.5 304.5944310962892
4071 1017.75 304.5946496643616
4072 1018 304.5948683498336
4073 1018.25 304.5950871569685
4074 1018.5 304.5953060887127
4075 1018.75 304.5955251467484
4076 1019 304.5957443315926
4077 1019.25 304.5959636468523
4078 1019.5 304.5961830808513
4079 1019.75 304.5964026312963
4080 1020 304.5966223003558
4081 1020.25 304.5968420856735
4082 1020.5 304.5970619843501
4083 1020.75 304.597281993609
4084 1021 304.5975021110452
4085 1021.25 304.5977223346832
4086 1021.5 304.5979426630759
4087 1021.75 304.5981630952736
4088 1022 304.5983836307332
4089 1022.25 304.5986042692053
4090 1022.5 304.5988250105265
4091 1022.75 304.5990458544712
4092 1023 304.5992668004934
4093 1023.25 304.5994878476283
4094 1023.5 304.5997089942258
4095 1023.75 304.5999302379041
4096 1024 304.6001515754257
4097 1024.25 304.6003730026858
4098 1024.5 304.600594514663
4099 1024.75 304.6008161055196
4100 1025 304.6010377686042
4101 1025.25 304.601259496611
4102 1025.5 304.6014812816782
4103 1025.75 304.6017031155304
4104 1026 304.6019249896152
4105 1026.25 304.6021468952549
4106 1026.5 304.602368823726
4107 1026.75 304.6025907664142
4108 1027 304.6028127148539
4109 1027.25 304.6030346607772
4110 1027.5 304.6032565962558
4111 1027.75 304.6034785136578
4112 1028 304.6037004056701
4113 1028.25 304.6039222653607
4114 1028.5 304.6041440862109
4115 1028.75 304.604365862153
4116 1029 304.6045875876404
4117 1029.25 304.604809257675
4118 1029.5 304.6050308678858
4119 1029.75 304.6052524146074
4120 1030 304.6054738948927
4121 1030.25 304.6056953066046
4122 1030.5 304.605916648411
4123 1030.75 304.6061379197848
4124 1031 304.6063591209999
4125 1031.25 304.6065802530567
4126 1031.5 304.6068013177164
4127 1031.75 304.6070223173714
4128 1032 304.6072432550172
4129 1032.25 304.6074641341588
4130 1032.5 304.6076849587948
4131 1032.75 304.6079057333334
4132 1033 304.608126462527
4133 1033.25 304.6083471514185
4134 1033.5 304.608567805305
4135 1033.75 304.6087884296956
4136 1034 304.6090090302544
4137 1034.25 304.609229612794
4138 1034.5 304.6094501832386
4139 1034.75 304.6096707475801
4140 1035 304.6098913118422
4141 1035.25 304.6101118820835
4142 1035.5 304.6103324643876
4143 1035.75 304.6105530647916
4144 1036 304.6107736893006
4145 1036.25 304.6109943438439
4146 1036.5 304.6112150342548
4147 1036.75 304.6114357662145
4148 1037 304.6116565452302
4149 1037.25 304.6118773765891
4150 1037.5 304.612098265313
4151 1037.75 304.6123192114695
4152 1038 304.6125402302627
4153 1038.25 304.6127613196771
4154 1038.5 304.6129824831995
4155 1038.75 304.6132037241765
4156 1039 304.6134250455478
4157 1039.25 304.6136464498772
4158 1039.5 304.6138679518345
4159 1039.75 304.6140895297846
4160 1040 304.6143112129187
4161 1040.25 304.6145329886093
4162 1040.5 304.6147548827831
4163 1040.75 304.614976869405
4164 1041 304.6151988987305
4165 1041.25 304.6154210654951
4166 1041.5 304.6156433261381
4167 1041.75 304.6158656757345
4168 1042 304.6160880568295
4169 1042.25 304.616310520036
4170 1042.5 304.6165331221773
4171 1042.75 304.6167557974082
4172 1043 304.6169785393451
4173 1043.25 304.6172013402343
4174 1043.5 304.6174241906329
4175 1043.75 304.6176470799015
4176 1044 304.617869979471
4177 1044.25 304.6180929156616
4178 1044.5 304.6183158556544
4179 1044.75 304.6185387883716
4180 1045 304.6187616422584
4181 1045.25 304.6189844732967
4182 1045.5 304.6192072774309
4183 1045.75 304.6194300507636
4184 1046 304.6196527914568
4185 1046.25 304.6198754998281
4186 1046.5 304.6200981779816
4187 1046.75 304.620320829596
4188 1047 304.6205434594851
4189 1047.25 304.6207660732478
4190 1047.5 304.6209886769016
4191 1047.75 304.6212112765085
4192 1048 304.6214338778532
4193 1048.25 304.6216564861647
4194 1048.5 304.621879105871
4195 1048.75 304.6221017404185
4196 1049 304.6223243921136
4197 1049.25 304.6225470620337
4198 1049.5 304.622769749999
4199 1049.75 304.6229924545287
4200 1050 304.6232151728943
4201 1050.25 304.6234379011582
4202 1050.5 304.6236606342619
4203 1050.75 304.6238833661085
4204 1051 304.6241060896837
4205 1051.25 304.6243287971789
4206 1051.5 304.6245514801261
4207 1051.75 304.6247741294704
4208 1052 304.6249967357462
4209 1052.25 304.6252192891812
4210 1052.5 304.6254417797813
4211 1052.75 304.6256642518263
4212 1053 304.6258865836503
4213 1053.25 304.6261088206134
4214 1053.5 304.6263309545407
4215 1053.75 304.6265529756421
4216 1054 304.6267748741185
4217 1054.25 304.6269966402166
4218 1054.5 304.6272182642043
4219 1054.75 304.6274397362118
4220 1055 304.6276610460915
4221 1055.25 304.627882183273
4222 1055.5 304.628103136592
4223 1055.75 304.6283238941771
4224 1056 304.628544443314
4225 1056.25 304.6287647704342
4226 1056.5 304.6289848610451
4227 1056.75 304.6292046997539
4228 1057 304.6294242703242
4229 1057.25 304.6296435557429
4230 1057.5 304.629862538333
4231 1057.75 304.6300811998886
4232 1058 304.6302995218045
4233 1058.25 304.6305174852028
4234 1058.5 304.6307350711126
4235 1058.75 304.6309522606132
4236 1059 304.6311690350379
4237 1059.25 304.6313853761051
4238 1059.5 304.6316012661632
4239 1059.75 304.6318167024758
4240 1060 304.6320316482438
4241 1060.25 304.6322460806217
4242 1060.5 304.6324600012391
4243 1060.75 304.6326733989492
4244 1061 304.6328862639378
4245 1061.25 304.6330985884389
4246 1061.5 304.6333103670731
4247 1061.75 304.6335215970099
4248 1062 304.6337322781495
4249 1062.25 304.6339424131566
4250 1062.5 304.6341520074965
4251 1062.75 304.6343610693906
4252 1063 304.6345696096928
4253 1063.25 304.6347776417163
4254 1063.5 304.6349851810264
4255 1063.75 304.6351922452363
4256 1064 304.6353988537715
4257 1064.25 304.6356050275685
4258 1064.5 304.6358107889097
4259 1064.75 304.6360161611151
4260 1065 304.636221168346
4261 1065.25 304.6364258353333
4262 1065.5 304.6366301871784
4263 1065.75 304.6368342491234
4264 1066 304.6370380463217
4265 1066.25 304.6372416036354
4266 1066.5 304.6374449454235
4267 1066.75 304.6376480953499
4268 1067 304.6378510762225
4269 1067.25 304.6380539098433
4270 1067.5 304.6382565980734
4271 1067.75 304.6384591803368
4272 1068 304.6386616736813
4273 1068.25 304.6388641093909
4274 1068.5 304.6390664714907
4275 1068.75 304.6392688048176
4276 1069 304.6394710917641
4277 1069.25 304.6396733585248
4278 1069.5 304.6398756129153
4279 1069.75 304.6400778613224
4280 1070 304.6402801086238
4281 1070.25 304.6404823570206
4282 1070.5 304.6406846169584
4283 1070.75 304.6408868790336
4284 1071 304.6410891414477
4285 1071.25 304.6412913953139
4286 1071.5 304.6414936498711
4287 1071.75 304.6416958932969
4288 1072 304.6418981269172
4289 1072.25 304.6421003479234
4290 1072.5 304.6423025477898
4291 1072.75 304.6425047246546
4292 1073 304.6427068751292
4293 1073.25 304.6429089951856
4294 1073.5 304.6431110801318
4295 1073.75 304.6433131508666
4296 1074 304.643515152376
4297 1074.25 304.6437171333306
4298 1074.5 304.643919056505
4299 1074.75 304.6441208694151
4300 1075 304.6443225914302
4301 1075.25 304.6445242090497
4302 1075.5 304.6447257062592
4303 1075.75 304.6449270662665
4304 1076 304.6451282721513
4305 1076.25 304.6453293073502
4306 1076.5 304.6455301561581
4307 1076.75 304.6457308041235
4308 1077 304.6459312384023
4309 1077.25 304.6461314479274
4310 1077.5 304.6463314235663
4311 1077.75 304.6465311581162
4312 1078 304.6467306462296
4313 1078.25 304.64692988429
4314 1078.5 304.6471288702151
4315 1078.75 304.6473276032847
4316 1079 304.6475260838642
4317 1079.25 304.647724313244
4318 1079.5 304.6479222933891
4319 1079.75 304.6481200267389
4320 1080 304.6483176176891
4321 1080.25 304.6485148685093
4322 1080.5 304.6487118787961
4323 1080.75 304.6489086542314
4324 1081 304.6491052984223
4325 1081.25 304.6493017063971
4326 1081.5 304.6494977925354
4327 1081.75 304.6496937467805
4328 1082 304.6498894435134
4329 1082.25 304.6500848443796
4330 1082.5 304.6502800114988
4331 1082.75 304.6504749416729
4332 1083 304.6506696265486
4333 1083.25 304.6508640548553
4334 1083.5 304.6510582125501
4335 1083.75 304.6512520829839
4336 1084 304.6514456472247
4337 1084.25 304.6516388845015
4338 1084.5 304.6518317727453
4339 1084.75 304.6520242891891
4340 1085 304.6522164109487
4341 1085.25 304.6524081155131
4342 1085.5 304.6525993812275
4343 1085.75 304.6527901876636
4344 1086 304.6529805158874
4345 1086.25 304.6531703486802
4346 1086.5 304.6533596707238
4347 1086.75 304.6535484686211
4348 1087 304.6537367681621
4349 1087.25 304.6539245104533
4350 1087.5 304.6541116909099
4351 1087.75 304.6542982810338
4352 1088 304.6544843095416
4353 1088.25 304.6546697741171
4354 1088.5 304.6548546725452
4355 1088.75 304.6550390032377
4356 1089 304.655222764832
4357 1089.25 304.6554059558309
4358 1089.5 304.6555885742704
4359 1089.75 304.6557706173822
4360 1090 304.6559520813422
4361 1090.25 304.6561329611155
4362 1090.5 304.6563132503329
4363 1090.75 304.6564929412514
4364 1091 304.6566720247698
4365 1091.25 304.6568504904894
4366 1091.5 304.6570283268047
4367 1091.75 304.6572055210334
4368 1092 304.6573820595563
4369 1092.25 304.6575579279626
4370 1092.5 304.6577331111901
4371 1092.75 304.6579075937172
4372 1093 304.6580813596274
4373 1093.25 304.6582543928236
4374 1093.5 304.6584266771453
4375 1093.75 304.6585981964666
4376 1094 304.6587689348704
4377 1094.25 304.6589388768087
4378 1094.5 304.6591080072345
4379 1094.75 304.659276311793
4380 1095 304.6594437769512
4381 1095.25 304.6596103902046
4382 1095.5 304.6597761044948
4383 1095.75 304.6599409404909
4384 1096 304.6601048897102
4385 1096.25 304.6602679467676
4386 1096.5 304.6604301094951
4387 1096.75 304.6605914187969
4388 1097 304.6607518415025
4389 1097.25 304.6609113816942
4390 1097.5 304.6610700480958
4391 1097.75 304.6612278528777
4392 1098 304.6613848113301
4393 1098.25 304.6615409414614
4394 1098.5 304.6616962634722
4395 1098.75 304.661850799195
4396 1099 304.6620045715894
4397 1099.25 304.6621576041957
4398 1099.5 304.6623099207399
4399 1099.75 304.6624615447722
4400 1100 304.6626124994013
4401 1100.25 304.6627628070867
4402 1100.5 304.6629124895054
4403 1100.75 304.6630615674518
4404 1101 304.6632100607861
4405 1101.25 304.6633579884232
4406 1101.5 304.6635053683229
4407 1101.75 304.6636522174699
4408 1102 304.6637985519496
4409 1102.25 304.6639443869164
4410 1102.5 304.6640897366324
4411 1102.75 304.6642346144628
4412 1103 304.6643790328926
4413 1103.25 304.664523003544
4414 1103.5 304.664666537178
4415 1103.75 304.664809643706
4416 1104 304.6649523321888
4417 1104.25 304.6650946108558
4418 1104.5 304.6652364871373
4419 1104.75 304.6653779677105
4420 1105 304.6655190584619
4421 1105.25 304.6656597646439
4422 1105.5 304.6658000908653
4423 1105.75 304.665940041235
4424 1106 304.6660796194071
4425 1106.25 304.6662188287301
4426 1106.5 304.6663576176066
4427 1106.75 304.6664960997605
4428 1107 304.66663422395
4429 1107.25 304.6667719910615
4430 1107.5 304.6669094041048
4431 1107.75 304.6670464662415
4432 1108 304.6671831805078
4433 1108.25 304.6673195498215
4434 1108.5 304.6674555769539
4435 1108.75 304.6675912645176
4436 1109 304.6677266150232
4437 1109.25 304.6678615882288
4438 1109.5 304.6679962363584
4439 1109.75 304.6681305581826
4440 1110 304.668264555233
4441 1110.25 304.6683982299313
4442 1110.5 304.6685315852565
4443 1110.75 304.6686646162657
4444 1111 304.6687973773125
4445 1111.25 304.6689298342907
4446 1111.5 304.6690619934357
4447 1111.75 304.6691938643799
4448 1112 304.6693254590056
4449 1112.25 304.6694567917407
4450 1112.5 304.6695878798307
4451 1112.75 304.669718743584
4452 1113 304.6698494063464
4453 1113.25 304.6699798943513
4454 1113.5 304.6701102364285
4455 1113.75 304.6702404319391
4456 1114 304.6703705527776
4457 1114.25 304.6705006313635
4458 1114.5 304.6706307228148
4459 1114.75 304.670760836154
4460 1115 304.670891003132
4461 1115.25 304.6710212553994
4462 1115.5 304.6711516226225
4463 1115.75 304.6712821318303
4464 1116 304.6714128070022
4465 1116.25 304.6715436687192
4466 1116.5 304.6716747339455
4467 1116.75 304.6718060159156
4468 1117 304.6719375240967
4469 1117.25 304.6720692642738
4470 1117.5 304.6722012387097
4471 1117.75 304.6723334463459
4472 1118 304.672465883078
4473 1118.25 304.6725985420657
4474 1118.5 304.6727314140273
4475 1118.75 304.6728644875593
4476 1119 304.672997791251
4477 1119.25 304.6731312297393
4478 1119.5 304.6732648248255
4479 1119.75 304.6733985606393
4480 1120 304.6735324199657
4481 1120.25 304.673666385301
4482 1120.5 304.6738004392159
4483 1120.75 304.6739345646253
4484 1121 304.6740687450465
4485 1121.25 304.6742029647673
4486 1121.5 304.6743372089731
4487 1121.75 304.6744714637807
4488 1122 304.6746057162326
4489 1122.25 304.6747399542085
4490 1122.5 304.6748741662905
4491 1122.75 304.6750083415763
4492 1123 304.6751424694866
4493 1123.25 304.6752765395377
4494 1123.5 304.6754105411031
4495 1123.75 304.6755444632135
4496 1124 304.6756782943918
4497 1124.25 304.6758120224919
4498 1124.5 304.6759456346172
4499 1124.75 304.6760791170374
4500 1125 304.6762124551893
4501 1125.25 304.6763456337874
4502 1125.5 304.6764786368773
4503 1125.75 304.6766114480473
4504 1126 304.6767440505311
4505 1126.25 304.6768764274642
4506 1126.5 304.6770085620907
4507 1126.75 304.677140437939
4508 1127 304.6772720507452
4509 1127.25 304.6774033581945
4510 1127.5 304.6775343607991
4511 1127.75 304.6776650455234
4512 1128 304.6777953998561
4513 1128.25 304.6779254123317
4514 1128.5 304.6780550726132
4515 1128.75 304.6781843715139
4516 1129 304.6783133010144
4517 1129.25 304.6784418542456
4518 1129.5 304.6785700254964
4519 1129.75 304.6786978102436
4520 1130 304.6788252051406
4521 1130.25 304.6789522080464
4522 1130.5 304.6790788180247
4523 1130.75 304.6792050353903
4524 1131 304.6793308616643
4525 1131.25 304.6794562996327
4526 1131.5 304.6795813532744
4527 1131.75 304.6797060278254
4528 1132 304.679830329667
4529 1132.25 304.6799542663516
4530 1132.5 304.68007784655
4531 1132.75 304.6802010799505
4532 1133 304.6803239773005
4533 1133.25 304.680446550273
4534 1133.5 304.6805688114042
4535 1133.75 304.6806907740569
4536 1134 304.6808124523015
4537 1134.25 304.6809338608489
4538 1134.5 304.6810549859346
4539 1134.75 304.6811758732629
4540 1135 304.6812965637718
4541 1135.25 304.6814170476731
4542 1135.5 304.6815373392322
4543 1135.75 304.6816574528066
4544 1136 304.6817774013807
4545 1136.25 304.6818971959684
4546 1136.5 304.6820168139194
4547 1136.75 304.6821363209548
4548 1137 304.6822556587032
4549 1137.25 304.6823748554637
4550 1137.5 304.6824939094687
4551 1137.75 304.6826128105439
4552 1138 304.68273157765
4553 1138.25 304.6828501713537
4554 1138.5 304.682968577075
4555 1138.75 304.6830867807806
4556 1139 304.6832047690486
4557 1139.25 304.6833225300754
4558 1139.5 304.6834400545972
4559 1139.75 304.683557285865
4560 1140 304.6836742722895
4561 1140.25 304.6837910629478
4562 1140.5 304.6839076188471
4563 1140.75 304.6840239477385
4564 1141 304.6841400614496
4565 1141.25 304.6842559737356
4566 1141.5 304.6843716992844
4567 1141.75 304.6844872528337
4568 1142 304.6846026483226
4569 1142.25 304.6847178981317
4570 1142.5 304.6848330125305
4571 1142.75 304.6849479991998
4572 1143 304.6850628279648
4573 1143.25 304.6851775729783
4574 1143.5 304.6852921670102
4575 1143.75 304.6854066657552
4576 1144 304.685521031727
4577 1144.25 304.6856352554331
4578 1144.5 304.6857493263252
4579 1144.75 304.6858632325747
4580 1145 304.6859769616156
4581 1145.25 304.686090500738
4582 1145.5 304.6862038377561
4583 1145.75 304.6863169615146
4584 1146 304.6864298623747
4585 1146.25 304.6865425325355
4586 1146.5 304.6866549662563
4587 1146.75 304.6867671599036
4588 1147 304.6868791119201
4589 1147.25 304.6869908227222
4590 1147.5 304.6871022944695
4591 1147.75 304.687213530839
4592 1148 304.6873245356799
4593 1148.25 304.6874353176775
4594 1148.5 304.6875458844934
4595 1148.75 304.6876562396699
4596 1149 304.6877663890897
4597 1149.25 304.6878763374237
4598 1149.5 304.6879860875337
4599 1149.75 304.6880956398257
4600 1150 304.6882049916561
4601 1150.25 304.6883141368068
4602 1150.5 304.6884230651364
4603 1150.75 304.6885317624569
4604 1151 304.68864021055
4605 1151.25 304.6887483873655
4606 1151.5 304.6888562673699
4607 1151.75 304.6889638220114
4608 1152 304.6890710202709
4609 1152.25 304.6891778291765
4610 1152.5 304.6892842144551
4611 1152.75 304.6893901410712
4612 1153 304.6894955738006
4613 1153.25 304.6896004776956
4614 1153.5 304.6897048185839
4615 1153.75 304.6898085634249
4616 1154 304.6899116806805
4617 1154.25 304.6900141406155
4618 1154.5 304.6901159155233
4619 1154.75 304.6902169799686
4620 1155 304.6903173109704
4621 1155.25 304.6904168881492
4622 1155.5 304.6905156938531
4623 1155.75 304.6906136661616
4624 1156 304.6907108339637
4625 1156.25 304.6908071893093
4626 1156.5 304.6909027262449
4627 1156.75 304.6909974506627
4628 1157 304.6910913605498
4629 1157.25 304.6911844639102
4630 1157.5 304.691276767477
4631 1157.75 304.6913682951019
4632 1158 304.6914590682432
4633 1158.25 304.6915491756681
4634 1158.5 304.6916385230311
4635 1158.75 304.6917272109281
4636 1159 304.6918152768362
4637 1159.25 304.6919028200435
4638 1159.5 304.6919898220679
4639 1159.75 304.6920763229486
4640 1160 304.6921623648591
4641 1160.25 304.692247989754
4642 1160.5 304.6923332387869
4643 1160.75 304.6924181520448
4644 1161 304.69250276843
4645 1161.25 304.6925871255588
4646 1161.5 304.6926712597558
4647 1161.75 304.6927552060343
4648 1162 304.6928389980764
4649 1162.25 304.6929226682052
4650 1162.5 304.6930062473423
4651 1162.75 304.6930897649237
4652 1163 304.6931732488395
4653 1163.25 304.6932567253738
4654 1163.5 304.6933401900167
4655 1163.75 304.6934237095252
4656 1164 304.6935073147692
4657 1164.25 304.6935910004785
4658 1164.5 304.6936747820329
4659 1164.75 304.6937586731487
4660 1165 304.693842684665
4661 1165.25 304.6939268241237
4662 1165.5 304.6940110955469
4663 1165.75 304.6940954992745
4664 1166 304.6941800319027
4665 1166.25 304.6942646863322
4666 1166.5 304.6943494519039
4667 1166.75 304.6944343409967
4668 1167 304.6945193042101
4669 1167.25 304.6946043321345
4670 1167.5 304.6946893821583
4671 1167.75 304.6947744477866
4672 1168 304.6948595061724
4673 1168.25 304.694944533789
4674 1168.5 304.6950295075765
4675 1168.75 304.6951144056506
4676 1169 304.6951992077254
4677 1169.25 304.6952838955357
4678 1169.5 304.6953684531335
4679 1169.75 304.6954528669801
4680 1170 304.695537126073
4681 1170.25 304.6956212218516
4682 1170.5 304.6957051481184
4683 1170.75 304.6957889007864
4684 1171 304.695872477678
4685 1171.25 304.6959558782738
4686 1171.5 304.6960391033606
4687 1171.75 304.6961221547932
4688 1172 304.6962050352147
4689 1172.25 304.6962877477216
4690 1172.5 304.6963702956641
4691 1172.75 304.6964526824044
4692 1173 304.6965349110636
4693 1173.25 304.6966169844417
4694 1173.5 304.6966989047961
4695 1173.75 304.6967806737821
4696 1174 304.6968622924126
4697 1174.25 304.6969437609484
4698 1174.5 304.6970250789493
4699 1174.75 304.6971062452129
4700 1175 304.6971872577936
4701 1175.25 304.6972681140065
4702 1175.5 304.6973488104701
4703 1175.75 304.6974293430352
4704 1176 304.6975097068515
4705 1176.25 304.6975898963403
4706 1176.5 304.69766990516
4707 1176.75 304.6977497262136
4708 1177 304.6978293516378
4709 1177.25 304.6979087727639
4710 1177.5 304.6979879801532
4711 1177.75 304.6980669635702
4712 1178 304.6981457120573
4713 1178.25 304.6982242139368
4714 1178.5 304.6983024568724
4715 1178.75 304.69838042792
4716 1179 304.6984581136269
4717 1179.25 304.6985355000548
4718 1179.5 304.6986125728993
4719 1179.75 304.6986893175635
4720 1180 304.6987657192279
4721 1180.25 304.6988417629395
4722 1180.5 304.6989174337087
4723 1180.75 304.6989927165461
4724 1181 304.6990675535121
4725 1181.25 304.6991420152578
4726 1181.5 304.6992160463919
4727 1181.75 304.6992896313141
4728 1182 304.6993627563575
4729 1182.25 304.6994354085754
4730 1182.5 304.6995075758139
4731 1182.75 304.6995791956522
4732 1183 304.6996503102369
4733 1183.25 304.6997209563364
4734 1183.5 304.6997910823215
4735 1183.75 304.6998606810005
4736 1184 304.6999297488902
4737 1184.25 304.6999982847662
4738 1184.5 304.700066289758
4739 1184.75 304.7001337676415
4740 1185 304.70020072504
4741 1185.25 304.7002671715382
4742 1185.5 304.700333119747
4743 1185.75 304.7003985852445
4744 1186 304.7004635864693
4745 1186.25 304.7005281444249
4746 1186.5 304.7005922824253
4747 1186.75 304.7006560257179
4748 1187 304.7007194010643
4749 1187.25 304.7007824363783
4750 1187.5 304.7008451602882
4751 1187.75 304.7009076017673
4752 1188 304.7009697897012
4753 1188.25 304.701031752605
4754 1188.5 304.7010935182632
4755 1188.75 304.7011551134129
4756 1189 304.701216563543
4757 1189.25 304.7012778925723
4758 1189.5 304.701339122704
4759 1189.75 304.7014002742126
4760 1190 304.7014613652839
4761 1190.25 304.7015224119011
4762 1190.5 304.7015834277208
4763 1190.75 304.7016444240114
4764 1191 304.7017054096103
4765 1191.25 304.7017663908842
4766 1191.5 304.7018273717426
4767 1191.75 304.701888353666
4768 1192 304.7019493357416
4769 1192.25 304.7020103147389
4770 1192.5 304.7020712851707
4771 1192.75 304.7021322394233
4772 1193 304.7021931678582
4773 1193.25 304.7022540589808
4774 1193.5 304.7023148995603
4775 1193.75 304.7023756748143
4776 1194 304.7024363685915
4777 1194.25 304.7024969635748
4778 1194.5 304.7025574414628
4779 1194.75 304.7026177831978
4780 1195 304.7026779691989
4781 1195.25 304.702737979567
4782 1195.5 304.702797794272
4783 1195.75 304.702857393326
4784 1196 304.702916756987
4785 1196.25 304.7029758658767
4786 1196.5 304.7030347011335
4787 1196.75 304.7030932445179
4788 1197 304.703151478506
4789 1197.25 304.7032093863713
4790 1197.5 304.7032669522482
4791 1197.75 304.7033241612179
4792 1198 304.7033809993275
4793 1198.25 304.7034374626165
4794 1198.5 304.7034935216754
4795 1198.75 304.7035491821653
4796 1199 304.703604429822
4797 1199.25 304.7036592490349
4798 1199.5 304.7037136327125
4799 1199.75 304.7037675670595
4800 1200 304.7038210586904
4801 1200.25 304.7038741045183
4802 1200.5 304.7039267032038
4803 1200.75 304.7039788556945
4804 1201 304.7040305655483
4805 1201.25 304.704081839208
4806 1201.5 304.7041326861346
4807 1201.75 304.7041831189119
4808 1202 304.7042331531658
4809 1202.25 304.704282807461
4810 1202.5 304.7043321030076
4811 1202.75 304.7043810633459
4812 1203 304.7044297139627
4813 1203.25 304.7044780818914
4814 1203.5 304.7045261951831
4815 1203.75 304.7045740825289
4816 1204 304.704621772824
4817 1204.25 304.7046692947113
4818 1204.5 304.7047166762737
4819 1204.75 304.7047639446854
4820 1205 304.7048111259399
4821 1205.25 304.7048582446274
4822 1205.5 304.7049053237046
4823 1205.75 304.7049523844042
4824 1206 304.7049994460686
4825 1206.25 304.7050465260674
4826 1206.5 304.7050936397548
4827 1206.75 304.7051408004285
4828 1207 304.7051880193271
4829 1207.25 304.705235305632
4830 1207.5 304.7052826664982
4831 1207.75 304.705330107085
4832 1208 304.7053776306208
4833 1208.25 304.7054252384655
4834 1208.5 304.7054729301736
4835 1208.75 304.7055207035596
4836 1209 304.7055685547846
4837 1209.25 304.7056164784464
4838 1209.5 304.7056644676517
4839 1209.75 304.7057125141052
4840 1210 304.7057606082207
4841 1210.25 304.7058087392176
4842 1210.5 304.7058568952249
4843 1210.75 304.7059050634568
4844 1211 304.7059532302642
4845 1211.25 304.7060013813274
4846 1211.5 304.7060495017038
4847 1211.75 304.706097576021
4848 1212 304.706145588551
4849 1212.25 304.7061935233597
4850 1212.5 304.7062413643543
4851 1212.75 304.7062890954353
4852 1213 304.7063367006136
4853 1213.25 304.7063842003066
4854 1213.5 304.7064315378207
4855 1213.75 304.7064786669345
4856 1214 304.7065256078502
4857 1214.25 304.7065723471591
4858 1214.5 304.7066188713469
4859 1214.75 304.7066651680133
4860 1215 304.7067112263369
4861 1215.25 304.7067570376055
4862 1215.5 304.7068025957237
4863 1215.75 304.706847897639
4864 1216 304.7068929437627
4865 1216.25 304.7069377382513
4866 1216.5 304.7069822890883
4867 1216.75 304.707026608085
4868 1217 304.707070710738
4869 1217.25 304.7071146159316
4870 1217.5 304.7071583455723
4871 1217.75 304.7072019241656
4872 1218 304.7072453783197
4873 1218.25 304.7072887362586
4874 1218.5 304.7073320273311
4875 1218.75 304.707375281538
4876 1219 304.7074185291115
4877 1219.25 304.7074618001232
4878 1219.5 304.7075051241534
4879 1219.75 304.7075485299787
4880 1220 304.7075920453319
4881 1220.25 304.707635696694
4882 1220.5 304.7076795091238
4883 1220.75 304.7077235061255
4884 1221 304.7077677095465
4885 1221.25 304.7078121394809
4886 1221.5 304.7078568142125
4887 1221.75 304.7079017502125
4888 1222 304.7079469620847
4889 1222.25 304.7079924625835
4890 1222.5 304.7080382626669
4891 1222.75 304.7080843715094
4892 1223 304.7081307965481
4893 1223.25 304.7081775436047
4894 1223.5 304.7082246169018
4895 1223.75 304.7082720192137
4896 1224 304.7083197518679
4897 1224.25 304.7083678149211
4898 1224.5 304.7084162071685
4899 1224.75 304.7084649263041
4900 1225 304.7085139689606
4901 1225.25 304.7085633308279
4902 1225.5 304.7086130067113
4903 1225.75 304.7086629906315
4904 1226 304.7087132758604
4905 1226.25 304.7087638550464
4906 1226.5 304.7088147202288
4907 1226.75 304.708865862942
4908 1227 304.7089172742467
4909 1227.25 304.7089689448105
4910 1227.5 304.7090208649283
4911 1227.75 304.7090730245825
4912 1228 304.7091254134853
4913 1228.25 304.7091780211182
4914 1228.5 304.7092308367579
4915 1228.75 304.7092838495265
4916 1229 304.7093370483901
4917 1229.25 304.7093904222228
4918 1229.5 304.7094439597914
4919 1229.75 304.7094976498047
4920 1230 304.7095514809643
4921 1230.25 304.7096055085295
4922 1230.5 304.7096595896932
4923 1230.75 304.7097138445964
4924 1231 304.7097681295526
4925 1231.25 304.7098224982166
4926 1231.5 304.7098769423286
4927 1231.75 304.7099314516817
4928 1232 304.7099860163507
4929 1232.25 304.7100406269466
4930 1232.5 304.7100953581632
4931 1232.75 304.7101501052587
4932 1233 304.7102048776356
4933 1233.25 304.7102595876748
4934 1233.5 304.7103143051709
4935 1233.75 304.7103690270794
4936 1234 304.7104237475511
4937 1234.25 304.710478460384
4938 1234.5 304.7105331589294
4939 1234.75 304.7105878358151
4940 1235 304.7106424826529
4941 1235.25 304.7106970898472
4942 1235.5 304.7107516464345
4943 1235.75 304.7108061400905
4944 1236 304.710860557082
4945 1236.25 304.7109148823346
4946 1236.5 304.7109690995609
4947 1236.75 304.7110231913562
4948 1237 304.7110771393797
4949 1237.25 304.7111309245261
4950 1237.5 304.7111845270516
4951 1237.75 304.7112379267998
4952 1238 304.7112911033227
4953 1238.25 304.7113440360708
4954 1238.5 304.7113967045224
4955 1238.75 304.7114490883462
4956 1239 304.7115011675833
4957 1239.25 304.7115529228015
4958 1239.5 304.7116043352208
4959 1239.75 304.7116553869058
4960 1240 304.7117060608782
4961 1240.25 304.7117563484263
4962 1240.5 304.7118062137569
4963 1240.75 304.7118556471064
4964 1241 304.7119046381202
4965 1241.25 304.7119531888171
4966 1241.5 304.7120012876902
4967 1241.75 304.7120489280679
4968 1242 304.7120961039025
4969 1242.25 304.7121428108011
4970 1242.5 304.7121890461723
4971 1242.75 304.7122348093015
4972 1243 304.7122801013168
4973 1243.25 304.7123249252197
4974 1243.5 304.7123692858331
4975 1243.75 304.7124131896695
4976 1244 304.7124566448506
4977 1244.25 304.7124996609175
4978 1244.5 304.7125422486557
4979 1244.75 304.7125844198501
4980 1245 304.712626187103
4981 1245.25 304.7126675635769
4982 1245.5 304.7127085627542
4983 1245.75 304.7127491982012
4984 1246 304.7127894833449
4985 1246.25 304.7128294312395
4986 1246.5 304.7128690543741
4987 1246.75 304.7129083645215
4988 1247 304.7129473725818
4989 1247.25 304.712986088483
4990 1247.5 304.713024521111
4991 1247.75 304.7130626782518
4992 1248 304.7131005665806
4993 1248.25 304.7131381916536
4994 1248.5 304.7131755579228
4995 1248.75 304.7132126687551
4996 1249 304.7132495264447
4997 1249.25 304.7132861322731
4998 1249.5 304.7133224865195
4999 1249.75 304.713358588501
5000 1250 304.7133944366324
5001 1250.25 304.7134300284373
5002 1250.5 304.7134653606209
5003 1250.75 304.7135004291297
5004 1251 304.713535229195
5005 1251.25 304.7135697554282
5006 1251.5 304.713604001912
5007 1251.75 304.7136379622718
5008 1252 304.7136716297716
5009 1252.25 304.7137049974234
5010 1252.5 304.7137380580759
5011 1252.75 304.7137708045375
5012 1253 304.7138032296796
5013 1253.25 304.7138353265471
5014 1253.5 304.7138670884829
5015 1253.75 304.7138985092206
5016 1254 304.7139295829887
5017 1254.25 304.7139603046159
5018 1254.5 304.7139906695681
5019 1254.75 304.7140206740784
5020 1255 304.7140503151758
5021 1255.25 304.7140795907472
5022 1255.5 304.7141084995644
5023 1255.75 304.7141370413623
5024 1256 304.7141652168276
5025 1256.25 304.7141930276816
5026 1256.5 304.7142204766454
5027 1256.75 304.714247567492
5028 1257 304.7142743050159
5029 1257.25 304.7143006950567
5030 1257.5 304.714326724835
5031 1257.75 304.7143524434373
5032 1258 304.7143778387016
5033 1258.25 304.7144029195272
5034 1258.5 304.714427684286
5035 1258.75 304.7144521705264
5036 1259 304.7144763767357
5037 1259.25 304.7145003152292
5038 1259.5 304.7145239995043
5039 1259.75 304.7145474438276
5040 1260 304.7145706631035
5041 1260.25 304.7145936731983
5042 1260.5 304.7146164914843
5043 1260.75 304.7146391458446
5044 1261 304.714661645829
5045 1261.25 304.7146839925812
5046 1261.5 304.7147062157753
5047 1261.75 304.7147283334771
5048 1262 304.7147503636254
5049 1262.25 304.7147723239344
5050 1262.5 304.714794231661
5051 1262.75 304.7148161033288
5052 1263 304.7148379545066
5053 1263.25 304.7148597995524
5054 1263.5 304.7148816514348
5055 1263.75 304.7149035215467
5056 1264 304.7149254196112
5057 1264.25 304.7149473536552
5058 1264.5 304.7149693299547
5059 1264.75 304.7149913530905
5060 1265 304.7150134259887
5061 1265.25 304.7150355499915
5062 1265.5 304.7150577249249
5063 1265.75 304.7150799491787
5064 1266 304.7151022197847
5065 1266.25 304.7151245324746
5066 1266.5 304.7151468817618
5067 1266.75 304.7151692609925
5068 1267 304.7151916624332
5069 1267.25 304.7152140773454
5070 1267.5 304.7152364960618
5071 1267.75 304.7152589080737
5072 1268 304.7152813021299
5073 1268.25 304.7153036662892
5074 1268.5 304.7153259880365
5075 1268.75 304.7153482543878
5076 1269 304.7153704519599
5077 1269.25 304.7153925670964
5078 1269.5 304.715414585989
5079 1269.75 304.7154364948256
5080 1270 304.7154582799585
5081 1270.25 304.7154799331927
5082 1270.5 304.7155014271753
5083 1270.75 304.7155227529063
5084 1271 304.7155439058814
5085 1271.25 304.7155648770916
5086 1271.5 304.715585658439
5087 1271.75 304.7156062437578
5088 1272 304.7156266292762
5089 1272.25 304.7156468138353
5090 1272.5 304.7156667991018
5091 1272.75 304.715686589626
5092 1273 304.7157061802446
5093 1273.25 304.7157255892421
5094 1273.5 304.7157448481975
5095 1273.75 304.7157639569764
5096 1274 304.7157829305112
5097 1274.25 304.7158017834169
5098 1274.5 304.7158205295344
5099 1274.75 304.7158391811093
5100 1275 304.7158577479616
5101 1275.25 304.7158762368487
5102 1275.5 304.7158946509891
5103 1275.75 304.7159129897873
5104 1276 304.7159312349673
5105 1276.25 304.7159494065963
5106 1276.5 304.7159674781191
5107 1276.75 304.7159854353972
5108 1277 304.7160032618976
5109 1277.25 304.7160209396487
5110 1277.5 304.716038450011
5111 1277.75 304.7160557744261
5112 1278 304.7160728950744
5113 1278.25 304.716089795463
5114 1278.5 304.7161064608183
5115 1278.75 304.7161228783556
5116 1279 304.7161390374255
5117 1279.25 304.7161549294539
5118 1279.5 304.7161705478123
5119 1279.75 304.7161858876437
5120 1280 304.7162009455211
5121 1280.25 304.7162157191377
5122 1280.5 304.7162302069679
5123 1280.75 304.7162444079167
5124 1281 304.7162583209996
5125 1281.25 304.7162719450487
5126 1281.5 304.7162852784577
5127 1281.75 304.7162983189751
5128 1282 304.7163110635128
5129 1282.25 304.7163235080316
5130 1282.5 304.7163356474516
5131 1282.75 304.7163474755942
5132 1283 304.7163589851862
5133 1283.25 304.7163701678606
5134 1283.5 304.7163810142566
5135 1283.75 304.7163915140941
5136 1284 304.7164016562904
5137 1284.25 304.7164114291313
5138 1284.5 304.7164208204107
5139 1284.75 304.716429817624
5140 1285 304.7164384081736
5141 1285.25 304.7164465795409
5142 1285.5 304.7164543195359
5143 1285.75 304.7164616164407
5144 1286 304.7164684592086
5145 1286.25 304.7164748376268
5146 1286.5 304.7164807424776
5147 1286.75 304.7164861656586
5148 1287 304.7164911003124
5149 1287.25 304.7164955409033
5150 1287.5 304.7164994833316
5151 1287.75 304.7165029249691
5152 1288 304.7165058647626
5153 1288.25 304.7165083032224
5154 1288.5 304.7165102425146
5155 1288.75 304.7165116864164
5156 1289 304.7165126403778
5157 1289.25 304.7165131114903
5158 1289.5 304.7165131085021
5159 1289.75 304.7165126417585
5160 1290 304.7165117232263
5161 1290.25 304.7165103663838
5162 1290.5 304.7165085862596
5163 1290.75 304.7165063993331
5164 1291 304.7165038234407
5165 1291.25 304.7165008777515
5166 1291.5 304.7164975826762
5167 1291.75 304.7164939597768
5168 1292 304.7164900317078
5169 1292.25 304.7164858220822
5170 1292.5 304.7164813553964
5171 1292.75 304.7164766569173
5172 1293 304.7164717525856
5173 1293.25 304.7164666688956
5174 1293.5 304.716461432786
5175 1293.75 304.716456071522
5176 1294 304.7164506125814
5177 1294.25 304.7164450835463
5178 1294.5 304.7164395119435
5179 1294.75 304.7164339251682
5180 1295 304.7164283503569
5181 1295.25 304.7164228142727
5182 1295.5 304.7164173432048
5183 1295.75 304.7164119628468
5184 1296 304.7164066982276
5185 1296.25 304.7164015478551
5186 1296.5 304.716396587443
5187 1296.75 304.7163917916608
5188 1297 304.7163872256143
5189 1297.25 304.7163828876758
5190 1297.5 304.716378778782
5191 1297.75 304.7163749381863
5192 1298 304.7163713943501
5193 1298.25 304.7163681474927
5194 1298.5 304.716365211037
5195 1298.75 304.7163625975447
5196 1299 304.7163603180933
5197 1299.25 304.7163583822149
5198 1299.5 304.7163567978723
5199 1299.75 304.7163555715187
5200 1300 304.716354708041
5201 1300.25 304.7163542108664
5202 1300.5 304.7163540819281
5203 1300.75 304.7163543216657
5204 1301 304.7163549291114
5205 1301.25 304.7163559018392
5206 1301.5 304.7163572360065
5207 1301.75 304.7163589263471
5208 1302 304.716360966186
5209 1302.25 304.716363347462
5210 1302.5 304.7163660607292
5211 1302.75 304.7163690951858
5212 1303 304.7163724387124
5213 1303.25 304.7163760778987
5214 1303.5 304.716379998093
5215 1303.75 304.7163841834821
5216 1304 304.7163886171334
5217 1304.25 304.716393281081
5218 1304.5 304.7163981564378
5219 1304.75 304.7164032395925
5220 1305 304.7164084784105
5221 1305.25 304.7164138844673
5222 1305.5 304.7164194018073
5223 1305.75 304.7164250443881
5224 1306 304.7164307522119
5225 1306.25 304.7164365419143
5226 1306.5 304.7164423707002
5227 1306.75 304.7164481947128
5228 1307 304.7164540107654
5229 1307.25 304.7164597967953
5230 1307.5 304.7164655300128
5231 1307.75 304.7164711877305
5232 1308 304.7164767474862
5233 1308.25 304.716482191905
5234 1308.5 304.7164874893156
5235 1308.75 304.7164926210382
5236 1309 304.7164975666354
5237 1309.25 304.7165023117333
5238 1309.5 304.7165068406679
5239 1309.75 304.7165111390794
5240 1310 304.7165151956893
5241 1310.25 304.7165190030585
5242 1310.5 304.7165225581468
5243 1310.75 304.7165258756434
5244 1311 304.7165289499051
5245 1311.25 304.7165317925475
5246 1311.5 304.7165344154131
5247 1311.75 304.7165368438728
5248 1312 304.7165391013039
5249 1312.25 304.7165412115322
5250 1312.5 304.7165431992771
5251 1312.75 304.7165450892435
5252 1313 304.7165469051501
5253 1313.25 304.7165486688683
5254 1313.5 304.7165503996606
5255 1313.75 304.7165521136617
5256 1314 304.716553823464
5257 1314.25 304.7165555379023
5258 1314.5 304.7165572619893
5259 1314.75 304.7165589969266
5260 1315 304.7165607402781
5261 1315.25 304.7165624862131
5262 1315.5 304.7165642257535
5263 1315.75 304.7165659471081
5264 1316 304.7165676359612
5265 1316.25 304.716569275898
5266 1316.5 304.7165709181678
5267 1316.75 304.7165724595292
5268 1317 304.7165738390111
5269 1317.25 304.7165751419596
5270 1317.5 304.7165762949787
5271 1317.75 304.7165772674471
5272 1318 304.7165779865843
5273 1318.25 304.7165784841951
5274 1318.5 304.7165787417727
5275 1318.75 304.7165787401732
5276 1319 304.7165784620615
5277 1319.25 304.7165778925219
5278 1319.5 304.716577019394
5279 1319.75 304.7165758335145
5280 1320 304.7165743289945
5281 1320.25 304.7165725032369
5282 1320.5 304.7165703569549
5283 1320.75 304.7165678940152
5284 1321 304.7165651211394
5285 1321.25 304.7165620475722
5286 1321.5 304.7165586846297
5287 1321.75 304.7165550452523
5288 1322 304.7165511435185
5289 1322.25 304.7165469941832
5290 1322.5 304.7165426122567
5291 1322.75 304.7165380126239
5292 1323 304.7165332097233
5293 1323.25 304.7165282172596
5294 1323.5 304.7165230479849
5295 1323.75 304.7165177135466
5296 1324 304.7165122243513
5297 1324.25 304.716506589503
5298 1324.5 304.7165008167344
5299 1324.75 304.7164949124048
5300 1325 304.7164888815524
5301 1325.25 304.716482727891
5302 1325.5 304.7164764538842
5303 1325.75 304.716470060827
5304 1326 304.7164635489158
5305 1326.25 304.7164569173534
5306 1326.5 304.716450164443
5307 1326.75 304.7164432876617
5308 1327 304.7164362837621
5309 1327.25 304.7164291488426
5310 1327.5 304.7164218784249
5311 1327.75 304.7164144674916
5312 1328 304.7164069105519
5313 1328.25 304.7163992016669
5314 1328.5 304.7163913344998
5315 1328.75 304.7163833023198
5316 1329 304.7163750980552
5317 1329.25 304.7163667143277
5318 1329.5 304.7163581434718
5319 1329.75 304.7163493775749
5320 1330 304.7163404085189
5321 1330.25 304.7163312280047
5322 1330.5 304.7163218276179
5323 1330.75 304.7163121988547
5324 1331 304.7163023332093
5325 1331.25 304.7162922222278
5326 1331.5 304.7162818575925
5327 1331.75 304.716271231253
5328 1332 304.7162603354806
5329 1332.25 304.7162491630359
5330 1332.5 304.716237707258
5331 1332.75 304.7162259621566
5332 1333 304.7162139226074
5333 1333.25 304.7162015955968
5334 1333.5 304.7161889639171
5335 1333.75 304.7161760178097
5336 1334 304.7161627667478
5337 1334.25 304.7161492113053
5338 1334.5 304.7161353530362
5339 1334.75 304.7161211947922
5340 1335 304.7161067407549
5341 1335.25 304.7160919964152
5342 1335.5 304.7160769684904
5343 1335.75 304.7160616649509
5344 1336 304.7160460949857
5345 1336.25 304.7160302688415
5346 1336.5 304.7160141978176
5347 1336.75 304.7159979085841
5348 1337 304.7159813792286
5349 1337.25 304.7159646599799
5350 1337.5 304.7159477462293
5351 1337.75 304.7159306417007
5352 1338 304.7159133759263
5353 1338.25 304.7158959636712
5354 1338.5 304.7158784198572
5355 1338.75 304.7158607592507
5356 1339 304.7158430015729
5357 1339.25 304.7158251475263
5358 1339.5 304.7158072223507
5359 1339.75 304.715789232441
5360 1340 304.7157711864953
5361 1340.25 304.7157531020584
5362 1340.5 304.7157349892477
5363 1340.75 304.7157168577005
5364 1341 304.7156987160722
5365 1341.25 304.7156805719304
5366 1341.5 304.7156624316977
5367 1341.75 304.7156443005747
5368 1342 304.7156261824737
5369 1342.25 304.715608079968
5370 1342.5 304.7155899942345
5371 1342.75 304.715571925048
5372 1343 304.7155538707425
5373 1343.25 304.7155358282202
5374 1343.5 304.7155177929722
5375 1343.75 304.7154997590953
5376 1344 304.7154817193279
5377 1344.25 304.7154636651161
5378 1344.5 304.7154455866877
5379 1344.75 304.7154274731291
5380 1345 304.7154093124536
5381 1345.25 304.7153910917609
5382 1345.5 304.7153727973413
5383 1345.75 304.7153544147794
5384 1346 304.7153359291501
5385 1346.25 304.7153173251292
5386 1346.5 304.7152985871575
5387 1346.75 304.7152797006644
5388 1347 304.7152606488081
5389 1347.25 304.7152414132082
5390 1347.5 304.7152219810021
5391 1347.75 304.7152023366094
5392 1348 304.7151824650658
5393 1348.25 304.7151623518216
5394 1348.5 304.7151419829739
5395 1348.75 304.7151213455292
5396 1349 304.7151004276899
5397 1349.25 304.7150792191619
5398 1349.5 304.7150577115144
5399 1349.75 304.71503589835
5400 1350 304.7150137755477
5401 1350.25 304.7149913413513
5402 1350.5 304.7149685963609
5403 1350.75 304.7149455434945
5404 1351 304.7149221878701
5405 1351.25 304.7148985365521
5406 1351.5 304.7148745983509
5407 1351.75 304.7148503835198
5408 1352 304.7148259034448
5409 1352.25 304.7148011703133
5410 1352.5 304.714776196829
5411 1352.75 304.7147509958793
5412 1353 304.7147255802709
5413 1353.25 304.7146999624466
5414 1353.5 304.7146741542867
5415 1353.75 304.7146481668792
5416 1354 304.7146220103572
5417 1354.25 304.7145956937208
5418 1354.5 304.7145692247393
5419 1354.75 304.7145426098152
5420 1355 304.7145158538875
5421 1355.25 304.7144889603749
5422 1355.5 304.7144619311157
5423 1355.75 304.7144347663506
5424 1356 304.7144074646799
5425 1356.25 304.714380023139
5426 1356.5 304.7143524372165
5427 1356.75 304.7143247009215
5428 1357 304.7142968068815
5429 1357.25 304.7142687464994
5430 1357.5 304.7142405100716
5431 1357.75 304.7142120869299
5432 1358 304.7141834656244
5433 1358.25 304.7141546340859
5434 1358.5 304.7141255797924
5435 1358.75 304.7140962899373
5436 1359 304.7140667515503
5437 1359.25 304.7140369516885
5438 1359.5 304.7140068775076
5439 1359.75 304.7139765164255
5440 1360 304.7139458562177
5441 1360.25 304.7139148851612
5442 1360.5 304.713883592056
5443 1360.75 304.7138519663141
5444 1361 304.7138199980678
5445 1361.25 304.7137876781979
5446 1361.5 304.7137549612511
5447 1361.75 304.7137219144496
5448 1362 304.7136884948666
5449 1362.25 304.71365465845
5450 1362.5 304.7136204728186
5451 1362.75 304.7135859006426
5452 1363 304.7135509382089
5453 1363.25 304.7135155844766
5454 1363.5 304.7134798400044
5455 1363.75 304.7134437070292
5456 1364 304.7134071897252
5457 1364.25 304.7133702943383
5458 1364.5 304.713333029338
5459 1364.75 304.713295405396
5460 1365 304.7132574354395
5461 1365.25 304.713219094876
5462 1365.5 304.7131804782392
5463 1365.75 304.7131415682807
5464 1366 304.7131023847497
5465 1366.25 304.7130629506489
5466 1366.5 304.7130232909344
5467 1366.75 304.7129834323766
5468 1367 304.7129434033986
5469 1367.25 304.7129032339925
5470 1367.5 304.7128629553716
5471 1367.75 304.7128225997144
5472 1368 304.7127821997612
5473 1368.25 304.7127417883693
5474 1368.5 304.7127013980695
5475 1368.75 304.7126610605887
5476 1369 304.7126208064387
5477 1369.25 304.712580664505
5478 1369.5 304.7125406617093
5479 1369.75 304.7125008227168
5480 1370 304.712461169738
5481 1370.25 304.7124217224068
5482 1370.5 304.7123824976774
5483 1370.75 304.7123435098397
5484 1371 304.7123047705142
5485 1371.25 304.7122662887421
5486 1371.5 304.7122280710337
5487 1371.75 304.7121901214762
5488 1372 304.7121524418473
5489 1372.25 304.712115031706
5490 1372.5 304.7120778885106
5491 1372.75 304.712041007721
5492 1373 304.712004382903
5493 1373.25 304.7119680058253
5494 1373.5 304.711931866566
5495 1373.75 304.7118959935853
5496 1374 304.7118602992746
5497 1374.25 304.7118248020478
5498 1374.5 304.7117894862757
5499 1374.75 304.7117543332673
5500 1375 304.7117193216773
5501 1375.25 304.7116844271709
5502 1375.5 304.7116496219891
5503 1375.75 304.7116148745963
5504 1376 304.71158014951
5505 1376.25 304.7115454073559
5506 1376.5 304.7115106051187
5507 1376.75 304.7114756966146
5508 1377 304.7114406331099
5509 1377.25 304.7114053640859
5510 1377.5 304.7113698380622
5511 1377.75 304.7113340034208
5512 1378 304.711297809246
5513 1378.25 304.7112612060817
5514 1378.5 304.7112241466254
5515 1378.75 304.711186586303
5516 1379 304.7111484837884
5517 1379.25 304.7111098013581
5518 1379.5 304.711070505193
5519 1379.75 304.7110305655449
5520 1380 304.7109899568661
5521 1380.25 304.7109486578029
5522 1380.5 304.7109066511821
5523 1380.75 304.7108639238759
5524 1381 304.71082046668
5525 1381.25 304.7107762740924
5526 1381.5 304.7107313441285
5527 1381.75 304.7106856780571
5528 1382 304.7106392801667
5529 1382.25 304.7105921575002
5530 1382.5 304.7105443195883
5531 1382.75 304.7104957781805
5532 1383 304.7104465469814
5533 1383.25 304.7103966414066
5534 1383.5 304.7103460783329
5535 1383.75 304.7102948758537
5536 1384 304.7102430530642
5537 1384.25 304.710190494107
5538 1384.5 304.7101373617116
5539 1384.75 304.7100836726163
5540 1385 304.710029573804
5541 1385.25 304.7099748297345
5542 1385.5 304.7099197244449
5543 1385.75 304.7098641506136
5544 1386 304.7098081260183
5545 1386.25 304.7097516722694
5546 1386.5 304.7096948109674
5547 1386.75 304.7096375632614
5548 1387 304.7095799497212
5549 1387.25 304.709521990132
5550 1387.5 304.7094637033031
5551 1387.75 304.7094051068934
5552 1388 304.7093462172081
5553 1388.25 304.7092870491077
5554 1388.5 304.709227615858
5555 1388.75 304.7091679290558
5556 1389 304.7091079986787
5557 1389.25 304.7090478330175
5558 1389.5 304.7089874387761
5559 1389.75 304.7089268210933
5560 1390 304.7088659836364
5561 1390.25 304.7088049287058
5562 1390.5 304.7087436573713
5563 1390.75 304.7086821695643
5564 1391 304.708620464205
5565 1391.25 304.708558539351
5566 1391.5 304.7084963923265
5567 1391.75 304.7084340198874
5568 1392 304.7083714183287
5569 1392.25 304.708308583624
5570 1392.5 304.7082455115913
5571 1392.75 304.7081821980699
5572 1393 304.7081186390282
5573 1393.25 304.7080548307499
5574 1393.5 304.7079907699777
5575 1393.75 304.7079264541095
5576 1394 304.7078618812865
5577 1394.25 304.7077970505478
5578 1394.5 304.7077319620121
5579 1394.75 304.7076666169156
5580 1395 304.7076010177591
5581 1395.25 304.7075351683743
5582 1395.5 304.707469074
5583 1395.75 304.707402741335
5584 1396 304.7073361785687
5585 1396.25 304.7072693953972
5586 1396.5 304.7072024029992
5587 1396.75 304.7071352140621
5588 1397 304.7070678427085
5589 1397.25 304.7070003044221
5590 1397.5 304.7069326159981
5591 1397.75 304.7068647954257
5592 1398 304.7067968618007
5593 1398.25 304.7067288352046
5594 1398.5 304.7066607365799
5595 1398.75 304.706592587666
5596 1399 304.7065244108086
5597 1399.25 304.7064562289082
5598 1399.5 304.7063880652847
5599 1399.75 304.7063199436368
5600 1400 304.706251887913
5601 1400.25 304.7061839222002
5602 1400.5 304.7061160706651
5603 1400.75 304.7060483574363
5604 1401 304.7059808064901
5605 1401.25 304.7059134415413
5606 1401.5 304.7058462859042
5607 1401.75 304.7057793624019
5608 1402 304.7057126932098
5609 1402.25 304.7056462997332
5610 1402.5 304.7055802025189
5611 1402.75 304.705514421141
5612 1403 304.705448974122
5613 1403.25 304.7053838788611
5614 1403.5 304.7053191515578
5615 1403.75 304.7052548072039
5616 1404 304.7051908595332
5617 1404.25 304.705127321036
5618 1404.5 304.7050642029172
5619 1404.75 304.7050015151587
5620 1405 304.7049392664704
5621 1405.25 304.7048774643488
5622 1405.5 304.7048161151112
5623 1405.75 304.7047552238296
5624 1406 304.7046947943899
5625 1406.25 304.7046348547933
5626 1406.5 304.7045753575082
5627 1406.75 304.7045163544779
5628 1407 304.7044577902971
5629 1407.25 304.7043996892922
5630 1407.5 304.7043420809117
5631 1407.75 304.7042849311563
5632 1408 304.7042282363066
5633 1408.25 304.7041719904608
5634 1408.5 304.7041161859078
5635 1408.75 304.7040607820969
5636 1409 304.7040058013866
5637 1409.25 304.7039512372716
5638 1409.5 304.703897081806
5639 1409.75 304.7038433273328
5640 1410 304.7037899669739
5641 1410.25 304.7037369949177
5642 1410.5 304.7036844066512
5643 1410.75 304.7036321991271
5644 1411 304.7035803707831
5645 1411.25 304.7035289215351
5646 1411.5 304.7034778526153
5647 1411.75 304.7034271663398
5648 1412 304.7033768658512
5649 1412.25 304.7033269547966
5650 1412.5 304.7032774370238
5651 1412.75 304.7032283162454
5652 1413 304.7031795957701
5653 1413.25 304.7031312782125
5654 1413.5 304.7030833652894
5655 1413.75 304.7030358576332
5656 1414 304.7029887546168
5657 1414.25 304.7029420542618
5658 1414.5 304.7028957531919
5659 1414.75 304.7028498465605
5660 1415 304.702804328071
5661 1415.25 304.7027591900194
5662 1415.5 304.7027144233399
5663 1415.75 304.7026700176704
5664 1416 304.7026259614493
5665 1416.25 304.7025822420168
5666 1416.5 304.7025388457544
5667 1416.75 304.7024957581706
5668 1417 304.7024529640712
5669 1417.25 304.702410447669
5670 1417.5 304.7023681927375
5671 1417.75 304.7023261827573
5672 1418 304.7022844010788
5673 1418.25 304.7022428310312
5674 1418.5 304.702201456067
5675 1418.75 304.7021602598801
5676 1419 304.7021192265201
5677 1419.25 304.7020783404643
5678 1419.5 304.7020375867284
5679 1419.75 304.7019969509392
5680 1420 304.7019564193992
5681 1420.25 304.7019159791476
5682 1420.5 304.7018756180148
5683 1420.75 304.7018353246745
5684 1421 304.7017950887319
5685 1421.25 304.7017549007411
5686 1421.5 304.7017147522612
5687 1421.75 304.7016746359265
5688 1422 304.7016345454455
5689 1422.25 304.7015944756403
5690 1422.5 304.7015544224435
5691 1422.75 304.7015143828729
5692 1423 304.7014743550157
5693 1423.25 304.7014343379449
5694 1423.5 304.7013943316949
5695 1423.75 304.7013543371345
5696 1424 304.7013143559253
5697 1424.25 304.7012743904234
5698 1424.5 304.7012344435875
5699 1424.75 304.7011945189153
5700 1425 304.701154620367
5701 1425.25 304.70111480592
5702 1425.5 304.7010749725239
5703 1425.75 304.7010351776985
5704 1426 304.7009954285238
5705 1426.25 304.7009557303999
5706 1426.5 304.7009160887515
5707 1426.75 304.7008765091362
5708 1427 304.7008369972226
5709 1427.25 304.7007975587371
5710 1427.5 304.7007581994548
5711 1427.75 304.700718925137
5712 1428 304.7006797415609
5713 1428.25 304.7006406544714
5714 1428.5 304.7006016696116
5715 1428.75 304.7005627927063
5716 1429 304.7005240294964
5717 1429.25 304.7004853857612
5718 1429.5 304.7004468673483
5719 1429.75 304.700408480168
5720 1430 304.7003702302831
5721 1430.25 304.7003321238685
5722 1430.5 304.7002941672511
5723 1430.75 304.7002564090743
5724 1431 304.700218771428
5725 1431.25 304.7001813022592
5726 1431.5 304.7001440099714
5727 1431.75 304.7001069016239
5728 1432 304.7000699841986
5729 1432.25 304.700033264715
5730 1432.5 304.6999967501695
5731 1432.75 304.6999604474565
5732 1433 304.6999243633415
5733 1433.25 304.6998885043934
5734 1433.5 304.699852876968
5735 1433.75 304.6998175265547
5736 1434 304.6997824165368
5737 1434.25 304.6997475172557
5738 1434.5 304.6997128709222
5739 1434.75 304.6996784837691
5740 1435 304.6996443602622
5741 1435.25 304.6996105043006
5742 1435.5 304.6995769193801
5743 1435.75 304.6995436084306
5744 1436 304.699510573799
5745 1436.25 304.6994778171702
5746 1436.5 304.6994453394701
5747 1436.75 304.699413140766
5748 1437 304.6993812201993
5749 1437.25 304.6993495758912
5750 1437.5 304.6993182048844
5751 1437.75 304.6992871030519
5752 1438 304.699256265076
5753 1438.25 304.6992256843976
5754 1438.5 304.6991953531773
5755 1438.75 304.6991652623059
5756 1439 304.699135401404
5757 1439.25 304.6991057587986
5758 1439.5 304.6990763215805
5759 1439.75 304.699047104997
5760 1440 304.6990180336355
5761 1440.25 304.6989891205337
5762 1440.5 304.6989603492765
5763 1440.75 304.6989317013903
5764 1441 304.6989031574019
5765 1441.25 304.6988746970418
5766 1441.5 304.6988463203648
5767 1441.75 304.6988179622235
5768 1442 304.6987896225427
5769 1442.25 304.6987612800946
5770 1442.5 304.6987329127793
5771 1442.75 304.6987045115396
5772 1443 304.6986760265033
5773 1443.25 304.6986474505891
5774 1443.5 304.6986187634932
5775 1443.75 304.6985899450609
5776 1444 304.6985609758617
5777 1444.25 304.6985318373283
5778 1444.5 304.6985025118077
5779 1444.75 304.6984729826084
5780 1445 304.6984432340393
5781 1445.25 304.6984132513434
5782 1445.5 304.6983830207536
5783 1445.75 304.6983525293804
5784 1446 304.6983217540562
5785 1446.25 304.6982907038002
5786 1446.5 304.6982593593556
5787 1446.75 304.6982277108029
5788 1447 304.6981957492153
5789 1447.25 304.6981634664277
5790 1447.5 304.6981308548794
5791 1447.75 304.6980979076801
5792 1448 304.6980646185891
5793 1448.25 304.698030982033
5794 1448.5 304.6979969931219
5795 1448.75 304.697962647592
5796 1449 304.69792794183
5797 1449.25 304.6978928728418
5798 1449.5 304.6978574381802
5799 1449.75 304.6978216359499
5800 1450 304.6977854647466
5801 1450.25 304.6977488832781
5802 1450.5 304.6977119698042
5803 1450.75 304.6976746870902
5804 1451 304.6976370343152
5805 1451.25 304.6975989349112
5806 1451.5 304.6975604700557
5807 1451.75 304.6975216402819
5808 1452 304.6974824785354
5809 1452.25 304.6974430050097
5810 1452.5 304.6974031823236
5811 1452.75 304.6973630160765
5812 1453 304.697322515143
5813 1453.25 304.6972816902814
5814 1453.5 304.6972405540856
5815 1453.75 304.6971991211253
5816 1454 304.6971574079453
5817 1454.25 304.6971154329937
5818 1454.5 304.6970732164511
5819 1454.75 304.6970307800474
5820 1455 304.6969881467485
5821 1455.25 304.696945340444
5822 1455.5 304.6969023856169
5823 1455.75 304.696859307045
5824 1456 304.696816129336
5825 1456.25 304.6967728766939
5826 1456.5 304.6967295725334
5827 1456.75 304.6966862391221
5828 1457 304.6966428280075
5829 1457.25 304.6965994998275
5830 1457.5 304.6965562009282
5831 1457.75 304.6965129440001
5832 1458 304.6964697416998
5833 1458.25 304.6964266043427
5834 1458.5 304.6963835395189
5835 1458.75 304.6963405520514
5836 1459 304.6962976439657
5837 1459.25 304.6962548144931
5838 1459.5 304.6962120601364
5839 1459.75 304.6961693747594
5840 1460 304.6961267497509
5841 1460.25 304.6960841741937
5842 1460.5 304.6960416350735
5843 1460.75 304.6959990573316
5844 1461 304.6959565451359
5845 1461.25 304.6959140214889
5846 1461.5 304.6958714651466
5847 1461.75 304.6958288563785
5848 1462 304.6957861749387
5849 1462.25 304.695743400103
5850 1462.5 304.695700510963
5851 1462.75 304.6956574866832
5852 1463 304.6956143067866
5853 1463.25 304.6955709514011
5854 1463.5 304.6955274015015
5855 1463.75 304.6954836390904
5856 1464 304.6954396473956
5857 1464.25 304.6953954109831
5858 1464.5 304.6953509158349
5859 1464.75 304.6953061494159
5860 1465 304.6952611006388
5861 1465.25 304.6952157598289
5862 1465.5 304.695170118646
5863 1465.75 304.6951241699812
5864 1466 304.6950779078273
5865 1466.25 304.6950313271475
5866 1466.5 304.6949844237611
5867 1466.75 304.6949371941892
5868 1467 304.6948896355537
5869 1467.25 304.6948417454913
5870 1467.5 304.6947935220547
5871 1467.75 304.6947449636684
5872 1468 304.6946960690704
5873 1468.25 304.6946468373235
5874 1468.5 304.6945972677875
5875 1468.75 304.6945473601346
5876 1469 304.6944971143558
5877 1469.25 304.6944465307935
5878 1469.5 304.6943956101576
5879 1469.75 304.694344353537
5880 1470 304.6942927624251
5881 1470.25 304.6942408387468
5882 1470.5 304.6941885848621
5883 1470.75 304.6941360035866
5884 1471 304.6940830982159
5885 1471.25 304.6940298725096
5886 1471.5 304.6939763307419
5887 1471.75 304.6939224776393
5888 1472 304.6938683184341
5889 1472.25 304.6938137406433
5890 1472.5 304.6937588823679
5891 1472.75 304.6937038461046
5892 1473 304.6936485322897
5893 1473.25 304.6935929446749
5894 1473.5 304.6935370909059
5895 1473.75 304.6934809791018
5896 1474 304.6934246176216
5897 1474.25 304.6933680150931
5898 1474.5 304.693311180399
5899 1474.75 304.6932541226166
5900 1475 304.6931968508599
5901 1475.25 304.693139374146
5902 1475.5 304.6930817011701
5903 1475.75 304.6930238401325
5904 1476 304.6929657985033
5905 1476.25 304.6929075828627
5906 1476.5 304.6928491987243
5907 1476.75 304.6927906504087
5908 1477 304.692731940949
5909 1477.25 304.6926730720219
5910 1477.5 304.6926140438683
5911 1477.75 304.6925548306253
5912 1478 304.6924954630257
5913 1478.25 304.6924359533251
5914 1478.5 304.6923762727013
5915 1478.75 304.6923164146572
5916 1479 304.6922563732069
5917 1479.25 304.6921961424998
5918 1479.5 304.6921357172822
5919 1479.75 304.6920750934086
5920 1480 304.692014268298
5921 1480.25 304.6919532413189
5922 1480.5 304.6918920140906
5923 1480.75 304.6918305906398
5924 1481 304.6917689774591
5925 1481.25 304.6917071834189
5926 1481.5 304.6916452196936
5927 1481.75 304.6915830994899
5928 1482 304.6915208378077
5929 1482.25 304.6914584511594
5930 1482.5 304.6913959573477
5931 1482.75 304.6913333750981
5932 1483 304.6912707238187
5933 1483.25 304.6912080233735
5934 1483.5 304.6911452937524
5935 1483.75 304.6910825548832
5936 1484 304.691019826455
5937 1484.25 304.6909571495942
5938 1484.5 304.690894523546
5939 1484.75 304.6908319437392
5940 1485 304.6907694457611
5941 1485.25 304.6907070445812
5942 1485.5 304.6906447534335
5943 1485.75 304.6905825837196
5944 1486 304.6905205447667
5945 1486.25 304.6904586437578
5946 1486.5 304.6903968854775
5947 1486.75 304.6903352722628
5948 1487 304.6902738039685
5949 1487.25 304.6902124780104
5950 1487.5 304.6901512894219
5951 1487.75 304.6900902309343
5952 1488 304.6900292931346
5953 1488.25 304.6899684645923
5954 1488.5 304.6899077320051
5955 1488.75 304.689847080368
5956 1489 304.6897864931665
5957 1489.25 304.6897259525105
5958 1489.5 304.689665439346
5959 1489.75 304.6896049336131
5960 1490 304.6895444144581
5961 1490.25 304.6894838603907
5962 1490.5 304.6894232495208
5963 1490.75 304.6893625596952
5964 1491 304.6893017687101
5965 1491.25 304.689240854501
5966 1491.5 304.6891797953008
5967 1491.75 304.6891185698378
5968 1492 304.6890571574971
5969 1492.25 304.6889955384709
5970 1492.5 304.6889336938938
5971 1492.75 304.6888716059867
5972 1493 304.6888092581739
5973 1493.25 304.6887466351639
5974 1493.5 304.6886837230142
5975 1493.75 304.6886205092077
5976 1494 304.688556982726
5977 1494.25 304.6884931339989
5978 1494.5 304.6884289549606
5979 1494.75 304.6883644390684
5980 1495 304.688299581255
5981 1495.25 304.6882343779439
5982 1495.5 304.6881688270678
5983 1495.75 304.6881029280246
5984 1496 304.688036681659
5985 1496.25 304.6879700902842
5986 1496.5 304.6879031576981
5987 1496.75 304.6878358891393
5988 1497 304.6877682913202
5989 1497.25 304.6877003724001
5990 1497.5 304.6876321419866
5991 1497.75 304.687563611133
5992 1498 304.687494792293
5993 1498.25 304.6874256993874
5994 1498.5 304.6873563477121
5995 1498.75 304.6872867539092
5996 1499 304.6872169359953
5997 1499.25 304.6871469132592
5998 1499.5 304.6870767062175
5999 1499.75 304.6870063365715
6000 1500 304.6869358271052
6001 1500.25 304.6868652015539
6002 1500.5 304.6867944845323
6003 1500.75 304.6867237013937
6004 1501 304.6866528780342
6005 1501.25 304.6865820407925
6006 1501.5 304.6865112162678
6007 1501.75 304.6864404311598
6008 1502 304.6863697120957
6009 1502.25 304.6862990854862
6010 1502.5 304.6862285985806
6011 1502.75 304.6861582559872
6012 1503 304.6860880622849
6013 1503.25 304.6860180841449
6014 1503.5 304.6859483001668
6015 1503.75 304.6858787784252
6016 1504 304.685809492017
6017 1504.25 304.6857405246145
6018 1504.5 304.6856718527914
6019 1504.75 304.6856034931512
6020 1505 304.6855354593545
6021 1505.25 304.6854677227353
6022 1505.5 304.6854003326522
6023 1505.75 304.6853332984231
6024 1506 304.6852666267536
6025 1506.25 304.6852003232506
6026 1506.5 304.6851343929803
6027 1506.75 304.6850688410087
6028 1507 304.6850036728624
6029 1507.25 304.6849388949448
6030 1507.5 304.6848745147553
6031 1507.75 304.6848105410479
6032 1508 304.6847469838052
6033 1508.25 304.6846838540751
6034 1508.5 304.6846211637787
6035 1508.75 304.6845589253922
6036 1509 304.6844971516207
6037 1509.25 304.6844358550558
6038 1509.5 304.6843750478399
6039 1509.75 304.6843147413601
6040 1510 304.6842549460001
6041 1510.25 304.684195670908
6042 1510.5 304.6841369238089
6043 1510.75 304.6840787109066
6044 1511 304.6840210367841
6045 1511.25 304.6839639043761
6046 1511.5 304.6839073149431
6047 1511.75 304.6838512681287
6048 1512 304.6837957620004
6049 1512.25 304.6837407931355
6050 1512.5 304.6836863567419
6051 1512.75 304.6836324467582
6052 1513 304.6835790560187
6053 1513.25 304.6835261763683
6054 1513.5 304.6834737988409
6055 1513.75 304.6834219138108
6056 1514 304.6833705111235
6057 1514.25 304.6833195802751
6058 1514.5 304.683269110527
6059 1514.75 304.6832190909956
6060 1515 304.6831695108407
6061 1515.25 304.6831203592468
6062 1515.5 304.6830716255778
6063 1515.75 304.6830232993261
6064 1516 304.682975370173
6065 1516.25 304.6829278279649
6066 1516.5 304.6828806627353
6067 1516.75 304.6828338646432
6068 1517 304.6827874239295
6069 1517.25 304.6827413309032
6070 1517.5 304.6826955759008
6071 1517.75 304.6826501492685
6072 1518 304.6826050413377
6073 1518.25 304.6825602423917
6074 1518.5 304.6825157426605
6075 1518.75 304.6824715323183
6076 1519 304.682427601474
6077 1519.25 304.6823839401623
6078 1519.5 304.6823405383522
6079 1519.75 304.6822973859444
6080 1520 304.6822544727814
6081 1520.25 304.6822118909556
6082 1520.5 304.6821694262713
6083 1520.75 304.6821272676747
6084 1521 304.6820852082637
6085 1521.25 304.6820434343223
6086 1521.5 304.682001740272
6087 1521.75 304.6819602118855
6088 1522 304.6819188424996
6089 1522.25 304.6818776222555
6090 1522.5 304.6818366404365
6091 1522.75 304.681795690094
6092 1523 304.6817548578428
6093 1523.25 304.6817141386202
6094 1523.5 304.6816735245495
6095 1523.75 304.6816330081786
6096 1524 304.6815925827927
6097 1524.25 304.6815522425157
6098 1524.5 304.6815119823336
6099 1524.75 304.6814717981198
6100 1525 304.6814316866284
6101 1525.25 304.6813917430586
6102 1525.5 304.6813518516756
6103 1525.75 304.6813120293403
6104 1526 304.6812721862485
6105 1526.25 304.6812325002325
6106 1526.5 304.6811927962436
6107 1526.75 304.6811531643069
6108 1527 304.6811136091448
6109 1527.25 304.6810741319226
6110 1527.5 304.6810347328245
6111 1527.75 304.6809954106956
6112 1528 304.6809561625416
6113 1528.25 304.6809169830144
6114 1528.5 304.6808778640154
6115 1528.75 304.6808387945373
6116 1529 304.680799760514
6117 1529.25 304.68076074486
6118 1529.5 304.6807217276048
6119 1529.75 304.6806826861229
6120 1530 304.6806435954444
6121 1530.25 304.680604428536
6122 1530.5 304.6805651566985
6123 1530.75 304.6805257499307
6124 1531 304.6804861772774
6125 1531.25 304.6804464072169
6126 1531.5 304.6804064079772
6127 1531.75 304.6803661478654
6128 1532 304.680325595557
6129 1532.25 304.6802847203598
6130 1532.5 304.680243492462
6131 1532.75 304.6802018831252
6132 1533 304.6801598648819
6133 1533.25 304.6801174116796
6134 1533.5 304.680074498987
6135 1533.75 304.6800310412945
6136 1534 304.679987134005
6137 1534.25 304.6799427050019
6138 1534.5 304.6798977358429
6139 1534.75 304.6798522113047
6140 1535 304.679806118493
6141 1535.25 304.6797594469977
6142 1535.5 304.6797121890234
6143 1535.75 304.6796643395485
6144 1536 304.6796158963211
6145 1536.25 304.6795668598685
6146 1536.5 304.6795172333462
6147 1536.75 304.679467022375
6148 1537 304.679416234733
6149 1537.25 304.6793648800958
6150 1537.5 304.679312969712
6151 1537.75 304.6792605160472
6152 1538 304.6792075324539
6153 1538.25 304.6791540328399
6154 1538.5 304.6791000313631
6155 1538.75 304.6790455421364
6156 1539 304.6789905789502
6157 1539.25 304.6789351550576
6158 1539.5 304.6788792829749
6159 1539.75 304.6788229742974
6160 1540 304.6787662395841
6161 1540.25 304.6787090882423
6162 1540.5 304.6786515284973
6163 1540.75 304.6785935673526
6164 1541 304.678535210577
6165 1541.25 304.6784764627479
6166 1541.5 304.6784173273379
6167 1541.75 304.6783578067563
6168 1542 304.6782977896337
6169 1542.25 304.6782373970497
6170 1542.5 304.6781766252129
6171 1542.75 304.6781155753316
6172 1543 304.6780541439189
6173 1543.25 304.6779923264352
6174 1543.5 304.6779301222466
6175 1543.75 304.6778675311326
6176 1544 304.6778045531448
6177 1544.25 304.6777411888286
6178 1544.5 304.6776774393724
6179 1544.75 304.6776133067656
6180 1545 304.6775487939212
6181 1545.25 304.6774839047454
6182 1545.5 304.6774186441436
6183 1545.75 304.6773530180697
6184 1546 304.6772869193825
6185 1546.25 304.6772205865922
6186 1546.5 304.6771538077511
6187 1546.75 304.6770868062707
6188 1547 304.6770194862058
6189 1547.25 304.6769518553381
6190 1547.5 304.6768839258041
6191 1547.75 304.6768157107599
6192 1548 304.6767472241893
6193 1548.25 304.6766784809116
6194 1548.5 304.6766094966761
6195 1548.75 304.6765402882603
6196 1549 304.6764708733961
6197 1549.25 304.6764012707833
6198 1549.5 304.6763315000387
6199 1549.75 304.6762615816563
6200 1550 304.676191536855
6201 1550.25 304.6761213875708
6202 1550.5 304.6760511562742
6203 1550.75 304.6759807970374
6204 1551 304.675910413257
6205 1551.25 304.6758400183418
6206 1551.5 304.6757696423324
6207 1551.75 304.6756993082998
6208 1552 304.6756290935724
6209 1552.25 304.6755589148901
6210 1552.5 304.6754888664995
6211 1552.75 304.6754189809349
6212 1553 304.6753492971646
6213 1553.25 304.6752798597807
6214 1553.5 304.6752107194176
6215 1553.75 304.6751419641898
6216 1554 304.6750735851917
6217 1554.25 304.6750056999757
6218 1554.5 304.6749384063959
6219 1554.75 304.6748717460272
6220 1555 304.6748058559285
6221 1555.25 304.674740849835
6222 1555.5 304.6746768559177
6223 1555.75 304.6746140166683
6224 1556 304.6745524721637
6225 1556.25 304.6744924071497
6226 1556.5 304.6744340166233
6227 1556.75 304.6743774671033
6228 1557 304.6743230251511
6229 1557.25 304.6742709146257
6230 1557.5 304.6742213802855
6231 1557.75 304.6741746780769
6232 1558 304.6741310734933
6233 1558.25 304.674090841087
6234 1558.5 304.674054264795
6235 1558.75 304.6740216390317
6236 1559 304.6739932704824
6237 1559.25 304.6739694804797
6238 1559.5 304.6739506077509
6239 1559.75 304.6739370112776
6240 1560 304.6725110410277
6241 1560.25 304.6710901600021
6242 1560.5 304.6696748052076
6243 1560.75 304.6682654395107
6244 1561 304.6668625501232
6245 1561.25 304.6654666457629
6246 1561.5 304.664078252686
6247 1561.75 304.6626979098941
6248 1562 304.6613261638605
6249 1562.25 304.65996356311
6250 1562.5 304.658610652939
6251 1562.75 304.6572679704918
6252 1563 304.6559360403323
6253 1563.25 304.6546417394596
6254 1563.5 304.6533794008187
6255 1563.75 304.6521314399833
6256 1564 304.6508981803029
6257 1564.25 304.6496803554775
6258 1564.5 304.6484780568765
6259 1564.75 304.6472918143098
6260 1565 304.6461219875579
6261 1565.25 304.6449685630198
6262 1565.5 304.643831448506
6263 1565.75 304.642710751382
6264 1566 304.6416065454198
6265 1566.25 304.6405188723682
6266 1566.5 304.6394477435563
6267 1566.75 304.6383931415259
6268 1567 304.6373550216991
6269 1567.25 304.6363333140872
6270 1567.5 304.635327925039
6271 1567.75 304.6343387390322
6272 1568 304.6333656205
6273 1568.25 304.6324084156824
6274 1568.5 304.6314669544907
6275 1568.75 304.6305410523648
6276 1569 304.6296305121048
6277 1569.25 304.6287351256586
6278 1569.5 304.6278546758432
6279 1569.75 304.6269889379834
6280 1570 304.6261376814516
6281 1570.25 304.6253006711032
6282 1570.5 304.6244776685883
6283 1570.75 304.6236684335415
6284 1571 304.6228727246458
6285 1571.25 304.6220903005749
6286 1571.5 304.6213209208138
6287 1571.75 304.6205643463654
6288 1572 304.6198203403545
6289 1572.25 304.6190886685278
6290 1572.5 304.6183690996642
6291 1572.75 304.6176917522513
6292 1573 304.6170702581284
6293 1573.25 304.616458187069
6294 1573.5 304.6158553375338
6295 1573.75 304.6152615153161
6296 1574 304.6146765331506
6297 1574.25 304.6141002103312
6298 1574.5 304.6135323723443
6299 1574.75 304.6129728505175
6300 1575 304.6124214816884
6301 1575.25 304.6118781078923
6302 1575.5 304.611342576071
6303 1575.75 304.6108147378247
6304 1576 304.6102944491216
6305 1576.25 304.6097815700619
6306 1576.5 304.6092759646515
6307 1576.75 304.6087775005928
6308 1577 304.6082860490899
6309 1577.25 304.607801484671
6310 1577.5 304.6073236850211
6311 1577.75 304.6068525308276
6312 1578 304.6063879056365
6313 1578.25 304.6059296957203
6314 1578.5 304.6054777899549
6315 1578.75 304.6050320797064
6316 1579 304.6045924587277
6317 1579.25 304.6041588230623
6318 1579.5 304.6037310709562
6319 1579.75 304.6033091027768
6320 1580 304.6028928209377
6321 1580.25 304.6024821298291
6322 1580.5 304.6020769357538
6323 1580.75 304.6016771468664
6324 1581 304.6012826731184
6325 1581.25 304.6008934262038
6326 1581.5 304.6005093195111
6327 1581.75 304.6001491430229
6328 1582 304.5998020359715
6329 1582.25 304.5994588025063
6330 1582.5 304.5991331099391
6331 1582.75 304.5988162546551
6332 1583 304.5985030169909
6333 1583.25 304.5981933397566
6334 1583.5 304.5978871668192
6335 1583.75 304.5975844430777
6336 1584 304.5972851144374
6337 1584.25 304.5969891277861
6338 1584.5 304.5966964309703
6339 1584.75 304.5964069727727
6340 1585 304.5961207028907
6341 1585.25 304.5958375719146
6342 1585.5 304.5955575313077
6343 1585.75 304.5952805333865
6344 1586 304.5950065313014
6345 1586.25 304.5947354790184
6346 1586.5 304.594467331302
6347 1586.75 304.5942020436972
6348 1587 304.5939395725131
6349 1587.25 304.5936798748075
6350 1587.5 304.5934229083705
6351 1587.75 304.5931686317101
6352 1588 304.5929170040376
6353 1588.25 304.5926679852539
6354 1588.5 304.5924215359351
6355 1588.75 304.59217761732
6356 1589 304.5919361912971
6357 1589.25 304.5916972203923
6358 1589.5 304.5914606677568
6359 1589.75 304.5912264971554
6360 1590 304.5909946728826
6361 1590.25 304.5907651601136
6362 1590.5 304.5905379242257
6363 1590.75 304.5903129313667
6364 1591 304.5900901482071
6365 1591.25 304.5898695419799
6366 1591.5 304.589651080472
6367 1591.75 304.589434732014
6368 1592 304.5892204654684
6369 1592.25 304.5890082502173
6370 1592.5 304.5887980560993
6371 1592.75 304.5885898535451
6372 1593 304.5883836133866
6373 1593.25 304.5881793069697
6374 1593.5 304.5879769061117
6375 1593.75 304.5877763830892
6376 1594 304.5875777106264
6377 1594.25 304.5873808618858
6378 1594.5 304.5871858104601
6379 1594.75 304.5869925303635
6380 1595 304.5868009960261
6381 1595.25 304.5866111822859
6382 1595.5 304.5864230643837
6383 1595.75 304.5862366179564
6384 1596 304.5860518190316
6385 1596.25 304.5858686440217
6386 1596.5 304.585687069718
6387 1596.75 304.5855070732855
6388 1597 304.5853286322575
6389 1597.25 304.5851517245296
6390 1597.5 304.5849875957688
6391 1597.75 304.584830258461
6392 1598 304.5846741417492
6393 1598.25 304.584519228197
6394 1598.5 304.584365500668
6395 1598.75 304.5842129423204
6396 1599 304.5840615366026
6397 1599.25 304.5839112672475
6398 1599.5 304.5837621182686
6399 1599.75 304.5836140739542
6400 1600 304.5834671188629
6401 1600.25 304.583321237819
6402 1600.5 304.5831764159077
6403 1600.75 304.5830326384704
6404 1601 304.5828898911004
6405 1601.25 304.5827481596381
6406 1601.5 304.582607430167
6407 1601.75 304.5824676890085
6408 1602 304.5823289226543
6409 1602.25 304.5821911179888
6410 1602.5 304.582054262208
6411 1602.75 304.5819183426253
6412 1603 304.5817833463356
6413 1603.25 304.5816492609443
6414 1603.5 304.5815160743148
6415 1603.75 304.5813837745411
6416 1604 304.5812523499272
6417 1604.25 304.5811217889765
6418 1604.5 304.5809920803834
6419 1604.75 304.5808632130312
6420 1605 304.5807351759877
6421 1605.25 304.580607958503
6422 1605.5 304.5804815500065
6423 1605.75 304.5803559401044
6424 1606 304.5802311185765
6425 1606.25 304.5801070753734
6426 1606.5 304.5799838006134
6427 1606.75 304.5798612845795
6428 1607 304.5797395177166
6429 1607.25 304.5796184906284
6430 1607.5 304.5794981940747
6431 1607.75 304.5793786189687
6432 1608 304.5792597563741
6433 1608.25 304.5791415975028
6434 1608.5 304.5790241337113
6435 1608.75 304.5789073564989
6436 1609 304.5787912575047
6437 1609.25 304.5786758285058
6438 1609.5 304.5785610614139
6439 1609.75 304.578446948273
6440 1610 304.5783334812574
6441 1610.25 304.578220652669
6442 1610.5 304.5781084549354
6443 1610.75 304.5779968806066
6444 1611 304.5778859223537
6445 1611.25 304.5777755729666
6446 1611.5 304.5776658253513
6447 1611.75 304.5775572790708
6448 1612 304.5774575307514
6449 1612.25 304.5773582234165
6450 1612.5 304.5772593525901
6451 1612.75 304.5771609138683
6452 1613 304.5770629029178
6453 1613.25 304.5769653154749
6454 1613.5 304.5768681473434
6455 1613.75 304.5767713943941
6456 1614 304.5766750525631
6457 1614.25 304.5765791178505
6458 1614.5 304.576483586319
6459 1614.75 304.576388454093
6460 1615 304.5762937173575
6461 1615.25 304.5761993723561
6462 1615.5 304.5761090185532
6463 1615.75 304.576022860861
6464 1616 304.5759370794016
6465 1616.25 304.575851669978
6466 1616.5 304.5757666284624
6467 1616.75 304.5756819507937
6468 1617 304.5755976329773
6469 1617.25 304.5755136710835
6470 1617.5 304.5754300612458
6471 1617.75 304.5753467996603
6472 1618 304.5752638825842
6473 1618.25 304.5751813063345
6474 1618.5 304.5750990672871
6475 1618.75 304.5750171618758
6476 1619 304.5749355865908
6477 1619.25 304.5748543379779
6478 1619.5 304.5747734126367
6479 1619.75 304.574692807221
6480 1620 304.5746125184367
6481 1620.25 304.5745325430407
6482 1620.5 304.5744528778405
6483 1620.75 304.574373519693
6484 1621 304.5742944655035
6485 1621.25 304.5742157122246
6486 1621.5 304.574137256856
6487 1621.75 304.5740590964426
6488 1622 304.5739812280744
6489 1622.25 304.5739036488851
6490 1622.5 304.5738263560518
6491 1622.75 304.5737493467938
6492 1623 304.5736726183716
6493 1623.25 304.5735961680869
6494 1623.5 304.5735199932805
6495 1623.75 304.5734440913332
6496 1624 304.5733684596635
6497 1624.25 304.5732930957279
6498 1624.5 304.5732179970199
6499 1624.75 304.5731431610687
6500 1625 304.5730685854394
6501 1625.25 304.5729942677316
6502 1625.5 304.5729202055796
6503 1625.75 304.5728463966509
6504 1626 304.5727728386457
6505 1626.25 304.5726995292965
6506 1626.5 304.572626466368
6507 1626.75 304.5725536476554
6508 1627 304.5724810709842
6509 1627.25 304.5724087342102
6510 1627.5 304.5723366352185
6511 1627.75 304.5722647719227
6512 1628 304.572193142265
6513 1628.25 304.5721217442148
6514 1628.5 304.5720505757693
6515 1628.75 304.5719796349519
6516 1629 304.5719089198125
6517 1629.25 304.5718384284266
6518 1629.5 304.5717681588951
6519 1629.75 304.5716981093434
6520 1630 304.5716282779215
6521 1630.25 304.5715586628032
6522 1630.5 304.5714892621857
6523 1630.75 304.5714200742891
6524 1631 304.5713510973564
6525 1631.25 304.5712823296525
6526 1631.5 304.5712137694645
6527 1631.75 304.5711454151004
6528 1632 304.5710772648895
6529 1632.25 304.5710093171819
6530 1632.5 304.5709415703477
6531 1632.75 304.570874022777
6532 1633 304.5708066728795
6533 1633.25 304.5707395190839
6534 1633.5 304.5706725598383
6535 1633.75 304.5706057936089
6536 1634 304.5705392188803
6537 1634.25 304.5704728341549
6538 1634.5 304.5704066379528
6539 1634.75 304.5703406288113
6540 1635 304.5702748052851
6541 1635.25 304.5702091659447
6542 1635.5 304.570143709378
6543 1635.75 304.5700784341886
6544 1636 304.5700133389959
6545 1636.25 304.5699484224349
6546 1636.5 304.5698836831561
6547 1636.75 304.5698191198252
6548 1637 304.5697547311223
6549 1637.25 304.5696905157425
6550 1637.5 304.569626472395
6551 1637.75 304.569562599803
6552 1638 304.569498896704
6553 1638.25 304.5694353618486
6554 1638.5 304.5693719940015
6555 1638.75 304.5693087919399
6556 1639 304.5692457544542
6557 1639.25 304.5691828803481
6558 1639.5 304.569120168437
6559 1639.75 304.5690576175493
6560 1640 304.5689952265253
6561 1640.25 304.5689329942183
6562 1640.5 304.5688709194891
6563 1640.75 304.5688090012166
6564 1641 304.5687472382862
6565 1641.25 304.5686856295962
6566 1641.5 304.5686241740567
6567 1641.75 304.5685628705887
6568 1642 304.568501718124
6569 1642.25 304.568440715605
6570 1642.5 304.5683798619846
6571 1642.75 304.5683191562257
6572 1643 304.568264767616
6573 1643.25 304.5682105270538
6574 1643.5 304.5681563998315
6575 1643.75 304.5681023850264
6576 1644 304.5680484817267
6577 1644.25 304.5679946890315
6578 1644.5 304.56794100605
6579 1644.75 304.5678874319025
6580 1645 304.5678339657189
6581 1645.25 304.5677806066399
6582 1645.5 304.5677273538155
6583 1645.75 304.5676742064057
6584 1646 304.5676211635801
6585 1646.25 304.5675682245179
6586 1646.5 304.5675153884072
6587 1646.75 304.5674626544458
6588 1647 304.5674100218401
6589 1647.25 304.5673574898057
6590 1647.5 304.5673050575667
6591 1647.75 304.5672527243563
6592 1648 304.5672004894153
6593 1648.25 304.5671483519938
6594 1648.5 304.5670963113498
6595 1648.75 304.5670443667491
6596 1649 304.5669925174661
6597 1649.25 304.5669407627826
6598 1649.5 304.5668891019882
6599 1649.75 304.5668375343805
6600 1650 304.5667860592642
6601 1650.25 304.566734675952
6602 1650.5 304.5666833837634
6603 1650.75 304.5666321820253
6604 1651 304.5665810700716
6605 1651.25 304.5665300472434
6606 1651.5 304.5664791128887
6607 1651.75 304.566428266362
6608 1652 304.5663775070253
6609 1652.25 304.5663268342461
6610 1652.5 304.5662762473995
6611 1652.75 304.5662257458665
6612 1653 304.5661753290344
6613 1653.25 304.5661249962968
6614 1653.5 304.5660747470538
6615 1653.75 304.5660245807114
6616 1654 304.5659744966815
6617 1654.25 304.5659244943822
6618 1654.5 304.5658745732372
6619 1654.75 304.5658247326759
6620 1655 304.5657749721338
6621 1655.25 304.5657252910517
6622 1655.5 304.5656756888762
6623 1655.75 304.5656261650591
6624 1656 304.5655767190577
6625 1656.25 304.5655273503349
6626 1656.5 304.5654780583587
6627 1656.75 304.5654288426019
6628 1657 304.5653797025429
6629 1657.25 304.5653306376653
6630 1657.5 304.5652816474574
6631 1657.75 304.5652327314124
6632 1658 304.5651838890287
6633 1658.25 304.5651351198093
6634 1658.5 304.565086423262
6635 1658.75 304.5650377988991
6636 1659 304.564989246238
6637 1659.25 304.5649407648007
6638 1659.5 304.5648923541131
6639 1659.75 304.5648440137063
6640 1660 304.5647957431154
6641 1660.25 304.5647475418802
6642 1660.5 304.5646994095444
6643 1660.75 304.5646513456564
6644 1661 304.5646033497685
6645 1661.25 304.5645554214378
6646 1661.5 304.5645075602248
6647 1661.75 304.5644597656943
6648 1662 304.5644120374155
6649 1662.25 304.5643643749611
6650 1662.5 304.5643167779083
6651 1662.75 304.5642692458377
6652 1663 304.5642217783341
6653 1663.25 304.5641743749859
6654 1663.5 304.5641270353855
6655 1663.75 304.5640797591287
6656 1664 304.5640325458156
6657 1664.25 304.5639853950494
6658 1664.5 304.5639383064374
6659 1664.75 304.56389127959
6660 1665 304.5638443141214
6661 1665.25 304.5637974096494
6662 1665.5 304.563750565795
6663 1665.75 304.563703782183
6664 1666 304.5636570584413
6665 1666.25 304.5636103942012
6666 1666.5 304.5635637890977
6667 1666.75 304.5635172427693
6668 1667 304.5634707548567
6669 1667.25 304.5634243250045
6670 1667.5 304.5633779528602
6671 1667.75 304.5633316380746
6672 1668 304.5632853803017
6673 1668.25 304.5632391791988
6674 1668.5 304.5631930344257
6675 1668.75 304.5631469456457
6676 1669 304.563100912525
6677 1669.25 304.5630549347331
6678 1669.5 304.5630090119419
6679 1669.75 304.5629631438264
6680 1670 304.5629173300647
6681 1670.25 304.5628715703376
6682 1670.5 304.5628258643286
6683 1670.75 304.5627802117244
6684 1671 304.5627346122143
6685 1671.25 304.5626890654902
6686 1671.5 304.5626435712469
6687 1671.75 304.5625981291818
6688 1672 304.5625527389952
6689 1672.25 304.5625074003899
6690 1672.5 304.5624621130712
6691 1672.75 304.5624168767472
6692 1673 304.5623716911286
6693 1673.25 304.5623265559288
6694 1673.5 304.5622814708631
6695 1673.75 304.56223643565
6696 1674 304.5621914500102
6697 1674.25 304.5621465136669
6698 1674.5 304.5621016263458
6699 1674.75 304.5620567877751
6700 1675 304.5620119976851
6701 1675.25 304.5619672558089
6702 1675.5 304.5619225618818
6703 1675.75 304.5618779156411
6704 1676 304.5618333168271
6705 1676.25 304.5617887651819
6706 1676.5 304.56174426045
6707 1676.75 304.5616998023784
6708 1677 304.5616553907161
6709 1677.25 304.5616110252143
6710 1677.5 304.5615667056266
6711 1677.75 304.5615224317086
6712 1678 304.5614782032182
6713 1678.25 304.5614340199155
6714 1678.5 304.5613898815625
6715 1678.75 304.5613457879236
6716 1679 304.5613017387655
6717 1679.25 304.5612577338562
6718 1679.5 304.5612137729665
6719 1679.75 304.5611723704183
6720 1680 304.5611316027993
6721 1680.25 304.5610908595689
6722 1680.5 304.5610501406081
6723 1680.75 304.5610094457997
6724 1681 304.5609687750278
6725 1681.25 304.5609281281781
6726 1681.5 304.5608875051381
6727 1681.75 304.5608469057962
6728 1682 304.5608063300429
6729 1682.25 304.5607657777698
6730 1682.5 304.56072524887
6731 1682.75 304.560684743238
6732 1683 304.5606442607699
6733 1683.25 304.5606038013632
6734 1683.5 304.5605633649164
6735 1683.75 304.5605229513299
6736 1684 304.5604825605047
6737 1684.25 304.5604421923445
6738 1684.5 304.5604018467527
6739 1684.75 304.5603615236353
6740 1685 304.5603212228988
6741 1685.25 304.5602809444517
6742 1685.5 304.5602406882031
6743 1685.75 304.5602004540638
6744 1686 304.5601602419455
6745 1686.25 304.5601200517616
6746 1686.5 304.5600798834266
6747 1686.75 304.5600397368558
6748 1687 304.5599996119661
6749 1687.25 304.5599595086758
6750 1687.5 304.5599194269039
6751 1687.75 304.559879366571
6752 1688 304.559839327598
6753 1688.25 304.5597993099083
6754 1688.5 304.5597593134254
6755 1688.75 304.5597193380742
6756 1689 304.559679383781
6757 1689.25 304.559639450473
6758 1689.5 304.5595995380783
6759 1689.75 304.5595596465263
6760 1690 304.5595197757476
6761 1690.25 304.5594799256735
6762 1690.5 304.5594400962366
6763 1690.75 304.5594002873706
6764 1691 304.55936049901
6765 1691.25 304.5593207310906
6766 1691.5 304.5592809835489
6767 1691.75 304.5592412563229
6768 1692 304.559201549351
6769 1692.25 304.5591618625729
6770 1692.5 304.5591221959293
6771 1692.75 304.5590825493618
6772 1693 304.5590429228129
6773 1693.25 304.5590033162262
6774 1693.5 304.5589637295462
6775 1693.75 304.5589241627182
6776 1694 304.5588846156884
6777 1694.25 304.5588450884042
6778 1694.5 304.5588055808136
6779 1694.75 304.5587660928657
6780 1695 304.5587266245103
6781 1695.25 304.5586871756984
6782 1695.5 304.5586477463817
6783 1695.75 304.5586083365122
6784 1696 304.5585689460438
6785 1696.25 304.5585295749306
6786 1696.5 304.5584902231274
6787 1696.75 304.5584508905903
6788 1697 304.5584115772761
6789 1697.25 304.5583722831423
6790 1697.5 304.5583330081469
6791 1697.75 304.5582937522494
6792 1698 304.5582545154095
6793 1698.25 304.558215297588
6794 1698.5 304.5581760987466
6795 1698.75 304.5581369188472
6796 1699 304.558097757853
6797 1699.25 304.5580586157278
6798 1699.5 304.558019492436
6799 1699.75 304.5579803879429
6800 1700 304.5579413022147
6801 1700.25 304.5579022352181
6802 1700.5 304.5578631869201
6803 1700.75 304.5578241572891
6804 1701 304.5577851462943
6805 1701.25 304.5577461539047
6806 1701.5 304.557707180091
6807 1701.75 304.5576682248239
6808 1702 304.5576292880754
6809 1702.25 304.5575903698172
6810 1702.5 304.5575514700225
6811 1702.75 304.5575125886653
6812 1703 304.5574737257195
6813 1703.25 304.5574348811601
6814 1703.5 304.5573960549625
6815 1703.75 304.5573572471031
6816 1704 304.5622952879872
6817 1704.25 304.5672492292174
6818 1704.5 304.5722189091354
6819 1704.75 304.5772041675854
6820 1705 304.5822048457776
6821 1705.25 304.5872207861535
6822 1705.5 304.5922518322716
6823 1705.75 304.597297828722
6824 1706 304.602358621079
6825 1706.25 304.6074340558874
6826 1706.5 304.6125239806808
6827 1706.75 304.6176282440224
6828 1707 304.6227466955639
6829 1707.25 304.6278791861135
6830 1707.5 304.6330255677077
6831 1707.75 304.6381856936827
6832 1708 304.6433594187414
6833 1708.25 304.6485465990137
6834 1708.5 304.6537470921085
6835 1708.75 304.6589607571583
6836 1709 304.6641874548542
6837 1709.25 304.6694270474724
6838 1709.5 304.6746793988938
6839 1709.75 304.6799443746153
6840 1710 304.685221841756
6841 1710.25 304.6905116690569
6842 1710.5 304.6958137268762
6843 1710.75 304.7011278871805
6844 1711 304.7064540235324
6845 1711.25 304.7117920110759
6846 1711.5 304.7171417265185
6847 1711.75 304.7225030481121
6848 1712 304.7278758556329
6849 1712.25 304.7332600303593
6850 1712.5 304.7386554550492
6851 1712.75 304.7440620139177
6852 1713 304.7494795926136
6853 1713.25 304.7549080781957
6854 1713.5 304.7603473591097
6855 1713.75 304.7657973251654
6856 1714 304.7712578675124
6857 1714.25 304.7767288786188
6858 1714.5 304.7822102522482
6859 1714.75 304.7877018834377
6860 1715 304.7932036684767
6861 1715.25 304.7987155048859
6862 1715.5 304.8042372913965
6863 1715.75 304.8097689279309
6864 1716 304.8153103155821
6865 1716.25 304.8208613565961
6866 1716.5 304.8264219543521
6867 1716.75 304.8319920133458
6868 1717 304.8375714391706
6869 1717.25 304.8431601385019
6870 1717.5 304.8487580190798
6871 1717.75 304.854364989693
6872 1718 304.8599809601633
6873 1718.25 304.8656058413309
6874 1718.5 304.8712395450386
6875 1718.75 304.8768819841181
6876 1719 304.8825330723761
6877 1719.25 304.8881927245799
6878 1719.5 304.8938608564445
6879 1719.75 304.8995373846199
6880 1720 304.9052222266779
6881 1720.25 304.9109153011003
6882 1720.5 304.9166165272663
6883 1720.75 304.9223258254409
6884 1721 304.9280431167638
6885 1721.25 304.9337683232376
6886 1721.5 304.9395013677173
6887 1721.75 304.945242173899
6888 1722 304.9509906663099
6889 1722.25 304.9567467702982
6890 1722.5 304.9625104120217
6891 1722.75 304.9682815184398
6892 1723 304.9740600173023
6893 1723.25 304.9798458371405
6894 1723.5 304.985638907258
6895 1723.75 304.9914391577213
6896 1724 304.9972465193512
6897 1724.25 305.0030609237132
6898 1724.5 305.0088823031098
6899 1724.75 305.0147105905713
6900 1725 305.0205457198473
6901 1725.25 305.0263876253997
6902 1725.5 305.0322362423927
6903 1725.75 305.0380915066866
6904 1726 305.0439533548287
6905 1726.25 305.0498230930654
6906 1726.5 305.0556996444746
6907 1726.75 305.0615825987604
6908 1727 305.0674718949491
6909 1727.25 305.0733674727231
6910 1727.5 305.079269272414
6911 1727.75 305.0851772349948
6912 1728 305.091091302073
6913 1728.25 305.0970114158831
6914 1728.5 305.1029375192801
6915 1728.75 305.1088695557328
6916 1729 305.1148074693161
6917 1729.25 305.1207512047053
6918 1729.5 305.1267007071689
6919 1729.75 305.1326559225623
6920 1730 305.1386167973215
6921 1730.25 305.1445832784563
6922 1730.5 305.1505553135447
6923 1730.75 305.1565328507261
6924 1731 305.1625158386956
6925 1731.25 305.1685042266978
6926 1731.5 305.174497964521
6927 1731.75 305.1804970024912
6928 1732 305.186501291466
6929 1732.25 305.1925107828296
6930 1732.5 305.198525428487
6931 1732.75 305.2045451808574
6932 1733 305.2105699928701
6933 1733.25 305.2165998179578
6934 1733.5 305.2226346100524
6935 1733.75 305.2286743235786
6936 1734 305.2514876013648
6937 1734.25 305.274285863777
6938 1734.5 305.2970695410466
6939 1734.75 305.3198390515253
6940 1735 305.34259480184
6941 1735.25 305.3653371870078
6942 1735.5 305.388066590533
6943 1735.75 305.410783384512
6944 1736 305.4334879297656
6945 1736.25 305.4561805760131
6946 1736.5 305.4788616620914
6947 1736.75 305.5015315162227
6948 1737 305.5241904563242
6949 1737.25 305.54683879035
6950 1737.5 305.5694768166614
6951 1737.75 305.5921048244085
6952 1738 305.614723093921
6953 1738.25 305.637331897097
6954 1738.5 305.6599314977844
6955 1738.75 305.6825221521511
6956 1739 305.7051041090379
6957 1739.25 305.7276776102948
6958 1739.5 305.7502428910984
6959 1739.75 305.7728001802479
6960 1740 305.7953497004431
6961 1740.25 305.817891668542
6962 1740.5 305.8404262958013
6963 1740.75 305.8629537880991
6964 1741 305.8854743461411
6965 1741.25 305.9079881656535
6966 1741.5 305.9304954375601
6967 1741.75 305.9529963481496
6968 1742 305.9754910792295
6969 1742.25 305.9979798082714
6970 1742.5 306.0204627085462
6971 1742.75 306.0429399492517
6972 1743 306.065411695632
6973 1743.25 306.0878808447445
6974 1743.5 306.1103451318285
6975 1743.75 306.1328044402413
6976 1744 306.1552589192628
6977 1744.25 306.1777087147161
6978 1744.5 306.200153969064
6979 1744.75 306.2225948215025
6980 1745 306.245031408049
6981 1745.25 306.2674638616267
6982 1745.5 306.2898923121455
6983 1745.75 306.3123168865799
6984 1746 306.3347377090441
6985 1746.25 306.3571549008623
6986 1746.5 306.3795685806394
6987 1746.75 306.4019788643275
6988 1747 306.4243858652903
6989 1747.25 306.4467896943668
6990 1747.5 306.4691904599312
6991 1747.75 306.4915882679527
6992 1748 306.5139832220531
6993 1748.25 306.5363754235625
6994 1748.5 306.5587649715744
6995 1748.75 306.5811519629984
6996 1749 306.6035364926122
6997 1749.25 306.625918653113
6998 1749.5 306.6482985351659
6999 1749.75 306.6706762274533
7000 1750 306.6930518167214
7001 1750.25 306.7154253878271
7002 1750.5 306.7377970237822
7003 1750.75 306.760166805799
7004 1751 306.7825348133323
7005 1751.25 306.8049011241224
7006 1751.5 306.8272658142355
7007 1751.75 306.8496289581057
7008 1752 306.8719906285731
7009 1752.25 306.8943508969235
7010 1752.5 306.9167098329258
7011 1752.75 306.9390675048691
7012 1753 306.9614239795988
7013 1753.25 306.9837793225526
7014 1753.5 307.0061335977947
7015 1753.75 307.0284868680495
7016 1754 307.0508391947351
7017 1754.25 307.0731906379952
7018 1754.5 307.0955412567316
7019 1754.75 307.1178923238452
7020 1755 307.1402470438381
7021 1755.25 307.1626011322569
7022 1755.5 307.1849546425369
7023 1755.75 307.2073076270401
7024 1756 307.2296601370827
7025 1756.25 307.2520122229617
7026 1756.5 307.2743639339805
7027 1756.75 307.2967153184737
7028 1757 307.3190664238323
7029 1757.25 307.3414172965275
7030 1757.5 307.3637679821338
7031 1757.75 307.3861185253518
7032 1758 307.408468970031
7033 1758.25 307.4308193591905
7034 1758.5 307.4531697350412
7035 1758.75 307.4755201390058
7036 1759 307.4978706117394
7037 1759.25 307.5202211931484
7038 1759.5 307.5425719224108
7039 1759.75 307.5649228379937
7040 1760 307.5872739776722
7041 1760.25 307.609625378547
7042 1760.5 307.6319770770618
7043 1760.75 307.6543291090198
7044 1761 307.6766815096009
7045 1761.25 307.6990343133767
7046 1761.5 307.721387554327
7047 1761.75 307.7437412658549
7048 1762 307.7660954808012
7049 1762.25 307.7884502314593
7050 1762.5 307.8108055495892
7051 1762.75 307.8331614664313
7052 1763 307.8555180127196
7053 1763.25 307.8778752186947
7054 1763.5 307.900233114117
7055 1763.75 307.9225917282786
7056 1764 307.9449510900157
7057 1764.25 307.96731122772
7058 1764.5 307.9896721693507
7059 1764.75 308.0120339424451
7060 1765 308.0343965741295
7061 1765.25 308.0567600911305
7062 1765.5 308.0791245197846
7063 1765.75 308.1014898860483
7064 1766 308.1238562155083
7065 1766.25 308.1462235333909
7066 1766.5 308.1685918645705
7067 1766.75 308.1909612335804
7068 1767 308.2133316646199
7069 1767.25 308.2357031815634
7070 1767.5 308.2580758079691
7071 1767.75 308.2804495670873
7072 1768 308.3028244818673
7073 1768.25 308.3252005749659
7074 1768.5 308.3475778687552
7075 1768.75 308.369956385329
7076 1769 308.3923361465105
7077 1769.25 308.4147171738593
7078 1769.5 308.4370994886782
7079 1769.75 308.4594831120191
7080 1770 308.4818680646902
7081 1770.25 308.5042543672616
7082 1770.5 308.5266420400725
7083 1770.75 308.5490311032353
7084 1771 308.5714215766432
7085 1771.25 308.5938134799741
7086 1771.5 308.6162068326979
7087 1771.75 308.6386016540801
7088 1772 308.6609979631881
7089 1772.25 308.6833957788958
7090 1772.5 308.7057951198883
7091 1772.75 308.7281960046673
7092 1773 308.7505984515551
7093 1773.25 308.7730024786993
7094 1773.5 308.7954081040779
7095 1773.75 308.8178153455021
7096 1774 308.8402242206221
7097 1774.25 308.8626347469298
7098 1774.5 308.8850469417637
7099 1774.75 308.9074608223126
7100 1775 308.9298764056191
7101 1775.25 308.9522937085829
7102 1775.5 308.9747127479653
7103 1775.75 308.9971335403916
7104 1776 309.0195561023558
7105 1776.25 309.0419804502222
7106 1776.5 309.0644066002299
7107 1776.75 309.0868391025288
7108 1777 309.1092744926325
7109 1777.25 309.131711733263
7110 1777.5 309.1541508400712
7111 1777.75 309.1765918285995
7112 1778 309.1990347142846
7113 1778.25 309.2214795124596
7114 1778.5 309.2439262383569
7115 1778.75 309.2663749071109
7116 1779 309.2888255337592
7117 1779.25 309.3112781332466
7118 1779.5 309.333732720426
7119 1779.75 309.3561893100617
7120 1780 309.37864791683
7121 1780.25 309.4011085553234
7122 1780.5 309.4235712400509
7123 1780.75 309.4460359854407
7124 1781 309.4685028058419
7125 1781.25 309.4909717155267
7126 1781.5 309.5134427286922
7127 1781.75 309.5359158594612
7128 1782 309.5583911218853
7129 1782.25 309.5808685299462
7130 1782.5 309.6033480975568
7131 1782.75 309.625829838563
7132 1783 309.6483137667457
7133 1783.25 309.670799895822
7134 1783.5 309.6932882394464
7135 1783.75 309.7157788112127
7136 1784 309.7382716246548
7137 1784.25 309.7607666932493
7138 1784.5 309.783264030415
7139 1784.75 309.8057636495158
7140 1785 309.8282655638608
7141 1785.25 309.8507697867063
7142 1785.5 309.8732763312569
7143 1785.75 309.8957852106659
7144 1786 309.9182964380374
7145 1786.25 309.940810026427
7146 1786.5 309.9633259888421
7147 1786.75 309.9858443382447
7148 1787 310.0083650875507
7149 1787.25 310.0308882496313
7150 1787.5 310.0534138373148
7151 1787.75 310.0759418633868
7152 1788 310.0984723405907
7153 1788.25 310.1210052816296
7154 1788.5 310.1435406991665
7155 1788.75 310.1660786058252
7156 1789 310.1886190141913
7157 1789.25 310.2111619368129
7158 1789.5 310.2337083411654
7159 1789.75 310.2562597529018
7160 1790 310.2788137151267
7161 1790.25 310.3013702402159
7162 1790.5 310.3239293405119
7163 1790.75 310.3464910283243
7164 1791 310.3690553159305
7165 1791.25 310.3916222155765
7166 1791.5 310.4141917394779
7167 1791.75 310.4367638998193
7168 1792 310.4593387087556
7169 1792.25 310.481916178413
7170 1792.5 310.5044963208887
7171 1792.75 310.5270791482523
7172 1793 310.5496646725452
7173 1793.25 310.5722529057821
7174 1793.5 310.5948438599511
7175 1793.75 310.6174375470141
7176 1794 310.6400339789074
7177 1794.25 310.6626331675423
7178 1794.5 310.6852351248048
7179 1794.75 310.7078398625571
7180 1795 310.7304473926373
7181 1795.25 310.7530577268599
7182 1795.5 310.7756708770164
7183 1795.75 310.7982868548753
7184 1796 310.8209056721831
7185 1796.25 310.8435273406642
7186 1796.5 310.8661518720209
7187 1796.75 310.8887792779346
7188 1797 310.9114095700655
7189 1797.25 310.9340427600532
7190 1797.5 310.9566788595171
7191 1797.75 310.9793221161266
7192 1798 311.0019688410441
7193 1798.25 311.0246185075203
7194 1798.5 311.0472711270629
7195 1798.75 311.0699267111611
7196 1799 311.0925852712861
7197 1799.25 311.1152468188911
7198 1799.5 311.1379113654119
7199 1799.75 311.160578922267
7200 1800 311.1832495008574
7201 1800.25 311.2059231125676
7202 1800.5 311.2285997687654
7203 1800.75 311.2512794808019
7204 1801 311.2739622600121
7205 1801.25 311.2966481177147
7206 1801.5 311.3193370652128
7207 1801.75 311.3420291137935
7208 1802 311.3647242747285
7209 1802.25 311.3874225592745
7210 1802.5 311.4101239786723
7211 1802.75 311.4328285441482
7212 1803 311.4555362669133
7213 1803.25 311.4782471581644
7214 1803.5 311.5009612290835
7215 1803.75 311.5236784908382
7216 1804 311.5463989545817
7217 1804.25 311.5691226314534
7218 1804.5 311.5918495325782
7219 1804.75 311.6145796690677
7220 1805 311.6373130520192
7221 1805.25 311.6600496925168
7222 1805.5 311.6827896016312
7223 1805.75 311.705532790419
7224 1806 311.7282792699241
7225 1806.25 311.7510290511771
7226 1806.5 311.7737821451955
7227 1806.75 311.7965385629836
7228 1807 311.8192983155336
7229 1807.25 311.8420614138238
7230 1807.5 311.8648278688204
7231 1807.75 311.8875976914773
7232 1808 311.9103708927351
7233 1808.25 311.9331474835228
7234 1808.5 311.9559274747563
7235 1808.75 311.9787108773399
7236 1809 312.0014977021652
7237 1809.25 312.024287960112
7238 1809.5 312.0470816620476
7239 1809.75 312.0698788188277
7240 1810 312.0926794412961
7241 1810.25 312.1154835402844
7242 1810.5 312.1382911266128
7243 1810.75 312.1611022110896
7244 1811 312.1839168045114
7245 1811.25 312.2067349176629
7246 1811.5 312.2295565613177
7247 1811.75 312.2523817462377
7248 1812 312.2752104831731
7249 1812.25 312.2980427828633
7250 1812.5 312.3208786560355
7251 1812.75 312.343718113406
7252 1813 312.36656116568
7253 1813.25 312.3894078235512
7254 1813.5 312.4122580977021
7255 1813.75 312.4351119988041
7256 1814 312.4579695375177
7257 1814.25 312.4808307244919
7258 1814.5 312.5036955703648
7259 1814.75 312.5265640857634
7260 1815 312.5494362813038
7261 1815.25 312.5723121675912
7262 1815.5 312.5951917552201
7263 1815.75 312.6180750547736
7264 1816 312.6409620768241
7265 1816.25 312.6638528319334
7266 1816.5 312.6867473306522
7267 1816.75 312.7096455835205
7268 1817 312.7325476010674
7269 1817.25 312.7554533938116
7270 1817.5 312.7783629722608
7271 1817.75 312.801276346912
7272 1818 312.8241935282516
7273 1818.25 312.8471145267554
7274 1818.5 312.8700393528882
7275 1818.75 312.8929680171047
7276 1819 312.9159005298487
7277 1819.25 312.9388369015533
7278 1819.5 312.961777142641
7279 1819.75 312.9847212635241
7280 1820 313.007669274604
7281 1820.25 313.0306211862719
7282 1820.5 313.0535770089078
7283 1820.75 313.0765367528819
7284 1821 313.0995004285536
7285 1821.25 313.1224680462718
7286 1821.5 313.145439616375
7287 1821.75 313.168415149191
7288 1822 313.1913946550375
7289 1822.25 313.2143781442212
7290 1822.5 313.2373656270392
7291 1822.75 313.2603571137774
7292 1823 313.2833526147115
7293 1823.25 313.3063521401068
7294 1823.5 313.3293557002181
7295 1823.75 313.3523640694786
7296 1824 313.3753797635984
7297 1824.25 313.3983995197066
7298 1824.5 313.4214233480138
7299 1824.75 313.4444512587206
7300 1825 313.4674832620171
7301 1825.25 313.4905193680835
7302 1825.5 313.513559587089
7303 1825.75 313.5366039291934
7304 1826 313.5596524045462
7305 1826.25 313.5827050232863
7306 1826.5 313.6057617955427
7307 1826.75 313.6288227314338
7308 1827 313.6518878410681
7309 1827.25 313.6749571345438
7310 1827.5 313.698030621949
7311 1827.75 313.7211083133616
7312 1828 313.7441902188489
7313 1828.25 313.7672763484684
7314 1828.5 313.790366712267
7315 1828.75 313.8134613202819
7316 1829 313.8365601825393
7317 1829.25 313.8596633090561
7318 1829.5 313.8827707098385
7319 1829.75 313.9058823948823
7320 1830 313.9289983741733
7321 1830.25 313.952118657687
7322 1830.5 313.9752432553887
7323 1830.75 313.9983721772336
7324 1831 314.0215054331665
7325 1831.25 314.0446430331219
7326 1831.5 314.0677849870242
7327 1831.75 314.0909313047874
7328 1832 314.1140819963156
7329 1832.25 314.1372370715021
7330 1832.5 314.1603965402306
7331 1832.75 314.1835604123741
7332 1833 314.2067286977953
7333 1833.25 314.229901406347
7334 1833.5 314.2530785478716
7335 1833.75 314.2762601322012
7336 1834 314.2994461691575
7337 1834.25 314.3226366685521
7338 1834.5 314.3458316401862
7339 1834.75 314.3690310938514
7340 1835 314.3922350393279
7341 1835.25 314.4154434863866
7342 1835.5 314.4386564447873
7343 1835.75 314.4618739242804
7344 1836 314.4850959346054
7345 1836.25 314.5083224854919
7346 1836.5 314.5315535866591
7347 1836.75 314.5547892478156
7348 1837 314.57802947866
7349 1837.25 314.6012742888809
7350 1837.5 314.6245236881561
7351 1837.75 314.6477776861535
7352 1838 314.6710362925302
7353 1838.25 314.6942995169339
7354 1838.5 314.7175673690012
7355 1838.75 314.7408398583588
7356 1839 314.7641169946231
7357 1839.25 314.7873987874
7358 1839.5 314.8106852462851
7359 1839.75 314.8339763808644
7360 1840 314.8572722007128
7361 1840.25 314.8805727153953
7362 1840.5 314.9038779344662
7363 1840.75 314.92718786747
7364 1841 314.9505025239407
7365 1841.25 314.9738219134024
7366 1841.5 314.9971460453683
7367 1841.75 315.0204749293416
7368 1842 315.0438085748154
7369 1842.25 315.0671469912725
7370 1842.5 315.0904901883009
7371 1842.75 315.1138381752468
7372 1843 315.1371909615617
7373 1843.25 315.1605485566871
7374 1843.5 315.1839109700546
7375 1843.75 315.2072782110849
7376 1844 315.2306502891892
7377 1844.25 315.2540272137679
7378 1844.5 315.277408994211
7379 1844.75 315.3007956398986
7380 1845 315.3241871602004
7381 1845.25 315.3475835644761
7382 1845.5 315.3709848620748
7383 1845.75 315.3943910623355
7384 1846 315.4178021745872
7385 1846.25 315.4412182081481
7386 1846.5 315.4646391723271
7387 1846.75 315.4880650764218
7388 1847 315.5114959297202
7389 1847.25 315.5349317415001
7390 1847.5 315.558372521029
7391 1847.75 315.5818182775641
7392 1848 315.6052690203526
7393 1848.25 315.6287247586314
7394 1848.5 315.6521855016271
7395 1848.75 315.6756512585565
7396 1849 315.6991220386259
7397 1849.25 315.7225978510315
7398 1849.5 315.7460787049595
7399 1849.75 315.7695646095856
7400 1850 315.7930555740758
7401 1850.25 315.8165516075859
7402 1850.5 315.8400527192614
7403 1850.75 315.8635589182377
7404 1851 315.8870702136402
7405 1851.25 315.9105866145842
7406 1851.5 315.9341081301748
7407 1851.75 315.9576347695073
7408 1852 315.9811665416665
7409 1852.25 316.0047034557276
7410 1852.5 316.0282455207554
7411 1852.75 316.0517927458053
7412 1853 316.0753451399215
7413 1853.25 316.0989027121393
7414 1853.5 316.1224654714836
7415 1853.75 316.1460334269693
7416 1854 316.1696096805309
7417 1854.25 316.1931933939028
7418 1854.5 316.2167823262818
7419 1854.75 316.2403764866506
7420 1855 316.2639758839825
7421 1855.25 316.2875805272408
7422 1855.5 316.3111904253788
7423 1855.75 316.33480558734
7424 1856 316.3584260220582
7425 1856.25 316.3820517384568
7426 1856.5 316.4056827454504
7427 1856.75 316.4293190519431
7428 1857 316.4529606668296
7429 1857.25 316.4766075989946
7430 1857.5 316.5002598573135
7431 1857.75 316.5239174506513
7432 1858 316.5475803878639
7433 1858.25 316.5712486777971
7434 1858.5 316.5949223292873
7435 1858.75 316.6186013511613
7436 1859 316.6422857522359
7437 1859.25 316.6659755413185
7438 1859.5 316.689670727207
7439 1859.75 316.7133713186898
7440 1860 316.7370773245454
7441 1860.25 316.7607887535429
7442 1860.5 316.7845056144421
7443 1860.75 316.8082279159927
7444 1861 316.8319556669356
7445 1861.25 316.8556888760019
7446 1861.5 316.8794275519134
7447 1861.75 316.9031717033819
7448 1862 316.9269213391109
7449 1862.25 316.9506764677935
7450 1862.5 316.9744370981139
7451 1862.75 316.9982032387469
7452 1863 317.0219748983579
7453 1863.25 317.0457520856033
7454 1863.5 317.0695348091297
7455 1863.75 317.0933230775747
7456 1864 317.117116899567
7457 1864.25 317.1409162837257
7458 1864.5 317.1647212386609
7459 1864.75 317.1885317729736
7460 1865 317.2123478952554
7461 1865.25 317.236169614089
7462 1865.5 317.2599969380479
7463 1865.75 317.2838298756969
7464 1866 317.3076684355913
7465 1866.25 317.3315126262779
7466 1866.5 317.355362456294
7467 1866.75 317.3792179341681
7468 1867 317.4030790684204
7469 1867.25 317.4269458675615
7470 1867.5 317.4508183400931
7471 1867.75 317.4746964945086
7472 1868 317.4985803392925
7473 1868.25 317.5224698829201
7474 1868.5 317.5463651338583
7475 1868.75 317.5702661005654
7476 1869 317.5941727914908
7477 1869.25 317.6180852150753
7478 1869.5 317.6420033797511
7479 1869.75 317.6659272939419
7480 1870 317.6898569660627
7481 1870.25 317.71379240452
7482 1870.5 317.7377336177119
7483 1870.75 317.7616806140281
7484 1871 317.7856334018499
7485 1871.25 317.8095919895501
7486 1871.5 317.8335563854932
7487 1871.75 317.8575265980353
7488 1872 317.8815026355243
7489 1872.25 317.9054845063
7490 1872.5 317.9294722186938
7491 1872.75 317.953465781029
7492 1873 317.9774652016208
7493 1873.25 318.0014704887765
7494 1873.5 318.0254816507946
7495 1873.75 318.0494986959665
7496 1874 318.0735216325753
7497 1874.25 318.0975504688957
7498 1874.5 318.1215852131954
7499 1874.75 318.1456258737335
7500 1875 318.1696740750211
7501 1875.25 318.1937301888198
7502 1875.5 318.2177942234417
7503 1875.75 318.2418661871865
7504 1876 318.2659460883426
7505 1876.25 318.2900339351867
7506 1876.5 318.3141297359868
7507 1876.75 318.3382334991165
7508 1877 318.3623452327437
7509 1877.25 318.3864649450786
7510 1877.5 318.4105926443577
7511 1877.75 318.4347283388105
7512 1878 318.4588720366602
7513 1878.25 318.4830237461239
7514 1878.5 318.5071834754124
7515 1878.75 318.5313512327307
7516 1879 318.5555270262772
7517 1879.25 318.5797108642439
7518 1879.5 318.6039027548155
7519 1879.75 318.6281027061702
7520 1880 318.6523107264782
7521 1880.25 318.6765268239022
7522 1880.5 318.7007510065967
7523 1880.75 318.7249832827073
7524 1881 318.7492236603715
7525 1881.25 318.7734721477167
7526 1881.5 318.7977287528619
7527 1881.75 318.8219934839147
7528 1882 318.8462663489742
7529 1882.25 318.8705473561281
7530 1882.5 318.8948365134539
7531 1882.75 318.9191338290179
7532 1883 318.9434393108757
7533 1883.25 318.9677529670712
7534 1883.5 318.992074805637
7535 1883.75 319.016404834594
7536 1884 319.0407430619513
7537 1884.25 319.0650894957062
7538 1884.5 319.089444143844
7539 1884.75 319.1138089686836
7540 1885 319.1381825366881
7541 1885.25 319.1625643423632
7542 1885.5 319.1869543936279
7543 1885.75 319.2113526983884
7544 1886 319.2357592645366
7545 1886.25 319.2601740999518
7546 1886.5 319.2845972124998
7547 1886.75 319.309028610033
7548 1887 319.3334683003916
7549 1887.25 319.3579162914019
7550 1887.5 319.382372590878
7551 1887.75 319.4068372066211
7552 1888 319.4313101464198
7553 1888.25 319.4557914180502
7554 1888.5 319.4802810292763
7555 1888.75 319.5047789878497
7556 1889 319.52928530151
7557 1889.25 319.5537999779848
7558 1889.5 319.5783230249897
7559 1889.75 319.6028544502288
7560 1890 319.6273942613947
7561 1890.25 319.6519424661683
7562 1890.5 319.6764990722194
7563 1890.75 319.7010640872069
7564 1891 319.7256375187778
7565 1891.25 319.7502193745689
7566 1891.5 319.7748096622061
7567 1891.75 319.7994083893046
7568 1892 319.8240155634688
7569 1892.25 319.8486311922932
7570 1892.5 319.8732552833617
7571 1892.75 319.897887845653
7572 1893 319.9225288858287
7573 1893.25 319.9471784109335
7574 1893.5 319.9718364285598
7575 1893.75 319.9965029461865
7576 1894 320.0211779713391
7577 1894.25 320.0458615115334
7578 1894.5 320.0705535742762
7579 1894.75 320.0952541670824
7580 1895 320.1199632974651
7581 1895.25 320.1446809728623
7582 1895.5 320.1694072007452
7583 1895.75 320.1941419885765
7584 1896 320.2188853438105
7585 1896.25 320.2436372738931
7586 1896.5 320.2683977862895
7587 1896.75 320.2931668884304
7588 1897 320.3179445877104
7589 1897.25 320.3427308915442
7590 1897.5 320.3675258073396
7591 1897.75 320.3923293424971
7592 1898 320.4171415044103
7593 1898.25 320.4419623004658
7594 1898.5 320.4667917380745
7595 1898.75 320.4916298245996
7596 1899 320.5164765673887
7597 1899.25 320.5413319738032
7598 1899.5 320.5661960511992
7599 1899.75 320.591068806952
7600 1900 320.6159502483921
7601 1900.25 320.6408403828472
7602 1900.5 320.6657392176517
7603 1900.75 320.6906467601351
7604 1901 320.7155630176219
7605 1901.25 320.7404879974323
7606 1901.5 320.7654217068817
7607 1901.75 320.7903641532819
7608 1902 320.8153153439405
7609 1902.25 320.840275286161
7610 1902.5 320.8652439872435
7611 1902.75 320.8902214544849
7612 1903 320.9152076951782
7613 1903.25 320.9402027166165
7614 1903.5 320.9652065261224
7615 1903.75 320.9902191309413
7616 1904 321.015240538355
7617 1904.25 321.0402707556424
7618 1904.5 321.0653097900798
7619 1904.75 321.0903576489409
7620 1905 321.1154143394979
7621 1905.25 321.1404798690204
7622 1905.5 321.165554244776
7623 1905.75 321.1906374740302
7624 1906 321.2157295640471
7625 1906.25 321.2408305220927
7626 1906.5 321.2659403554561
7627 1906.75 321.2910590713635
7628 1907 321.3161866770727
7629 1907.25 321.3413231798397
7630 1907.5 321.3664685869197
7631 1907.75 321.3916229055665
7632 1908 321.4167861430332
7633 1908.25 321.4419583065713
7634 1908.5 321.4671394034319
7635 1908.75 321.4923294408653
7636 1909 321.5175284261211
7637 1909.25 321.5427363664481
7638 1909.5 321.5679532690951
7639 1909.75 321.5931791413259
7640 1910 321.6184139903879
7641 1910.25 321.6436578235129
7642 1910.5 321.668910647948
7643 1910.75 321.6941724709407
7644 1911 321.7194432997382
7645 1911.25 321.7447231416093
7646 1911.5 321.7700120037979
7647 1911.75 321.7953098935346
7648 1912 321.8206168180683
7649 1912.25 321.8459327846478
7650 1912.5 321.871257800523
7651 1912.75 321.8965918729439
7652 1913 321.9219350091623
7653 1913.25 321.9472872164304
7654 1913.5 321.972648502001
7655 1913.75 321.9980188731291
7656 1914 322.02339833707
7657 1914.25 322.0487869010806
7658 1914.5 322.0741845724197
7659 1914.75 322.099591358347
7660 1915 322.1250072661243
7661 1915.25 322.1504323030147
7662 1915.5 322.1758664762838
7663 1915.75 322.2013097931989
7664 1916 322.2267622610291
7665 1916.25 322.252223887046
7666 1916.5 322.2776946785236
7667 1916.75 322.3031746427383
7668 1917 322.3286637869686
7669 1917.25 322.3541621184962
7670 1917.5 322.3796696446054
7671 1917.75 322.4051863725833
7672 1918 322.4307123097201
7673 1918.25 322.4562474633091
7674 1918.5 322.481791840649
7675 1918.75 322.507345449057
7676 1919 322.5329082958169
7677 1919.25 322.5584803882357
7678 1919.5 322.5840617336241
7679 1919.75 322.6096523392966
7680 1920 322.6094170739792
