"report-file-2"
"Time Step" "flow-time etc.."
("Time Step" "flow-time" "report-def-2")
0 0 298.15
1 0.25 298.1665635832841
2 0.5 298.1832114076037
3 0.75 298.1999354341896
4 1 298.216730855334
5 1.25 298.2335978900368
6 1.5 298.2505333717015
7 1.75 298.2675360833621
8 2 298.2846033411346
9 2.25 298.3017323418043
10 2.5 298.3189210836505
11 2.75 298.3361673593971
12 3 298.3534690383591
13 3.25 298.3708240617807
14 3.5 298.3882304403255
15 3.75 298.4056852399991
16 4 298.4231882306408
17 4.25 298.4407372824936
18 4.5 298.4583305167681
19 4.75 298.4759662007177
20 5 298.4936426924265
21 5.25 298.5113584211744
22 5.5 298.5291118783941
23 5.75 298.5469016125058
24 6 298.5591912758005
25 6.25 298.5715104485006
26 6.5 298.5838580051271
27 6.75 298.5962328128084
28 7 298.608633897263
29 7.25 298.621060399349
30 7.5 298.633511544255
31 7.75 298.645986639739
32 8 298.6584849252156
33 8.25 298.6710057062572
34 8.5 298.6835483244067
35 8.75 298.696112145635
36 9 298.7086965566059
37 9.25 298.7213009629743
38 9.5 298.7339247882838
39 9.75 298.7465674731084
40 10 298.7592284743245
41 10.25 298.7719072644739
42 10.5 298.7846033311892
43 10.75 298.7973161766698
44 11 298.8100453171973
45 11.25 298.8227902826822
46 11.5 298.8355506162374
47 11.75 298.8483258736936
48 12 298.8611156232922
49 12.25 298.8739194455774
50 12.5 298.886736932611
51 12.75 298.8995676878095
52 13 298.912411325619
53 13.25 298.9252674712004
54 13.5 298.9381357601257
55 13.75 298.9510158380858
56 14 298.9639073606061
57 14.25 298.9768099927728
58 14.5 298.9897234089671
59 14.75 299.0026472926075
60 15 299.0155813359005
61 15.25 299.0285252395981
62 15.5 299.0414787127636
63 15.75 299.0544414725431
64 16 299.0674132439445
65 16.25 299.0803937596232
66 16.5 299.0933827596722
67 16.75 299.106379991421
68 17 299.1193852092377
69 17.25 299.1323981743379
70 17.5 299.1454186545986
71 17.75 299.1584464243782
72 18 299.1714812643398
73 18.25 299.1845229612812
74 18.5 299.1975713079684
75 18.75 299.2106261029746
76 19 299.2236871505224
77 19.25 299.2367542603319
78 19.5 299.2498272474717
79 19.75 299.2629059322144
80 20 299.2759901398962
81 20.25 299.2890797007805
82 20.5 299.3021744499245
83 20.75 299.3152742270495
84 21 299.3283788764161
85 21.25 299.3414882467009
86 21.5 299.3546021908774
87 21.75 299.3677205661003
88 22 299.3808432335928
89 22.25 299.3939700585365
90 22.5 299.4071009099648
91 22.75 299.4202356606588
92 23 299.4333741870464
93 23.25 299.4465163691035
94 23.5 299.4596620902587
95 23.75 299.4728112372997
96 24 299.4859637002828
97 24.25 299.4991193724443
98 24.5 299.5122781501154
99 24.75 299.5254399326371
100 25 299.5386046222805
101 25.25 299.5517721241663
102 25.5 299.5649423461888
103 25.75 299.5781148034164
104 26 299.5912892495684
105 26.25 299.6044660981673
106 26.5 299.6176451523161
107 26.75 299.630826458822
108 27 299.6440099399242
109 27.25 299.6571955201561
110 27.5 299.6703831262834
111 27.75 299.6835726872436
112 28 299.6967641285369
113 28.25 299.7099573814886
114 28.5 299.7231523887
115 28.75 299.7363490872233
116 29 299.749547416004
117 29.25 299.762747315831
118 29.5 299.7759487292856
119 29.75 299.7891516006933
120 30 299.8023558760764
121 30.25 299.8155615031085
122 30.5 299.8287684310686
123 30.75 299.8419766107984
124 31 299.8551859946599
125 31.25 299.8683965364935
126 31.5 299.881608191578
127 31.75 299.8948209165914
128 32 299.908034669573
129 32.25 299.9212494098859
130 32.5 299.9344650981814
131 32.75 299.9476816963634
132 33 299.9608991675543
133 33.25 299.9741174760613
134 33.5 299.9873365873453
135 33.75 300.0005564679876
136 34 300.0137770856598
137 34.25 300.0269984090948
138 34.5 300.0402204080565
139 34.75 300.0534430533116
140 35 300.0666663166028
141 35.25 300.0798901706209
142 35.5 300.0931145889796
143 35.75 300.106339546189
144 36 300.1097634036457
145 36.25 300.1131936415052
146 36.5 300.1166276005444
147 36.75 300.1200643471536
148 37 300.1235035499454
149 37.25 300.1269449818955
150 37.5 300.1303884658534
151 37.75 300.133833867032
152 38 300.1372810789569
153 38.25 300.1407300141076
154 38.5 300.1441805983156
155 38.75 300.1476327672812
156 39 300.1510864642841
157 39.25 300.1545416386093
158 39.5 300.157998244419
159 39.75 300.1614562399212
160 40 300.1649155867374
161 40.25 300.168376249411
162 40.5 300.1718381950171
163 40.75 300.1753013777562
164 41 300.1787657685843
165 41.25 300.1822313598966
166 41.5 300.1856981272261
167 41.75 300.189166045218
168 42 300.1926350863383
169 42.25 300.1961049582497
170 42.5 300.199575929532
171 42.75 300.20304797904
172 43 300.2065210867108
173 43.25 300.2099952334507
174 43.5 300.2134704010442
175 43.75 300.2169465720775
176 44 300.2204237298725
177 44.25 300.2239018584298
178 44.5 300.2273809423769
179 44.75 300.2308609753341
180 45 300.23434190277
181 45.25 300.2378237691873
182 45.5 300.2413065146812
183 45.75 300.2447901434814
184 46 300.2482746479296
185 46.25 300.2517600167893
186 46.5 300.2552462382505
187 46.75 300.2587333007052
188 47 300.2622211929078
189 47.25 300.2657099039835
190 47.5 300.2691994234042
191 47.75 300.272689740963
192 48 300.2761808467515
193 48.25 300.2796727311416
194 48.5 300.2831653847699
195 48.75 300.2866587985236
196 49 300.290152963529
197 49.25 300.2936478711405
198 49.5 300.2971435129315
199 49.75 300.3006398806842
200 50 300.3041369663837
201 50.25 300.3076347622081
202 50.5 300.3111332605234
203 50.75 300.3146324538764
204 51 300.3181323349885
205 51.25 300.3216328967502
206 51.5 300.3251341322156
207 51.75 300.3286360345977
208 52 300.3321385972633
209 52.25 300.3356418137284
210 52.5 300.3391456776542
211 52.75 300.3426501828427
212 53 300.3461553232328
213 53.25 300.3496610928967
214 53.5 300.3531674860362
215 53.75 300.3566744969791
216 54 300.360182120176
217 54.25 300.363690350197
218 54.5 300.3671991817292
219 54.75 300.3707086095727
220 55 300.3742186286385
221 55.25 300.3777292339454
222 55.5 300.3812404206176
223 55.75 300.384752183882
224 56 300.3882645190653
225 56.25 300.3917774215921
226 56.5 300.3952908869827
227 56.75 300.3988049108499
228 57 300.4023194888979
229 57.25 300.4058346169195
230 57.5 300.409350290794
231 57.75 300.4128665064856
232 58 300.4163832600408
233 58.25 300.4199005475875
234 58.5 300.4234183653322
235 58.75 300.4269367095583
236 59 300.4304555766249
237 59.25 300.433974962965
238 59.5 300.437494865083
239 59.75 300.4410152795543
240 60 300.4445362030228
241 60.25 300.4480576321999
242 60.5 300.4515795638628
243 60.75 300.455101994853
244 61 300.4586249220749
245 61.25 300.462148342495
246 61.5 300.4656722531396
247 61.75 300.4691966510941
248 62 300.4727215335016
249 62.25 300.4762468975616
250 62.5 300.4797727405292
251 62.75 300.4832990597133
252 63 300.4868258524756
253 63.25 300.4903531162302
254 63.5 300.4938808484412
255 63.75 300.4974090466231
256 64 300.5009377083386
257 64.25 300.5044668311984
258 64.5 300.5079964128595
259 64.75 300.5115264510248
260 65 300.5150569434423
261 65.25 300.5185878879032
262 65.5 300.5221192822425
263 65.75 300.5256511243364
264 66 300.5291834121032
265 66.25 300.5327161435013
266 66.5 300.5362493165286
267 66.75 300.5397829292222
268 67 300.5433169796571
269 67.25 300.5468514659456
270 67.5 300.5503863862366
271 67.75 300.5539217387154
272 68 300.5574575216018
273 68.25 300.5609937331508
274 68.5 300.5645303716506
275 68.75 300.568067435423
276 69 300.5716049228225
277 69.25 300.5751428322353
278 69.5 300.5786811620792
279 69.75 300.5822199108026
280 70 300.5857590768842
281 70.25 300.5892985954567
282 70.5 300.5928384845044
283 70.75 300.5963787859998
284 71 300.5999194985552
285 71.25 300.6034606208099
286 71.5 300.6070021514299
287 71.75 300.6105440891075
288 72 300.6140864325604
289 72.25 300.6176291805317
290 72.5 300.6211723317894
291 72.75 300.6247158851255
292 73 300.6282598393561
293 73.25 300.631804193321
294 73.5 300.6353489458825
295 73.75 300.6388940959258
296 74 300.6424396423585
297 74.25 300.6459855841099
298 74.5 300.6495319201308
299 74.75 300.6530786493929
300 75 300.6566257708889
301 75.25 300.6601732836319
302 75.5 300.6637211866546
303 75.75 300.6672694790099
304 76 300.6708181597696
305 76.25 300.6743672280247
306 76.5 300.6779166828849
307 76.75 300.6814665234783
308 77 300.6850167489507
309 77.25 300.6885673584659
310 77.5 300.6921183512055
311 77.75 300.6956697263676
312 78 300.6992214831676
313 78.25 300.7027736208372
314 78.5 300.7063261386247
315 78.75 300.7098790357941
316 79 300.7134323116256
317 79.25 300.7169859654144
318 79.5 300.7205399964713
319 79.75 300.7240944041221
320 80 300.7276491877071
321 80.25 300.7312043465814
322 80.5 300.734759880114
323 80.75 300.7383157876886
324 81 300.7418720687019
325 81.25 300.7454287225648
326 81.5 300.7489857487013
327 81.75 300.7525431465485
328 82 300.7561009155566
329 82.25 300.7596590551884
330 82.5 300.7632175649193
331 82.75 300.766776444237
332 83 300.7703356926413
333 83.25 300.7738953096439
334 83.5 300.7774552947682
335 83.75 300.7810156475495
336 84 300.7845763675338
337 84.25 300.7881374542788
338 84.5 300.7916989073531
339 84.75 300.795260726336
340 85 300.7988229108175
341 85.25 300.8023854603982
342 85.5 300.8059483746889
343 85.75 300.8095116533103
344 86 300.8130752958936
345 86.25 300.8166393020795
346 86.5 300.8202036715184
347 86.75 300.8237684038701
348 87 300.8273334988043
349 87.25 300.830898955999
350 87.5 300.8344647751422
351 87.75 300.8380309559303
352 88 300.8415974980686
353 88.25 300.8451644012711
354 88.5 300.8487316652601
355 88.75 300.8522992897665
356 89 300.8558672745293
357 89.25 300.8594356192957
358 89.5 300.8630043238205
359 89.75 300.8665733878671
360 90 300.8701428112061
361 90.25 300.8737125936155
362 90.5 300.8772827348813
363 90.75 300.8808532347965
364 91 300.8844240931614
365 91.25 300.8879953097836
366 91.5 300.8915668844774
367 91.75 300.8951388170642
368 92 300.898711107372
369 92.25 300.9022837552359
370 92.5 300.9058567604972
371 92.75 300.9094301230035
372 93 300.9130038426092
373 93.25 300.9165779191746
374 93.5 300.9201523525663
375 93.75 300.9237271426569
376 94 300.9273022893248
377 94.25 300.9308777924547
378 94.5 300.9344536519367
379 94.75 300.9380298676666
380 95 300.9416064395456
381 95.25 300.9451833674808
382 95.5 300.9487606513843
383 95.75 300.9523382911736
384 96 300.9559162867716
385 96.25 300.9594946381061
386 96.5 300.9630733451099
387 96.75 300.9666524077208
388 97 300.9702318258817
389 97.25 300.9738115995399
390 97.5 300.9773917286475
391 97.75 300.9809722131616
392 98 300.9845530530432
393 98.25 300.9881342482582
394 98.5 300.991715798777
395 98.75 300.995297704574
396 99 300.9988799656277
397 99.25 301.0024625819213
398 99.5 301.0060455534417
399 99.75 301.0096288801797
400 100 301.0132125621304
401 100.25 301.0167965992927
402 100.5 301.0203809916693
403 100.75 301.0239657392663
404 101 301.027550842094
405 101.25 301.031136300166
406 101.5 301.0347221134995
407 101.75 301.0383082821151
408 102 301.041894806037
409 102.25 301.0454816852925
410 102.5 301.0490689199125
411 102.75 301.052656509931
412 103 301.056244455385
413 103.25 301.0598327563148
414 103.5 301.0634214127638
415 103.75 301.0670104247783
416 104 301.0705997924073
417 104.25 301.0741895157031
418 104.5 301.0777795947206
419 104.75 301.0813700295175
420 105 301.0849608201543
421 105.25 301.0885519666941
422 105.5 301.0921434692025
423 105.75 301.0957353277477
424 106 301.0993275424007
425 106.25 301.1029201132345
426 106.5 301.1065130403248
427 106.75 301.1101063237497
428 107 301.1136999635894
429 107.25 301.1172939599264
430 107.5 301.1208883128456
431 107.75 301.1244830224339
432 108 301.1280780887802
433 108.25 301.1316735119757
434 108.5 301.1352692921138
435 108.75 301.1388654292894
436 109 301.1424619235997
437 109.25 301.1460587751436
438 109.5 301.1496559840219
439 109.75 301.1532535503374
440 110 301.1568514741945
441 110.25 301.1604497556992
442 110.5 301.1640483949597
443 110.75 301.1676473920852
444 111 301.1712467471868
445 111.25 301.1748464603772
446 111.5 301.1784465317708
447 111.75 301.1820469614831
448 112 301.1856477496314
449 112.25 301.1892488963343
450 112.5 301.1928504017117
451 112.75 301.1964522658849
452 113 301.2000544889767
453 113.25 301.2036570711107
454 113.5 301.2072600124123
455 113.75 301.210863313008
456 114 301.214466973025
457 114.25 301.2180709925921
458 114.5 301.2216753718392
459 114.75 301.2252801108972
460 115 301.2288852098978
461 115.25 301.232490668974
462 115.5 301.2360964882598
463 115.75 301.23970266789
464 116 301.2433092080003
465 116.25 301.2469161087275
466 116.5 301.250523370209
467 116.75 301.2541309925832
468 117 301.2577389759894
469 117.25 301.2613473205673
470 117.5 301.2649560264578
471 117.75 301.268565093802
472 118 301.2721745227422
473 118.25 301.2757843134212
474 118.5 301.2793944659823
475 118.75 301.2830049805694
476 119 301.2866158573273
477 119.25 301.2902270964011
478 119.5 301.2938386979363
479 119.75 301.2974506620792
480 120 301.3010629889764
481 120.25 301.3046756787749
482 120.5 301.3082887316226
483 120.75 301.3119021476671
484 121 301.3155159270572
485 121.25 301.3191300699412
486 121.5 301.3227445764684
487 121.75 301.3263594467882
488 122 301.32997468105
489 122.25 301.333590279404
490 122.5 301.3372062420003
491 122.75 301.3408225689894
492 123 301.3444392605221
493 123.25 301.3480563167487
494 123.5 301.3516737378208
495 123.75 301.3552915238894
496 124 301.3589096751056
497 124.25 301.362528191621
498 124.5 301.3661470735869
499 124.75 301.3697663211549
500 125 301.3733859344767
501 125.25 301.3770059137038
502 125.5 301.3806262589882
503 125.75 301.3842469704812
504 126 301.3878680483345
505 126.25 301.3914894926997
506 126.5 301.3951113037284
507 126.75 301.398733481572
508 127 301.4023560263818
509 127.25 301.4059789383093
510 127.5 301.4096022175054
511 127.75 301.4132258641212
512 128 301.4168498783074
513 128.25 301.4204742602147
514 128.5 301.4240990099938
515 128.75 301.4277241277947
516 129 301.4313496137676
517 129.25 301.4349754680622
518 129.5 301.4386016908282
519 129.75 301.4422282822147
520 130 301.445855242371
521 130.25 301.4494825714455
522 130.5 301.4531102695869
523 130.75 301.4567383369431
524 131 301.460366773662
525 131.25 301.463995579891
526 131.5 301.4676247557771
527 131.75 301.471254301467
528 132 301.474884217107
529 132.25 301.4785145028428
530 132.5 301.48214515882
531 132.75 301.4857761851837
532 133 301.4894075820786
533 133.25 301.4930393496487
534 133.5 301.4966714880377
535 133.75 301.5003039973888
536 134 301.5039368778449
537 134.25 301.507570129548
538 134.5 301.51120375264
539 134.75 301.514837747262
540 135 301.5184721135548
541 135.25 301.5221068516586
542 135.5 301.5257419617127
543 135.75 301.5293774438563
544 136 301.5330132982278
545 136.25 301.5366495249652
546 136.5 301.5402861242055
547 136.75 301.5439230960857
548 137 301.5475604407414
549 137.25 301.5511981583085
550 137.5 301.5548362489216
551 137.75 301.5584747127149
552 138 301.5621135498218
553 138.25 301.5657527603753
554 138.5 301.5693923445074
555 138.75 301.5730323023496
556 139 301.5766726340328
557 139.25 301.5803133396872
558 139.5 301.5839544194422
559 139.75 301.5875958734262
560 140 301.5912377017676
561 140.25 301.5948799045933
562 140.5 301.59852248203
563 140.75 301.6021654342034
564 141 301.6058087612385
565 141.25 301.6094524632596
566 141.5 301.6130965403901
567 141.75 301.6167409927529
568 142 301.6203858204698
569 142.25 301.6240310236618
570 142.5 301.6276766024496
571 142.75 301.6313225569525
572 143 301.6349688872892
573 143.25 301.6386155935776
574 143.5 301.642262675935
575 143.75 301.6459101344774
576 144 301.6495579693205
577 144.25 301.6532061805787
578 144.5 301.6568547683656
579 144.75 301.6605037327944
580 145 301.6641530739768
581 145.25 301.6678027920242
582 145.5 301.6714528870468
583 145.75 301.6751033591539
584 146 301.6787542084541
585 146.25 301.682405435055
586 146.5 301.6860570390632
587 146.75 301.6897090205845
588 147 301.693361379724
589 147.25 301.6970141165856
590 147.5 301.7006672312725
591 147.75 301.7043207238867
592 148 301.7079745945294
593 148.25 301.7116288433011
594 148.5 301.7152834703011
595 148.75 301.7189384756276
596 149 301.7225938593783
597 149.25 301.7262496216497
598 149.5 301.7299057625374
599 149.75 301.7335622821357
600 150 301.7372191805385
601 150.25 301.7408764578386
602 150.5 301.7445341141275
603 150.75 301.7481921494959
604 151 301.7518505640336
605 151.25 301.7555093578295
606 151.5 301.759168530971
607 151.75 301.7628280835453
608 152 301.7664880156379
609 152.25 301.7701483273335
610 152.5 301.7738090187162
611 152.75 301.7774700898685
612 153 301.7811315408723
613 153.25 301.7847933718081
614 153.5 301.7884555827557
615 153.75 301.7921181737941
616 154 301.7957811450007
617 154.25 301.7994444964521
618 154.5 301.8031082282239
619 154.75 301.8067723403909
620 155 301.8104368330264
621 155.25 301.814101706203
622 155.5 301.8177669599922
623 155.75 301.8214325944643
624 156 301.8250986096888
625 156.25 301.8287650057338
626 156.5 301.8324317826668
627 156.75 301.8360989405537
628 157 301.8397664794599
629 157.25 301.8434343994493
630 157.5 301.8471027005849
631 157.75 301.8507713829288
632 158 301.8544404465416
633 158.25 301.8581098914834
634 158.5 301.8617797178128
635 158.75 301.8654499255873
636 159 301.8691205148637
637 159.25 301.8727914856973
638 159.5 301.8764628381426
639 159.75 301.880134572253
640 160 301.8838066880805
641 160.25 301.8874791856765
642 160.5 301.8911520650907
643 160.75 301.8948253263723
644 161 301.8984989695691
645 161.25 301.9021729947281
646 161.5 301.9058474018946
647 161.75 301.9095221911133
648 162 301.9131973624277
649 162.25 301.91687291588
650 162.5 301.9205488515117
651 162.75 301.9242251693629
652 163 301.9279018694726
653 163.25 301.9315789518786
654 163.5 301.9352564166179
655 163.75 301.9389342637261
656 164 301.9426124932377
657 164.25 301.9462911051866
658 164.5 301.9499700996049
659 164.75 301.9536494765237
660 165 301.9573292359732
661 165.25 301.9610093779824
662 165.5 301.9646899025794
663 165.75 301.9683708097907
664 166 301.9720520996422
665 166.25 301.9757337721583
666 166.5 301.9794158273622
667 166.75 301.9830982652764
668 167 301.986781085922
669 167.25 301.9904642893189
670 167.5 301.9941478754862
671 167.75 301.9978318444415
672 168 302.0015161962015
673 168.25 302.0052009307816
674 168.5 302.0088860481962
675 168.75 302.0125715484586
676 169 302.0162574315808
677 169.25 302.019943697574
678 169.5 302.0236303464475
679 169.75 302.0273173782105
680 170 302.0310047928704
681 170.25 302.0346925904337
682 170.5 302.0383807709054
683 170.75 302.04206933429
684 171 302.0457582805904
685 171.25 302.0494476098083
686 171.5 302.0531373219447
687 171.75 302.0568274169989
688 172 302.0605178949697
689 172.25 302.0642087558542
690 172.5 302.0678999996486
691 172.75 302.071591626348
692 173 302.0752836359463
693 173.25 302.0789760284362
694 173.5 302.0826688038093
695 173.75 302.0863619620562
696 174 302.0900555031661
697 174.25 302.0937494271273
698 174.5 302.0974437339269
699 174.75 302.1011384235507
700 175 302.1048334959833
701 175.25 302.1085289512087
702 175.5 302.1122247892091
703 175.75 302.1159210099662
704 176 302.1196176134598
705 176.25 302.1233145996692
706 176.5 302.1270119685723
707 176.75 302.1307097201458
708 177 302.1344078543654
709 177.25 302.1381063712057
710 177.5 302.14180527064
711 177.75 302.1455045526404
712 178 302.1492042171781
713 178.25 302.152904264223
714 178.5 302.1566046937438
715 178.75 302.1603055057084
716 179 302.1640067000832
717 179.25 302.1677082768335
718 179.5 302.1714102359237
719 179.75 302.1751125773168
720 180 302.1768766839173
721 180.25 302.1786401952846
722 180.5 302.1804027498745
723 180.75 302.1752528974613
724 181 302.1650382715924
725 181.25 302.153337532337
726 181.5 302.1422852386641
727 181.75 302.124157126565
728 182 302.1051680246851
729 182.25 302.0856326234997
730 182.5 302.0680303823227
731 182.75 302.0481494708832
732 183 302.0289658803611
733 183.25 302.0131180990483
734 183.5 301.9990371652862
735 183.75 301.9842865554837
736 184 301.9614879995588
737 184.25 301.9406958986272
738 184.5 301.9236952335079
739 184.75 301.9034828797284
740 185 301.8868844928772
741 185.25 301.8666375388799
742 185.5 301.8500271343007
743 185.75 301.8300998835944
744 186 301.8107229572843
745 186.25 301.7943394559144
746 186.5 301.7743911862024
747 186.75 301.7577882111231
748 187 301.7377179072237
749 187.25 301.7186517869523
750 187.5 301.7002569863939
751 187.75 301.6843451366168
752 188 301.6656505781129
753 188.25 301.6497561921555
754 188.5 301.6311929797535
755 188.75 301.6154368768035
756 189 301.5970814601004
757 189.25 301.5814843855746
758 189.5 301.5633056670683
759 189.75 301.5460093932317
760 190 301.5309413336101
761 190.25 301.5155410983039
762 190.5 301.5013358990493
763 190.75 301.4882564029293
764 191 301.4751543978349
765 191.25 301.462802405886
766 191.5 301.4512129496042
767 191.75 301.4400672832221
768 192 301.4293085305646
769 192.25 301.4187731120519
770 192.5 301.408731839177
771 192.75 301.3989771124719
772 193 301.3894892248654
773 193.25 301.3802539829823
774 193.5 301.3712603958841
775 193.75 301.3624947622191
776 194 301.3539423012525
777 194.25 301.3455901106733
778 194.5 301.3374280542827
779 194.75 301.3294466663941
780 195 301.3216373772227
781 195.25 301.3139921081407
782 195.5 301.3065033033536
783 195.75 301.2991635329786
784 196 301.2919658703012
785 196.25 301.284905135145
786 196.5 301.2779769418066
787 196.75 301.2711753401871
788 197 301.264494970413
789 197.25 301.2579313283783
790 197.5 301.2514801814168
791 197.75 301.2451372374768
792 198 301.2388988830986
793 198.25 301.2327612945497
794 198.5 301.2267210148551
795 198.75 301.220774922162
796 199 301.2149196744644
797 199.25 301.2091525405901
798 199.5 301.2034707355079
799 199.75 301.1978714130569
800 200 301.1923520719782
801 200.25 301.186910328637
802 200.5 301.1815438325656
803 200.75 301.176250341445
804 201 301.1709785411347
805 201.25 301.1657872416021
806 201.5 301.1606721141566
807 201.75 301.1556761649597
808 202 301.1506940288883
809 202.25 301.1458221717715
810 202.5 301.1410023579335
811 202.75 301.1362381193459
812 203 301.1315313092558
813 203.25 301.1268807518093
814 203.5 301.12228347597
815 203.75 301.117736867707
816 204 301.113239770511
817 204.25 301.1087515824645
818 204.5 301.1043604248878
819 204.75 301.0999820913502
820 205 301.0956555650213
821 205.25 301.0913832295935
822 205.5 301.0871925822245
823 205.75 301.0830359117469
824 206 301.0789168313033
825 206.25 301.0748378298604
826 206.5 301.0707991294
827 206.75 301.0667601215347
828 207 301.0628039551178
829 207.25 301.058880681731
830 207.5 301.0549930969379
831 207.75 301.0511430880018
832 208 301.047330000952
833 208.25 301.0435517419015
834 208.5 301.039806351479
835 208.75 301.0360932522034
836 209 301.0324123745352
837 209.25 301.0287635534111
838 209.5 301.0251464294311
839 209.75 301.0215604114649
840 210 301.018004826465
841 210.25 301.0144793220869
842 210.5 301.0109833959164
843 210.75 301.0075164786699
844 211 301.0040780783326
845 211.25 301.0006676731746
846 211.5 300.9972848717217
847 211.75 300.993928987607
848 212 300.9905997675214
849 212.25 300.9872965890362
850 212.5 300.984019141587
851 212.75 300.9807670065734
852 213 300.9775397385461
853 213.25 300.9743368846412
854 213.5 300.9711580527957
855 213.75 300.9680028526562
856 214 300.9648708777883
857 214.25 300.9617617853398
858 214.5 300.9586752000291
859 214.75 300.9556107819825
860 215 300.9525681667267
861 215.25 300.949547028842
862 215.5 300.9465470203095
863 215.75 300.9435678195437
864 216 300.9406090963952
865 216.25 300.9376705586591
866 216.5 300.9347518937731
867 216.75 300.93185281499
868 217 300.9289730147833
869 217.25 300.9261122258224
870 217.5 300.9232701587055
871 217.75 300.920446558879
872 218 300.9176411444189
873 218.25 300.9148536604829
874 218.5 300.9120838455495
875 218.75 300.9093314782612
876 219 300.9065962816881
877 219.25 300.9038780431516
878 219.5 300.9011765113256
879 219.75 300.8984914772773
880 220 300.8958226874648
881 220.25 300.8931699589767
882 220.5 300.8905330522253
883 220.75 300.8879117745363
884 221 300.8853058987822
885 221.25 300.8827152408108
886 221.5 300.8801395725964
887 221.75 300.8775787332673
888 222 300.8750325036433
889 222.25 300.8725007161723
890 222.5 300.8699831764815
891 222.75 300.8674796988494
892 223 300.8649901046359
893 223.25 300.8625142368207
894 223.5 300.8600519406666
895 223.75 300.8576030493323
896 224 300.855167410766
897 224.25 300.8527448278764
898 224.5 300.8503351719245
899 224.75 300.8479382599302
900 225 300.8455539493374
901 225.25 300.8431820730183
902 225.5 300.8408225342046
903 225.75 300.8384751592525
904 226 300.8361398323916
905 226.25 300.8338163855095
906 226.5 300.8315047251072
907 226.75 300.8292046571481
908 227 300.8269161359608
909 227.25 300.8246389566977
910 227.5 300.8223730649844
911 227.75 300.820118281363
912 228 300.8178745028034
913 228.25 300.8156415826211
914 228.5 300.813419467844
915 228.75 300.8112079638282
916 229 300.8090070263407
917 229.25 300.8068164734275
918 229.5 300.8046362647029
919 229.75 300.802466255759
920 230 300.8003063397503
921 230.25 300.7981564032797
922 230.5 300.7960163603838
923 230.75 300.7938861025161
924 231 300.7917655520449
925 231.25 300.7896545659152
926 231.5 300.7875530921384
927 231.75 300.7854609896471
928 232 300.7833781974319
929 232.25 300.7813046387903
930 232.5 300.7792401981786
931 232.75 300.7771847471471
932 233 300.7751382173238
933 233.25 300.7731005429325
934 233.5 300.7710716672654
935 233.75 300.7690514864929
936 234 300.7670398947631
937 234.25 300.7650367764564
938 234.5 300.7630421185618
939 234.75 300.7610557841721
940 235 300.7590777242203
941 235.25 300.7571078506386
942 235.5 300.7551460982013
943 235.75 300.7531923917242
944 236 300.7512466806236
945 236.25 300.7493088524623
946 236.5 300.7473788530166
947 236.75 300.7454565908351
948 237 300.7435420062712
949 237.25 300.7416350064112
950 237.5 300.7397355593339
951 237.75 300.7378435682904
952 238 300.7359589926893
953 238.25 300.7340817453244
954 238.5 300.7322117928649
955 238.75 300.7303490342076
956 239 300.728493428026
957 239.25 300.7266448949196
958 239.5 300.7248033893192
959 239.75 300.7229688432038
960 240 300.7211412155627
961 240.25 300.7193099378555
962 240.5 300.7174887481236
963 240.75 300.7156759816168
964 241 300.7138704516491
965 241.25 300.7120819829638
966 241.5 300.7102968412354
967 241.75 300.7085176959014
968 242 300.7067461690386
969 242.25 300.7049818820861
970 242.5 300.7032236240913
971 242.75 300.7014706649234
972 243 300.6997230734157
973 243.25 300.6979811793025
974 243.5 300.6962452019037
975 243.75 300.6945152636719
976 244 300.6927913576088
977 244.25 300.6910734348341
978 244.5 300.6893613761185
979 244.75 300.6876552326665
980 245 300.6859549648886
981 245.25 300.6842605642002
982 245.5 300.6825719329292
983 245.75 300.6808890704523
984 246 300.6792119197291
985 246.25 300.6775404472759
986 246.5 300.6758745582287
987 246.75 300.6742142761232
988 247 300.6725595230034
989 247.25 300.6709102988925
990 247.5 300.6692665473109
991 247.75 300.667628202785
992 248 300.6659952297215
993 248.25 300.6643675961315
994 248.5 300.6627453272056
995 248.75 300.6611283354817
996 249 300.6595165589723
997 249.25 300.6579099490257
998 249.5 300.6563084755752
999 249.75 300.6547121338203
1000 250 300.6531208348735
1001 250.25 300.6515345970861
1002 250.5 300.6499533245082
1003 250.75 300.6483770391821
1004 251 300.6468056525117
1005 251.25 300.6452391891943
1006 251.5 300.6436775522805
1007 251.75 300.6421207009197
1008 252 300.6405687094029
1009 252.25 300.6390214495145
1010 252.5 300.6374788902559
1011 252.75 300.6359409980906
1012 253 300.6344077670124
1013 253.25 300.632879167684
1014 253.5 300.6313551828146
1015 253.75 300.6298357516343
1016 254 300.6283208675058
1017 254.25 300.6268104822016
1018 254.5 300.6253045799069
1019 254.75 300.6238031254477
1020 255 300.6223061069313
1021 255.25 300.6208134768486
1022 255.5 300.619325238576
1023 255.75 300.617832427758
1024 256 300.6163468312507
1025 256.25 300.6148740759055
1026 256.5 300.6134033344114
1027 256.75 300.6119367276083
1028 257 300.6104756594513
1029 257.25 300.6090196823482
1030 257.5 300.6075676507305
1031 257.75 300.6061189181549
1032 258 300.6046735438053
1033 258.25 300.6032318588295
1034 258.5 300.6017940719576
1035 258.75 300.6003602816302
1036 259 300.5989304975359
1037 259.25 300.5975046888188
1038 259.5 300.5960828323961
1039 259.75 300.5946648997693
1040 260 300.593250871207
1041 260.25 300.5918407305063
1042 260.5 300.5904344486437
1043 260.75 300.5890319826231
1044 261 300.5876333483185
1045 261.25 300.5862385189012
1046 261.5 300.5848475082516
1047 261.75 300.5834601919144
1048 262 300.5820765318212
1049 262.25 300.5806965364648
1050 262.5 300.5793202259685
1051 262.75 300.5779475863091
1052 263 300.576578586499
1053 263.25 300.5752132034506
1054 263.5 300.5738514090378
1055 263.75 300.5724931663143
1056 264 300.5711384725712
1057 264.25 300.5697872856193
1058 264.5 300.5684319030261
1059 264.75 300.5670888216602
1060 265 300.5657475517374
1061 265.25 300.5644098525843
1062 265.5 300.5630769502649
1063 265.75 300.5617483873262
1064 266 300.5604230439419
1065 266.25 300.5589128862351
1066 266.5 300.5572605613163
1067 266.75 300.5556121564053
1068 267 300.5539676941892
1069 267.25 300.5523271733786
1070 267.5 300.550690573083
1071 267.75 300.5490578760904
1072 268 300.5474291344739
1073 268.25 300.5458043553222
1074 268.5 300.5441835300368
1075 268.75 300.5425666514907
1076 269 300.5409536893456
1077 269.25 300.5393446093011
1078 269.5 300.537739387222
1079 269.75 300.5361380100506
1080 270 300.534511704436
1081 270.25 300.5329005808669
1082 270.5 300.5313197858536
1083 270.75 300.5297393822585
1084 271 300.5281602934742
1085 271.25 300.5265837843116
1086 271.5 300.5249882769122
1087 271.75 300.5234230493004
1088 272 300.5218348600053
1089 272.25 300.5202585692992
1090 272.5 300.5186966641845
1091 272.75 300.5171334763162
1092 273 300.5155713389732
1093 273.25 300.5140123635196
1094 273.5 300.5124577042058
1095 273.75 300.5109293189713
1096 274 300.5093997894494
1097 274.25 300.5078702757954
1098 274.5 300.5063425798833
1099 274.75 300.5048170602325
1100 275 300.5032942879457
1101 275.25 300.5017743666457
1102 275.5 300.5002574054744
1103 275.75 300.4987434637925
1104 276 300.4972326878076
1105 276.25 300.4957250147597
1106 276.5 300.4942205303511
1107 276.75 300.4927191678498
1108 277 300.4911973906671
1109 277.25 300.489686743602
1110 277.5 300.4882041039468
1111 277.75 300.4867215810198
1112 278 300.4852400487681
1113 278.25 300.4837606263826
1114 278.5 300.4822835733279
1115 278.75 300.4808091879497
1116 279 300.4793375565258
1117 279.25 300.477868774967
1118 279.5 300.4764029237723
1119 279.75 300.4749400517878
1120 280 300.4734801716858
1121 280.25 300.472023301423
1122 280.5 300.4705694291329
1123 280.75 300.4691185835039
1124 281 300.4676707737007
1125 281.25 300.466226005099
1126 281.5 300.4647842781209
1127 281.75 300.4633455964883
1128 282 300.4619099650736
1129 282.25 300.4604773735698
1130 282.5 300.4590477994847
1131 282.75 300.4575988670763
1132 283 300.456180577208
1133 283.25 300.4547635078836
1134 283.5 300.4533478156463
1135 283.75 300.4519343749303
1136 284 300.4505233556949
1137 284.25 300.4491149990855
1138 284.5 300.4477093577295
1139 284.75 300.4463064822344
1140 285 300.4449063871877
1141 285.25 300.4435090739728
1142 285.5 300.4421145280494
1143 285.75 300.4407227374076
1144 286 300.4393337096039
1145 286.25 300.4379474804716
1146 286.5 300.4365640601236
1147 286.75 300.435183426795
1148 287 300.433805516803
1149 287.25 300.4324303382355
1150 287.5 300.4310579113464
1151 287.75 300.4296882376509
1152 288 300.4283213413379
1153 288.25 300.4269572798381
1154 288.5 300.425596049291
1155 288.75 300.4242376309655
1156 289 300.4228819653815
1157 289.25 300.421529056421
1158 289.5 300.4201789563242
1159 289.75 300.4188315744015
1160 290 300.4174867423091
1161 290.25 300.4161444532637
1162 290.5 300.4148047493754
1163 290.75 300.4134676011153
1164 291 300.4121329727041
1165 291.25 300.4108008516502
1166 291.5 300.4094712109415
1167 291.75 300.4081439974238
1168 292 300.4068192295303
1169 292.25 300.4054969148761
1170 292.5 300.4041770365916
1171 292.75 300.4028595898163
1172 293 300.4015445846304
1173 293.25 300.4002320158621
1174 293.5 300.398921807081
1175 293.75 300.3976139066361
1176 294 300.396308320876
1177 294.25 300.3950052705576
1178 294.5 300.3937047805654
1179 294.75 300.3924068538211
1180 295 300.3911114478564
1181 295.25 300.3898184944047
1182 295.5 300.388528007825
1183 295.75 300.3872399778753
1184 296 300.3859544227566
1185 296.25 300.3846713374576
1186 296.5 300.3833907509339
1187 296.75 300.3821126093475
1188 297 300.3808369155115
1189 297.25 300.3795636353065
1190 297.5 300.3782927608814
1191 297.75 300.3770242739201
1192 298 300.3757582055264
1193 298.25 300.3744945988303
1194 298.5 300.3732334354337
1195 298.75 300.3719747130121
1196 299 300.3707183696418
1197 299.25 300.3694643659729
1198 299.5 300.3682127392381
1199 299.75 300.3669635408326
1200 300 300.3657167609217
1201 300.25 300.3644724051642
1202 300.5 300.3632304693306
1203 300.75 300.3619907966979
1204 301 300.3607533480794
1205 301.25 300.3595181207497
1206 301.5 300.3582851704811
1207 301.75 300.3570544773935
1208 302 300.3558259976194
1209 302.25 300.3545997087816
1210 302.5 300.3533755938863
1211 302.75 300.3521536175928
1212 303 300.3509337731033
1213 303.25 300.3497160853386
1214 303.5 300.348477263019
1215 303.75 300.3472665984928
1216 304 300.3460573637624
1217 304.25 300.3448493062867
1218 304.5 300.3436430228758
1219 304.75 300.3424386222002
1220 305 300.3412363180841
1221 305.25 300.3400361106088
1222 305.5 300.3388379573445
1223 305.75 300.337641820215
1224 306 300.3364477014818
1225 306.25 300.3352556739316
1226 306.5 300.3340657811052
1227 306.75 300.3328780246648
1228 307 300.3316923501889
1229 307.25 300.3305087148934
1230 307.5 300.329327145493
1231 307.75 300.3281476253169
1232 308 300.3269701953299
1233 308.25 300.3257949113191
1234 308.5 300.3246217555921
1235 308.75 300.3234506833593
1236 309 300.3222816561462
1237 309.25 300.3211146941736
1238 309.5 300.3199497550185
1239 309.75 300.3187867943677
1240 310 300.3176259691547
1241 310.25 300.316467347351
1242 310.5 300.3153108768548
1243 310.75 300.3141566093268
1244 311 300.313004470785
1245 311.25 300.3118542684477
1246 311.5 300.310705895973
1247 311.75 300.3095594808963
1248 312 300.3084149788181
1249 312.25 300.3072723831589
1250 312.5 300.3061316371059
1251 312.75 300.3049926455859
1252 313 300.3038554286636
1253 313.25 300.3027201489153
1254 313.5 300.3015867200419
1255 313.75 300.3004550543747
1256 314 300.2993251339047
1257 314.25 300.2981971325855
1258 314.5 300.2970709480547
1259 314.75 300.2959464517978
1260 315 300.2948236137964
1261 315.25 300.2937025208101
1262 315.5 300.2925832095134
1263 315.75 300.291465739762
1264 316 300.2903500955518
1265 316.25 300.2892363769734
1266 316.5 300.2881246026214
1267 316.75 300.2870147262651
1268 317 300.2859066753421
1269 317.25 300.2848004835294
1270 317.5 300.2836961709167
1271 317.75 300.2825937769596
1272 318 300.2814933187901
1273 318.25 300.2803948055524
1274 318.5 300.2792981732783
1275 318.75 300.2782034146916
1276 319 300.277110510541
1277 319.25 300.2760194692485
1278 319.5 300.2749303219704
1279 319.75 300.2738431137631
1280 320 300.2727578507363
1281 320.25 300.271674496357
1282 320.5 300.2705929930891
1283 320.75 300.2695132639309
1284 321 300.2684353278174
1285 321.25 300.267359280718
1286 321.5 300.2662850982194
1287 321.75 300.2652126888518
1288 322 300.2641419813151
1289 322.25 300.2630729952465
1290 322.5 300.262005753399
1291 322.75 300.2609402745302
1292 323 300.2598765483055
1293 323.25 300.2588145576345
1294 323.5 300.2577542885973
1295 323.75 300.2566957250061
1296 324 300.2556388710326
1297 324.25 300.2545837549395
1298 324.5 300.2535303700249
1299 324.75 300.2524786795411
1300 325 300.2514286194852
1301 325.25 300.2503801749321
1302 325.5 300.2493333282064
1303 325.75 300.2482700409309
1304 326 300.2472290223601
1305 326.25 300.246169639828
1306 326.5 300.2451328804062
1307 326.75 300.2440804186627
1308 327 300.2430341485141
1309 327.25 300.2419918639893
1310 327.5 300.2409666722193
1311 327.75 300.2399403680427
1312 328 300.2389136984826
1313 328.25 300.2378876075863
1314 328.5 300.2368624530599
1315 328.75 300.2358385567672
1316 329 300.23481602461
1317 329.25 300.2337949435599
1318 329.5 300.2327753094621
1319 329.75 300.231757177125
1320 330 300.2307405724319
1321 330.25 300.2297254979194
1322 330.5 300.2287119338069
1323 330.75 300.2276999300747
1324 331 300.2266895044175
1325 331.25 300.2256806884229
1326 331.5 300.2246734835967
1327 331.75 300.2236678871079
1328 332 300.2226639418445
1329 332.25 300.2216616660688
1330 332.5 300.2206612271108
1331 332.75 300.219662504488
1332 333 300.2186652049437
1333 333.25 300.2176693263827
1334 333.5 300.2166750669492
1335 333.75 300.2156828855304
1336 334 300.2146924569069
1337 334.25 300.2137032281076
1338 334.5 300.2127152948885
1339 334.75 300.2117289199233
1340 335 300.2107442178204
1341 335.25 300.2097610567356
1342 335.5 300.2087792440431
1343 335.75 300.2077988115082
1344 336 300.2068056889137
1345 336.25 300.2058117114696
1346 336.5 300.2048322669384
1347 336.75 300.203848714833
1348 337 300.2028656363781
1349 337.25 300.2019002546592
1350 337.5 300.2009341590774
1351 337.75 300.1999679834834
1352 338 300.199002508444
1353 338.25 300.1980379624956
1354 338.5 300.1970746061935
1355 338.75 300.1961125073286
1356 339 300.1951517309409
1357 339.25 300.1941923358365
1358 339.5 300.193234346796
1359 339.75 300.1922777455546
1360 340 300.1913225150882
1361 340.25 300.1903686890082
1362 340.5 300.1894163124223
1363 340.75 300.1884653528908
1364 341 300.1875158141511
1365 341.25 300.186567729148
1366 341.5 300.1856210967441
1367 341.75 300.1846758931289
1368 342 300.1837153411464
1369 342.25 300.1827757038292
1370 342.5 300.1818366746388
1371 342.75 300.180898141647
1372 343 300.1799606466898
1373 343.25 300.1790242724926
1374 343.5 300.1780891365173
1375 343.75 300.1771552818377
1376 344 300.1762227609424
1377 344.25 300.1752915956742
1378 344.5 300.1743618258475
1379 344.75 300.1734334857328
1380 345 300.1725065649557
1381 345.25 300.17158108239
1382 345.5 300.1706570476973
1383 345.75 300.1697344542828
1384 346 300.1688134924087
1385 346.25 300.167894054829
1386 346.5 300.166975855213
1387 346.75 300.1660589239723
1388 347 300.1651435268355
1389 347.25 300.1642296824891
1390 347.5 300.1633172725793
1391 347.75 300.1624062251778
1392 348 300.1614795236062
1393 348.25 300.1605731977887
1394 348.5 300.1596676274811
1395 348.75 300.1587627524573
1396 349 300.1578590194246
1397 349.25 300.1569564192695
1398 349.5 300.1560550286168
1399 349.75 300.1551548583178
1400 350 300.1542559008137
1401 350.25 300.1533581481638
1402 350.5 300.1524614816873
1403 350.75 300.1515659154666
1404 351 300.1506715708775
1405 351.25 300.1497784887714
1406 351.5 300.1488866180424
1407 351.75 300.1479958082476
1408 352 300.1471060946128
1409 352.25 300.1462175813885
1410 352.5 300.1453303650205
1411 352.75 300.1444444605726
1412 353 300.1435599115158
1413 353.25 300.1426767897973
1414 353.5 300.1417950624921
1415 353.75 300.140914692736
1416 354 300.1400356416344
1417 354.25 300.139157927983
1418 354.5 300.1382815481477
1419 354.75 300.1374064771613
1420 355 300.1365326948697
1421 355.25 300.1356602064441
1422 355.5 300.1347890188277
1423 355.75 300.133919116195
1424 356 300.1330504982816
1425 356.25 300.1321831738757
1426 356.5 300.1313171620006
1427 356.75 300.1304524588013
1428 357 300.1295890666588
1429 357.25 300.1287269809592
1430 357.5 300.1278661786322
1431 357.75 300.1270066499755
1432 358 300.1261376765989
1433 358.25 300.1252849091675
1434 358.5 300.1244319045231
1435 358.75 300.1235790609731
1436 359 300.122727023004
1437 359.25 300.121875928133
1438 359.5 300.1210259250919
1439 359.75 300.120177036783
1440 360 300.1193292847695
1441 360.25 300.118482690383
1442 360.5 300.1176372569124
1443 360.75 300.116792982559
1444 361 300.1159498721762
1445 361.25 300.1151079331583
1446 361.5 300.1142671805179
1447 361.75 300.1134276156404
1448 362 300.1125892461376
1449 362.25 300.1117520937863
1450 362.5 300.1109161278197
1451 362.75 300.1100813323205
1452 363 300.1092477300068
1453 363.25 300.1084153504314
1454 363.5 300.107584184686
1455 363.75 300.1067542833757
1456 364 300.1059256947893
1457 364.25 300.1050984168585
1458 364.5 300.104272429153
1459 364.75 300.1034477202426
1460 365 300.1026242408371
1461 365.25 300.101801982543
1462 365.5 300.1009809299054
1463 365.75 300.1001610436521
1464 366 300.0993422407602
1465 366.25 300.0985246124783
1466 366.5 300.0977081557828
1467 366.75 300.0968927600674
1468 367 300.0960783910346
1469 367.25 300.0952650851236
1470 367.5 300.0944528324919
1471 367.75 300.0936416122155
1472 368 300.0928314179952
1473 368.25 300.0920222698917
1474 368.5 300.0912141734826
1475 368.75 300.0904071736576
1476 369 300.0896012956831
1477 369.25 300.0887965792348
1478 369.5 300.087993001861
1479 369.75 300.0871906023964
1480 370 300.0863894527575
1481 370.25 300.0855895574637
1482 370.5 300.0847908112811
1483 370.75 300.0839932237262
1484 371 300.0831968571101
1485 371.25 300.0824017148444
1486 371.5 300.081607769867
1487 371.75 300.0808150105752
1488 372 300.080023434224
1489 372.25 300.0792330529088
1490 372.5 300.0784438734185
1491 372.75 300.077655912613
1492 373 300.0768692297132
1493 373.25 300.0760838367237
1494 373.5 300.0752996451363
1495 373.75 300.0745166250678
1496 374 300.0737347771566
1497 374.25 300.0729540742601
1498 374.5 300.0721744782805
1499 374.75 300.0713959643887
1500 375 300.070618524085
1501 375.25 300.069842166012
1502 375.5 300.0690668823667
1503 375.75 300.0682772926589
1504 376 300.0674949189005
1505 376.25 300.0667268558381
1506 376.5 300.0659584162378
1507 376.75 300.0651900716961
1508 377 300.0644223311704
1509 377.25 300.0636553410853
1510 377.5 300.0628892604161
1511 377.75 300.0621241164006
1512 378 300.0613599248708
1513 378.25 300.0605967395168
1514 378.5 300.0598346235968
1515 378.75 300.0590736103134
1516 379 300.0583137080171
1517 379.25 300.0575549444802
1518 379.5 300.0567973590988
1519 379.75 300.0560409441345
1520 380 300.0552856531239
1521 380.25 300.0545313590609
1522 380.5 300.0537780160128
1523 380.75 300.0530256504458
1524 381 300.0522742675248
1525 381.25 300.0515238696277
1526 381.5 300.050774432639
1527 381.75 300.0500259732713
1528 382 300.0492785051054
1529 382.25 300.0485320078973
1530 382.5 300.0477864862407
1531 382.75 300.0470418778334
1532 383 300.0462982105046
1533 383.25 300.0455554374531
1534 383.5 300.0448135768372
1535 383.75 300.0440727641497
1536 384 300.0433330046737
1537 384.25 300.042594248875
1538 384.5 300.041856517579
1539 384.75 300.0411198971693
1540 385 300.0403843432732
1541 385.25 300.0396497840912
1542 385.5 300.0389162674725
1543 385.75 300.0381837674755
1544 386 300.0374522639933
1545 386.25 300.0367218219548
1546 386.5 300.0359925258505
1547 386.75 300.0352644205044
1548 387 300.0345374242833
1549 387.25 300.03381148969
1550 387.5 300.0330866323504
1551 387.75 300.0323618836875
1552 388 300.0316361421482
1553 388.25 300.030921432999
1554 388.5 300.0302052674428
1555 388.75 300.0294884872988
1556 389 300.0287719359989
1557 389.25 300.0280556788012
1558 389.5 300.0273398649402
1559 389.75 300.0266247261006
1560 390 300.0259103107622
1561 390.25 300.0251966433915
1562 390.5 300.0244837992715
1563 390.75 300.0237718471302
1564 391 300.0230608059801
1565 391.25 300.0223506543665
1566 391.5 300.0216414657999
1567 391.75 300.0209333009155
1568 392 300.0202261870166
1569 392.25 300.0195201176838
1570 392.5 300.0188151043519
1571 392.75 300.0181111471777
1572 393 300.0174082557405
1573 393.25 300.0167064329838
1574 393.5 300.0160056728066
1575 393.75 300.015305966998
1576 394 300.0146073059203
1577 394.25 300.0139096751781
1578 394.5 300.0132130808322
1579 394.75 300.0125175215674
1580 395 300.0118230099802
1581 395.25 300.0111295572743
1582 395.5 300.0104371708154
1583 395.75 300.0097458444621
1584 396 300.0090555626963
1585 396.25 300.008366296385
1586 396.5 300.0076780052264
1587 396.75 300.006990715021
1588 397 300.0063044431727
1589 397.25 300.0056191490057
1590 397.5 300.0049347556771
1591 397.75 300.0042512343672
1592 398 300.0035685957781
1593 398.25 300.0028868703457
1594 398.5 300.0022060788399
1595 398.75 300.0015261953496
1596 399 300.0008472032346
1597 399.25 300.000169100652
1598 399.5 299.9994918530041
1599 399.75 299.9988152669563
1600 400 299.9981263450854
1601 400.25 299.9974528548208
1602 400.5 299.996779958013
1603 400.75 299.9961068067564
1604 401 299.9954340323953
1605 401.25 299.9947624732971
1606 401.5 299.9940924887532
1607 401.75 299.9934236568762
1608 402 299.992755888188
1609 402.25 299.9920892351691
1610 402.5 299.9914236458247
1611 402.75 299.9907590276944
1612 403 299.9900953461199
1613 403.25 299.98943256991
1614 403.5 299.9887706674198
1615 403.75 299.98810960387
1616 404 299.987449383293
1617 404.25 299.9867900382333
1618 404.5 299.9861316042981
1619 404.75 299.9854740423544
1620 405 299.9848173541584
1621 405.25 299.9841615741433
1622 405.5 299.9835067084362
1623 405.75 299.9828527493914
1624 406 299.9821997078836
1625 406.25 299.9815475901717
1626 406.5 299.9808964227346
1627 406.75 299.9802462788555
1628 407 299.9795972017558
1629 407.25 299.978949144375
1630 407.5 299.9783020592083
1631 407.75 299.9776559213201
1632 408 299.9770106245572
1633 408.25 299.9763661264521
1634 408.5 299.9757226982063
1635 408.75 299.9750802766214
1636 409 299.9744386838514
1637 409.25 299.9737978530791
1638 409.5 299.973157731045
1639 409.75 299.9725183753989
1640 410 299.9718798435954
1641 410.25 299.9712421600546
1642 410.5 299.9706053408079
1643 410.75 299.9699542743016
1644 411 299.9693106698552
1645 411.25 299.9686793957778
1646 411.5 299.9680481441968
1647 411.75 299.9674170885079
1648 412 299.9667866184303
1649 412.25 299.9661567930881
1650 412.5 299.9655276963252
1651 412.75 299.96489934257
1652 413 299.9642717551563
1653 413.25 299.9636449665794
1654 413.5 299.9630189939234
1655 413.75 299.9623938456481
1656 414 299.9617695351189
1657 414.25 299.9611460677176
1658 414.5 299.9605234522799
1659 414.75 299.9599016889356
1660 415 299.9592807700239
1661 415.25 299.958660695239
1662 415.5 299.95804157666
1663 415.75 299.9574234014489
1664 416 299.9568060506762
1665 416.25 299.9561815133938
1666 416.5 299.9555683715739
1667 416.75 299.9549548532831
1668 417 299.9543413414631
1669 417.25 299.9537283635682
1670 417.5 299.9531160322152
1671 417.75 299.9525044700595
1672 418 299.9518936969018
1673 418.25 299.9512837192786
1674 418.5 299.9506745599332
1675 418.75 299.9500662502448
1676 419 299.9494588061599
1677 419.25 299.9488522174339
1678 419.5 299.9482464684911
1679 419.75 299.9476415709883
1680 420 299.947037523214
1681 420.25 299.9464343189707
1682 420.5 299.9458319534246
1683 420.75 299.9452304212695
1684 421 299.9446297003842
1685 421.25 299.9440297871422
1686 421.5 299.9434306816902
1687 421.75 299.9428324056434
1688 422 299.9422349714091
1689 422.25 299.9416383858136
1690 422.5 299.941042669144
1691 422.75 299.9404477946183
1692 423 299.939853759937
1693 423.25 299.939260537199
1694 423.5 299.938668176116
1695 423.75 299.9380767648152
1696 424 299.9374862942821
1697 424.25 299.9368967584269
1698 424.5 299.9363081333241
1699 424.75 299.9357203526844
1700 425 299.9351333653457
1701 425.25 299.9345472058108
1702 425.5 299.9339618577278
1703 425.75 299.9333773123918
1704 426 299.9327935439055
1705 426.25 299.9322104939799
1706 426.5 299.9316281905247
1707 426.75 299.9310466301943
1708 427 299.9304657708744
1709 427.25 299.9298855854652
1710 427.5 299.9293060855866
1711 427.75 299.9287272792222
1712 428 299.9281491592118
1713 428.25 299.9275717382628
1714 428.5 299.9269950502122
1715 428.75 299.9264190882968
1716 429 299.9258438826319
1717 429.25 299.9252693863331
1718 429.5 299.924695591479
1719 429.75 299.9241225327473
1720 430 299.9235502365321
1721 430.25 299.922978741702
1722 430.5 299.9224081337439
1723 430.75 299.9218383693621
1724 431 299.9212694462714
1725 431.25 299.9207013389407
1726 431.5 299.9201340752523
1727 431.75 299.919567632947
1728 432 299.9190020193527
1729 432.25 299.9184372079443
1730 432.5 299.9178731926155
1731 432.75 299.9173100170502
1732 433 299.9167476409388
1733 433.25 299.9161860655681
1734 433.5 299.9156252602426
1735 433.75 299.9150652484087
1736 434 299.9145060524133
1737 434.25 299.9139476552691
1738 434.5 299.9133900714719
1739 434.75 299.9128333426475
1740 435 299.9122774841995
1741 435.25 299.91172247693
1742 435.5 299.9111682973969
1743 435.75 299.9106148922015
1744 436 299.9100622453852
1745 436.25 299.9095103380536
1746 436.5 299.9089591961479
1747 436.75 299.9084088324429
1748 437 299.907859247512
1749 437.25 299.9073104125999
1750 437.5 299.9067623321814
1751 437.75 299.9062150007694
1752 438 299.9056684143789
1753 438.25 299.9051225556627
1754 438.5 299.904577421058
1755 438.75 299.9040329711632
1756 439 299.9034780281915
1757 439.25 299.9029359101536
1758 439.5 299.9023943357445
1759 439.75 299.9018531157531
1760 440 299.9013125194322
1761 440.25 299.9007726090912
1762 440.5 299.9002334494974
1763 440.75 299.8996950536784
1764 441 299.8991574056854
1765 441.25 299.8986204755595
1766 441.5 299.8980842833727
1767 441.75 299.8975488629387
1768 442 299.8970142339986
1769 442.25 299.896480407702
1770 442.5 299.8959473538865
1771 442.75 299.8954149372985
1772 443 299.8948831878706
1773 443.25 299.8943521893069
1774 443.5 299.8938219580002
1775 443.75 299.8932924708176
1776 444 299.8927637223665
1777 444.25 299.8922356998914
1778 444.5 299.8917084150152
1779 444.75 299.8911819193724
1780 445 299.8906562578617
1781 445.25 299.8901314109807
1782 445.5 299.8896072971522
1783 445.75 299.8890838627015
1784 446 299.8885610969879
1785 446.25 299.8880393283522
1786 446.5 299.8875184740224
1787 446.75 299.886998189796
1788 447 299.8864788042836
1789 447.25 299.8859602576478
1790 447.5 299.8854422373109
1791 447.75 299.8849248606648
1792 448 299.8844082639231
1793 448.25 299.8838924202019
1794 448.5 299.8833772454964
1795 448.75 299.8828626987009
1796 449 299.8823487639485
1797 449.25 299.8818354533698
1798 449.5 299.8813228105617
1799 449.75 299.8808108228431
1800 450 299.8802994644756
1801 450.25 299.8797887618472
1802 450.5 299.8792786954978
1803 450.75 299.8787692790958
1804 451 299.8782608823592
1805 451.25 299.8777533874846
1806 451.5 299.8772464001347
1807 451.75 299.876739964332
1808 452 299.8762340642454
1809 452.25 299.8757287968451
1810 452.5 299.8752241510704
1811 452.75 299.8747200827244
1812 453 299.8742166032961
1813 453.25 299.873713843056
1814 453.5 299.8732117846894
1815 453.75 299.8727103832866
1816 454 299.8722095496329
1817 454.25 299.871709357171
1818 454.5 299.8712097913667
1819 454.75 299.8707107919041
1820 455 299.8702124093612
1821 455.25 299.8697147696143
1822 455.5 299.8692178203719
1823 455.75 299.8687214429004
1824 456 299.8682255470488
1825 456.25 299.8677302937369
1826 456.5 299.8672358966599
1827 456.75 299.8667423738761
1828 457 299.8662496672015
1829 457.25 299.8657577195525
1830 457.5 299.8652664967406
1831 457.75 299.8647760173721
1832 458 299.8642862908756
1833 458.25 299.8637972876832
1834 458.5 299.863309007975
1835 458.75 299.8628214553304
1836 459 299.862334630305
1837 459.25 299.8618484639429
1838 459.5 299.8613629876806
1839 459.75 299.8608783008241
1840 460 299.8603944234354
1841 460.25 299.859911317683
1842 460.5 299.8594289586678
1843 460.75 299.8589473370851
1844 461 299.8584664441689
1845 461.25 299.8579862700801
1846 461.5 299.8575067946667
1847 461.75 299.8570280185301
1848 462 299.8565498797328
1849 462.25 299.8560723438645
1850 462.5 299.8555953844889
1851 462.75 299.8551190111033
1852 463 299.8546432272979
1853 463.25 299.8541574141824
1854 463.5 299.853675239564
1855 463.75 299.8532024515629
1856 464 299.8527296450334
1857 464.25 299.8522570242661
1858 464.5 299.8517850610774
1859 464.75 299.8513136755913
1860 465 299.8508429871998
1861 465.25 299.8503731057972
1862 465.5 299.8499038561046
1863 465.75 299.8494352614882
1864 466 299.8489673735306
1865 466.25 299.8485001317063
1866 466.5 299.8480335048904
1867 466.75 299.8475674805613
1868 467 299.8471020560322
1869 467.25 299.8466372389906
1870 467.5 299.8461730360434
1871 467.75 299.8457094524871
1872 468 299.8452464994174
1873 468.25 299.8447842000742
1874 468.5 299.844322577072
1875 468.75 299.8438616099915
1876 469 299.8434013299692
1877 469.25 299.8429417399939
1878 469.5 299.8424828238526
1879 469.75 299.8420245664631
1880 470 299.841566968115
1881 470.25 299.8411100355224
1882 470.5 299.8406541794949
1883 470.75 299.8401992589318
1884 471 299.8397447775156
1885 471.25 299.8392906674321
1886 471.5 299.8388372582174
1887 471.75 299.8383845669214
1888 472 299.8379325552118
1889 472.25 299.837481202911
1890 472.5 299.8370304556515
1891 472.75 299.8365802914641
1892 473 299.8361306954543
1893 473.25 299.8356816567145
1894 473.5 299.835233147714
1895 473.75 299.834785142338
1896 474 299.8343376722128
1897 474.25 299.8338907369346
1898 474.5 299.8334446076111
1899 474.75 299.8329991434921
1900 475 299.8325540819174
1901 475.25 299.832109380527
1902 475.5 299.8316650986282
1903 475.75 299.8312213575617
1904 476 299.8307782141831
1905 476.25 299.8303356404201
1906 476.5 299.829893636753
1907 476.75 299.8294522964283
1908 477 299.8290115379051
1909 477.25 299.8285713438815
1910 477.5 299.8281243757928
1911 477.75 299.8276760622652
1912 478 299.8272392097946
1913 478.25 299.8267931347341
1914 478.5 299.826351278878
1915 478.75 299.8259176877759
1916 479 299.8254839194722
1917 479.25 299.8250501770271
1918 479.5 299.8246166958913
1919 479.75 299.8241835286581
1920 480 299.8237507678525
1921 480.25 299.8233184598665
1922 480.5 299.8228866514274
1923 480.75 299.8224553501445
1924 481 299.8220245812917
1925 481.25 299.8215944388151
1926 481.5 299.8211649764954
1927 481.75 299.8207361840226
1928 482 299.8203079979966
1929 482.25 299.8198803996247
1930 482.5 299.8194534000322
1931 482.75 299.8190270052716
1932 483 299.8186011939851
1933 483.25 299.8181759475695
1934 483.5 299.8177512772641
1935 483.75 299.8173271815194
1936 484 299.8169036365088
1937 484.25 299.8164806560071
1938 484.5 299.816058248971
1939 484.75 299.8156364126548
1940 485 299.8152151483085
1941 485.25 299.8147944676767
1942 485.5 299.8143745423302
1943 485.75 299.8139553149364
1944 486 299.8135365665038
1945 486.25 299.8131182374568
1946 486.5 299.8127005289306
1947 486.75 299.81228397562
1948 487 299.8118683230291
1949 487.25 299.811453082084
1950 487.5 299.8110382661969
1951 487.75 299.8106239711404
1952 488 299.8102101705681
1953 488.25 299.8097968133148
1954 488.5 299.8093838963782
1955 488.75 299.808971465685
1956 489 299.8085595494865
1957 489.25 299.8081481569511
1958 489.5 299.8077372723618
1959 489.75 299.8073269000436
1960 490 299.8069170606943
1961 490.25 299.8065077731117
1962 490.5 299.8060897577271
1963 490.75 299.8056751625826
1964 491 299.805262736718
1965 491.25 299.8048521608392
1966 491.5 299.8044492617503
1967 491.75 299.8040398240996
1968 492 299.8036312363749
1969 492.25 299.8032296676678
1970 492.5 299.8028275452264
1971 492.75 299.8024252294251
1972 493 299.8020230929465
1973 493.25 299.8016212592482
1974 493.5 299.8012198129227
1975 493.75 299.8008187596013
1976 494 299.8004181585117
1977 494.25 299.8000180482817
1978 494.5 299.7996184262068
1979 494.75 299.7992192886995
1980 495 299.7988206435315
1981 495.25 299.7984224901026
1982 495.5 299.7980248451169
1983 495.75 299.7976277220112
1984 496 299.7972311430805
1985 496.25 299.7968351557
1986 496.5 299.796439772391
1987 496.75 299.7960449722261
1988 497 299.7956507147791
1989 497.25 299.7952570118486
1990 497.5 299.7948638921352
1991 497.75 299.7944713670488
1992 498 299.7940794240513
1993 498.25 299.7936880472188
1994 498.5 299.7932916398599
1995 498.75 299.7928976106872
1996 499 299.7925104380516
1997 499.25 299.7921229571726
1998 499.5 299.7917353548011
1999 499.75 299.7913479806331
2000 500 299.7909608865472
2001 500.25 299.7905741690717
2002 500.5 299.7901878497253
2003 500.75 299.7898019415152
2004 501 299.7894164639158
2005 501.25 299.7890314270606
2006 501.5 299.7886468137355
2007 501.75 299.788262564285
2008 502 299.7878786387649
2009 502.25 299.787495114995
2010 502.5 299.7871120400309
2011 502.75 299.7867294436568
2012 503 299.7863474014395
2013 503.25 299.7859659559449
2014 503.5 299.7855851119294
2015 503.75 299.7852048766042
2016 504 299.784825245047
2017 504.25 299.7844462083386
2018 504.5 299.7840675385445
2019 504.75 299.7836893500056
2020 505 299.7833118133433
2021 505.25 299.7829349500358
2022 505.5 299.782558680536
2023 505.75 299.7821829470575
2024 506 299.781807757941
2025 506.25 299.7814330310682
2026 506.5 299.781058814996
2027 506.75 299.7806851809668
2028 507 299.7803121374369
2029 507.25 299.7799396773942
2030 507.5 299.7795677668759
2031 507.75 299.7791963644903
2032 508 299.7788254974649
2033 508.25 299.7784552010382
2034 508.5 299.7780854390411
2035 508.75 299.7777161787168
2036 509 299.7773474322663
2037 509.25 299.7769792297442
2038 509.5 299.7766117877483
2039 509.75 299.7762445294649
2040 510 299.775875360646
2041 510.25 299.7755118827772
2042 510.5 299.7751476668656
2043 510.75 299.7747831246111
2044 511 299.7744121509148
2045 511.25 299.7740490770105
2046 511.5 299.7736860810551
2047 511.75 299.7733231506874
2048 512 299.7729604876087
2049 512.25 299.7725981578491
2050 512.5 299.7722362856525
2051 512.75 299.7718748675227
2052 513 299.7715139220403
2053 513.25 299.7711535099267
2054 513.5 299.7707935713525
2055 513.75 299.7704340008793
2056 514 299.7700748215586
2057 514.25 299.7697160975362
2058 514.5 299.7693578649491
2059 514.75 299.7690001674138
2060 515 299.7686429994933
2061 515.25 299.7682863381086
2062 515.5 299.7679301870613
2063 515.75 299.7675745469649
2064 516 299.7672193877623
2065 516.25 299.7668647232808
2066 516.5 299.7665105624894
2067 516.75 299.7661568820053
2068 517 299.7658037018036
2069 517.25 299.7654510718435
2070 517.5 299.7650990180049
2071 517.75 299.7647475132719
2072 518 299.764396523811
2073 518.25 299.7640460258584
2074 518.5 299.7636960211952
2075 518.75 299.7633465160055
2076 519 299.7629975040049
2077 519.25 299.7626489674911
2078 519.5 299.762300903019
2079 519.75 299.7619533598406
2080 520 299.7616063148075
2081 520.25 299.7612597157129
2082 520.5 299.7609135643985
2083 520.75 299.7605678982479
2084 521 299.7602226981166
2085 521.25 299.7598779505367
2086 521.5 299.7595337049452
2087 521.75 299.7591899596538
2088 522 299.7588467373848
2089 522.25 299.7585040467218
2090 522.5 299.7581618567155
2091 522.75 299.7578201406947
2092 523 299.7574789084732
2093 523.25 299.7571381707506
2094 523.5 299.756797929543
2095 523.75 299.7564581795763
2096 524 299.756118894178
2097 524.25 299.7557800446734
2098 524.5 299.7554416081937
2099 524.75 299.7551035849135
2100 525 299.7547660070239
2101 525.25 299.7544288662947
2102 525.5 299.7540921190973
2103 525.75 299.7537557592881
2104 526 299.7534197918695
2105 526.25 299.7530842304988
2106 526.5 299.7527490856451
2107 526.75 299.7524143564763
2108 527 299.7520800307842
2109 527.25 299.7517461134041
2110 527.5 299.7514126217009
2111 527.75 299.7510795709826
2112 528 299.7507469972305
2113 528.25 299.7504149590625
2114 528.5 299.7500834289636
2115 528.75 299.7497523993832
2116 529 299.7494218306828
2117 529.25 299.749091681862
2118 529.5 299.7487619298449
2119 529.75 299.7484325823345
2120 530 299.7481036311265
2121 530.25 299.7477750917385
2122 530.5 299.7474469519591
2123 530.75 299.7471192536086
2124 531 299.7467920318288
2125 531.25 299.7464652669123
2126 531.5 299.7461389867232
2127 531.75 299.7458132450826
2128 532 299.745487897058
2129 532.25 299.7451629570597
2130 532.5 299.7448383762601
2131 532.75 299.7445142809016
2132 533 299.7441908669816
2133 533.25 299.7438680712908
2134 533.5 299.7435458206405
2135 533.75 299.7432240899062
2136 534 299.7429029021414
2137 534.25 299.7425822177015
2138 534.5 299.7422620039114
2139 534.75 299.7419327152913
2140 535 299.7416156586589
2141 535.25 299.7413003519805
2142 535.5 299.7409836811175
2143 535.75 299.740666492251
2144 536 299.7403492827063
2145 536.25 299.7400322030578
2146 536.5 299.7397153470756
2147 536.75 299.739398770489
2148 537 299.7390825396272
2149 537.25 299.738766699946
2150 537.5 299.7384512662856
2151 537.75 299.7381362496623
2152 538 299.7378216591118
2153 538.25 299.7375075069306
2154 538.5 299.7371937959548
2155 538.75 299.7368805377779
2156 539 299.73656773855
2157 539.25 299.7362553946435
2158 539.5 299.7359435011026
2159 539.75 299.7356320572257
2160 540 299.7353210691529
2161 540.25 299.7350105678859
2162 540.5 299.734700558973
2163 540.75 299.7343909860217
2164 541 299.7340818423169
2165 541.25 299.7337731825606
2166 541.5 299.7334650011396
2167 541.75 299.7331572880589
2168 542 299.7328500534558
2169 542.25 299.7325432971518
2170 542.5 299.732236979788
2171 542.75 299.7319310719727
2172 543 299.7316255307837
2173 543.25 299.7313203750356
2174 543.5 299.7310156279153
2175 543.75 299.7307112876836
2176 544 299.7304073483929
2177 544.25 299.7301037956392
2178 544.5 299.7298006243463
2179 544.75 299.7294978569889
2180 545 299.7291954838488
2181 545.25 299.7288934690368
2182 545.5 299.7285917886515
2183 545.75 299.7282903972115
2184 546 299.727989292874
2185 546.25 299.7276885332701
2186 546.5 299.727388124379
2187 546.75 299.7270880372543
2188 547 299.7267882449374
2189 547.25 299.7264887422172
2190 547.5 299.7261896114866
2191 547.75 299.7258909226514
2192 548 299.7255926975569
2193 548.25 299.7252949454827
2194 548.5 299.7249976256452
2195 548.75 299.7246957484103
2196 549 299.7243958436143
2197 549.25 299.7240993453449
2198 549.5 299.7238037770695
2199 549.75 299.7235085362107
2200 550 299.7232084705847
2201 550.25 299.7229111771003
2202 550.5 299.7226195021722
2203 550.75 299.7223277449289
2204 551 299.7220361059329
2205 551.25 299.7217447714198
2206 551.5 299.7214536676405
2207 551.75 299.7211628672539
2208 552 299.7208724099925
2209 552.25 299.7205778760752
2210 552.5 299.7202893283894
2211 552.75 299.7200025562212
2212 553 299.71971639293
2213 553.25 299.7194325255621
2214 553.5 299.7191472518475
2215 553.75 299.718861192928
2216 554 299.7185700356315
2217 554.25 299.7182790557254
2218 554.5 299.717993595258
2219 554.75 299.7177078756905
2220 555 299.7174220691546
2221 555.25 299.7171314333808
2222 555.5 299.7168469017448
2223 555.75 299.7165623349943
2224 556 299.7162777630978
2225 556.25 299.7159933309576
2226 556.5 299.7157090314226
2227 556.75 299.7154249885255
2228 557 299.7151412764974
2229 557.25 299.7148579476266
2230 557.5 299.7145750322232
2231 557.75 299.7142925720828
2232 558 299.7140105814727
2233 558.25 299.7137290331135
2234 558.5 299.7134478957983
2235 558.75 299.7131671525301
2236 559 299.7128868011401
2237 559.25 299.7126068658601
2238 559.5 299.7123273671603
2239 559.75 299.7120483315522
2240 560 299.7117697335969
2241 560.25 299.7114915486741
2242 560.5 299.7112137896451
2243 560.75 299.7109364154957
2244 561 299.710656287046
2245 561.25 299.7103773986166
2246 561.5 299.710103030548
2247 561.75 299.7098282686864
2248 562 299.7095533461634
2249 562.25 299.7092785708629
2250 562.5 299.7090040359135
2251 562.75 299.7087297890499
2252 563 299.7084558604954
2253 563.25 299.7081822720648
2254 563.5 299.7079090406514
2255 563.75 299.707636513912
2256 564 299.7073610683499
2257 564.25 299.7070913065867
2258 564.5 299.7068185334114
2259 564.75 299.7065496712536
2260 565 299.7062800697948
2261 565.25 299.70601010243
2262 565.5 299.7057401114762
2263 565.75 299.7054702084179
2264 566 299.705200500885
2265 566.25 299.7049310127612
2266 566.5 299.7046617740033
2267 566.75 299.7043928337015
2268 567 299.7041242621834
2269 567.25 299.7038561083555
2270 567.5 299.7035883722974
2271 567.75 299.7033210608468
2272 568 299.7030541819821
2273 568.25 299.7027876976171
2274 568.5 299.7025215628304
2275 568.75 299.7022558016992
2276 569 299.7019904343016
2277 569.25 299.7017254582522
2278 569.5 299.7014608728188
2279 569.75 299.7011966589026
2280 570 299.7009327924313
2281 570.25 299.7006692618527
2282 570.5 299.7004061182528
2283 570.75 299.7001433663036
2284 571 299.6998809667205
2285 571.25 299.6996189244146
2286 571.5 299.6993572499997
2287 571.75 299.6990959526953
2288 572 299.6988350592709
2289 572.25 299.6985745577738
2290 572.5 299.6983144212583
2291 572.75 299.6980546470528
2292 573 299.6977952244297
2293 573.25 299.6975361251468
2294 573.5 299.6972772479128
2295 573.75 299.6970141213732
2296 574 299.6967527396761
2297 574.25 299.6964928044922
2298 574.5 299.6962367103742
2299 574.75 299.6959802318971
2300 575 299.6957236190407
2301 575.25 299.6954673361495
2302 575.5 299.6952114488626
2303 575.75 299.6949557351337
2304 576 299.6947002698435
2305 576.25 299.694445244709
2306 576.5 299.6941899286464
2307 576.75 299.6939379917092
2308 577 299.6936855093086
2309 577.25 299.6934328229229
2310 577.5 299.6931802233848
2311 577.75 299.6929277971611
2312 578 299.6926756074438
2313 578.25 299.6924236803808
2314 578.5 299.6921720288415
2315 578.75 299.6919206658194
2316 579 299.6916695985648
2317 579.25 299.6914188463458
2318 579.5 299.6911684261092
2319 579.75 299.6909183436624
2320 580 299.6906685990847
2321 580.25 299.6904191888728
2322 580.5 299.6901701094138
2323 580.75 299.6899213906597
2324 581 299.6896730438801
2325 581.25 299.6894250320494
2326 581.5 299.6891776869144
2327 581.75 299.6889309061472
2328 582 299.6886843042331
2329 582.25 299.6884379091591
2330 582.5 299.6881919252498
2331 582.75 299.6879463768245
2332 583 299.6877012231045
2333 583.25 299.687456443511
2334 583.5 299.6872085882118
2335 583.75 299.6869655943681
2336 584 299.6867225106419
2337 584.25 299.6864793724754
2338 584.5 299.6862364002284
2339 584.75 299.6859936301579
2340 585 299.6857510653564
2341 585.25 299.6855086983902
2342 585.5 299.6852665207379
2343 585.75 299.685024500681
2344 586 299.6847826341732
2345 586.25 299.6845409491085
2346 586.5 299.6842994790951
2347 586.75 299.6840582350641
2348 587 299.6838172139983
2349 587.25 299.6835764303423
2350 587.5 299.6833359067547
2351 587.75 299.6830956668634
2352 588 299.6828557285709
2353 588.25 299.6826161058114
2354 588.5 299.682376827303
2355 588.75 299.6821379205176
2356 589 299.6818994043616
2357 589.25 299.681661267216
2358 589.5 299.6814235186001
2359 589.75 299.681186169925
2360 590 299.6809492088204
2361 590.25 299.6807126204482
2362 590.5 299.680476409337
2363 590.75 299.6802405795195
2364 591 299.6800051239647
2365 591.25 299.6797700347459
2366 591.5 299.6795353066672
2367 591.75 299.6793009317269
2368 592 299.6790669093833
2369 592.25 299.678833227803
2370 592.5 299.6785998847202
2371 592.75 299.6783668628724
2372 593 299.6781341459113
2373 593.25 299.6779017227054
2374 593.5 299.6776695929022
2375 593.75 299.6774377504128
2376 594 299.6772061810523
2377 594.25 299.6769748852622
2378 594.5 299.6767438600904
2379 594.75 299.6765129244656
2380 595 299.6762819357108
2381 595.25 299.6760509829451
2382 595.5 299.6758202532097
2383 595.75 299.6755898880912
2384 596 299.6753599605338
2385 596.25 299.675130485538
2386 596.5 299.6749014247345
2387 596.75 299.6746728059976
2388 597 299.6744441208652
2389 597.25 299.6742155404788
2390 597.5 299.6739875575321
2391 597.75 299.6737602924392
2392 598 299.6735336980548
2393 598.25 299.6733074741935
2394 598.5 299.6730815881062
2395 598.75 299.6728561149231
2396 599 299.6726310619615
2397 599.25 299.6724063976282
2398 599.5 299.6721820770942
2399 599.75 299.6719539991182
2400 600 299.6717309420742
2401 600.25 299.671509536231
2402 600.5 299.6712872344639
2403 600.75 299.6710645899369
2404 601 299.6708419589749
2405 601.25 299.6706194395859
2406 601.5 299.67039711679
2407 601.75 299.6701750239837
2408 602 299.6699531646494
2409 602.25 299.6697315508774
2410 602.5 299.6695101967392
2411 602.75 299.6692891178428
2412 603 299.6690683182499
2413 603.25 299.6688478061685
2414 603.5 299.6686275822165
2415 603.75 299.6684076367582
2416 604 299.6681880010829
2417 604.25 299.6679686753949
2418 604.5 299.6677496354242
2419 604.75 299.6675309287198
2420 605 299.6673125456563
2421 605.25 299.6670944744938
2422 605.5 299.6668767070681
2423 605.75 299.6666592494021
2424 606 299.6664420992516
2425 606.25 299.6662252562725
2426 606.5 299.6660087217332
2427 606.75 299.6657925087243
2428 607 299.6655765995561
2429 607.25 299.6653609863495
2430 607.5 299.6651456707264
2431 607.75 299.6649306282504
2432 608 299.6647158645995
2433 608.25 299.6645013560905
2434 608.5 299.6642871064274
2435 608.75 299.6640730933436
2436 609 299.6638592469492
2437 609.25 299.6636455779416
2438 609.5 299.6634321135716
2439 609.75 299.6632188030846
2440 610 299.6630056249689
2441 610.25 299.6627925385599
2442 610.5 299.6625796773179
2443 610.75 299.6623670715666
2444 611 299.6621548051981
2445 611.25 299.6619428821876
2446 611.5 299.6617313629172
2447 611.75 299.6615203337475
2448 612 299.6613096064573
2449 612.25 299.6610991915139
2450 612.5 299.6608891669484
2451 612.75 299.6606794292633
2452 613 299.6604699877146
2453 613.25 299.6602609121047
2454 613.5 299.6600521832887
2455 613.75 299.6598437821474
2456 614 299.6596357149235
2457 614.25 299.6594279718299
2458 614.5 299.6592205110082
2459 614.75 299.6590133446755
2460 615 299.6588064705815
2461 615.25 299.6585998751494
2462 615.5 299.6583935616073
2463 615.75 299.6581875512118
2464 616 299.6579818650259
2465 616.25 299.6577765100243
2466 616.5 299.6575714477665
2467 616.75 299.6573666403257
2468 617 299.6571621434795
2469 617.25 299.6569579757817
2470 617.5 299.6567540876159
2471 617.75 299.6565504749022
2472 618 299.656343190022
2473 618.25 299.6561371727772
2474 618.5 299.6559344823262
2475 618.75 299.6557317368673
2476 619 299.6555289737009
2477 619.25 299.6553264425111
2478 619.5 299.6551241133114
2479 619.75 299.6549220432224
2480 620 299.6547202786517
2481 620.25 299.6545187046095
2482 620.5 299.6543173500928
2483 620.75 299.6541162661542
2484 621 299.6539154818296
2485 621.25 299.6537149865783
2486 621.5 299.6535148097079
2487 621.75 299.6533149371097
2488 622 299.6531153740406
2489 622.25 299.652916130173
2490 622.5 299.6527171832022
2491 622.75 299.6525185234514
2492 623 299.6523201539041
2493 623.25 299.652122052999
2494 623.5 299.6519242067479
2495 623.75 299.6517266302503
2496 624 299.651529333765
2497 624.25 299.6513323338401
2498 624.5 299.6511356255414
2499 624.75 299.6509392124483
2500 625 299.6507431101325
2501 625.25 299.6505473210354
2502 625.5 299.6503518270038
2503 625.75 299.6501566103544
2504 626 299.6499616891405
2505 626.25 299.6497670148559
2506 626.5 299.6495725603204
2507 626.75 299.6493783091897
2508 627 299.6491813276688
2509 627.25 299.6489846666682
2510 627.5 299.6487870171923
2511 627.75 299.648593968011
2512 628 299.6484010941639
2513 628.25 299.6482083058746
2514 628.5 299.6480156746845
2515 628.75 299.6478232040573
2516 629 299.6476309240585
2517 629.25 299.64743885679
2518 629.5 299.6472470159274
2519 629.75 299.6470562515313
2520 630 299.6468634288846
2521 630.25 299.6466737108817
2522 630.5 299.6464836203893
2523 630.75 299.6462933280879
2524 631 299.6461030426498
2525 631.25 299.6459128497195
2526 631.5 299.645722820127
2527 631.75 299.6455329999069
2528 632 299.6453434161533
2529 632.25 299.6451540929191
2530 632.5 299.6449650494787
2531 632.75 299.6447763100727
2532 633 299.6445878951467
2533 633.25 299.6443997980011
2534 633.5 299.644212000358
2535 633.75 299.644024485953
2536 634 299.6438372113049
2537 634.25 299.6436501568527
2538 634.5 299.6434632953088
2539 634.75 299.6432766269252
2540 635 299.6430901528811
2541 635.25 299.6429038755926
2542 635.5 299.6427177194504
2543 635.75 299.6425317054441
2544 636 299.6423458409808
2545 636.25 299.6421599461248
2546 636.5 299.6419741050507
2547 636.75 299.6417885500176
2548 637 299.6416033002324
2549 637.25 299.6414183179961
2550 637.5 299.6412335930277
2551 637.75 299.6410491543206
2552 638 299.640865027359
2553 638.25 299.6406812175109
2554 638.5 299.6404977104059
2555 638.75 299.640314480608
2556 639 299.6401314250858
2557 639.25 299.6399485987091
2558 639.5 299.6397660979445
2559 639.75 299.6395839201012
2560 640 299.6394020195885
2561 640.25 299.6392203779627
2562 640.5 299.6390389787372
2563 640.75 299.6388578311246
2564 641 299.6386769460431
2565 641.25 299.6384963250305
2566 641.5 299.6383159738205
2567 641.75 299.638135892803
2568 642 299.6379560943698
2569 642.25 299.6377765788524
2570 642.5 299.6375973307038
2571 642.75 299.6374183414002
2572 643 299.6372396111433
2573 643.25 299.6370611463453
2574 643.5 299.6368829856503
2575 643.75 299.6367023743093
2576 644 299.6365225475216
2577 644.25 299.6363457748411
2578 644.5 299.6361687594265
2579 644.75 299.6359916702033
2580 645 299.6358146958201
2581 645.25 299.635637831808
2582 645.5 299.6354611145361
2583 645.75 299.635284547003
2584 646 299.6351081628324
2585 646.25 299.6349320141264
2586 646.5 299.6347561267013
2587 646.75 299.6345804729457
2588 647 299.6344050627613
2589 647.25 299.6342298904535
2590 647.5 299.6340549405069
2591 647.75 299.6338802089746
2592 648 299.6337057241366
2593 648.25 299.6335314755591
2594 648.5 299.6333574504545
2595 648.75 299.6331836573508
2596 649 299.6330100584424
2597 649.25 299.6328366888398
2598 649.5 299.6326635551301
2599 649.75 299.6324906729103
2600 650 299.6323180473381
2601 650.25 299.6321458552993
2602 650.5 299.6319740750419
2603 650.75 299.6318048626947
2604 651 299.6316332711647
2605 651.25 299.6314636112341
2606 651.5 299.6312897902498
2607 651.75 299.6311193825341
2608 652 299.6309488431249
2609 652.25 299.6307782480147
2610 652.5 299.6306077420807
2611 652.75 299.6304373686337
2612 653 299.6302671741431
2613 653.25 299.630097188503
2614 653.5 299.6299274258736
2615 653.75 299.6297578891251
2616 654 299.6295885729758
2617 654.25 299.629419481347
2618 654.5 299.6292506145057
2619 654.75 299.6290819765109
2620 655 299.6289135718606
2621 655.25 299.6287453925941
2622 655.5 299.6285774280866
2623 655.75 299.6284096708392
2624 656 299.6282421141365
2625 656.25 299.6280747504176
2626 656.5 299.6279075742066
2627 656.75 299.6277405555761
2628 657 299.627573619245
2629 657.25 299.6274067133208
2630 657.5 299.6272398088192
2631 657.75 299.6270727887654
2632 658 299.6269058839238
2633 658.25 299.6267393552826
2634 658.5 299.6265727686631
2635 658.75 299.6264062602442
2636 659 299.6262375238827
2637 659.25 299.6260705959676
2638 659.5 299.6259066719
2639 659.75 299.6257426548869
2640 660 299.6255786445297
2641 660.25 299.625414734809
2642 660.5 299.6252509562285
2643 660.75 299.6250873662977
2644 661 299.6249239827424
2645 661.25 299.6247608375818
2646 661.5 299.6246029137997
2647 661.75 299.6244407388044
2648 662 299.6242801567826
2649 662.25 299.6241152839977
2650 662.5 299.6239536479954
2651 662.75 299.6237879391402
2652 663 299.6236262740695
2653 663.25 299.6234647050877
2654 663.5 299.6233002818958
2655 663.75 299.6231377272043
2656 664 299.6229780677821
2657 664.25 299.6228182925881
2658 664.5 299.6226584841005
2659 664.75 299.6224987429345
2660 665 299.6223363996847
2661 665.25 299.6221720180371
2662 665.5 299.6220096371455
2663 665.75 299.6218501854797
2664 666 299.6216908076909
2665 666.25 299.6215315553642
2666 666.5 299.6213725961393
2667 666.75 299.6212155807958
2668 667 299.6210581839231
2669 667.25 299.6209006040224
2670 667.5 299.620743031039
2671 667.75 299.6205855043026
2672 668 299.6204280593068
2673 668.25 299.6202707299232
2674 668.5 299.6201135036719
2675 668.75 299.6199564036413
2676 669 299.6197994617772
2677 669.25 299.6196426931848
2678 669.5 299.6194861082548
2679 669.75 299.6193297137554
2680 670 299.6191735109377
2681 670.25 299.6190174970647
2682 670.5 299.6188616678222
2683 670.75 299.6187060158983
2684 671 299.6185505984923
2685 671.25 299.618395438397
2686 671.5 299.6182405003396
2687 671.75 299.618086128767
2688 672 299.6179295821115
2689 672.25 299.6177757599466
2690 672.5 299.6176216574461
2691 672.75 299.6174674218809
2692 673 299.6173132271754
2693 673.25 299.6171591352158
2694 673.5 299.6170052326037
2695 673.75 299.6168515383031
2696 674 299.6166980478367
2697 674.25 299.6165447631151
2698 674.5 299.6163916806034
2699 674.75 299.6162388043122
2700 675 299.6160861348719
2701 675.25 299.61593365729
2702 675.5 299.6157813454097
2703 675.75 299.6156292047833
2704 676 299.6154772440067
2705 676.25 299.6153254601383
2706 676.5 299.6151738550446
2707 676.75 299.6150224244492
2708 677 299.6148711736396
2709 677.25 299.614720127713
2710 677.5 299.6145692976645
2711 677.75 299.6144186704148
2712 678 299.6142682290428
2713 678.25 299.614117968521
2714 678.5 299.6139679061678
2715 678.75 299.6138180505937
2716 679 299.6136683637131
2717 679.25 299.6135188672455
2718 679.5 299.6133695970519
2719 679.75 299.6132206282513
2720 680 299.6130719419601
2721 680.25 299.6129234132879
2722 680.5 299.612775044469
2723 680.75 299.6126269693511
2724 681 299.61247920451
2725 681.25 299.6123316881391
2726 681.5 299.612184401834
2727 681.75 299.6120373302406
2728 682 299.6118904281378
2729 682.25 299.6117436594407
2730 682.5 299.6115970390837
2731 682.75 299.6114505804198
2732 683 299.6113042760661
2733 683.25 299.611158106504
2734 683.5 299.6110120627429
2735 683.75 299.6108661431392
2736 684 299.6107203338674
2737 684.25 299.6105746294938
2738 684.5 299.6104219816912
2739 684.75 299.6102784530192
2740 685 299.6101350179681
2741 685.25 299.609990719057
2742 685.5 299.6098460172943
2743 685.75 299.6097011782985
2744 686 299.6095563008021
2745 686.25 299.6094114599732
2746 686.5 299.6092666990196
2747 686.75 299.6091220501365
2748 687 299.6089775006479
2749 687.25 299.6088330076952
2750 687.5 299.6086886119714
2751 687.75 299.6085443558237
2752 688 299.6084002607045
2753 688.25 299.6082563512845
2754 688.5 299.6081125935694
2755 688.75 299.6079690399504
2756 689 299.6078257834816
2757 689.25 299.6076827485197
2758 689.5 299.6075399624604
2759 689.75 299.6073973677664
2760 690 299.6072549756651
2761 690.25 299.6071128218437
2762 690.5 299.6069708283181
2763 690.75 299.6068290103323
2764 691 299.60668740091
2765 691.25 299.6065460059264
2766 691.5 299.6064047922457
2767 691.75 299.6062637459518
2768 692 299.6061228742291
2769 692.25 299.6059822193943
2770 692.5 299.6058418136203
2771 692.75 299.6057015690252
2772 693 299.6055615017356
2773 693.25 299.6054216149651
2774 693.5 299.6052819377881
2775 693.75 299.6051424061285
2776 694 299.605003038467
2777 694.25 299.6048638730291
2778 694.5 299.6047249026787
2779 694.75 299.6045860850506
2780 695 299.6044474645462
2781 695.25 299.6043090858464
2782 695.5 299.6041709409633
2783 695.75 299.6040329920868
2784 696 299.6038952281278
2785 696.25 299.6037576258627
2786 696.5 299.6036201671474
2787 696.75 299.603482838884
2788 697 299.6033456426905
2789 697.25 299.603208588721
2790 697.5 299.6030716747087
2791 697.75 299.6029348835227
2792 698 299.6027982039343
2793 698.25 299.6026616375613
2794 698.5 299.6025251836702
2795 698.75 299.6023888423055
2796 699 299.6022526087657
2797 699.25 299.6021164845293
2798 699.5 299.6019804641014
2799 699.75 299.6018445471001
2800 700 299.6017087441057
2801 700.25 299.601573064115
2802 700.5 299.6014375141584
2803 700.75 299.6013021038588
2804 701 299.601166842315
2805 701.25 299.6010317357737
2806 701.5 299.6008967887393
2807 701.75 299.6007620024331
2808 702 299.6006273744778
2809 702.25 299.6004929010029
2810 702.5 299.6003585883681
2811 702.75 299.6002244508084
2812 703 299.6000904795752
2813 703.25 299.5999566352488
2814 703.5 299.5998228685024
2815 703.75 299.5996874624282
2816 704 299.5995543468656
2817 704.25 299.5994212433801
2818 704.5 299.5992880947766
2819 704.75 299.5991549800877
2820 705 299.5990219596051
2821 705.25 299.5988890796335
2822 705.5 299.5987563150617
2823 705.75 299.598623639639
2824 706 299.5984910745778
2825 706.25 299.5983586954217
2826 706.5 299.5982265062447
2827 706.75 299.5980945011407
2828 707 299.5979609212852
2829 707.25 299.5978296489666
2830 707.5 299.5976984984846
2831 707.75 299.5975657657881
2832 708 299.5974409483739
2833 708.25 299.5973120145738
2834 708.5 299.5971839141774
2835 708.75 299.5970551172381
2836 709 299.5969259307789
2837 709.25 299.5967965511476
2838 709.5 299.5966670509666
2839 709.75 299.5965374938805
2840 710 299.596407914233
2841 710.25 299.5962783621998
2842 710.5 299.5961488875407
2843 710.75 299.5960194974085
2844 711 299.5958901672757
2845 711.25 299.595760925503
2846 711.5 299.5956318006136
2847 711.75 299.5955028015518
2848 712 299.5953739132931
2849 712.25 299.5952451235419
2850 712.5 299.5951164632179
2851 712.75 299.5949879566213
2852 713 299.5948596019539
2853 713.25 299.5947313866749
2854 713.5 299.5946032954272
2855 713.75 299.5944753159124
2856 714 299.5943474801253
2857 714.25 299.5942197915252
2858 714.5 299.5940922301387
2859 714.75 299.593964851124
2860 715 299.5938376957554
2861 715.25 299.5937106558713
2862 715.5 299.5935837572363
2863 715.75 299.5934570872475
2864 716 299.5933306480682
2865 716.25 299.593204413264
2866 716.5 299.5930783469927
2867 716.75 299.5929524197207
2868 717 299.5928266216466
2869 717.25 299.5927009807057
2870 717.5 299.5925755154665
2871 717.75 299.5924502289595
2872 718 299.5923251174736
2873 718.25 299.5922001842596
2874 718.5 299.5920754276383
2875 718.75 299.5919508262892
2876 719 299.5918263595029
2877 719.25 299.5917020252775
2878 719.5 299.5915778252858
2879 719.75 299.5914537463249
2880 720 299.5913297740065
2881 720.25 299.5912059033604
2882 720.5 299.5910821335106
2883 720.75 299.5909584624312
2884 721 299.5908348664275
2885 721.25 299.5907113043872
2886 721.5 299.5905877651643
2887 721.75 299.590464259552
2888 722 299.5903408252903
2889 722.25 299.5902175142807
2890 722.5 299.590094374704
2891 722.75 299.589971420698
2892 723 299.5898486513098
2893 723.25 299.5897260452224
2894 723.5 299.5896035849388
2895 723.75 299.5894812623555
2896 724 299.5893590842928
2897 724.25 299.5892370442862
2898 724.5 299.5891151446566
2899 724.75 299.5889933796597
2900 725 299.5888717554653
2901 725.25 299.58875026851
2902 725.5 299.5886289019372
2903 725.75 299.5885076698573
2904 726 299.5883865964794
2905 726.25 299.5882656861797
2906 726.5 299.5881449347873
2907 726.75 299.5880243333848
2908 727 299.5879038683212
2909 727.25 299.5877835156824
2910 727.5 299.5876632794868
2911 727.75 299.5875409319227
2912 728 299.5874211959635
2913 728.25 299.5873015014753
2914 728.5 299.5871818516876
2915 728.75 299.587061332919
2916 729 299.5869463200681
2917 729.25 299.5868301979536
2918 729.5 299.586713302168
2919 729.75 299.5865960965332
2920 730 299.5864788878889
2921 730.25 299.5863614653688
2922 730.5 299.5862437063394
2923 730.75 299.5861254535513
2924 731 299.586006981993
2925 731.25 299.5858883162584
2926 731.5 299.5857696275231
2927 731.75 299.5856509243396
2928 732 299.5855321827081
2929 732.25 299.5854135708439
2930 732.5 299.5852950935393
2931 732.75 299.5851767320839
2932 733 299.5850585253723
2933 733.25 299.5849405184695
2934 733.5 299.5848227032927
2935 733.75 299.5847050521709
2936 734 299.58458754637
2937 734.25 299.5844701838067
2938 734.5 299.5843529481751
2939 734.75 299.5842357614081
2940 735 299.5841185625665
2941 735.25 299.5840013589008
2942 735.5 299.5838841962287
2943 735.75 299.5837670786234
2944 736 299.583647509583
2945 736.25 299.5835283045781
2946 736.5 299.5834113720109
2947 736.75 299.5832963805214
2948 737 299.5831813198777
2949 737.25 299.5830662271735
2950 737.5 299.5829511750565
2951 737.75 299.5828361910895
2952 738 299.5827212882433
2953 738.25 299.5826064684001
2954 738.5 299.5824917369038
2955 738.75 299.5823771020634
2956 739 299.5822625724442
2957 739.25 299.5821481495702
2958 739.5 299.582033829027
2959 739.75 299.5819196153759
2960 740 299.5818055151502
2961 740.25 299.5816915318878
2962 740.5 299.5815776542905
2963 740.75 299.5814640969701
2964 741 299.5813508162094
2965 741.25 299.5812375620297
2966 741.5 299.5811244732486
2967 741.75 299.5810115408792
2968 742 299.5808987802341
2969 742.25 299.5807861025838
2970 742.5 299.5806734897209
2971 742.75 299.5805610853109
2972 743 299.5804489072669
2973 743.25 299.5803369222318
2974 743.5 299.5802250498772
2975 743.75 299.5801132790482
2976 744 299.5800015989844
2977 744.25 299.5798899948774
2978 744.5 299.5797787510393
2979 744.75 299.5796625776039
2980 745 299.5795498249088
2981 745.25 299.5794373500194
2982 745.5 299.5793250544867
2983 745.75 299.579212959921
2984 746 299.579101039949
2985 746.25 299.5789893176893
2986 746.5 299.5788777986471
2987 746.75 299.5787664192626
2988 747 299.5786551948092
2989 747.25 299.5785441312268
2990 747.5 299.5784332126941
2991 747.75 299.5783223767085
2992 748 299.5782116330676
2993 748.25 299.5781010083459
2994 748.5 299.5779905189223
2995 748.75 299.5778801579941
2996 749 299.5777699452395
2997 749.25 299.5776598729705
2998 749.5 299.5775499232802
2999 749.75 299.5774401038762
3000 750 299.5773304559127
3001 750.25 299.5772209638725
3002 750.5 299.5771115613333
3003 750.75 299.5770022194475
3004 751 299.5768929735728
3005 751.25 299.5767838859347
3006 751.5 299.576674968852
3007 751.75 299.5765662223344
3008 752 299.5764576369552
3009 752.25 299.5763491979343
3010 752.5 299.5762408865293
3011 752.75 299.5761326944636
3012 753 299.5760246324166
3013 753.25 299.5759129277752
3014 753.5 299.5758043067403
3015 753.75 299.5756959215702
3016 754 299.5755876953162
3017 754.25 299.5754796697007
3018 754.5 299.5753718280915
3019 754.75 299.575264133988
3020 755 299.575156583128
3021 755.25 299.5750491483672
3022 755.5 299.574941807213
3023 755.75 299.5748345100694
3024 756 299.5747272000692
3025 756.25 299.5746199189157
3026 756.5 299.5745127168107
3027 756.75 299.5744056101476
3028 757 299.5742985997718
3029 757.25 299.5741916978666
3030 757.5 299.5740849232731
3031 757.75 299.5739782785981
3032 758 299.5738717506603
3033 758.25 299.5737653396037
3034 758.5 299.5736590402802
3035 758.75 299.5735528504836
3036 759 299.5734467797278
3037 759.25 299.5733408065452
3038 759.5 299.5732349500511
3039 759.75 299.573129230661
3040 760 299.5730236379814
3041 760.25 299.5729182252457
3042 760.5 299.5728129838437
3043 760.75 299.572707841849
3044 761 299.5726027738377
3045 761.25 299.5724977477028
3046 761.5 299.5723927717574
3047 761.75 299.5722879089332
3048 762 299.572183231447
3049 762.25 299.5720787797135
3050 762.5 299.5719745513505
3051 762.75 299.571870612703
3052 763 299.5717669048246
3053 763.25 299.571663264639
3054 763.5 299.5715596462654
3055 763.75 299.5714560762403
3056 764 299.571352533971
3057 764.25 299.571249010956
3058 764.5 299.571145428879
3059 764.75 299.5710418048719
3060 765 299.5709364252145
3061 765.25 299.5708315336007
3062 765.5 299.5707249087855
3063 765.75 299.5706208421427
3064 766 299.5705168080605
3065 766.25 299.5704128424229
3066 766.5 299.57030902361
3067 766.75 299.5702053543511
3068 767 299.5701018174823
3069 767.25 299.5699983902368
3070 767.5 299.5698950927491
3071 767.75 299.569791739839
3072 768 299.5696884024736
3073 768.25 299.5695852838842
3074 768.5 299.5694822627771
3075 768.75 299.5693795821001
3076 769 299.5692782212141
3077 769.25 299.569176638529
3078 769.5 299.5690748891803
3079 769.75 299.5689731120094
3080 770 299.5688713712036
3081 770.25 299.5687696748743
3082 770.5 299.5686680201393
3083 770.75 299.5685664271252
3084 771 299.568464926543
3085 771.25 299.5683635135176
3086 771.5 299.5682621713257
3087 771.75 299.5681609032029
3088 772 299.5680597457066
3089 772.25 299.5679587264361
3090 772.5 299.56785784144
3091 772.75 299.567757077857
3092 773 299.5676564182401
3093 773.25 299.567555854026
3094 773.5 299.5674553833073
3095 773.75 299.5673550856191
3096 774 299.5672549532682
3097 774.25 299.5671548860328
3098 774.5 299.5670548462985
3099 774.75 299.5669548878162
3100 775 299.5668552034841
3101 775.25 299.5667557236881
3102 775.5 299.566656378389
3103 775.75 299.5665571878167
3104 776 299.5664592806266
3105 776.25 299.5663612032544
3106 776.5 299.5662605259975
3107 776.75 299.5661615539429
3108 777 299.5660623227665
3109 777.25 299.5659629165762
3110 777.5 299.5658634559953
3111 777.75 299.565763992127
3112 778 299.5656645763289
3113 778.25 299.5655652503053
3114 778.5 299.5654659296136
3115 778.75 299.5653666362717
3116 779 299.5652674303365
3117 779.25 299.5651683342515
3118 779.5 299.5650693408451
3119 779.75 299.5649704233846
3120 780 299.564871565612
3121 780.25 299.5647727547773
3122 780.5 299.5646740178822
3123 780.75 299.564575378144
3124 781 299.5644768628806
3125 781.25 299.5643784745785
3126 781.5 299.5642802090263
3127 781.75 299.56418501269
3128 782 299.5640890067774
3129 782.25 299.5639920816725
3130 782.5 299.5638947248902
3131 782.75 299.5637972142921
3132 783 299.5636996463625
3133 783.25 299.563602013996
3134 783.5 299.5635043243154
3135 783.75 299.5634066245741
3136 784 299.5633089469148
3137 784.25 299.5632113282888
3138 784.5 299.5631139076593
3139 784.75 299.5630166700579
3140 785 299.5629195632868
3141 785.25 299.5628224937791
3142 785.5 299.5627254624946
3143 785.75 299.5626285245364
3144 786 299.562531683564
3145 786.25 299.5624348649522
3146 786.5 299.5623381129465
3147 786.75 299.5622414617623
3148 787 299.5621449505225
3149 787.25 299.5620486018947
3150 787.5 299.561952405525
3151 787.75 299.5618563532933
3152 788 299.561760362464
3153 788.25 299.5616644662483
3154 788.5 299.5615687277833
3155 788.75 299.5614731573925
3156 789 299.5613777287764
3157 789.25 299.5612823740512
3158 789.5 299.5611870923365
3159 789.75 299.5610919422956
3160 790 299.5609968933616
3161 790.25 299.560901934197
3162 790.5 299.560807101865
3163 790.75 299.5607123868968
3164 791 299.5606177822198
3165 791.25 299.5605232760171
3166 791.5 299.5604288505448
3167 791.75 299.5603333004754
3168 792 299.5602385485187
3169 792.25 299.5601445284631
3170 792.5 299.5600473435821
3171 792.75 299.5599525695868
3172 793 299.5598578916324
3173 793.25 299.5597632672063
3174 793.5 299.5596687463336
3175 793.75 299.559574343618
3176 794 299.559480071366
3177 794.25 299.5593859206655
3178 794.5 299.5592918880184
3179 794.75 299.5591979887608
3180 795 299.5591042135371
3181 795.25 299.5590105511101
3182 795.5 299.5589169614532
3183 795.75 299.5588234138413
3184 796 299.5587298930938
3185 796.25 299.558636407588
3186 796.5 299.5585429824168
3187 796.75 299.5584496091162
3188 797 299.5583562889415
3189 797.25 299.5582630330506
3190 797.5 299.5581698550607
3191 797.75 299.5580767706641
3192 798 299.5579837912455
3193 798.25 299.5578909188704
3194 798.5 299.5577981502234
3195 798.75 299.5577054744152
3196 799 299.5576128963963
3197 799.25 299.5575204118479
3198 799.5 299.5574280097302
3199 799.75 299.5573356902082
3200 800 299.5572434553864
3201 800.25 299.5571513111958
3202 800.5 299.557059277996
3203 800.75 299.5569673917383
3204 801 299.5568755867696
3205 801.25 299.5567838393623
3206 801.5 299.556692147445
3207 801.75 299.55660067746
3208 802 299.5565093790939
3209 802.25 299.5564181081473
3210 802.5 299.5563269604355
3211 802.75 299.556235969035
3212 803 299.5561451158609
3213 803.25 299.5560543630908
3214 803.5 299.5559636078787
3215 803.75 299.5558728012238
3216 804 299.5557819587338
3217 804.25 299.555691081827
3218 804.5 299.5556001824357
3219 804.75 299.5555092936503
3220 805 299.5554184287814
3221 805.25 299.555327609146
3222 805.5 299.5552368461097
3223 805.75 299.55514613266
3224 806 299.5550554679003
3225 806.25 299.5549648463402
3226 806.5 299.5548742416217
3227 806.75 299.5547836555032
3228 807 299.5546931042343
3229 807.25 299.5546025727588
3230 807.5 299.5545120478973
3231 807.75 299.5544215550883
3232 808 299.5543311162901
3233 808.25 299.5542407201003
3234 808.5 299.5541503708583
3235 808.75 299.5540600733264
3236 809 299.55396983252
3237 809.25 299.5538796534854
3238 809.5 299.5537883650816
3239 809.75 299.5536986027677
3240 810 299.553608844289
3241 810.25 299.5535190937573
3242 810.5 299.5534282578701
3243 810.75 299.5533389061785
3244 811 299.5532495246395
3245 811.25 299.5531600984622
3246 811.5 299.5530706849353
3247 811.75 299.5529812959367
3248 812 299.5528919579201
3249 812.25 299.5528026889082
3250 812.5 299.5527134912957
3251 812.75 299.5526243712633
3252 813 299.5525353379804
3253 813.25 299.5524464050578
3254 813.5 299.5523575824439
3255 813.75 299.5522688676168
3256 814 299.5521802491632
3257 814.25 299.5520917155302
3258 814.5 299.5520021300777
3259 814.75 299.5519140080852
3260 815 299.5518258731542
3261 815.25 299.551737718626
3262 815.5 299.5516484617216
3263 815.75 299.551560621864
3264 816 299.5514750194292
3265 816.25 299.5513887181985
3266 816.5 299.5513015431503
3267 816.75 299.5512139367102
3268 817 299.5511261420427
3269 817.25 299.5510382432481
3270 817.5 299.5509502665824
3271 817.75 299.5508622168503
3272 818 299.5507741174112
3273 818.25 299.5506859926017
3274 818.5 299.5505949503888
3275 818.75 299.5505066020172
3276 819 299.5504184886678
3277 819.25 299.5503304945555
3278 819.5 299.5502426166761
3279 819.75 299.5501548519976
3280 820 299.5500671913773
3281 820.25 299.5499796142556
3282 820.5 299.5498920962359
3283 820.75 299.5498046587109
3284 821 299.5497172883642
3285 821.25 299.549629986353
3286 821.5 299.5495427669168
3287 821.75 299.5494556293421
3288 822 299.5493685610382
3289 822.25 299.5492815794241
3290 822.5 299.5491946852791
3291 822.75 299.5491079008168
3292 823 299.5490202899397
3293 823.25 299.5489332521916
3294 823.5 299.5488473962383
3295 823.75 299.5487613964756
3296 824 299.548675299374
3297 824.25 299.5485891984923
3298 824.5 299.5485030983568
3299 824.75 299.5484156168866
3300 825 299.548329815801
3301 825.25 299.5482438758309
3302 825.5 299.5481578412586
3303 825.75 299.5480717864762
3304 826 299.5479857503518
3305 826.25 299.5478997625716
3306 826.5 299.5478138223996
3307 826.75 299.5477279345862
3308 827 299.5476420870638
3309 827.25 299.54755628254
3310 827.5 299.5474705305231
3311 827.75 299.5473848508865
3312 828 299.5472992484253
3313 828.25 299.5472137400685
3314 828.5 299.5471283364313
3315 828.75 299.5470430103092
3316 829 299.5469577821531
3317 829.25 299.5468726584854
3318 829.5 299.5467876250115
3319 829.75 299.5467026633683
3320 830 299.5466177664325
3321 830.25 299.5465365223176
3322 830.5 299.5464536490667
3323 830.75 299.5463707426129
3324 831 299.5462871022879
3325 831.25 299.5462014642428
3326 831.5 299.5461172410787
3327 831.75 299.5460327505471
3328 832 299.5459452651933
3329 832.25 299.5458601877476
3330 832.5 299.5457752200273
3331 832.75 299.5456902435635
3332 833 299.545605294846
3333 833.25 299.5455203942133
3334 833.5 299.5454355696434
3335 833.75 299.5453508525662
3336 834 299.5452662211155
3337 834.25 299.5451816556171
3338 834.5 299.5450971604557
3339 834.75 299.5450127425934
3340 835 299.5449284253423
3341 835.25 299.5448441949165
3342 835.5 299.5447600249923
3343 835.75 299.5446759127108
3344 836 299.5445918731487
3345 836.25 299.5445079190843
3346 836.5 299.5444240769481
3347 836.75 299.5443403676639
3348 837 299.544256789956
3349 837.25 299.5441733345365
3350 837.5 299.5440899858309
3351 837.75 299.5440067171618
3352 838 299.5439235127285
3353 838.25 299.5438403698856
3354 838.5 299.5437572687985
3355 838.75 299.5436741998158
3356 839 299.5435911827423
3357 839.25 299.5435082078042
3358 839.5 299.5434252586692
3359 839.75 299.5433423159302
3360 840 299.5432593613237
3361 840.25 299.5431760351836
3362 840.5 299.543092449761
3363 840.75 299.5430089449578
3364 841 299.5429255926607
3365 841.25 299.5428422130493
3366 841.5 299.5427587938242
3367 841.75 299.5426754248376
3368 842 299.5425918366905
3369 842.25 299.5425081895216
3370 842.5 299.5424248334223
3371 842.75 299.5423416497471
3372 843 299.5422586431069
3373 843.25 299.5421759134939
3374 843.5 299.5420934316847
3375 843.75 299.5420111066613
3376 844 299.5419288643633
3377 844.25 299.5418466763073
3378 844.5 299.5417645353701
3379 844.75 299.5416824440281
3380 845 299.5416004125178
3381 845.25 299.5415184582022
3382 845.5 299.5414365801585
3383 845.75 299.541354754262
3384 846 299.5412730003891
3385 846.25 299.5411946638097
3386 846.5 299.5411110632475
3387 846.75 299.5410264471532
3388 847 299.540942748221
3389 847.25 299.5408607939808
3390 847.5 299.5407789143958
3391 847.75 299.5406971073892
3392 848 299.5406153992193
3393 848.25 299.540533815877
3394 848.5 299.5404522160018
3395 848.75 299.5403706087758
3396 849 299.5402890550257
3397 849.25 299.5402076246407
3398 849.5 299.5401253920942
3399 849.75 299.5400504144343
3400 850 299.5399716042045
3401 850.25 299.5398923354332
3402 850.5 299.539812329063
3403 850.75 299.5397319187985
3404 851 299.5396512759264
3405 851.25 299.5395704367731
3406 851.5 299.5394894314652
3407 851.75 299.5394082968539
3408 852 299.5393270878032
3409 852.25 299.5392458465443
3410 852.5 299.5391646009211
3411 852.75 299.5390833734567
3412 853 299.5390021792059
3413 853.25 299.5389210273037
3414 853.5 299.5388399265638
3415 853.75 299.538758887382
3416 854 299.5386777930399
3417 854.25 299.538596689444
3418 854.5 299.5385156222433
3419 854.75 299.5384346096074
3420 855 299.5383536812543
3421 855.25 299.5382728128237
3422 855.5 299.5381919851798
3423 855.75 299.5381112069059
3424 856 299.5380304751794
3425 856.25 299.537949772396
3426 856.5 299.5378691191521
3427 856.75 299.5377885551934
3428 857 299.5377080842216
3429 857.25 299.5376277126418
3430 857.5 299.537547423469
3431 857.75 299.537467197028
3432 858 299.5373870400952
3433 858.25 299.537306959539
3434 858.5 299.5372269516448
3435 858.75 299.5371469942054
3436 859 299.5370670665324
3437 859.25 299.5369871726986
3438 859.5 299.5369073304752
3439 859.75 299.5368275250057
3440 860 299.5367477097478
3441 860.25 299.536667894229
3442 860.5 299.5365880457635
3443 860.75 299.536508224555
3444 861 299.5364285117637
3445 861.25 299.5363489085715
3446 861.5 299.5362693773127
3447 861.75 299.5361899302735
3448 862 299.5361105848536
3449 862.25 299.5360313049327
3450 862.5 299.5359520713955
3451 862.75 299.5358728513867
3452 863 299.5357936521168
3453 863.25 299.5357144940211
3454 863.5 299.5356353743664
3455 863.75 299.5355562820434
3456 864 299.5354772155657
3457 864.25 299.5353981738238
3458 864.5 299.5353191690872
3459 864.75 299.5352402122946
3460 865 299.5351612941187
3461 865.25 299.5350824005808
3462 865.5 299.5350035305613
3463 865.75 299.5349246907719
3464 866 299.5348458853846
3465 866.25 299.5347670985337
3466 866.5 299.5346883192828
3467 866.75 299.5346095549071
3468 867 299.5345308258447
3469 867.25 299.5344521509343
3470 867.5 299.5343735459852
3471 867.75 299.5342953879202
3472 868 299.5342175686596
3473 868.25 299.5341386355159
3474 868.5 299.5340608802495
3475 868.75 299.5339820454563
3476 869 299.5339054302103
3477 869.25 299.5338297455844
3478 869.5 299.5337534933345
3479 869.75 299.5336762602489
3480 870 299.5335980711409
3481 870.25 299.5335195284263
3482 870.5 299.5334407786848
3483 870.75 299.5333618926079
3484 871 299.5332830013187
3485 871.25 299.5332042318067
3486 871.5 299.5331256062448
3487 871.75 299.5330471356556
3488 872 299.5329688100113
3489 872.25 299.5328906025782
3490 872.5 299.5328125118889
3491 872.75 299.5327345276021
3492 873 299.5326566363069
3493 873.25 299.5325788258551
3494 873.5 299.532501094016
3495 873.75 299.5324234123149
3496 874 299.5323457669142
3497 874.25 299.5322671525306
3498 874.5 299.532189802343
3499 874.75 299.5321124235119
3500 875 299.5320350087227
3501 875.25 299.5319576123916
3502 875.5 299.5318802451326
3503 875.75 299.5318023116014
3504 876 299.5317238450382
3505 876.25 299.5316466736998
3506 876.5 299.5315693035508
3507 876.75 299.5314917918785
3508 877 299.5314141751808
3509 877.25 299.5313364371986
3510 877.5 299.5312586505769
3511 877.75 299.5311809060573
3512 878 299.531103221051
3513 878.25 299.5310256159318
3514 878.5 299.5309481066782
3515 878.75 299.5308706391402
3516 879 299.5307931988373
3517 879.25 299.5307158043833
3518 879.5 299.5306384504145
3519 879.75 299.5305611125243
3520 880 299.5304838077137
3521 880.25 299.5304065706059
3522 880.5 299.5303293769726
3523 880.75 299.5302522419193
3524 881 299.5301751844234
3525 881.25 299.5300981944627
3526 881.5 299.5300212602774
3527 881.75 299.5299443965718
3528 882 299.5298676271655
3529 882.25 299.5297909470048
3530 882.5 299.5297143214912
3531 882.75 299.5296377606069
3532 883 299.5295612881244
3533 883.25 299.5294848697778
3534 883.5 299.5294084580007
3535 883.75 299.5293320321554
3536 884 299.5292556032439
3537 884.25 299.5291791906482
3538 884.5 299.5291027986466
3539 884.75 299.5290263678779
3540 885 299.5289498528267
3541 885.25 299.5288732707915
3542 885.5 299.5287966962421
3543 885.75 299.5287201191691
3544 886 299.5286435541216
3545 886.25 299.5285670420035
3546 886.5 299.5284905965116
3547 886.75 299.528412739068
3548 887 299.5283387054839
3549 887.25 299.5282640953271
3550 887.5 299.528188826548
3551 887.75 299.5281132571687
3552 888 299.5280375641394
3553 888.25 299.5279617985203
3554 888.5 299.5278859981269
3555 888.75 299.5278101875458
3556 889 299.5277343804619
3557 889.25 299.5276585891503
3558 889.5 299.5275828083561
3559 889.75 299.5275070273242
3560 890 299.5274312442548
3561 890.25 299.5273554696089
3562 890.5 299.527279695811
3563 890.75 299.5272039053789
3564 891 299.5271281024617
3565 891.25 299.5270522959264
3566 891.5 299.5269764985095
3567 891.75 299.5269007153753
3568 892 299.5268249638086
3569 892.25 299.5267492514172
3570 892.5 299.5266735872542
3571 892.75 299.5265979832654
3572 893 299.5265224495362
3573 893.25 299.5264469902265
3574 893.5 299.5263716003704
3575 893.75 299.5262962723587
3576 894 299.5262210471677
3577 894.25 299.5261459387608
3578 894.5 299.5260709192591
3579 894.75 299.525995975713
3580 895 299.5259211170427
3581 895.25 299.5258463152134
3582 895.5 299.5257715384681
3583 895.75 299.525696760829
3584 896 299.5256219713399
3585 896.25 299.5255471611109
3586 896.5 299.5254723371914
3587 896.75 299.5253975262793
3588 897 299.5253227402751
3589 897.25 299.5252479717238
3590 897.5 299.5251731992761
3591 897.75 299.5250984173657
3592 898 299.5250236211144
3593 898.25 299.5249487927334
3594 898.5 299.5248739257343
3595 898.75 299.5247968562439
3596 899 299.5247216861777
3597 899.25 299.5246448154085
3598 899.5 299.5245684664607
3599 899.75 299.5244936179812
3600 900 299.5244187193303
3601 900.25 299.5243419347565
3602 900.5 299.5242669019986
3603 900.75 299.5241894038596
3604 901 299.5241195031377
3605 901.25 299.524046061486
3606 901.5 299.5239727929088
3607 901.75 299.5238989254057
3608 902 299.523824687079
3609 902.25 299.5237502375354
3610 902.5 299.5236756433437
3611 902.75 299.5236009638064
3612 903 299.5235262299785
3613 903.25 299.5234514551138
3614 903.5 299.5233766529079
3615 903.75 299.523301818202
3616 904 299.5232269508932
3617 904.25 299.5231520722915
3618 904.5 299.5230771759286
3619 904.75 299.5230023000337
3620 905 299.5229274729473
3621 905.25 299.5228527020605
3622 905.5 299.5227779875872
3623 905.75 299.5227033372378
3624 906 299.5226287559528
3625 906.25 299.5225542374876
3626 906.5 299.522479778354
3627 906.75 299.522405384225
3628 907 299.5223310393355
3629 907.25 299.5222567336853
3630 907.5 299.5221824681669
3631 907.75 299.5221082702235
3632 908 299.5220341612972
3633 908.25 299.5219601300338
3634 908.5 299.5218861620943
3635 908.75 299.521812241538
3636 909 299.5217383458862
3637 909.25 299.5216644669994
3638 909.5 299.521590632162
3639 909.75 299.5215168664456
3640 910 299.5214431710576
3641 910.25 299.521369521485
3642 910.5 299.5212958869316
3643 910.75 299.5212222895944
3644 911 299.5211487223101
3645 911.25 299.5210751892828
3646 911.5 299.5210016872471
3647 911.75 299.5209282277118
3648 912 299.5208549466366
3649 912.25 299.5207796227208
3650 912.5 299.520702180141
3651 912.75 299.5206267072173
3652 913 299.5205527005081
3653 913.25 299.5204778462395
3654 913.5 299.5204043442748
3655 913.75 299.520330829287
3656 914 299.520257262187
3657 914.25 299.5201836823432
3658 914.5 299.520108983776
3659 914.75 299.5200347262726
3660 915 299.5199666969278
3661 915.25 299.5198954241047
3662 915.5 299.5198229541677
3663 915.75 299.5197508356917
3664 916 299.5196782897281
3665 916.25 299.5196054331356
3666 916.5 299.5195323554117
3667 916.75 299.5194591177627
3668 917 299.5193857702519
3669 917.25 299.5193123330845
3670 917.5 299.5192388385167
3671 917.75 299.5191653191343
3672 918 299.5190917856631
3673 918.25 299.5190182511627
3674 918.5 299.5189447304282
3675 918.75 299.5188712266603
3676 919 299.5187977336751
3677 919.25 299.518724250317
3678 919.5 299.5186507864096
3679 919.75 299.5185773477388
3680 920 299.5185038443048
3681 920.25 299.5184302548779
3682 920.5 299.5183566258322
3683 920.75 299.5182830172254
3684 921 299.5182094823087
3685 921.25 299.5181360312862
3686 921.5 299.5180626629749
3687 921.75 299.5179893617668
3688 922 299.5179161063686
3689 922.25 299.5178428955863
3690 922.5 299.5177697431513
3691 922.75 299.5176966542036
3692 923 299.5176236097037
3693 923.25 299.5175505688063
3694 923.5 299.5174775064473
3695 923.75 299.5174044426213
3696 924 299.5173314189676
3697 924.25 299.5172584159002
3698 924.5 299.5171854082728
3699 924.75 299.5171124014094
3700 925 299.5170394234036
3701 925.25 299.5169664935085
3702 925.5 299.5168936184302
3703 925.75 299.5168207793588
3704 926 299.5167479582436
3705 926.25 299.5166751567608
3706 926.5 299.5166023913048
3707 926.75 299.5165296561502
3708 927 299.5164569394329
3709 927.25 299.5163842580836
3710 927.5 299.5163116169436
3711 927.75 299.5162390001118
3712 928 299.5161663945042
3713 928.25 299.5160938000786
3714 928.5 299.5160211994905
3715 928.75 299.5159485818306
3716 929 299.5158759573821
3717 929.25 299.5158033526113
3718 929.5 299.5157308234853
3719 929.75 299.5156583455485
3720 930 299.5155859325142
3721 930.25 299.515513543133
3722 930.5 299.5154411975547
3723 930.75 299.515368953894
3724 931 299.5152968005227
3725 931.25 299.5152238296073
3726 931.5 299.5151519555811
3727 931.75 299.5150800552196
3728 932 299.5150080803456
3729 932.25 299.514935986174
3730 932.5 299.5148639899304
3731 932.75 299.5147920971793
3732 933 299.5147201873273
3733 933.25 299.5146482700616
3734 933.5 299.5145763301654
3735 933.75 299.5145043966157
3736 934 299.5144324752259
3737 934.25 299.5143605484159
3738 934.5 299.5142886401197
3739 934.75 299.5142169129738
3740 935 299.5141452679964
3741 935.25 299.514073613766
3742 935.5 299.5140018780164
3743 935.75 299.5139300569086
3744 936 299.5138581157642
3745 936.25 299.5137860354071
3746 936.5 299.513714004367
3747 936.75 299.5136391157358
3748 937 299.5135637054395
3749 937.25 299.513489900466
3750 937.5 299.5134160748041
3751 937.75 299.5133438047117
3752 938 299.5132714592492
3753 938.25 299.5131990564203
3754 938.5 299.5131267527843
3755 938.75 299.513054347088
3756 939 299.5129819070688
3757 939.25 299.512909635696
3758 939.5 299.5128376046883
3759 939.75 299.5127656866604
3760 940 299.5126938543179
3761 940.25 299.5126221313283
3762 940.5 299.5125504348925
3763 940.75 299.51247874744
3764 941 299.5124062685315
3765 941.25 299.5123341249717
3766 941.5 299.5122621447358
3767 941.75 299.5121909687889
3768 942 299.5121195874754
3769 942.25 299.5120481438698
3770 942.5 299.5119766884891
3771 942.75 299.5119051801841
3772 943 299.5118336012073
3773 943.25 299.5117619773831
3774 943.5 299.5116903096201
3775 943.75 299.5116185808556
3776 944 299.5115468056918
3777 944.25 299.5114750322704
3778 944.5 299.5114032966305
3779 944.75 299.5113315943314
3780 945 299.5112599121253
3781 945.25 299.5111882439332
3782 945.5 299.5111166121972
3783 945.75 299.5110450158856
3784 946 299.5109734532213
3785 946.25 299.5109019202806
3786 946.5 299.5108304104559
3787 946.75 299.5107589226738
3788 947 299.5106874127446
3789 947.25 299.5106158716164
3790 947.5 299.5105451913374
3791 947.75 299.5104743244777
3792 948 299.5104033208218
3793 948.25 299.5103322433429
3794 948.5 299.5102610975815
3795 948.75 299.5101898682981
3796 949 299.510118555541
3797 949.25 299.5100470665668
3798 949.5 299.5099754721686
3799 949.75 299.509903870984
3800 950 299.5098321349201
3801 950.25 299.5097601847143
3802 950.5 299.5096881344421
3803 950.75 299.5096161043529
3804 951 299.5095441536913
3805 951.25 299.5094722728228
3806 951.5 299.5094004449444
3807 951.75 299.5093287007618
3808 952 299.5092570629335
3809 952.25 299.5091855067135
3810 952.5 299.5091139821671
3811 952.75 299.509042494299
3812 953 299.5089710428178
3813 953.25 299.5088996114232
3814 953.5 299.5088282053605
3815 953.75 299.5087568467873
3816 954 299.5086855314711
3817 954.25 299.5086166367226
3818 954.5 299.5085456252444
3819 954.75 299.5084752884433
3820 955 299.508404592939
3821 955.25 299.5083336532043
3822 955.5 299.5082625776752
3823 955.75 299.5081914142806
3824 956 299.5081202130305
3825 956.25 299.5080489973005
3826 956.5 299.5079777924682
3827 956.75 299.507906615372
3828 957 299.5078354753032
3829 957.25 299.5077643785113
3830 957.5 299.507693315454
3831 957.75 299.5076222397908
3832 958 299.5075510689427
3833 958.25 299.5074797977143
3834 958.5 299.507408426249
3835 958.75 299.5073369625019
3836 959 299.5072654786171
3837 959.25 299.507194040977
3838 959.5 299.5071226568256
3839 959.75 299.5070513411865
3840 960 299.5069800706578
3841 960.25 299.5069087755393
3842 960.5 299.5068374671253
3843 960.75 299.5067661534945
3844 961 299.5066948591591
3845 961.25 299.5066236534918
3846 961.5 299.5065525645044
3847 961.75 299.5064815397307
3848 962 299.5064105211955
3849 962.25 299.5063395234819
3850 962.5 299.5062685695359
3851 962.75 299.5061976602634
3852 963 299.5061267967283
3853 963.25 299.5060559719414
3854 963.5 299.5059851735168
3855 963.75 299.5059145312881
3856 964 299.5058433371011
3857 964.25 299.5057732120214
3858 964.5 299.5057029511233
3859 964.75 299.5056325843464
3860 965 299.5055620932793
3861 965.25 299.5054913856002
3862 965.5 299.5054205228939
3863 965.75 299.5053495802714
3864 966 299.5052785707206
3865 966.25 299.5052075503941
3866 966.5 299.5051365731775
3867 966.75 299.5050656368816
3868 967 299.5049947271664
3869 967.25 299.5049238188072
3870 967.5 299.50485291767
3871 967.75 299.5047820399454
3872 968 299.5047112231272
3873 968.25 299.5046404464444
3874 968.5 299.5045696652479
3875 968.75 299.5044988956239
3876 969 299.5044281724562
3877 969.25 299.5043574895568
3878 969.5 299.5042868022971
3879 969.75 299.5042161088838
3880 970 299.5041454202815
3881 970.25 299.5040747401105
3882 970.5 299.5040040753184
3883 970.75 299.5039360532493
3884 971 299.5038637151914
3885 971.25 299.5037912883511
3886 971.5 299.5037203772729
3887 971.75 299.5036493873031
3888 972 299.5035784104878
3889 972.25 299.5035075158614
3890 972.5 299.503436686531
3891 972.75 299.5033658613675
3892 973 299.5032950368427
3893 973.25 299.5032242356982
3894 973.5 299.5031534579194
3895 973.75 299.5030827023645
3896 974 299.5030119995325
3897 974.25 299.5029413544224
3898 974.5 299.5028707752755
3899 974.75 299.5028002575521
3900 975 299.5027297671479
3901 975.25 299.5026592847357
3902 975.5 299.5025888324417
3903 975.75 299.5025184238429
3904 976 299.5024480650687
3905 976.25 299.5023777705682
3906 976.5 299.5023074752195
3907 976.75 299.5022371925479
3908 977 299.5021669498874
3909 977.25 299.5020967745359
3910 977.5 299.502030608848
3911 977.75 299.5019611948694
3912 978 299.5018919211179
3913 978.25 299.5018220125552
3914 978.5 299.5017517356377
3915 978.75 299.5016812622767
3916 979 299.5016106784324
3917 979.25 299.5015400396903
3918 979.5 299.5014693992147
3919 979.75 299.5013987650163
3920 980 299.5013281325736
3921 980.25 299.5012575027884
3922 980.5 299.5011868896196
3923 980.75 299.5011163123826
3924 981 299.5010457693763
3925 981.25 299.5009752515755
3926 981.5 299.5009047496872
3927 981.75 299.5008342627829
3928 982 299.5007637924538
3929 982.25 299.500693340168
3930 982.5 299.5006229032899
3931 982.75 299.5005524825202
3932 983 299.5004820792415
3933 983.25 299.5004116900864
3934 983.5 299.5003413128302
3935 983.75 299.5002709540038
3936 984 299.500200620693
3937 984.25 299.500130295451
3938 984.5 299.5000599489642
3939 984.75 299.4999892424605
3940 985 299.4999182952772
3941 985.25 299.4998475094015
3942 985.5 299.4997769439067
3943 985.75 299.4997063748533
3944 986 299.499635257642
3945 986.25 299.4995637524072
3946 986.5 299.4994924000003
3947 986.75 299.4994213850634
3948 987 299.4993506517562
3949 987.25 299.4992801183
3950 987.5 299.4992097082777
3951 987.75 299.4991394134421
3952 988 299.4990692210685
3953 988.25 299.4989990911419
3954 988.5 299.4989290000449
3955 988.75 299.4988589190481
3956 989 299.498788815909
3957 989.25 299.4987186819969
3958 989.5 299.4986485380772
3959 989.75 299.4985784133198
3960 990 299.4985082896316
3961 990.25 299.4984381626527
3962 990.5 299.4983680419956
3963 990.75 299.498297919963
3964 991 299.4982277808334
3965 991.25 299.4981576204458
3966 991.5 299.4980874591803
3967 991.75 299.4980173133457
3968 992 299.4979471956593
3969 992.25 299.4978771135075
3970 992.5 299.4978070573201
3971 992.75 299.4977370420194
3972 993 299.4976670227236
3973 993.25 299.4975970125139
3974 993.5 299.4975270079622
3975 993.75 299.4974570087773
3976 994 299.4973864250757
3977 994.25 299.4973163128286
3978 994.5 299.4972471833789
3979 994.75 299.4971780257367
3980 995 299.4971088048345
3981 995.25 299.4970388248007
3982 995.5 299.4969682195858
3983 995.75 299.4968984267158
3984 996 299.4968284284909
3985 996.25 299.4967582876104
3986 996.5 299.4966880659701
3987 996.75 299.4966177860343
3988 997 299.4965474834943
3989 997.25 299.496477197106
3990 997.5 299.4964069541089
3991 997.75 299.4963367398656
3992 998 299.496266536206
3993 998.25 299.4961963469613
3994 998.5 299.4961261879638
3995 998.75 299.4960560649766
3996 999 299.4959859867827
3997 999.25 299.4959159556749
3998 999.5 299.4958459660833
3999 999.75 299.4957760064601
4000 1000 299.4957060528786
4001 1000.25 299.4956361001248
4002 1000.5 299.4955661580233
4003 1000.75 299.495496235164
4004 1001 299.4954263590089
4005 1001.25 299.4953565592194
4006 1001.5 299.4952873988488
4007 1001.75 299.4952181323743
4008 1002 299.4951481395336
4009 1002.25 299.4950777786157
4010 1002.5 299.4950073034767
4011 1002.75 299.4949367890542
4012 1003 299.4948662712392
4013 1003.25 299.4947957912443
4014 1003.5 299.4947254041066
4015 1003.75 299.4946551045288
4016 1004 299.4945848698893
4017 1004.25 299.4945146987779
4018 1004.5 299.4944445811243
4019 1004.75 299.494374486532
4020 1005 299.4943044097218
4021 1005.25 299.4942343552121
4022 1005.5 299.4941643271913
4023 1005.75 299.494094323571
4024 1006 299.4940243427305
4025 1006.25 299.4939543811937
4026 1006.5 299.4938844385227
4027 1006.75 299.4938145211686
4028 1007 299.4937446438279
4029 1007.25 299.4936748403049
4030 1007.5 299.4936051400436
4031 1007.75 299.4935355392564
4032 1008 299.4934660134479
4033 1008.25 299.4933965546113
4034 1008.5 299.4933271006728
4035 1008.75 299.4932576320969
4036 1009 299.4931881441703
4037 1009.25 299.4931186562437
4038 1009.5 299.4930491274133
4039 1009.75 299.4929795740218
4040 1010 299.4929099904462
4041 1010.25 299.4928403439126
4042 1010.5 299.4927706509995
4043 1010.75 299.4927009496678
4044 1011 299.4926312297271
4045 1011.25 299.4925570934794
4046 1011.5 299.4924861973963
4047 1011.75 299.4924158224741
4048 1012 299.4923457009685
4049 1012.25 299.4922757372349
4050 1012.5 299.4922058560937
4051 1012.75 299.4921360138378
4052 1013 299.4920661798794
4053 1013.25 299.4919963488254
4054 1013.5 299.4919265317975
4055 1013.75 299.4918567230256
4056 1014 299.4917869248133
4057 1014.25 299.4917170966898
4058 1014.5 299.4916472611077
4059 1014.75 299.4915774643461
4060 1015 299.4915077299959
4061 1015.25 299.4914380323832
4062 1015.5 299.4913683407861
4063 1015.75 299.4912986650365
4064 1016 299.4912290169061
4065 1016.25 299.491159400541
4066 1016.5 299.4910898261006
4067 1016.75 299.4910202631993
4068 1017 299.4909506876194
4069 1017.25 299.4908812207869
4070 1017.5 299.4908118608085
4071 1017.75 299.490742576291
4072 1018 299.4906733360328
4073 1018.25 299.490604162351
4074 1018.5 299.4905350366327
4075 1018.75 299.4904658744094
4076 1019 299.4903966716554
4077 1019.25 299.4903216152019
4078 1019.5 299.4902554611744
4079 1019.75 299.4901874583003
4080 1020 299.4901184263653
4081 1020.25 299.4900489157574
4082 1020.5 299.4899792122686
4083 1020.75 299.4899094025434
4084 1021 299.4898394985399
4085 1021.25 299.4897694891807
4086 1021.5 299.4896993882295
4087 1021.75 299.4896292328639
4088 1022 299.4895590379732
4089 1022.25 299.4894888101164
4090 1022.5 299.4894185736115
4091 1022.75 299.489348365102
4092 1023 299.489278214806
4093 1023.25 299.4892081472009
4094 1023.5 299.4891381597641
4095 1023.75 299.4890682334993
4096 1024 299.4889983501222
4097 1024.25 299.4889284925015
4098 1024.5 299.4888586450526
4099 1024.75 299.4887888065983
4100 1025 299.4887189838291
4101 1025.25 299.4886491843206
4102 1025.5 299.4885794077641
4103 1025.75 299.4885096406791
4104 1026 299.4884398751294
4105 1026.25 299.488370113677
4106 1026.5 299.4883003615315
4107 1026.75 299.4882306204878
4108 1027 299.4881608918795
4109 1027.25 299.488091180474
4110 1027.5 299.48802148735
4111 1027.75 299.4879518140873
4112 1028 299.4878821637408
4113 1028.25 299.4878125584358
4114 1028.5 299.4877430288971
4115 1028.75 299.4876735770862
4116 1029 299.4876041512084
4117 1029.25 299.4875347257639
4118 1029.5 299.4874653106824
4119 1029.75 299.4873958943525
4120 1030 299.4873264548149
4121 1030.25 299.4872569914238
4122 1030.5 299.4871875164887
4123 1030.75 299.4871180538012
4124 1031 299.4870485842432
4125 1031.25 299.4869790829258
4126 1031.5 299.4869095642744
4127 1031.75 299.4868400439833
4128 1032 299.4867705128813
4129 1032.25 299.4867009766495
4130 1032.5 299.4866314349388
4131 1032.75 299.4865618660418
4132 1033 299.4864922565772
4133 1033.25 299.4864225959972
4134 1033.5 299.4863528766212
4135 1033.75 299.4862831094978
4136 1034 299.4862133018116
4137 1034.25 299.4861434454961
4138 1034.5 299.4860734964864
4139 1034.75 299.486003427073
4140 1035 299.4859332787335
4141 1035.25 299.4858630847462
4142 1035.5 299.485792854036
4143 1035.75 299.4857226502062
4144 1036 299.485652508559
4145 1036.25 299.4855823982985
4146 1036.5 299.4855123078203
4147 1036.75 299.4854422752119
4148 1037 299.4853723021162
4149 1037.25 299.4853023713301
4150 1037.5 299.4852324732439
4151 1037.75 299.485161692964
4152 1038 299.4850920680403
4153 1038.25 299.4850224372985
4154 1038.5 299.4849528055969
4155 1038.75 299.4848831867763
4156 1039 299.4848135821308
4157 1039.25 299.4847440008937
4158 1039.5 299.484673600294
4159 1039.75 299.4846043393098
4160 1040 299.484534220025
4161 1040.25 299.484464355035
4162 1040.5 299.4843921124349
4163 1040.75 299.4843215891966
4164 1041 299.4842523352493
4165 1041.25 299.4841819082391
4166 1041.5 299.4841117071596
4167 1041.75 299.4840418548326
4168 1042 299.4839729750233
4169 1042.25 299.4839039493448
4170 1042.5 299.4838341841952
4171 1042.75 299.4837670623646
4172 1043 299.483701591666
4173 1043.25 299.4836325885335
4174 1043.5 299.4835607350843
4175 1043.75 299.4834887866768
4176 1044 299.4834181730241
4177 1044.25 299.4833534050989
4178 1044.5 299.4832823799246
4179 1044.75 299.4832112030001
4180 1045 299.4831414370258
4181 1045.25 299.4830715161418
4182 1045.5 299.4830015150937
4183 1045.75 299.4829314851134
4184 1046 299.4828615088555
4185 1046.25 299.4827915183109
4186 1046.5 299.482721568924
4187 1046.75 299.4826517740651
4188 1047 299.4825820549445
4189 1047.25 299.4825124491454
4190 1047.5 299.4824428628752
4191 1047.75 299.4823733145636
4192 1048 299.4823037686785
4193 1048.25 299.4822342737455
4194 1048.5 299.4821648013803
4195 1048.75 299.4820953723167
4196 1049 299.4820259461763
4197 1049.25 299.48195653149
4198 1049.5 299.481887131658
4199 1049.75 299.4818177514377
4200 1050 299.481748396349
4201 1050.25 299.4816790614352
4202 1050.5 299.4816097274914
4203 1050.75 299.4815404038782
4204 1051 299.481471114108
4205 1051.25 299.4814018635024
4206 1051.5 299.4813326489096
4207 1051.75 299.4812634454987
4208 1052 299.4811942337889
4209 1052.25 299.4811250150104
4210 1052.5 299.4810557762358
4211 1052.75 299.4809839274467
4212 1053 299.4809140400761
4213 1053.25 299.4808442837607
4214 1053.5 299.4807745701078
4215 1053.75 299.4807048768293
4216 1054 299.4806351712251
4217 1054.25 299.4805654510142
4218 1054.5 299.4804957171921
4219 1054.75 299.4804259837922
4220 1055 299.4803562710486
4221 1055.25 299.4802865919967
4222 1055.5 299.4802169444065
4223 1055.75 299.480147317246
4224 1056 299.4800776997199
4225 1056.25 299.4800080846803
4226 1056.5 299.4799384905598
4227 1056.75 299.4798689396063
4228 1057 299.4797994284623
4229 1057.25 299.4797299513863
4230 1057.5 299.4796605213257
4231 1057.75 299.479591209674
4232 1058 299.4795219880642
4233 1058.25 299.4794528135845
4234 1058.5 299.4793836879038
4235 1058.75 299.4793146006905
4236 1059 299.4792455451638
4237 1059.25 299.4791765071353
4238 1059.5 299.4791074625779
4239 1059.75 299.4790356528263
4240 1060 299.4789650573222
4241 1060.25 299.4788958467291
4242 1060.5 299.4788265987559
4243 1060.75 299.4787573064534
4244 1061 299.4786879954505
4245 1061.25 299.4786186525495
4246 1061.5 299.4785492705744
4247 1061.75 299.4784798381226
4248 1062 299.4784103534997
4249 1062.25 299.4783408259775
4250 1062.5 299.4782712668529
4251 1062.75 299.478201684318
4252 1063 299.4781320855263
4253 1063.25 299.4780624920937
4254 1063.5 299.4779929119446
4255 1063.75 299.4779233329584
4256 1064 299.4778537600566
4257 1064.25 299.4777842163112
4258 1064.5 299.4777147118897
4259 1064.75 299.4776452471013
4260 1065 299.4775758261528
4261 1065.25 299.4775064556193
4262 1065.5 299.4774371173606
4263 1065.75 299.4773677968282
4264 1066 299.4772984783838
4265 1066.25 299.4772291378699
4266 1066.5 299.4771597540582
4267 1066.75 299.477090309305
4268 1067 299.4770207672792
4269 1067.25 299.4769509438592
4270 1067.5 299.476879135661
4271 1067.75 299.4768073380781
4272 1068 299.4767358539471
4273 1068.25 299.4766661008067
4274 1068.5 299.4765950515146
4275 1068.75 299.4765255795288
4276 1069 299.4764563302108
4277 1069.25 299.4763938391577
4278 1069.5 299.476325048692
4279 1069.75 299.4762540354002
4280 1070 299.4761828731793
4281 1070.25 299.4761112470929
4282 1070.5 299.4760413988263
4283 1070.75 299.4759715493685
4284 1071 299.4759017455265
4285 1071.25 299.4758307763702
4286 1071.5 299.4757612597033
4287 1071.75 299.4756906602172
4288 1072 299.475621505594
4289 1072.25 299.4755522079333
4290 1072.5 299.4754835598513
4291 1072.75 299.4754146233332
4292 1073 299.4753454711442
4293 1073.25 299.4752762127226
4294 1073.5 299.4752068860273
4295 1073.75 299.4751364802847
4296 1074 299.4750673932423
4297 1074.25 299.474999799011
4298 1074.5 299.4749301649964
4299 1074.75 299.4748614217695
4300 1075 299.4747923624611
4301 1075.25 299.474723084366
4302 1075.5 299.4746536805158
4303 1075.75 299.4745842151275
4304 1076 299.4745147181903
4305 1076.25 299.4744452241156
4306 1076.5 299.4743757684499
4307 1076.75 299.4743063050342
4308 1077 299.4742368273405
4309 1077.25 299.4741673583407
4310 1077.5 299.4740978758962
4311 1077.75 299.4740283752737
4312 1078 299.4739588692752
4313 1078.25 299.4738893619427
4314 1078.5 299.4738198276327
4315 1078.75 299.4737502579092
4316 1079 299.4736805814105
4317 1079.25 299.473610849832
4318 1079.5 299.4735411708083
4319 1079.75 299.4734715756318
4320 1080 299.4734009136463
4321 1080.25 299.4733316813042
4322 1080.5 299.4732624230475
4323 1080.75 299.4731931156888
4324 1081 299.4731211606389
4325 1081.25 299.473050644216
4326 1081.5 299.4729813545162
4327 1081.75 299.4729144451782
4328 1082 299.4728456733397
4329 1082.25 299.4727770194098
4330 1082.5 299.4727079120698
4331 1082.75 299.4726385429415
4332 1083 299.4725690558092
4333 1083.25 299.4724995208231
4334 1083.5 299.4724299654117
4335 1083.75 299.4723604042675
4336 1084 299.4722908509204
4337 1084.25 299.4722213103345
4338 1084.5 299.4721517959836
4339 1084.75 299.4720823224401
4340 1085 299.4720128739242
4341 1085.25 299.4719434323414
4342 1085.5 299.4718740029444
4343 1085.75 299.4718046043884
4344 1086 299.4717352427735
4345 1086.25 299.471665903609
4346 1086.5 299.4715965848842
4347 1086.75 299.4715272988523
4348 1087 299.4714575808464
4349 1087.25 299.4713846098753
4350 1087.5 299.4713127918042
4351 1087.75 299.4712429356521
4352 1088 299.4711733011117
4353 1088.25 299.4711037969469
4354 1088.5 299.4710343952748
4355 1088.75 299.4709650597685
4356 1089 299.4708957592259
4357 1089.25 299.4708264731061
4358 1089.5 299.4707571728765
4359 1089.75 299.4706878508239
4360 1090 299.4706185228139
4361 1090.25 299.470549177759
4362 1090.5 299.470479831989
4363 1090.75 299.4704104910264
4364 1091 299.4703411570207
4365 1091.25 299.4702718249486
4366 1091.5 299.4702024817901
4367 1091.75 299.4701331436886
4368 1092 299.4700638217717
4369 1092.25 299.4699945365406
4370 1092.5 299.46992542934
4371 1092.75 299.4698564547743
4372 1093 299.4697874435629
4373 1093.25 299.4697185231991
4374 1093.5 299.4696496463062
4375 1093.75 299.4695806855951
4376 1094 299.4695117485009
4377 1094.25 299.4694428440484
4378 1094.5 299.4693739709521
4379 1094.75 299.4693051576115
4380 1095 299.4692363406027
4381 1095.25 299.4691674835079
4382 1095.5 299.4690958254285
4383 1095.75 299.4690247655407
4384 1096 299.4689540493222
4385 1096.25 299.4688885997071
4386 1096.5 299.4688204321971
4387 1096.75 299.4687523963726
4388 1097 299.4686837025597
4389 1097.25 299.4686145507488
4390 1097.5 299.4685451412192
4391 1097.75 299.4684755546315
4392 1098 299.4684058172766
4393 1098.25 299.4683359401412
4394 1098.5 299.4682659587065
4395 1098.75 299.4681959124906
4396 1099 299.4681257988808
4397 1099.25 299.468055701739
4398 1099.5 299.4679856816399
4399 1099.75 299.4679157535582
4400 1100 299.4678458834518
4401 1100.25 299.4677760488454
4402 1100.5 299.4677062520042
4403 1100.75 299.4676364909702
4404 1101 299.4675667150469
4405 1101.25 299.4674969520814
4406 1101.5 299.4674272241434
4407 1101.75 299.4673575411127
4408 1102 299.4672879207194
4409 1102.25 299.4672183390326
4410 1102.5 299.4671488091014
4411 1102.75 299.4670793314144
4412 1103 299.4670098679281
4413 1103.25 299.4669404340075
4414 1103.5 299.4668709972981
4415 1103.75 299.4668015803697
4416 1104 299.4667322174739
4417 1104.25 299.4666629112964
4418 1104.5 299.4665936516178
4419 1104.75 299.4665244259447
4420 1105 299.4664552473914
4421 1105.25 299.4663861748994
4422 1105.5 299.466317173627
4423 1105.75 299.4662481838684
4424 1106 299.4661792033733
4425 1106.25 299.466110231154
4426 1106.5 299.4660387448839
4427 1106.75 299.4659692265972
4428 1107 299.4658998180936
4429 1107.25 299.465830434968
4430 1107.5 299.4657610848948
4431 1107.75 299.465691751123
4432 1108 299.4656224249381
4433 1108.25 299.4655530943106
4434 1108.5 299.4654837553852
4435 1108.75 299.4654144212834
4436 1109 299.4653450951199
4437 1109.25 299.4652753882502
4438 1109.5 299.4652029802384
4439 1109.75 299.4651323752233
4440 1110 299.4650687527745
4441 1110.25 299.4650008183503
4442 1110.5 299.4649311080782
4443 1110.75 299.4648616335095
4444 1111 299.4647928083774
4445 1111.25 299.4647237026231
4446 1111.5 299.4646544204094
4447 1111.75 299.4645850531447
4448 1112 299.4645156216192
4449 1112.25 299.4644461466957
4450 1112.5 299.4643766612905
4451 1112.75 299.4643071910834
4452 1113 299.4642377481464
4453 1113.25 299.4641683455259
4454 1113.5 299.4640989861729
4455 1113.75 299.4640248303684
4456 1114 299.463952341066
4457 1114.25 299.463882109099
4458 1114.5 299.4638131769241
4459 1114.75 299.4637442228395
4460 1115 299.463675248266
4461 1115.25 299.4636062714415
4462 1115.5 299.4635372745458
4463 1115.75 299.4634682566099
4464 1116 299.4633992116089
4465 1116.25 299.4633301318599
4466 1116.5 299.4632610076007
4467 1116.75 299.4631918151862
4468 1117 299.4631225567229
4469 1117.25 299.4630532519136
4470 1117.5 299.4629839141112
4471 1117.75 299.4629145699348
4472 1118 299.4628452648358
4473 1118.25 299.4627760068257
4474 1118.5 299.462706778169
4475 1118.75 299.4626375814195
4476 1119 299.4625679307061
4477 1119.25 299.46249917998
4478 1119.5 299.4624302492464
4479 1119.75 299.4623612140879
4480 1120 299.4622921173907
4481 1120.25 299.4622229574675
4482 1120.5 299.4621537420437
4483 1120.75 299.4620844868559
4484 1121 299.462015210571
4485 1121.25 299.461945939926
4486 1121.5 299.4618766739933
4487 1121.75 299.4618074255079
4488 1122 299.4617382210361
4489 1122.25 299.4616690626049
4490 1122.5 299.4615999318573
4491 1122.75 299.4615308063366
4492 1123 299.4614616669153
4493 1123.25 299.4613925058777
4494 1123.5 299.4613233527738
4495 1123.75 299.4612542513544
4496 1124 299.4611851908639
4497 1124.25 299.4611161571754
4498 1124.5 299.4610471846347
4499 1124.75 299.4609782485355
4500 1125 299.4609093379845
4501 1125.25 299.4608405033498
4502 1125.5 299.4607717748655
4503 1125.75 299.4607031143578
4504 1126 299.4606344702419
4505 1126.25 299.4605658438632
4506 1126.5 299.4604973615045
4507 1126.75 299.4604289456865
4508 1127 299.4603586828919
4509 1127.25 299.4602895692515
4510 1127.5 299.4602202075168
4511 1127.75 299.4601506254078
4512 1128 299.4600809508389
4513 1128.25 299.4600112714489
4514 1128.5 299.4599416206419
4515 1128.75 299.4598720207304
4516 1129 299.4598024682503
4517 1129.25 299.459732967886
4518 1129.5 299.4596635270025
4519 1129.75 299.4595941365588
4520 1130 299.4595247890456
4521 1130.25 299.4594554888463
4522 1130.5 299.4593862395444
4523 1130.75 299.4593170535377
4524 1131 299.4592479439434
4525 1131.25 299.4591788984518
4526 1131.5 299.4591098921248
4527 1131.75 299.4590409166744
4528 1132 299.4589719750053
4529 1132.25 299.4589030582508
4530 1132.5 299.4588341539646
4531 1132.75 299.4587652447361
4532 1133 299.4586963293254
4533 1133.25 299.4586273958967
4534 1133.5 299.4585584290787
4535 1133.75 299.4584894209892
4536 1134 299.4584203670656
4537 1134.25 299.4583512706395
4538 1134.5 299.4582779140097
4539 1134.75 299.4582069102465
4540 1135 299.458137642126
4541 1135.25 299.4580684799159
4542 1135.5 299.4579993411519
4543 1135.75 299.4579302127477
4544 1136 299.4578611014429
4545 1136.25 299.4577919938561
4546 1136.5 299.4577217280903
4547 1136.75 299.4576528819901
4548 1137 299.457583320614
4549 1137.25 299.4575173098636
4550 1137.5 299.4574491695203
4551 1137.75 299.457380251044
4552 1138 299.4573119025628
4553 1138.25 299.4572432436918
4554 1138.5 299.4571743696487
4555 1138.75 299.4571053868218
4556 1139 299.4570363201605
4557 1139.25 299.4569671981757
4558 1139.5 299.456898062507
4559 1139.75 299.456824886095
4560 1140 299.4567544765285
4561 1140.25 299.4566855977832
4562 1140.5 299.456616758406
4563 1140.75 299.45654788055
4564 1141 299.4564789713228
4565 1141.25 299.4564100470668
4566 1141.5 299.4563411080817
4567 1141.75 299.4562721532483
4568 1142 299.4562031764392
4569 1142.25 299.4561341674573
4570 1142.5 299.4560651395045
4571 1142.75 299.4559961163455
4572 1143 299.4559264381413
4573 1143.25 299.455858057256
4574 1143.5 299.455790304877
4575 1143.75 299.4557223155355
4576 1144 299.4556537667343
4577 1144.25 299.4555849341635
4578 1144.5 299.4555159856881
4579 1144.75 299.4554469750864
4580 1145 299.4553779239163
4581 1145.25 299.4553088393282
4582 1145.5 299.4552397319757
4583 1145.75 299.4551706288547
4584 1146 299.4551015373298
4585 1146.25 299.455032448603
4586 1146.5 299.454963383224
4587 1146.75 299.4548943457678
4588 1147 299.4548253251585
4589 1147.25 299.4547563463536
4590 1147.5 299.4546874429617
4591 1147.75 299.4546186250715
4592 1148 299.4545472989834
4593 1148.25 299.4544775560747
4594 1148.5 299.4544090041596
4595 1148.75 299.4543404158917
4596 1149 299.4542717512456
4597 1149.25 299.454203042983
4598 1149.5 299.4541342883874
4599 1149.75 299.4540654947975
4600 1150 299.4539966668053
4601 1150.25 299.4539278160184
4602 1150.5 299.4538589553359
4603 1150.75 299.453790096727
4604 1151 299.4537212481459
4605 1151.25 299.4536524098742
4606 1151.5 299.4535835803734
4607 1151.75 299.4535147605566
4608 1152 299.4534459510857
4609 1152.25 299.4533771552978
4610 1152.5 299.4533083812595
4611 1152.75 299.4532399813079
4612 1153 299.4531718522169
4613 1153.25 299.4531036095069
4614 1153.5 299.4530351716966
4615 1153.75 299.4529667939246
4616 1154 299.4528986376434
4617 1154.25 299.4528305470258
4618 1154.5 299.4527623668123
4619 1154.75 299.4526941038504
4620 1155 299.452625787885
4621 1155.25 299.4525574469911
4622 1155.5 299.4524890928664
4623 1155.75 299.4524191948578
4624 1156 299.4523474039119
4625 1156.25 299.4522768945741
4626 1156.5 299.4522066712062
4627 1156.75 299.4521369522507
4628 1157 299.4520673162838
4629 1157.25 299.4519979598631
4630 1157.5 299.4519290854834
4631 1157.75 299.4518604421986
4632 1158 299.4517884130747
4633 1158.25 299.4517191488336
4634 1158.5 299.4516502520858
4635 1158.75 299.4515860100681
4636 1159 299.4515181534273
4637 1159.25 299.4514505534182
4638 1159.5 299.4513823166241
4639 1159.75 299.4513136638184
4640 1160 299.4512448294468
4641 1160.25 299.4511759489061
4642 1160.5 299.4511070652188
4643 1160.75 299.4510381829491
4644 1161 299.4509693407555
4645 1161.25 299.4509004676265
4646 1161.5 299.4508316032072
4647 1161.75 299.4507628168353
4648 1162 299.450694122271
4649 1162.25 299.4506254043324
4650 1162.5 299.4505566663892
4651 1162.75 299.4504879737229
4652 1163 299.450419356526
4653 1163.25 299.4503506739418
4654 1163.5 299.4502805849662
4655 1163.75 299.4502114150404
4656 1164 299.4501432506453
4657 1164.25 299.4500749689936
4658 1164.5 299.4500065779485
4659 1164.75 299.449938151184
4660 1165 299.4498697063175
4661 1165.25 299.4498012418089
4662 1165.5 299.4497327702805
4663 1165.75 299.449664299542
4664 1166 299.4495958402156
4665 1166.25 299.4495273890691
4666 1166.5 299.4494589407244
4667 1166.75 299.4493940058668
4668 1167 299.4493267245025
4669 1167.25 299.4492585375138
4670 1167.5 299.4491907692046
4671 1167.75 299.4491225946122
4672 1168 299.4490541478416
4673 1168.25 299.4489855337249
4674 1168.5 299.4489168167839
4675 1168.75 299.448848057783
4676 1169 299.4487792848368
4677 1169.25 299.4487105128947
4678 1169.5 299.4486417346279
4679 1169.75 299.4485729459275
4680 1170 299.4485041483354
4681 1170.25 299.4484353492683
4682 1170.5 299.4483665703743
4683 1170.75 299.4482978252052
4684 1171 299.448229112031
4685 1171.25 299.4481604382254
4686 1171.5 299.4480917954687
4687 1171.75 299.4480231804332
4688 1172 299.4479545887524
4689 1172.25 299.4478860119611
4690 1172.5 299.4478174573203
4691 1172.75 299.4477489399212
4692 1173 299.4476804766338
4693 1173.25 299.4476120665901
4694 1173.5 299.4475436803071
4695 1173.75 299.4474752862452
4696 1174 299.4474068795581
4697 1174.25 299.4473384253803
4698 1174.5 299.4472699103622
4699 1174.75 299.4472013680788
4700 1175 299.4471327885319
4701 1175.25 299.4470641961373
4702 1175.5 299.4469956217679
4703 1175.75 299.446927066251
4704 1176 299.4468585415617
4705 1176.25 299.4467900395979
4706 1176.5 299.4467215726887
4707 1176.75 299.4466531467473
4708 1177 299.4465847552482
4709 1177.25 299.4465163746502
4710 1177.5 299.446448002536
4711 1177.75 299.446379643474
4712 1178 299.4463112983484
4713 1178.25 299.4462429667138
4714 1178.5 299.4461746626833
4715 1178.75 299.4461063919588
4716 1179 299.4460381425106
4717 1179.25 299.445969922812
4718 1179.5 299.4459017504699
4719 1179.75 299.4458336283327
4720 1180 299.4457655501766
4721 1180.25 299.4456975019156
4722 1180.5 299.4456294919497
4723 1180.75 299.4455616023859
4724 1181 299.4454929783718
4725 1181.25 299.4454254025329
4726 1181.5 299.4453577744479
4727 1181.75 299.4452900738294
4728 1182 299.4452223570218
4729 1182.25 299.4451546377363
4730 1182.5 299.4450869105272
4731 1182.75 299.44501581628
4732 1183 299.4449516841901
4733 1183.25 299.4448857459122
4734 1183.5 299.4448187790948
4735 1183.75 299.444751280451
4736 1184 299.4446834726214
4737 1184.25 299.4446154351372
4738 1184.5 299.4445472432593
4739 1184.75 299.4444789374525
4740 1185 299.4444105340057
4741 1185.25 299.4443420653696
4742 1185.5 299.4442735677508
4743 1185.75 299.4442050706855
4744 1186 299.444136606529
4745 1186.25 299.4440681721024
4746 1186.5 299.4439997166295
4747 1186.75 299.4439312369988
4748 1187 299.4438627397195
4749 1187.25 299.4437942543227
4750 1187.5 299.4437258080629
4751 1187.75 299.4436573909898
4752 1188 299.4435889717487
4753 1188.25 299.4435204852132
4754 1188.5 299.4434520223353
4755 1188.75 299.4433836953656
4756 1189 299.4433153257255
4757 1189.25 299.4432469385472
4758 1189.5 299.4431784744861
4759 1189.75 299.4431100275132
4760 1190 299.4430417390232
4761 1190.25 299.442973600103
4762 1190.5 299.4429055673373
4763 1190.75 299.4428376304133
4764 1191 299.4427696726118
4765 1191.25 299.4427017451881
4766 1191.5 299.4426338633851
4767 1191.75 299.4425660511745
4768 1192 299.4424982843149
4769 1192.25 299.4424305894229
4770 1192.5 299.4423629362146
4771 1192.75 299.4422952918551
4772 1193 299.4422275955964
4773 1193.25 299.442159906206
4774 1193.5 299.4420922616977
4775 1193.75 299.4420246445849
4776 1194 299.4419570350506
4777 1194.25 299.4418894320859
4778 1194.5 299.4418219301403
4779 1194.75 299.4417544974921
4780 1195 299.4416870229633
4781 1195.25 299.4416195393871
4782 1195.5 299.4415521053756
4783 1195.75 299.4414847185552
4784 1196 299.4414173435213
4785 1196.25 299.4413501118913
4786 1196.5 299.4412829580559
4787 1196.75 299.4412157132756
4788 1197 299.4411483492343
4789 1197.25 299.4410809052343
4790 1197.5 299.4410134128175
4791 1197.75 299.4409459017392
4792 1198 299.4408783970439
4793 1198.25 299.4408100434842
4794 1198.5 299.4407427237201
4795 1198.75 299.4406744687655
4796 1199 299.4406055525657
4797 1199.25 299.4405385414461
4798 1199.5 299.4404723288542
4799 1199.75 299.4404058637397
4800 1200 299.4403387500539
4801 1200.25 299.4402712853735
4802 1200.5 299.4402036577526
4803 1200.75 299.440135943699
4804 1201 299.440068185774
4805 1201.25 299.4400004175163
4806 1201.5 299.4399326561385
4807 1201.75 299.4398649271045
4808 1202 299.4397972377667
4809 1202.25 299.4397295791736
4810 1202.5 299.4396619520342
4811 1202.75 299.4395943236769
4812 1203 299.4395266633309
4813 1203.25 299.4394589748262
4814 1203.5 299.439391269771
4815 1203.75 299.4393235466923
4816 1204 299.439255816249
4817 1204.25 299.439188078036
4818 1204.5 299.4391203385401
4819 1204.75 299.4390526136061
4820 1205 299.4389849026446
4821 1205.25 299.4389172110626
4822 1205.5 299.438849554576
4823 1205.75 299.4387818973873
4824 1206 299.4387142681474
4825 1206.25 299.4386467033365
4826 1206.5 299.4385791501135
4827 1206.75 299.4385116224254
4828 1207 299.4384441477769
4829 1207.25 299.4383766665781
4830 1207.5 299.4383091877614
4831 1207.75 299.4382417497181
4832 1208 299.4381743314117
4833 1208.25 299.4381069683004
4834 1208.5 299.4380396612539
4835 1208.75 299.4379724238425
4836 1209 299.4379052078394
4837 1209.25 299.4378380219077
4838 1209.5 299.4377708854572
4839 1209.75 299.4377038127381
4840 1210 299.4376367911826
4841 1210.25 299.4375697635943
4842 1210.5 299.4375027433006
4843 1210.75 299.4374357888649
4844 1211 299.4373689293644
4845 1211.25 299.4373021417333
4846 1211.5 299.437235396379
4847 1211.75 299.437168696924
4848 1212 299.4371019893318
4849 1212.25 299.4370352454079
4850 1212.5 299.4369684820118
4851 1212.75 299.4369017046293
4852 1213 299.4368349043484
4853 1213.25 299.4367642960322
4854 1213.5 299.436700098866
4855 1213.75 299.4366346251727
4856 1214 299.4365683307708
4857 1214.25 299.4365016550543
4858 1214.5 299.4364348277564
4859 1214.75 299.4363679150392
4860 1215 299.4363009968208
4861 1215.25 299.4362341347344
4862 1215.5 299.4361672588849
4863 1215.75 299.4361002806547
4864 1216 299.4360332003745
4865 1216.25 299.4359660543045
4866 1216.5 299.4358988884732
4867 1216.75 299.4358317546673
4868 1217 299.4357646741411
4869 1217.25 299.4356976432032
4870 1217.5 299.4356306543057
4871 1217.75 299.4355636882385
4872 1218 299.4354967331842
4873 1218.25 299.435429794209
4874 1218.5 299.4353628778322
4875 1218.75 299.4352959903612
4876 1219 299.435229138175
4877 1219.25 299.4351623259557
4878 1219.5 299.4350955490625
4879 1219.75 299.4350287984948
4880 1220 299.4349620639433
4881 1220.25 299.4348953367571
4882 1220.5 299.4348283673374
4883 1220.75 299.4347612140393
4884 1221 299.4346941340202
4885 1221.25 299.434627239833
4886 1221.5 299.4345603194756
4887 1221.75 299.4344933978374
4888 1222 299.4344264751837
4889 1222.25 299.4343594858608
4890 1222.5 299.4342924857799
4891 1222.75 299.4342255469327
4892 1223 299.4341587690852
4893 1223.25 299.4340920049162
4894 1223.5 299.434025261728
4895 1223.75 299.4339584486997
4896 1224 299.4338916184527
4897 1224.25 299.4338248522593
4898 1224.5 299.4337581628434
4899 1224.75 299.4336915316404
4900 1225 299.4336248400978
4901 1225.25 299.4335580923075
4902 1225.5 299.43349141295
4903 1225.75 299.4334248117292
4904 1226 299.4333583275173
4905 1226.25 299.4332918543052
4906 1226.5 299.4332253997339
4907 1226.75 299.4331589550837
4908 1227 299.4330925559527
4909 1227.25 299.4330261673133
4910 1227.5 299.4329598054819
4911 1227.75 299.4328934912407
4912 1228 299.4328272190098
4913 1228.25 299.4327609473393
4914 1228.5 299.4326946888415
4915 1228.75 299.4326284570955
4916 1229 299.432562272353
4917 1229.25 299.4324961549067
4918 1229.5 299.4324301613589
4919 1229.75 299.4323642845245
4920 1230 299.4322984677623
4921 1230.25 299.4322318605071
4922 1230.5 299.4321662317001
4923 1230.75 299.432099745135
4924 1231 299.4320341936137
4925 1231.25 299.4319685928083
4926 1231.5 299.4319029498138
4927 1231.75 299.4318372922875
4928 1232 299.4317716084858
4929 1232.25 299.4317058967121
4930 1232.5 299.4316366930305
4931 1232.75 299.4315692019215
4932 1233 299.431501845097
4933 1233.25 299.4314358476241
4934 1233.5 299.4313697978492
4935 1233.75 299.4313036730609
4936 1234 299.4312375426153
4937 1234.25 299.4311714168414
4938 1234.5 299.4311053085806
4939 1234.75 299.4310392117002
4940 1235 299.4309731076583
4941 1235.25 299.4309070241869
4942 1235.5 299.4308409981541
4943 1235.75 299.4307750586172
4944 1236 299.4307091868
4945 1236.25 299.4306433515275
4946 1236.5 299.4305775113115
4947 1236.75 299.4305117085601
4948 1237 299.4304459435955
4949 1237.25 299.4303802378736
4950 1237.5 299.430314623417
4951 1237.75 299.4302490806271
4952 1238 299.4301835509308
4953 1238.25 299.430118125154
4954 1238.5 299.4300527747471
4955 1238.75 299.4299873914481
4956 1239 299.4299220643481
4957 1239.25 299.4298567973378
4958 1239.5 299.4297916202611
4959 1239.75 299.4297265475425
4960 1240 299.4296615229475
4961 1240.25 299.4295973301664
4962 1240.5 299.4295283187019
4963 1240.75 299.4294651432749
4964 1241 299.4294002127737
4965 1241.25 299.4293356913527
4966 1241.5 299.4292707197485
4967 1241.75 299.4292054517172
4968 1242 299.4291400079829
4969 1242.25 299.4290744219992
4970 1242.5 299.4290087298503
4971 1242.75 299.4289429599391
4972 1243 299.4288771419007
4973 1243.25 299.4288113046413
4974 1243.5 299.428745460606
4975 1243.75 299.4286795501565
4976 1244 299.4286135360078
4977 1244.25 299.4285474586642
4978 1244.5 299.4284813832579
4979 1244.75 299.4284153698284
4980 1245 299.4283494396788
4981 1245.25 299.4282835728943
4982 1245.5 299.4282177621354
4983 1245.75 299.4281520173975
4984 1246 299.428086346508
4985 1246.25 299.428020746645
4986 1246.5 299.4279552254218
4987 1246.75 299.4278897617758
4988 1247 299.4278243329879
4989 1247.25 299.4277589360904
4990 1247.5 299.4276935684379
4991 1247.75 299.427628210242
4992 1248 299.4275628626124
4993 1248.25 299.4274975240293
4994 1248.5 299.4274321568646
4995 1248.75 299.4273668002388
4996 1249 299.4273015201193
4997 1249.25 299.4272362896397
4998 1249.5 299.4271711181785
4999 1249.75 299.4271059904016
5000 1250 299.4270409203183
5001 1250.25 299.4269759059852
5002 1250.5 299.4269109331023
5003 1250.75 299.4268459875141
5004 1251 299.4267810629161
5005 1251.25 299.4267161573308
5006 1251.5 299.4266512722143
5007 1251.75 299.4265864708447
5008 1252 299.4265217343028
5009 1252.25 299.4264570285407
5010 1252.5 299.4263923923486
5011 1252.75 299.4263278157952
5012 1253 299.4262632689141
5013 1253.25 299.4261987428981
5014 1253.5 299.4261342208146
5015 1253.75 299.4260697074125
5016 1254 299.4260052184745
5017 1254.25 299.4259407236221
5018 1254.5 299.4258762153495
5019 1254.75 299.4258119262085
5020 1255 299.4257477596092
5021 1255.25 299.425683456602
5022 1255.5 299.4256189679688
5023 1255.75 299.4255543527998
5024 1256 299.4254896797316
5025 1256.25 299.4254250033653
5026 1256.5 299.4253603336948
5027 1256.75 299.4252956552561
5028 1257 299.4252309742661
5029 1257.25 299.4251662916328
5030 1257.5 299.4251007497757
5031 1257.75 299.4250362410775
5032 1258 299.4249716686042
5033 1258.25 299.4249070290521
5034 1258.5 299.4248415103751
5035 1258.75 299.4247770317558
5036 1259 299.4247125066365
5037 1259.25 299.4246479344266
5038 1259.5 299.4245833547924
5039 1259.75 299.424518783176
5040 1260 299.4244542334397
5041 1260.25 299.424388814485
5042 1260.5 299.4243243957465
5043 1260.75 299.4242558921029
5044 1261 299.4241888524391
5045 1261.25 299.4241240222713
5046 1261.5 299.4240595353855
5047 1261.75 299.4239952112596
5048 1262 299.4239309823245
5049 1262.25 299.4238668026481
5050 1262.5 299.4238026191841
5051 1262.75 299.4237384279532
5052 1263 299.4236742550224
5053 1263.25 299.4236101163557
5054 1263.5 299.4235459936407
5055 1263.75 299.4234818888823
5056 1264 299.4234177964071
5057 1264.25 299.4233537207016
5058 1264.5 299.4232896844206
5059 1264.75 299.4232256800784
5060 1265 299.4231617032129
5061 1265.25 299.4230977656664
5062 1265.5 299.4230338490611
5063 1265.75 299.4229699692481
5064 1266 299.4229061396453
5065 1266.25 299.4228426227083
5066 1266.5 299.4227793254219
5067 1266.75 299.4227159221623
5068 1267 299.4226526276285
5069 1267.25 299.4225893948872
5070 1267.5 299.422526211808
5071 1267.75 299.4224629590378
5072 1268 299.422399605908
5073 1268.25 299.4223363798227
5074 1268.5 299.4222733073621
5075 1268.75 299.4222103494957
5076 1269 299.422147395155
5077 1269.25 299.4220843548423
5078 1269.5 299.422021226227
5079 1269.75 299.4219579668684
5080 1270 299.4218945740571
5081 1270.25 299.4218270229156
5082 1270.5 299.4217602431789
5083 1270.75 299.4216957063395
5084 1271 299.4216314909767
5085 1271.25 299.4215674744982
5086 1271.5 299.4215036372154
5087 1271.75 299.4214397618526
5088 1272 299.4213758692673
5089 1272.25 299.4213121097021
5090 1272.5 299.4212485201109
5091 1272.75 299.42118505405
5092 1273 299.4211206360816
5093 1273.25 299.4210568233921
5094 1273.5 299.420993883982
5095 1273.75 299.4209308155246
5096 1274 299.4208676318185
5097 1274.25 299.4208043861575
5098 1274.5 299.4207410794267
5099 1274.75 299.4206777376118
5100 1275 299.4206143754592
5101 1275.25 299.4205510041007
5102 1275.5 299.4204876558006
5103 1275.75 299.4204243483373
5104 1276 299.4203609180445
5105 1276.25 299.4202981889131
5106 1276.5 299.4202352778987
5107 1276.75 299.4201723066934
5108 1277 299.4201093192066
5109 1277.25 299.420046313192
5110 1277.5 299.4199833008039
5111 1277.75 299.419920277879
5112 1278 299.4198572481304
5113 1278.25 299.4197942248442
5114 1278.5 299.4197312049922
5115 1278.75 299.4196681940255
5116 1279 299.4196051834617
5117 1279.25 299.419542165667
5118 1279.5 299.4194791453982
5119 1279.75 299.4194161321934
5120 1280 299.4193531319122
5121 1280.25 299.4192901552713
5122 1280.5 299.4192272055344
5123 1280.75 299.4191642856911
5124 1281 299.4191013923178
5125 1281.25 299.419038521582
5126 1281.5 299.4189756698468
5127 1281.75 299.418912836696
5128 1282 299.4188500283142
5129 1282.25 299.418787243847
5130 1282.5 299.418724484872
5131 1282.75 299.4186617587193
5132 1283 299.4185990709819
5133 1283.25 299.4185364162784
5134 1283.5 299.4184737873842
5135 1283.75 299.4184112304016
5136 1284 299.4183487431705
5137 1284.25 299.4182863398254
5138 1284.5 299.4182239921842
5139 1284.75 299.4181616908712
5140 1285 299.4180994456744
5141 1285.25 299.4180372581011
5142 1285.5 299.4179751201577
5143 1285.75 299.4179130218582
5144 1286 299.4178509485179
5145 1286.25 299.4177888786413
5146 1286.5 299.4177267945453
5147 1286.75 299.4176646956753
5148 1287 299.4176025945532
5149 1287.25 299.4175404905804
5150 1287.5 299.4174783735348
5151 1287.75 299.417416247333
5152 1288 299.4173541066182
5153 1288.25 299.4172919373223
5154 1288.5 299.4172297350171
5155 1288.75 299.4171674995777
5156 1289 299.4171052297879
5157 1289.25 299.417042931406
5158 1289.5 299.4169806154797
5159 1289.75 299.4169182933054
5160 1290 299.4168559687092
5161 1290.25 299.4167936445646
5162 1290.5 299.4167313320067
5163 1290.75 299.4166690483838
5164 1291 299.4166068091573
5165 1291.25 299.4165446085358
5166 1291.5 299.4164824446465
5167 1291.75 299.4164203066737
5168 1292 299.4163581776506
5169 1292.25 299.4162960632159
5170 1292.5 299.4162339757615
5171 1292.75 299.4161719163492
5172 1293 299.416109881091
5173 1293.25 299.4160478751307
5174 1293.5 299.4159858798758
5175 1293.75 299.4159238900332
5176 1294 299.4158619068731
5177 1294.25 299.4157999211695
5178 1294.5 299.4157378905655
5179 1294.75 299.4156758195684
5180 1295 299.415613695381
5181 1295.25 299.4155515477602
5182 1295.5 299.4154894197067
5183 1295.75 299.4154273438185
5184 1296 299.4153653390969
5185 1296.25 299.415302562004
5186 1296.5 299.4152408260995
5187 1296.75 299.415178286972
5188 1297 299.4151167967017
5189 1297.25 299.4150553583397
5190 1297.5 299.4149931785653
5191 1297.75 299.4149312935673
5192 1298 299.4148702396992
5193 1298.25 299.414809091085
5194 1298.5 299.4147478600106
5195 1298.75 299.4146865530442
5196 1299 299.4146251238433
5197 1299.25 299.4145636385884
5198 1299.5 299.4145022045679
5199 1299.75 299.4144408850954
5200 1300 299.4143796517717
5201 1300.25 299.4143184704486
5202 1300.5 299.4142573206577
5203 1300.75 299.4141962003299
5204 1301 299.4141351085538
5205 1301.25 299.4140740335865
5206 1301.5 299.4140129836658
5207 1301.75 299.4139519536994
5208 1302 299.4138909421768
5209 1302.25 299.4138299566697
5210 1302.5 299.4137689919917
5211 1302.75 299.4137080466231
5212 1303 299.4136471112956
5213 1303.25 299.4135861774201
5214 1303.5 299.4135252482478
5215 1303.75 299.4134643287659
5216 1304 299.4134034434309
5217 1304.25 299.4133426355182
5218 1304.5 299.4132819169012
5219 1304.75 299.4132205045857
5220 1305 299.4131600912003
5221 1305.25 299.4130989131449
5222 1305.5 299.4130386423074
5223 1305.75 299.4129775969498
5224 1306 299.4129174369358
5225 1306.25 299.4128564908155
5226 1306.5 299.4127957785108
5227 1306.75 299.4127359291743
5228 1307 299.4126761431855
5229 1307.25 299.412616503231
5230 1307.5 299.412556869151
5231 1307.75 299.4124971723736
5232 1308 299.4124374111911
5233 1308.25 299.4123789123498
5234 1308.5 299.4123184864688
5235 1308.75 299.4122552159782
5236 1309 299.4121941096509
5237 1309.25 299.4121331459843
5238 1309.5 299.4120722741283
5239 1309.75 299.4120115759772
5240 1310 299.411951114351
5241 1310.25 299.4118907018421
5242 1310.5 299.4118303374919
5243 1310.75 299.4117737761997
5244 1311 299.4117102542525
5245 1311.25 299.4116488870805
5246 1311.5 299.4115889499463
5247 1311.75 299.4115291480143
5248 1312 299.411469383835
5249 1312.25 299.4114096293545
5250 1312.5 299.4113498452438
5251 1312.75 299.4112900252537
5252 1313 299.4112301981388
5253 1313.25 299.4111703917441
5254 1313.5 299.4111106085189
5255 1313.75 299.4110508417345
5256 1314 299.4109910820539
5257 1314.25 299.410931326045
5258 1314.5 299.410871588066
5259 1314.75 299.4108118839521
5260 1315 299.4107522188152
5261 1315.25 299.4106925868991
5262 1315.5 299.4106329807453
5263 1315.75 299.4105733962694
5264 1316 299.4105138715609
5265 1316.25 299.4104545091764
5266 1316.5 299.4103946819352
5267 1316.75 299.4103350256977
5268 1317 299.410276141456
5269 1317.25 299.4102164270801
5270 1317.5 299.4101527132904
5271 1317.75 299.4100975841914
5272 1318 299.4100402512488
5273 1318.25 299.4099819201437
5274 1318.5 299.4099231633998
5275 1318.75 299.4098642155542
5276 1319 299.4098051511541
5277 1319.25 299.4097460001826
5278 1319.5 299.4096867708093
5279 1319.75 299.4096274593118
5280 1320 299.4095680796976
5281 1320.25 299.4095086527884
5282 1320.5 299.4094492075254
5283 1320.75 299.409389783772
5284 1321 299.4093303826113
5285 1321.25 299.4092709841458
5286 1321.5 299.4092115773628
5287 1321.75 299.4091521701511
5288 1322 299.4090927788786
5289 1322.25 299.4090334191822
5290 1322.5 299.4089741140272
5291 1322.75 299.4089148587057
5292 1323 299.4088556519791
5293 1323.25 299.4087964923132
5294 1323.5 299.4087373755406
5295 1323.75 299.4086783020321
5296 1324 299.4086192795351
5297 1324.25 299.4085603319176
5298 1324.5 299.4085014536328
5299 1324.75 299.4084426559024
5300 1325 299.4083839326585
5301 1325.25 299.4083252920893
5302 1325.5 299.4082667186204
5303 1325.75 299.4082081886828
5304 1326 299.408149692367
5305 1326.25 299.4080912393609
5306 1326.5 299.4080328240613
5307 1326.75 299.4079744237894
5308 1327 299.4079160506709
5309 1327.25 299.4078577088984
5310 1327.5 299.407799399615
5311 1327.75 299.4077411185387
5312 1328 299.4076828532686
5313 1328.25 299.4076245930548
5314 1328.5 299.4075663409071
5315 1328.75 299.407508095923
5316 1329 299.4074498503355
5317 1329.25 299.4073915981577
5318 1329.5 299.4073333385314
5319 1329.75 299.4072750793974
5320 1330 299.4072168272783
5321 1330.25 299.4071585808898
5322 1330.5 299.4071003290971
5323 1330.75 299.4070420663131
5324 1331 299.4069837911944
5325 1331.25 299.4069255240185
5326 1331.5 299.4068672818781
5327 1331.75 299.4068090620796
5328 1332 299.4067508829659
5329 1332.25 299.4066927718677
5330 1332.5 299.40663472547
5331 1332.75 299.4065767388379
5332 1333 299.4065187911152
5333 1333.25 299.4064601374445
5334 1333.5 299.4064018158332
5335 1333.75 299.406344356682
5336 1334 299.4062868904538
5337 1334.25 299.4062294227049
5338 1334.5 299.4061719709508
5339 1334.75 299.4061145344309
5340 1335 299.4060571164444
5341 1335.25 299.405999713942
5342 1335.5 299.4059423189963
5343 1335.75 299.4058849262137
5344 1336 299.4058275318836
5345 1336.25 299.4057701270029
5346 1336.5 299.4057125981445
5347 1336.75 299.4056536014237
5348 1337 299.4055952851514
5349 1337.25 299.4055416651887
5350 1337.5 299.4054853920368
5351 1337.75 299.4054293440453
5352 1338 299.4053728191598
5353 1338.25 299.4053159885995
5354 1338.5 299.4052589932077
5355 1338.75 299.4052018583037
5356 1339 299.405143083337
5357 1339.25 299.4050857489675
5358 1339.5 299.4050269785064
5359 1339.75 299.4049682469554
5360 1340 299.4049109413033
5361 1340.25 299.4048536989565
5362 1340.5 299.4047964983145
5363 1340.75 299.4047393622176
5364 1341 299.4046822798194
5365 1341.25 299.4046252612894
5366 1341.5 299.4045683029037
5367 1341.75 299.4045113942174
5368 1342 299.4044545097398
5369 1342.25 299.4043976582521
5370 1342.5 299.4043408614269
5371 1342.75 299.4042841237705
5372 1343 299.404227443819
5373 1343.25 299.4041708217949
5374 1343.5 299.4041142592047
5375 1343.75 299.404057754533
5376 1344 299.4040013032242
5377 1344.25 299.4039448964139
5378 1344.5 299.4038885255287
5379 1344.75 299.4038321907165
5380 1345 299.4037759144815
5381 1345.25 299.4037197088322
5382 1345.5 299.4036635630365
5383 1345.75 299.4036074528585
5384 1346 299.4035513909359
5385 1346.25 299.4034953829508
5386 1346.5 299.4034394222361
5387 1346.75 299.4033810285453
5388 1347 299.4033285114396
5389 1347.25 299.4032741428916
5390 1347.5 299.4032188299726
5391 1347.75 299.4031630812748
5392 1348 299.4031071401215
5393 1348.25 299.4030510920649
5394 1348.5 299.4029949848584
5395 1348.75 299.402938849738
5396 1349 299.4028827161079
5397 1349.25 299.402826592715
5398 1349.5 299.4027704672285
5399 1349.75 299.4027143414406
5400 1350 299.402658216452
5401 1350.25 299.4026021071035
5402 1350.5 299.4025460294202
5403 1350.75 299.4024899941298
5404 1351 299.4024340037407
5405 1351.25 299.402378068827
5406 1351.5 299.4023222026683
5407 1351.75 299.4022664064896
5408 1352 299.4022106636645
5409 1352.25 299.4021549653381
5410 1352.5 299.402099309769
5411 1352.75 299.4020436972604
5412 1353 299.4019881298505
5413 1353.25 299.4019326182629
5414 1353.5 299.4018771700287
5415 1353.75 299.4018217577157
5416 1354 299.4017663505273
5417 1354.25 299.4017109848252
5418 1354.5 299.4016557196182
5419 1354.75 299.4016005122455
5420 1355 299.401545369542
5421 1355.25 299.4014902761618
5422 1355.5 299.4014352336327
5423 1355.75 299.4013802487064
5424 1356 299.4013253343599
5425 1356.25 299.4012704146995
5426 1356.5 299.4012155180904
5427 1356.75 299.4011606353051
5428 1357 299.4011057584617
5429 1357.25 299.401050920261
5430 1357.5 299.400996152501
5431 1357.75 299.4009414792887
5432 1358 299.4008869151882
5433 1358.25 299.4008324395358
5434 1358.5 299.400778049017
5435 1358.75 299.4007237202928
5436 1359 299.4006694143662
5437 1359.25 299.4006151066999
5438 1359.5 299.4005607855951
5439 1359.75 299.4005064478208
5440 1360 299.4004521251932
5441 1360.25 299.400397840499
5442 1360.5 299.4003436052323
5443 1360.75 299.40028944216
5444 1361 299.4002353094066
5445 1361.25 299.4001811301384
5446 1361.5 299.4001261910968
5447 1361.75 299.4000720697773
5448 1362 299.4000178788912
5449 1362.25 299.3999602637173
5450 1362.5 299.3999050977848
5451 1362.75 299.3998503402107
5452 1363 299.3997957768141
5453 1363.25 299.3997413525646
5454 1363.5 299.3996870168772
5455 1363.75 299.3996327324235
5456 1364 299.399578501244
5457 1364.25 299.3995243284591
5458 1364.5 299.3994702187695
5459 1364.75 299.399416146112
5460 1365 299.3993621262786
5461 1365.25 299.399312547061
5462 1365.5 299.3992609445615
5463 1365.75 299.3992083362734
5464 1366 299.3991551891368
5465 1366.25 299.3991017786847
5466 1366.5 299.399048294174
5467 1366.75 299.3989947951163
5468 1367 299.3989413180532
5469 1367.25 299.3988879388663
5470 1367.5 299.3988345701543
5471 1367.75 299.3987810650452
5472 1368 299.3987273797423
5473 1368.25 299.3986735468209
5474 1368.5 299.3986196344388
5475 1368.75 299.3985657076677
5476 1369 299.3985118061888
5477 1369.25 299.3984579469623
5478 1369.5 299.3984041472618
5479 1369.75 299.3983504203321
5480 1370 299.3982967548372
5481 1370.25 299.3982431595277
5482 1370.5 299.3981896379822
5483 1370.75 299.3981361760606
5484 1371 299.3980827745913
5485 1371.25 299.3980294495006
5486 1371.5 299.3979762058632
5487 1371.75 299.3979230428876
5488 1372 299.3978699511757
5489 1372.25 299.3978168990664
5490 1372.5 299.3977638758369
5491 1372.75 299.3977109023216
5492 1373 299.3976580147013
5493 1373.25 299.3976051875139
5494 1373.5 299.3975524072719
5495 1373.75 299.3974992435371
5496 1374 299.397446985159
5497 1374.25 299.3973946971902
5498 1374.5 299.3973424242504
5499 1374.75 299.3972902012699
5500 1375 299.3972380521191
5501 1375.25 299.39718596135
5502 1375.5 299.3971339023431
5503 1375.75 299.3970818317894
5504 1376 299.397029736036
5505 1376.25 299.3969776591349
5506 1376.5 299.3969256180718
5507 1376.75 299.396873581706
5508 1377 299.3968215267368
5509 1377.25 299.3967694300317
5510 1377.5 299.3967173884695
5511 1377.75 299.3966654078521
5512 1378 299.3966134491975
5513 1378.25 299.3965616054674
5514 1378.5 299.3965098133318
5515 1378.75 299.3964579587881
5516 1379 299.3964060265668
5517 1379.25 299.3963540343267
5518 1379.5 299.3963019981005
5519 1379.75 299.3962499502621
5520 1380 299.3961979308581
5521 1380.25 299.3961459712781
5522 1380.5 299.3960940780102
5523 1380.75 299.396042221662
5524 1381 299.3959903893453
5525 1381.25 299.3959385868402
5526 1381.5 299.3958868219456
5527 1381.75 299.3958351241815
5528 1382 299.3957835094648
5529 1382.25 299.3957319721886
5530 1382.5 299.3956805076447
5531 1382.75 299.3956291149262
5532 1383 299.3955777861582
5533 1383.25 299.3955265197799
5534 1383.5 299.3954753172995
5535 1383.75 299.3954241755743
5536 1384 299.3953730928722
5537 1384.25 299.3953239588856
5538 1384.5 299.3952715571476
5539 1384.75 299.3952184123161
5540 1385 299.3951670106886
5541 1385.25 299.3951148050432
5542 1385.5 299.3950637415691
5543 1385.75 299.3950126998865
5544 1386 299.3949616631207
5545 1386.25 299.3949106539123
5546 1386.5 299.3948596871514
5547 1386.75 299.3948088097325
5548 1387 299.3947580179673
5549 1387.25 299.3947072933921
5550 1387.5 299.3946566290365
5551 1387.75 299.3946060046988
5552 1388 299.3945554080925
5553 1388.25 299.3945048456724
5554 1388.5 299.3944543481177
5555 1388.75 299.3944039253541
5556 1389 299.3943535637433
5557 1389.25 299.3943032383702
5558 1389.5 299.3942529585781
5559 1389.75 299.3942027144295
5560 1390 299.3941525265935
5561 1390.25 299.3941023840052
5562 1390.5 299.3940522891706
5563 1390.75 299.3940022342474
5564 1391 299.3939522390877
5565 1391.25 299.3939023345256
5566 1391.5 299.3938525377571
5567 1391.75 299.3938028785556
5568 1392 299.3937533102481
5569 1392.25 299.3937038074536
5570 1392.5 299.3936544225414
5571 1392.75 299.3936051601783
5572 1393 299.3935560259363
5573 1393.25 299.3935069814514
5574 1393.5 299.3934579599137
5575 1393.75 299.3934089394935
5576 1394 299.3933600322288
5577 1394.25 299.3933112067506
5578 1394.5 299.3932623983835
5579 1394.75 299.3932134974577
5580 1395 299.3931644933607
5581 1395.25 299.3931153749739
5582 1395.5 299.3930661189162
5583 1395.75 299.3930167608897
5584 1396 299.3929673552583
5585 1396.25 299.3929179375051
5586 1396.5 299.3928685064627
5587 1396.75 299.3928190416841
5588 1397 299.3927695478597
5589 1397.25 299.392720044129
5590 1397.5 299.3926705386929
5591 1397.75 299.3926210422481
5592 1398 299.3925715829326
5593 1398.25 299.3925221388266
5594 1398.5 299.3924726671395
5595 1398.75 299.392423167348
5596 1399 299.3923736848491
5597 1399.25 299.392324276972
5598 1399.5 299.3922749474396
5599 1399.75 299.3922256904768
5600 1400 299.3921765273857
5601 1400.25 299.3921274640139
5602 1400.5 299.3920784732558
5603 1400.75 299.392029544086
5604 1401 299.391980693866
5605 1401.25 299.3919319235722
5606 1401.5 299.3918832298156
5607 1401.75 299.3918345988222
5608 1402 299.3917860282461
5609 1402.25 299.3917375405124
5610 1402.5 299.3916891034016
5611 1402.75 299.3916407385281
5612 1403 299.39159247276
5613 1403.25 299.3915443279269
5614 1403.5 299.3914962941583
5615 1403.75 299.3914483672548
5616 1404 299.3914005264004
5617 1404.25 299.3913527733163
5618 1404.5 299.3913050886729
5619 1404.75 299.391257484213
5620 1405 299.3912099422526
5621 1405.25 299.3911624752341
5622 1405.5 299.391115055361
5623 1405.75 299.3910676588336
5624 1406 299.391020265727
5625 1406.25 299.3909722552086
5626 1406.5 299.390924957217
5627 1406.75 299.3908770072459
5628 1407 299.3908297360597
5629 1407.25 299.3907823746744
5630 1407.5 299.3907326688603
5631 1407.75 299.390682181325
5632 1408 299.390632314488
5633 1408.25 299.390588955428
5634 1408.5 299.3905424438011
5635 1408.75 299.3904959398083
5636 1409 299.3904489738316
5637 1409.25 299.3904017397442
5638 1409.5 299.3903543849259
5639 1409.75 299.3903069744811
5640 1410 299.3902595607018
5641 1410.25 299.3902121801258
5642 1410.5 299.3901648398689
5643 1410.75 299.390117545921
5644 1411 299.39007031648
5645 1411.25 299.390023161445
5646 1411.5 299.3899760784514
5647 1411.75 299.389929059317
5648 1412 299.3898820853444
5649 1412.25 299.3898351495469
5650 1412.5 299.3897882732379
5651 1412.75 299.389741471162
5652 1413 299.3896947408484
5653 1413.25 299.3896480818763
5654 1413.5 299.389601482318
5655 1413.75 299.3895549168551
5656 1414 299.389508379381
5657 1414.25 299.3894618845979
5658 1414.5 299.3894154578648
5659 1414.75 299.3893691317401
5660 1415 299.3893229073036
5661 1415.25 299.3892767637537
5662 1415.5 299.3892306897034
5663 1415.75 299.3891846691513
5664 1416 299.3891386900981
5665 1416.25 299.389092746785
5666 1416.5 299.3890468385684
5667 1416.75 299.3890008400014
5668 1417 299.3889548108268
5669 1417.25 299.3889088784999
5670 1417.5 299.3888630775375
5671 1417.75 299.3888174051638
5672 1418 299.3887718221826
5673 1418.25 299.3887262916275
5674 1418.5 299.3886808346493
5675 1418.75 299.3886355228698
5676 1419 299.3885903166297
5677 1419.25 299.3885452308352
5678 1419.5 299.3885002534331
5679 1419.75 299.3884553632342
5680 1420 299.3884105116045
5681 1420.25 299.3883656955078
5682 1420.5 299.3883208670564
5683 1420.75 299.388276035032
5684 1421 299.3882312098949
5685 1421.25 299.3881863735409
5686 1421.5 299.3881415258016
5687 1421.75 299.3880966052625
5688 1422 299.3880516640414
5689 1422.25 299.3880067364178
5690 1422.5 299.387961787241
5691 1422.75 299.38791680956
5692 1423 299.3878717557571
5693 1423.25 299.3878266569403
5694 1423.5 299.3877815898641
5695 1423.75 299.3877365287213
5696 1424 299.3876914613086
5697 1424.25 299.3876464102067
5698 1424.5 299.3876014071644
5699 1424.75 299.3875564354446
5700 1425 299.3875114566947
5701 1425.25 299.3874658938794
5702 1425.5 299.3874211351999
5703 1425.75 299.3873763753441
5704 1426 299.387331620804
5705 1426.25 299.3872869223839
5706 1426.5 299.3872422724102
5707 1426.75 299.3871976975216
5708 1427 299.387153213607
5709 1427.25 299.3871088049713
5710 1427.5 299.3870644717026
5711 1427.75 299.3870202261255
5712 1428 299.3869760779377
5713 1428.25 299.3869320197839
5714 1428.5 299.3868880374119
5715 1428.75 299.3868441406042
5716 1429 299.3868003511161
5717 1429.25 299.3867566677669
5718 1429.5 299.3867130701448
5719 1429.75 299.3866695580679
5720 1430 299.3866261264751
5721 1430.25 299.3865827518404
5722 1430.5 299.3865394219197
5723 1430.75 299.3864955655868
5724 1431 299.3864524039093
5725 1431.25 299.3864092242256
5726 1431.5 299.3863660177573
5727 1431.75 299.3863228135475
5728 1432 299.3862796206854
5729 1432.25 299.3862364498316
5730 1432.5 299.3861933018172
5731 1432.75 299.3861501644283
5732 1433 299.3861069271489
5733 1433.25 299.3860635333191
5734 1433.5 299.386020039196
5735 1433.75 299.3859759032417
5736 1434 299.385932059724
5737 1434.25 299.3858889331393
5738 1434.5 299.3858458110311
5739 1434.75 299.3858027215048
5740 1435 299.3857597021218
5741 1435.25 299.3857167782982
5742 1435.5 299.3856739504243
5743 1435.75 299.3856312162281
5744 1436 299.3855885456252
5745 1436.25 299.3855459059179
5746 1436.5 299.385503331042
5747 1436.75 299.3854608360161
5748 1437 299.3854183929346
5749 1437.25 299.3853759826803
5750 1437.5 299.3853336151147
5751 1437.75 299.3852913051701
5752 1438 299.3852490456774
5753 1438.25 299.3852068565405
5754 1438.5 299.3851647232434
5755 1438.75 299.3851226646555
5756 1439 299.3850806710336
5757 1439.25 299.3850387393572
5758 1439.5 299.3849968581427
5759 1439.75 299.3849544931051
5760 1440 299.3849128593512
5761 1440.25 299.3848713803264
5762 1440.5 299.3848300105597
5763 1440.75 299.3847887215075
5764 1441 299.3847474406463
5765 1441.25 299.3847061268461
5766 1441.5 299.384664587243
5767 1441.75 299.3846237669259
5768 1442 299.3845830170338
5769 1442.25 299.3845422299842
5770 1442.5 299.3845014474953
5771 1442.75 299.3844601437344
5772 1443 299.3844193524321
5773 1443.25 299.3843786452167
5774 1443.5 299.3843379644783
5775 1443.75 299.3842972789423
5776 1444 299.384256508929
5777 1444.25 299.3842156815038
5778 1444.5 299.384174783664
5779 1444.75 299.3841337626255
5780 1445 299.3840927441761
5781 1445.25 299.3840517405969
5782 1445.5 299.3840107197731
5783 1445.75 299.3839696839111
5784 1446 299.3839280941195
5785 1446.25 299.3838872011203
5786 1446.5 299.3838462539215
5787 1446.75 299.3838052054251
5788 1447 299.3837640918979
5789 1447.25 299.3837229886773
5790 1447.5 299.3836819085296
5791 1447.75 299.3836408893985
5792 1448 299.3835999622851
5793 1448.25 299.3835591392858
5794 1448.5 299.3835184203925
5795 1448.75 299.3834778046399
5796 1449 299.3834373081198
5797 1449.25 299.383396925545
5798 1449.5 299.3833566647525
5799 1449.75 299.3833165081415
5800 1450 299.3832764556813
5801 1450.25 299.3832360223105
5802 1450.5 299.3831963459015
5803 1450.75 299.3831567540298
5804 1451 299.3831172192298
5805 1451.25 299.383077801274
5806 1451.5 299.3830417695443
5807 1451.75 299.3830038780251
5808 1452 299.3829649420607
5809 1452.25 299.3829259989674
5810 1452.5 299.3828867297434
5811 1452.75 299.3828472748116
5812 1453 299.3828077379897
5813 1453.25 299.3827681774061
5814 1453.5 299.3827286402782
5815 1453.75 299.3826891460875
5816 1454 299.3826496809596
5817 1454.25 299.382610198878
5818 1454.5 299.3825706958769
5819 1454.75 299.3825311841704
5820 1455 299.3824916949776
5821 1455.25 299.3824522462263
5822 1455.5 299.3824128800405
5823 1455.75 299.3823736227714
5824 1456 299.3823344699741
5825 1456.25 299.3822953511055
5826 1456.5 299.382256264111
5827 1456.75 299.3822172476858
5828 1457 299.3821770757291
5829 1457.25 299.3821381073616
5830 1457.5 299.3820992812741
5831 1457.75 299.3820605237232
5832 1458 299.3820218346297
5833 1458.25 299.3819832340425
5834 1458.5 299.381944743935
5835 1458.75 299.381906358125
5836 1459 299.3818680863729
5837 1459.25 299.381829901426
5838 1459.5 299.3817917512091
5839 1459.75 299.3817536535558
5840 1460 299.3817156122259
5841 1460.25 299.3816776361065
5842 1460.5 299.3816397371031
5843 1460.75 299.3816031285376
5844 1461 299.381566228849
5845 1461.25 299.381529045175
5846 1461.5 299.3814917639352
5847 1461.75 299.3814544977874
5848 1462 299.3814172635086
5849 1462.25 299.3813800581918
5850 1462.5 299.3813428696722
5851 1462.75 299.3813056910935
5852 1463 299.3812685413033
5853 1463.25 299.3812314355267
5854 1463.5 299.3811943451112
5855 1463.75 299.3811572628334
5856 1464 299.3811201994886
5857 1464.25 299.3810831542906
5858 1464.5 299.3810461491104
5859 1464.75 299.3810092045913
5860 1465 299.3809723377966
5861 1465.25 299.3809355283831
5862 1465.5 299.3808987840994
5863 1465.75 299.3808621069464
5864 1466 299.3808254482279
5865 1466.25 299.3807888354987
5866 1466.5 299.3807522853791
5867 1466.75 299.3807157680819
5868 1467 299.3806792446353
5869 1467.25 299.3806427116747
5870 1467.5 299.3806061399758
5871 1467.75 299.3805695112845
5872 1468 299.3805328520304
5873 1468.25 299.3804962028694
5874 1468.5 299.3804595996166
5875 1468.75 299.3804230623722
5876 1469 299.3803866021792
5877 1469.25 299.3803502141902
5878 1469.5 299.3803138873784
5879 1469.75 299.3802776160857
5880 1470 299.3802414023701
5881 1470.25 299.3802052393256
5882 1470.5 299.3801691249236
5883 1470.75 299.3801330671518
5884 1471 299.3800970725226
5885 1471.25 299.3800611468657
5886 1471.5 299.3800252930991
5887 1471.75 299.3799895064899
5888 1472 299.3799537855706
5889 1472.25 299.3799161862109
5890 1472.5 299.3798797718779
5891 1472.75 299.3798443234347
5892 1473 299.3798089900101
5893 1473.25 299.3797737171466
5894 1473.5 299.3797384952315
5895 1473.75 299.3797033161626
5896 1474 299.3796681740656
5897 1474.25 299.3796330729027
5898 1474.5 299.3795980332877
5899 1474.75 299.379563055346
5900 1475 299.3795281373773
5901 1475.25 299.3794932736324
5902 1475.5 299.3794584494099
5903 1475.75 299.3794236521056
5904 1476 299.3793888872439
5905 1476.25 299.379354167817
5906 1476.5 299.3793194977699
5907 1476.75 299.3792848606777
5908 1477 299.3792502608002
5909 1477.25 299.3792157126767
5910 1477.5 299.3791812175816
5911 1477.75 299.3791489360024
5912 1478 299.3791152625454
5913 1478.25 299.3790815351034
5914 1478.5 299.3790475837776
5915 1478.75 299.3790135452971
5916 1479 299.3789794914141
5917 1479.25 299.3789454366878
5918 1479.5 299.3789113920278
5919 1479.75 299.3788773674222
5920 1480 299.3788433811418
5921 1480.25 299.3788094546834
5922 1480.5 299.3787755952023
5923 1480.75 299.3787417988086
5924 1481 299.3787080610687
5925 1481.25 299.378674382732
5926 1481.5 299.3786407583998
5927 1481.75 299.3786071859654
5928 1482 299.3785736710761
5929 1482.25 299.3785400940795
5930 1482.5 299.3785064762866
5931 1482.75 299.3784727868099
5932 1483 299.3784391433788
5933 1483.25 299.3784056480796
5934 1483.5 299.3783723302437
5935 1483.75 299.3783391849984
5936 1484 299.3783061268535
5937 1484.25 299.3782756936465
5938 1484.5 299.3782433666175
5939 1484.75 299.3782110557693
5940 1485 299.3781784518559
5941 1485.25 299.3781456899086
5942 1485.5 299.378112856173
5943 1485.75 299.3780800097388
5944 1486 299.3780471369719
5945 1486.25 299.3780142348738
5946 1486.5 299.3779813253707
5947 1486.75 299.3779484431235
5948 1487 299.3779155857175
5949 1487.25 299.3778827694037
5950 1487.5 299.3778500174076
5951 1487.75 299.3778173486799
5952 1488 299.3777847617314
5953 1488.25 299.3777522672428
5954 1488.5 299.3777198932973
5955 1488.75 299.3776875967012
5956 1489 299.3776553730599
5957 1489.25 299.3776232406784
5958 1489.5 299.3775911913743
5959 1489.75 299.3775592385041
5960 1490 299.3775273996245
5961 1490.25 299.3774956424189
5962 1490.5 299.3774639802036
5963 1490.75 299.3774324220666
5964 1491 299.3774009681316
5965 1491.25 299.37736958266
5966 1491.5 299.3773382480376
5967 1491.75 299.3773069629776
5968 1492 299.3772757754892
5969 1492.25 299.3772446945076
5970 1492.5 299.3772136763296
5971 1492.75 299.377182702994
5972 1493 299.3771517917165
5973 1493.25 299.3771209569921
5974 1493.5 299.3770902061639
5975 1493.75 299.3770595301673
5976 1494 299.377028911412
5977 1494.25 299.3769983440094
5978 1494.5 299.376967826171
5979 1494.75 299.3769373541468
5980 1495 299.3769069215853
5981 1495.25 299.3768765278368
5982 1495.5 299.3768461669709
5983 1495.75 299.37681582991
5984 1496 299.376785504899
5985 1496.25 299.3767551732855
5986 1496.5 299.376724826782
5987 1496.75 299.3766944757874
5988 1497 299.3766641334081
5989 1497.25 299.3766338155921
5990 1497.5 299.3766035293004
5991 1497.75 299.3765732785433
5992 1498 299.376543065245
5993 1498.25 299.3765128892477
5994 1498.5 299.3764827557354
5995 1498.75 299.37645267295
5996 1499 299.3764226404699
5997 1499.25 299.3763926570057
5998 1499.5 299.3763627318719
5999 1499.75 299.3763328819362
6000 1500 299.3763031154385
6001 1500.25 299.3762734296128
6002 1500.5 299.3762438056925
6003 1500.75 299.3762142157662
6004 1501 299.3761846463796
6005 1501.25 299.3761551001031
6006 1501.5 299.3761255341703
6007 1501.75 299.3760959574272
6008 1502 299.3760664127456
6009 1502.25 299.3760368703972
6010 1502.5 299.3760069275808
6011 1502.75 299.3759772121174
6012 1503 299.3759479898484
6013 1503.25 299.3759180854557
6014 1503.5 299.3758886990785
6015 1503.75 299.3758591460995
6016 1504 299.3758302699788
6017 1504.25 299.3758008688174
6018 1504.5 299.3757732451304
6019 1504.75 299.3757494677314
6020 1505 299.3757225673485
6021 1505.25 299.3756952705796
6022 1505.5 299.3756675604937
6023 1505.75 299.3756396394944
6024 1506 299.375611621405
6025 1506.25 299.3755835672907
6026 1506.5 299.375555507661
6027 1506.75 299.3755274505639
6028 1507 299.3754993989373
6029 1507.25 299.3754713679481
6030 1507.5 299.3754433756123
6031 1507.75 299.3754154429434
6032 1508 299.3753875835669
6033 1508.25 299.3753598097762
6034 1508.5 299.3753321235705
6035 1508.75 299.3753045200544
6036 1509 299.3752770015865
6037 1509.25 299.3752495647531
6038 1509.5 299.3752221948623
6039 1509.75 299.375194884084
6040 1510 299.3751676306048
6041 1510.25 299.3751404264656
6042 1510.5 299.3751132742564
6043 1510.75 299.3750861780641
6044 1511 299.3750591342292
6045 1511.25 299.3750321420789
6046 1511.5 299.3750052022186
6047 1511.75 299.3749783189481
6048 1512 299.3749514881886
6049 1512.25 299.3749246581394
6050 1512.5 299.3748977289003
6051 1512.75 299.3748707253463
6052 1513 299.3748437219139
6053 1513.25 299.3748167873676
6054 1513.5 299.3747899465866
6055 1513.75 299.3747632268078
6056 1514 299.3747363843418
6057 1514.25 299.3747095315744
6058 1514.5 299.3746827364499
6059 1514.75 299.3746561072907
6060 1515 299.3746295204954
6061 1515.25 299.3746030400391
6062 1515.5 299.374576659974
6063 1515.75 299.3745504439605
6064 1516 299.3745243738937
6065 1516.25 299.3744983707417
6066 1516.5 299.3744725066426
6067 1516.75 299.3744467717723
6068 1517 299.3744211818698
6069 1517.25 299.3743956548465
6070 1517.5 299.374370194561
6071 1517.75 299.3743448389498
6072 1518 299.3743195182827
6073 1518.25 299.3742942360649
6074 1518.5 299.3742690164572
6075 1518.75 299.3742438527178
6076 1519 299.3742187495178
6077 1519.25 299.3741937148652
6078 1519.5 299.374168743028
6079 1519.75 299.3741438334222
6080 1520 299.3741190049591
6081 1520.25 299.3740940890885
6082 1520.5 299.3740696580658
6083 1520.75 299.3740449554434
6084 1521 299.3740206414523
6085 1521.25 299.373996209832
6086 1521.5 299.3739721964416
6087 1521.75 299.3739482466219
6088 1522 299.3739243624988
6089 1522.25 299.3739005287482
6090 1522.5 299.3738764366256
6091 1522.75 299.3738526493168
6092 1523 299.3738287893805
6093 1523.25 299.373804904962
6094 1523.5 299.3737810654146
6095 1523.75 299.3737572919655
6096 1524 299.3737336009573
6097 1524.25 299.3737101794636
6098 1524.5 299.3736869281714
6099 1524.75 299.3736636299417
6100 1525 299.3736402331735
6101 1525.25 299.3736121442893
6102 1525.5 299.3735864762402
6103 1525.75 299.3735604003821
6104 1526 299.3735359874102
6105 1526.25 299.3735126521569
6106 1526.5 299.3734895886956
6107 1526.75 299.3734665763391
6108 1527 299.373443654135
6109 1527.25 299.3734208158594
6110 1527.5 299.3733980163875
6111 1527.75 299.3733752233701
6112 1528 299.3733524220033
6113 1528.25 299.373329613491
6114 1528.5 299.3733068186875
6115 1528.75 299.3732840651961
6116 1529 299.373261359902
6117 1529.25 299.3732387021488
6118 1529.5 299.3732160974003
6119 1529.75 299.3731935557407
6120 1530 299.3731710830886
6121 1530.25 299.3731486727868
6122 1530.5 299.3731263127463
6123 1530.75 299.3731039971977
6124 1531 299.3730817296953
6125 1531.25 299.3730595140414
6126 1531.5 299.3730373494997
6127 1531.75 299.3730152414026
6128 1532 299.3729931931261
6129 1532.25 299.3729712040881
6130 1532.5 299.3729492770149
6131 1532.75 299.3729274162978
6132 1533 299.3729056205445
6133 1533.25 299.3728841364766
6134 1533.5 299.3728628943228
6135 1533.75 299.3728401594343
6136 1534 299.3728183594442
6137 1534.25 299.3727967678928
6138 1534.5 299.3727751005992
6139 1534.75 299.3727534329642
6140 1535 299.3727318467706
6141 1535.25 299.3727104398872
6142 1535.5 299.3726891482559
6143 1535.75 299.3726679889068
6144 1536 299.3726469973306
6145 1536.25 299.3726261010614
6146 1536.5 299.3726052099826
6147 1536.75 299.3725843033152
6148 1537 299.3725634200963
6149 1537.25 299.3725425894193
6150 1537.5 299.3725218209016
6151 1537.75 299.3725011136405
6152 1538 299.372480478004
6153 1538.25 299.3724599093028
6154 1538.5 299.3724394024242
6155 1538.75 299.3724189728387
6156 1539 299.3723986038547
6157 1539.25 299.372378305088
6158 1539.5 299.3723580976769
6159 1539.75 299.3723379544894
6160 1540 299.3723178866271
6161 1540.25 299.3722978808309
6162 1540.5 299.3722779502017
6163 1540.75 299.3722580867429
6164 1541 299.3722383156151
6165 1541.25 299.3722189224654
6166 1541.5 299.3721998132366
6167 1541.75 299.3721806781082
6168 1542 299.372161158505
6169 1542.25 299.3721416452967
6170 1542.5 299.372122331236
6171 1542.75 299.3721034693523
6172 1543 299.3720847099096
6173 1543.25 299.3720660011252
6174 1543.5 299.3720473604498
6175 1543.75 299.3720287220411
6176 1544 299.3720100724614
6177 1544.25 299.3719913666543
6178 1544.5 299.3719725987392
6179 1544.75 299.3719538146245
6180 1545 299.3719350560546
6181 1545.25 299.3719163415021
6182 1545.5 299.3718976718635
6183 1545.75 299.3718790583797
6184 1546 299.371860288614
6185 1546.25 299.3718417979419
6186 1546.5 299.3718226505261
6187 1546.75 299.3718040775199
6188 1547 299.3717855713087
6189 1547.25 299.3717671152337
6190 1547.5 299.3717486740649
6191 1547.75 299.3717300557019
6192 1548 299.3717113459957
6193 1548.25 299.3716926936242
6194 1548.5 299.3716741271746
6195 1548.75 299.3716556950869
6196 1549 299.3716374382128
6197 1549.25 299.3716193434138
6198 1549.5 299.3716013627923
6199 1549.75 299.3715834795731
6200 1550 299.371565716287
6201 1550.25 299.3715480414202
6202 1550.5 299.3715305250643
6203 1550.75 299.3728212516851
6204 1551 299.374020425571
6205 1551.25 299.3748394037169
6206 1551.5 299.3764010726869
6207 1551.75 299.3779895531433
6208 1552 299.3791441364768
6209 1552.25 299.3810635984873
6210 1552.5 299.3830024091905
6211 1552.75 299.3849761359578
6212 1553 299.3868658015289
6213 1553.25 299.3891523396871
6214 1553.5 299.3911928669195
6215 1553.75 299.3928859357321
6216 1554 299.3957773744864
6217 1554.25 299.3982458578718
6218 1554.5 299.4002960384621
6219 1554.75 299.4035720168304
6220 1555 299.4064160728528
6221 1555.25 299.4096107535744
6222 1555.5 299.4125846711599
6223 1555.75 299.4157473546245
6224 1556 299.4184177190719
6225 1556.25 299.4221244969726
6226 1556.5 299.4259967443494
6227 1556.75 299.4291649888934
6228 1557 299.4334954291328
6229 1557.25 299.4377105950711
6230 1557.5 299.4418938629278
6231 1557.75 299.4463976484816
6232 1558 299.4511530049994
6233 1558.25 299.4561123066763
6234 1558.5 299.4614710753371
6235 1558.75 299.467182260045
6236 1559 299.4733363358629
6237 1559.25 299.4799007979437
6238 1559.5 299.4871587655501
6239 1559.75 299.4955032663343
6240 1560 299.5034326656266
6241 1560.25 299.5107835643507
6242 1560.5 299.5175656119308
6243 1560.75 299.5238722712099
6244 1561 299.5297813070576
6245 1561.25 299.5353530081156
6246 1561.5 299.5406275927002
6247 1561.75 299.545645580341
6248 1562 299.550437006274
6249 1562.25 299.5550263552083
6250 1562.5 299.5594344521609
6251 1562.75 299.5636790420078
6252 1563 299.5677752629653
6253 1563.25 299.5717360988305
6254 1563.5 299.5755727463375
6255 1563.75 299.5792949207473
6256 1564 299.5829108105454
6257 1564.25 299.5864272386318
6258 1564.5 299.5898518175188
6259 1564.75 299.5931892271537
6260 1565 299.5964457248228
6261 1565.25 299.5996247445385
6262 1565.5 299.6027310174047
6263 1565.75 299.6057690131965
6264 1566 299.608742507743
6265 1566.25 299.6116533284053
6266 1566.5 299.6145044205033
6267 1566.75 299.6173001539946
6268 1567 299.6200435502025
6269 1567.25 299.6227368797821
6270 1567.5 299.6253822027998
6271 1567.75 299.6279814418679
6272 1568 299.6305363946394
6273 1568.25 299.6330487451579
6274 1568.5 299.6355200734801
6275 1568.75 299.6379518644567
6276 1569 299.6403455153299
6277 1569.25 299.6427023432674
6278 1569.5 299.6450235914469
6279 1569.75 299.6473104346938
6280 1570 299.6495639846956
6281 1570.25 299.6517852943917
6282 1570.5 299.6539753626951
6283 1570.75 299.6561351380885
6284 1571 299.6582655221161
6285 1571.25 299.6603673725721
6286 1571.5 299.662441506474
6287 1571.75 299.6644887026488
6288 1572 299.6665097044975
6289 1572.25 299.6685052218363
6290 1572.5 299.6704759332721
6291 1572.75 299.6724224880382
6292 1573 299.6743455077634
6293 1573.25 299.6762455881113
6294 1573.5 299.6781233002984
6295 1573.75 299.6799791924955
6296 1574 299.6818137911262
6297 1574.25 299.6836276020784
6298 1574.5 299.6854211118293
6299 1574.75 299.6871947884931
6300 1575 299.6889490827973
6301 1575.25 299.6906844289894
6302 1575.5 299.6924012443062
6303 1575.75 299.6940999349094
6304 1576 299.6957808897889
6305 1576.25 299.6974444850562
6306 1576.5 299.6990910841897
6307 1576.75 299.70072103857
6308 1577 299.7023346880236
6309 1577.25 299.7039323613512
6310 1577.5 299.7055143768309
6311 1577.75 299.707081042691
6312 1578 299.708632657558
6313 1578.25 299.7101695108776
6314 1578.5 299.7116918833139
6315 1578.75 299.7132000471262
6316 1579 299.7146942665239
6317 1579.25 299.716174798002
6318 1579.5 299.7176418906587
6319 1579.75 299.7190957864928
6320 1580 299.7205367206893
6321 1580.25 299.721964921889
6322 1580.5 299.7233806124453
6323 1580.75 299.7247840086667
6324 1581 299.726175321045
6325 1581.25 299.7275547544734
6326 1581.5 299.7289225084541
6327 1581.75 299.7302787772953
6328 1582 299.7316237503029
6329 1582.25 299.7329576119568
6330 1582.5 299.7342805420801
6331 1582.75 299.7355927160066
6332 1583 299.7368943047352
6333 1583.25 299.7381854750773
6334 1583.5 299.7394663897991
6335 1583.75 299.7407372077495
6336 1584 299.7419980839927
6337 1584.25 299.7432491699342
6338 1584.5 299.744490613441
6339 1584.75 299.7457225589536
6340 1585 299.7469451475948
6341 1585.25 299.748158517273
6342 1585.5 299.7493628027814
6343 1585.75 299.7505581358921
6344 1586 299.7517446454528
6345 1586.25 299.7529224574715
6346 1586.5 299.7540916952008
6347 1586.75 299.7552524792219
6348 1587 299.7564049275202
6349 1587.25 299.7575491555609
6350 1587.5 299.7586852763623
6351 1587.75 299.7598134005657
6352 1588 299.7609336365028
6353 1588.25 299.76204609026
6354 1588.5 299.7631508657419
6355 1588.75 299.7642480647302
6356 1589 299.7653377869426
6357 1589.25 299.7664201300877
6358 1589.5 299.7674951899191
6359 1589.75 299.7685630602865
6360 1590 299.7696238341391
6361 1590.25 299.7706776007146
6362 1590.5 299.7717244468689
6363 1590.75 299.7727644612617
6364 1591 299.7737977287205
6365 1591.25 299.7748243326358
6366 1591.5 299.7758443548377
6367 1591.75 299.7768578756226
6368 1592 299.7778649737879
6369 1592.25 299.7788657264069
6370 1592.5 299.7798602097752
6371 1592.75 299.7808484981342
6372 1593 299.7818306646673
6373 1593.25 299.7828067812998
6374 1593.5 299.7837769185722
6375 1593.75 299.7847411457463
6376 1594 299.7856995308435
6377 1594.25 299.7866521406763
6378 1594.5 299.7875990408788
6379 1594.75 299.7885402959345
6380 1595 299.7894759692047
6381 1595.25 299.7904050198001
6382 1595.5 299.7913284077036
6383 1595.75 299.7922464221973
6384 1596 299.7931591218568
6385 1596.25 299.7940665642705
6386 1596.5 299.7949688060604
6387 1596.75 299.7958659029047
6388 1597 299.7967579095583
6389 1597.25 299.7976448798734
6390 1597.5 299.7985268668191
6391 1597.75 299.7994039225012
6392 1598 299.8002760981809
6393 1598.25 299.8011434442936
6394 1598.5 299.8020060104656
6395 1598.75 299.8028638455328
6396 1599 299.8037169975561
6397 1599.25 299.8045655138392
6398 1599.5 299.805409440944
6399 1599.75 299.8062488247064
6400 1600 299.8070837102517
6401 1600.25 299.80791414201
6402 1600.5 299.8087401637298
6403 1600.75 299.8095618184922
6404 1601 299.8103791487251
6405 1601.25 299.8111921962166
6406 1601.5 299.8120010021274
6407 1601.75 299.8128056070046
6408 1602 299.8136060507628
6409 1602.25 299.8144023727531
6410 1602.5 299.8151946123285
6411 1602.75 299.8159828076928
6412 1603 299.8167669953369
6413 1603.25 299.8175472127234
6414 1603.5 299.8183234966128
6415 1603.75 299.8190958831365
6416 1604 299.8198644078691
6417 1604.25 299.8206291058664
6418 1604.5 299.8213900116847
6419 1604.75 299.8221471593944
6420 1605 299.8229005825916
6421 1605.25 299.8236503144073
6422 1605.5 299.8243963875174
6423 1605.75 299.8251388341511
6424 1606 299.8258776860995
6425 1606.25 299.8266129747246
6426 1606.5 299.8273447309666
6427 1606.75 299.8280729853523
6428 1607 299.8287977680021
6429 1607.25 299.8295191086382
6430 1607.5 299.8302370365914
6431 1607.75 299.8309515808092
6432 1608 299.8316627698619
6433 1608.25 299.83237063195
6434 1608.5 299.8330751949113
6435 1608.75 299.8337764862269
6436 1609 299.8344745330282
6437 1609.25 299.8351693621029
6438 1609.5 299.8358609999014
6439 1609.75 299.8365494725426
6440 1610 299.8372348058198
6441 1610.25 299.8379170252069
6442 1610.5 299.8385961558641
6443 1610.75 299.8392722226426
6444 1611 299.839945250091
6445 1611.25 299.8406152624598
6446 1611.5 299.8412822837076
6447 1611.75 299.8419463375049
6448 1612 299.8426074472401
6449 1612.25 299.8432656360241
6450 1612.5 299.843920926695
6451 1612.75 299.8445733418227
6452 1613 299.8452229037136
6453 1613.25 299.8458696344147
6454 1613.5 299.846513555719
6455 1613.75 299.8471546891683
6456 1614 299.8477930560585
6457 1614.25 299.8484286774435
6458 1614.5 299.8490615741389
6459 1614.75 299.849691766726
6460 1615 299.8503192755563
6461 1615.25 299.8509441207544
6462 1615.5 299.8515663222223
6463 1615.75 299.8521858996427
6464 1616 299.8528028724832
6465 1616.25 299.8534172599986
6466 1616.5 299.8540290812355
6467 1616.75 299.8546383550349
6468 1617 299.8552451000355
6469 1617.25 299.8558493346775
6470 1617.5 299.856451077205
6471 1617.75 299.8570503456695
6472 1618 299.8576471579331
6473 1618.25 299.8582415316708
6474 1618.5 299.8588334843744
6475 1618.75 299.8594230333541
6476 1619 299.8600101957427
6477 1619.25 299.8605949884969
6478 1619.5 299.8611774284009
6479 1619.75 299.8617575320692
6480 1620 299.8623353159485
6481 1620.25 299.86291079632
6482 1620.5 299.8634839893034
6483 1620.75 299.8640549108574
6484 1621 299.8646235767832
6485 1621.25 299.8651900027268
6486 1621.5 299.865754204181
6487 1621.75 299.8663161964879
6488 1622 299.8668759948405
6489 1622.25 299.867433614286
6490 1622.5 299.8679890697267
6491 1622.75 299.868542375923
6492 1623 299.8690935474949
6493 1623.25 299.8696425738273
6494 1623.5 299.8701867102087
6495 1623.75 299.8707287706492
6496 1624 299.8712687691765
6497 1624.25 299.8718067196864
6498 1624.5 299.8723426359456
6499 1624.75 299.8728765315929
6500 1625 299.8734084201408
6501 1625.25 299.8739383149779
6502 1625.5 299.8744662293706
6503 1625.75 299.8749921764639
6504 1626 299.8755161692841
6505 1626.25 299.8760382207398
6506 1626.5 299.8765583436237
6507 1626.75 299.8770765506142
6508 1627 299.877592854277
6509 1627.25 299.8781072670664
6510 1627.5 299.8786198013271
6511 1627.75 299.8791304692951
6512 1628 299.8796392830999
6513 1628.25 299.8801462547653
6514 1628.5 299.880651396211
6515 1628.75 299.8811547192539
6516 1629 299.8816562356097
6517 1629.25 299.8821559568939
6518 1629.5 299.882653894623
6519 1629.75 299.8831500602162
6520 1630 299.8836444649963
6521 1630.25 299.8841371201909
6522 1630.5 299.8846280369337
6523 1630.75 299.8851172262658
6524 1631 299.8856046991367
6525 1631.25 299.8860904664054
6526 1631.5 299.8865745388417
6527 1631.75 299.8870569271272
6528 1632 299.8875376418562
6529 1632.25 299.8880166935371
6530 1632.5 299.888494092593
6531 1632.75 299.8889698493634
6532 1633 299.8894439741046
6533 1633.25 299.8899164769907
6534 1633.5 299.8903873681151
6535 1633.75 299.8908566574909
6536 1634 299.8913243550521
6537 1634.25 299.8917904706544
6538 1634.5 299.8922550140765
6539 1634.75 299.8927179950204
6540 1635 299.8931794231127
6541 1635.25 299.8936393079052
6542 1635.5 299.8940976588761
6543 1635.75 299.8945544854305
6544 1636 299.8950097969015
6545 1636.25 299.8954636025505
6546 1636.5 299.8959159115687
6547 1636.75 299.8963667330776
6548 1637 299.8968160761295
6549 1637.25 299.8972639497085
6550 1637.5 299.8977103627314
6551 1637.75 299.898155324048
6552 1638 299.8985988424423
6553 1638.25 299.8990409266329
6554 1638.5 299.899481585274
6555 1638.75 299.8999208269556
6556 1639 299.9003586602046
6557 1639.25 299.9007950934853
6558 1639.5 299.9012301352004
6559 1639.75 299.9016637936908
6560 1640 299.9020960772373
6561 1640.25 299.9025269940747
6562 1640.5 299.9029565522811
6563 1640.75 299.9033847600678
6564 1641 299.9038116254022
6565 1641.25 299.9042371562881
6566 1641.5 299.9046613606681
6567 1641.75 299.9050842464216
6568 1642 299.9055058213689
6569 1642.25 299.9059260932736
6570 1642.5 299.9063450698438
6571 1642.75 299.9067627587329
6572 1643 299.9071791675408
6573 1643.25 299.9075943038139
6574 1643.5 299.9080081750462
6575 1643.75 299.9084207886794
6576 1644 299.908832152104
6577 1644.25 299.909242272659
6578 1644.5 299.9096511576328
6579 1644.75 299.9100588142642
6580 1645 299.9104652497421
6581 1645.25 299.910870471206
6582 1645.5 299.9112744857468
6583 1645.75 299.9116773004075
6584 1646 299.912078922183
6585 1646.25 299.9124793580208
6586 1646.5 299.9128786148218
6587 1646.75 299.91327669944
6588 1647 299.9136736186836
6589 1647.25 299.9140693793153
6590 1647.5 299.9144639880522
6591 1647.75 299.9148574515668
6592 1648 299.9152497764872
6593 1648.25 299.9156409693974
6594 1648.5 299.9160310368379
6595 1648.75 299.9164199853058
6596 1649 299.9168078212552
6597 1649.25 299.9171945510984
6598 1649.5 299.9175801812049
6599 1649.75 299.9179647179027
6600 1650 299.9183481674785
6601 1650.25 299.9187305361777
6602 1650.5 299.9191118302054
6603 1650.75 299.9194920557262
6604 1651 299.9198712188648
6605 1651.25 299.9202493257062
6606 1651.5 299.9206263822961
6607 1651.75 299.9210023946413
6608 1652 299.92137736871
6609 1652.25 299.9217513104318
6610 1652.5 299.9221242256988
6611 1652.75 299.9224961203651
6612 1653 299.9228670002475
6613 1653.25 299.9232368711258
6614 1653.5 299.9236057387428
6615 1653.75 299.9239736088052
6616 1654 299.9243404869833
6617 1654.25 299.9247063789118
6618 1654.5 299.9250712901897
6619 1654.75 299.9254352263804
6620 1655 299.9257976973997
6621 1655.25 299.9261591984158
6622 1655.5 299.9265197441534
6623 1655.75 299.926879340014
6624 1656 299.9272379913648
6625 1656.25 299.9275957035402
6626 1656.5 299.9279524818412
6627 1656.75 299.9283083315358
6628 1657 299.92866325786
6629 1657.25 299.9290172660164
6630 1657.5 299.9293703611765
6631 1657.75 299.9297225484793
6632 1658 299.9300738330326
6633 1658.25 299.9304242199125
6634 1658.5 299.9307737141639
6635 1658.75 299.9311223208013
6636 1659 299.931470044808
6637 1659.25 299.9318168911371
6638 1659.5 299.9321628647116
6639 1659.75 299.9325079704241
6640 1660 299.9328522131377
6641 1660.25 299.9331955976861
6642 1660.5 299.9335381288733
6643 1660.75 299.9338798114746
6644 1661 299.9342206502363
6645 1661.25 299.9345606498758
6646 1661.5 299.934899815082
6647 1661.75 299.935238150516
6648 1662 299.9355756608103
6649 1662.25 299.93591235057
6650 1662.5 299.9362482243722
6651 1662.75 299.9365832867667
6652 1663 299.9369175422759
6653 1663.25 299.9372509953955
6654 1663.5 299.937583650594
6655 1663.75 299.9379155123132
6656 1664 299.9382465849686
6657 1664.25 299.9385768729493
6658 1664.5 299.9389063806183
6659 1664.75 299.9392351123127
6660 1665 299.9395630723439
6661 1665.25 299.9398902649976
6662 1665.5 299.9402166945343
6663 1665.75 299.9405423651891
6664 1666 299.940867281172
6665 1666.25 299.9411914466686
6666 1666.5 299.9415148658392
6667 1666.75 299.9418371335125
6668 1667 299.9421568484991
6669 1667.25 299.9424758430697
6670 1667.5 299.9427941212065
6671 1667.75 299.9431116868686
6672 1668 299.9434285439921
6673 1668.25 299.9437446964899
6674 1668.5 299.944060148252
6675 1668.75 299.9443749031455
6676 1669 299.944688965015
6677 1669.25 299.9450023376824
6678 1669.5 299.9453150249475
6679 1669.75 299.945627030588
6680 1670 299.9459383583597
6681 1670.25 299.9462490119964
6682 1670.5 299.9465589952104
6683 1670.75 299.9468683116925
6684 1671 299.947176965112
6685 1671.25 299.947484959117
6686 1671.5 299.9477922973347
6687 1671.75 299.9480989833712
6688 1672 299.9484050208117
6689 1672.25 299.9487104132208
6690 1672.5 299.9490151641426
6691 1672.75 299.9493192771009
6692 1673 299.9496227555989
6693 1673.25 299.9499256031201
6694 1673.5 299.9502278231275
6695 1673.75 299.9505294190645
6696 1674 299.9508303943548
6697 1674.25 299.9511307524023
6698 1674.5 299.9514304965916
6699 1674.75 299.9517296302876
6700 1675 299.9520281568364
6701 1675.25 299.9523260795645
6702 1675.5 299.9526234017798
6703 1675.75 299.9529201267711
6704 1676 299.9532162578085
6705 1676.25 299.9535117981435
6706 1676.5 299.9538067510089
6707 1676.75 299.9541011196193
6708 1677 299.9543949071709
6709 1677.25 299.9546881168417
6710 1677.5 299.9549807517919
6711 1677.75 299.9552728151633
6712 1678 299.9555643100803
6713 1678.25 299.9558552396493
6714 1678.5 299.9561456069592
6715 1678.75 299.9564354150815
6716 1679 299.9567246670702
6717 1679.25 299.957013365962
6718 1679.5 299.9573015147763
6719 1679.75 299.9575891165159
6720 1680 299.9578761741662
6721 1680.25 299.9581626906959
6722 1680.5 299.9584486690569
6723 1680.75 299.9587341121846
6724 1681 299.9590190229976
6725 1681.25 299.9593034043983
6726 1681.5 299.9595872592727
6727 1681.75 299.9598705904905
6728 1682 299.9601534009054
6729 1682.25 299.9604356933548
6730 1682.5 299.9607174706604
6731 1682.75 299.9609987356281
6732 1683 299.9612794910478
6733 1683.25 299.961559739694
6734 1683.5 299.9618394843254
6735 1683.75 299.9621187276853
6736 1684 299.9623974725021
6737 1684.25 299.9626757214882
6738 1684.5 299.9629534773414
6739 1684.75 299.9632307427439
6740 1685 299.9635075203634
6741 1685.25 299.9637838128523
6742 1685.5 299.9640596228487
6743 1685.75 299.9643349529753
6744 1686 299.9646098058407
6745 1686.25 299.9648841840386
6746 1686.5 299.9651580901486
6747 1686.75 299.9654315267355
6748 1687 299.9657044963504
6749 1687.25 299.9659770015295
6750 1687.5 299.9662490447953
6751 1687.75 299.9665206286564
6752 1688 299.966791755607
6753 1688.25 299.9670624281277
6754 1688.5 299.9673326486854
6755 1688.75 299.9676024197331
6756 1689 299.9678717437104
6757 1689.25 299.9681406230432
6758 1689.5 299.9684090601439
6759 1689.75 299.9686770574118
6760 1690 299.9689446172325
6761 1690.25 299.9692117419788
6762 1690.5 299.96947843401
6763 1690.75 299.9697446956727
6764 1691 299.9700105293001
6765 1691.25 299.9702759372129
6766 1691.5 299.9705409217185
6767 1691.75 299.970805485112
6768 1692 299.9710696296756
6769 1692.25 299.9713333576789
6770 1692.5 299.9715966713792
6771 1692.75 299.9718595730208
6772 1693 299.9721220648362
6773 1693.25 299.9723841490452
6774 1693.5 299.9726458278556
6775 1693.75 299.9729071034628
6776 1694 299.9731679780504
6777 1694.25 299.9734284537895
6778 1694.5 299.9736885328398
6779 1694.75 299.9739482173488
6780 1695 299.9742075094538
6781 1695.25 299.9744664112769
6782 1695.5 299.9747249249301
6783 1695.75 299.9749830525143
6784 1696 299.975240796119
6785 1696.25 299.9754981578216
6786 1696.5 299.9757551396887
6787 1696.75 299.9760117437751
6788 1697 299.9762679721246
6789 1697.25 299.9765238267695
6790 1697.5 299.976778207073
6791 1697.75 299.9770316933109
6792 1698 299.9772848217684
6793 1698.25 299.9775375943756
6794 1698.5 299.9777900130527
6795 1698.75 299.9780420797093
6796 1699 299.9782937962444
6797 1699.25 299.9785451645465
6798 1699.5 299.9787961864941
6799 1699.75 299.9790468639554
6800 1700 299.9792971987882
6801 1700.25 299.9795471928403
6802 1700.5 299.9797968479495
6803 1700.75 299.9800461659434
6804 1701 299.9802951486399
6805 1701.25 299.9805437978468
6806 1701.5 299.9807921153621
6807 1701.75 299.9810401029739
6808 1702 299.9812877624608
6809 1702.25 299.9815350955915
6810 1702.5 299.9817821041252
6811 1702.75 299.9820287898115
6812 1703 299.9822751543905
6813 1703.25 299.9825211995928
6814 1703.5 299.9827669271397
6815 1703.75 299.9830123387429
6816 1704 299.9884002069285
6817 1704.25 299.9938016129228
6818 1704.5 299.9992165242365
6819 1704.75 300.0046450476283
6820 1705 300.0100872979608
6821 1705.25 300.0155433594721
6822 1705.5 300.0210132796313
6823 1705.75 300.0264970728572
6824 1706 300.0319947262714
6825 1706.25 300.0375062050897
6826 1706.5 300.0430314571012
6827 1706.75 300.0485704162467
6828 1707 300.0541230054247
6829 1707.25 300.05968867593
6830 1707.5 300.0652661390639
6831 1707.75 300.0708571004475
6832 1708 300.076461444836
6833 1708.25 300.0820790545615
6834 1708.5 300.0877098102694
6835 1708.75 300.0933535915053
6836 1709 300.0990102771842
6837 1709.25 300.1046797459658
6838 1709.5 300.1103618765566
6839 1709.75 300.1160565479501
6840 1710 300.1217636396208
6841 1710.25 300.1274830316781
6842 1710.5 300.1332146049884
6843 1710.75 300.1389582412714
6844 1711 300.1447138231765
6845 1711.25 300.1504812343403
6846 1711.5 300.1562603594312
6847 1711.75 300.1620510841827
6848 1712 300.1678532954165
6849 1712.25 300.1736668810595
6850 1712.5 300.179491730153
6851 1712.75 300.1853277328584
6852 1713 300.1911747804571
6853 1713.25 300.1970327653503
6854 1713.5 300.2029015810521
6855 1713.75 300.2087811221841
6856 1714 300.2146712844664
6857 1714.25 300.2205719647081
6858 1714.5 300.2264830607965
6859 1714.75 300.2324044716862
6860 1715 300.2383360973869
6861 1715.25 300.2442778389513
6862 1715.5 300.2502295984627
6863 1715.75 300.2561912790223
6864 1716 300.2621627847371
6865 1716.25 300.2681440207066
6866 1716.5 300.274134893011
6867 1716.75 300.2801353086984
6868 1717 300.2861451757726
6869 1717.25 300.292164323087
6870 1717.5 300.2981923445477
6871 1717.75 300.3042295529293
6872 1718 300.3102758596924
6873 1718.25 300.3163311772132
6874 1718.5 300.322395418771
6875 1718.75 300.328468498535
6876 1719 300.3345503315534
6877 1719.25 300.3406408337417
6878 1719.5 300.3467399218708
6879 1719.75 300.3528475135568
6880 1720 300.3589635272497
6881 1720.25 300.365087882224
6882 1720.5 300.3712204985675
6883 1720.75 300.3773612971724
6884 1721 300.3835101997249
6885 1721.25 300.3896671286965
6886 1721.5 300.3958320073342
6887 1721.75 300.4020047596522
6888 1722 300.4081853104223
6889 1722.25 300.4143735851664
6890 1722.5 300.4205691245785
6891 1722.75 300.4267711548101
6892 1723 300.4329806993352
6893 1723.25 300.4391976865269
6894 1723.5 300.4454220454679
6895 1723.75 300.4516537059431
6896 1724 300.4578925984318
6897 1724.25 300.4641386541009
6898 1724.5 300.4703918047965
6899 1724.75 300.476651983038
6900 1725 300.4829191220099
6901 1725.25 300.4891931555555
6902 1725.5 300.4954740181698
6903 1725.75 300.5017616449929
6904 1726 300.5080559718032
6905 1726.25 300.5143569350106
6906 1726.5 300.5206644716505
6907 1726.75 300.5269785193775
6908 1727 300.5332990164582
6909 1727.25 300.539625901766
6910 1727.5 300.5459591147743
6911 1727.75 300.552298595551
6912 1728 300.5586442847521
6913 1728.25 300.5649961236159
6914 1728.5 300.5713540539572
6915 1728.75 300.5777180181619
6916 1729 300.5840879591802
6917 1729.25 300.5904638205226
6918 1729.5 300.5968455462529
6919 1729.75 300.6032330809837
6920 1730 300.6096263698707
6921 1730.25 300.6160253586067
6922 1730.5 300.6224299934174
6923 1730.75 300.6288402210553
6924 1731 300.635255988795
6925 1731.25 300.6416772444279
6926 1731.5 300.6481039362571
6927 1731.75 300.6545360130925
6928 1732 300.660973424246
6929 1732.25 300.6674161195258
6930 1732.5 300.6738640492328
6931 1732.75 300.6803171641549
6932 1733 300.6867754155626
6933 1733.25 300.6932387552042
6934 1733.5 300.699707135301
6935 1733.75 300.7061805085431
6936 1734 300.7296939407921
6937 1734.25 300.7531824986098
6938 1734.5 300.7766520646714
6939 1734.75 300.8001052110441
6940 1735 300.8235434706052
6941 1735.25 300.8469679262369
6942 1735.5 300.8703793735359
6943 1735.75 300.8937784682648
6944 1736 300.9171657526761
6945 1736.25 300.9405416751242
6946 1736.5 300.9639066213578
6947 1736.75 300.987260929394
6948 1737 301.0106049002958
6949 1737.25 301.0339388034252
6950 1737.5 301.0572628922346
6951 1737.75 301.0805773962056
6952 1738 301.1038825307126
6953 1738.25 301.1271784990281
6954 1738.5 301.1504654943158
6955 1738.75 301.1737437012529
6956 1739 301.1970132973159
6957 1739.25 301.2202744537964
6958 1739.5 301.2435273366041
6959 1739.75 301.2667721069027
6960 1740 301.2900089216139
6961 1740.25 301.3132379338169
6962 1740.5 301.3364592930653
6963 1740.75 301.3596731456404
6964 1741 301.3828796347521
6965 1741.25 301.4060789007007
6966 1741.5 301.429271081006
6967 1741.75 301.4524563105131
6968 1742 301.4756347214767
6969 1742.25 301.498806443633
6970 1742.5 301.521971604259
6971 1742.75 301.5451303282225
6972 1743 301.568282738027
6973 1743.25 301.5914289538502
6974 1743.5 301.6145690935801
6975 1743.75 301.637703272848
6976 1744 301.6608316050605
6977 1744.25 301.6839542014287
6978 1744.5 301.7070711709993
6979 1744.75 301.730182620683
6980 1745 301.7532886552847
6981 1745.25 301.7763893775327
6982 1745.5 301.7994848881079
6983 1745.75 301.822575285675
6984 1746 301.8456606669118
6985 1746.25 301.8687411265406
6986 1746.5 301.8918160952186
6987 1746.75 301.9148855620854
6988 1747 301.9379503907288
6989 1747.25 301.9610106682247
6990 1747.5 301.98406647986
6991 1747.75 302.0071179091631
6992 1748 302.0301650379364
6993 1748.25 302.0532079462873
6994 1748.5 302.0762467126604
6995 1748.75 302.0992814138687
6996 1749 302.1223121251259
6997 1749.25 302.145338920077
6998 1749.5 302.1683618708301
6999 1749.75 302.1913810479876
7000 1750 302.2143965206774
7001 1750.25 302.2374083565828
7002 1750.5 302.2604166219733
7003 1750.75 302.2834213817343
7004 1751 302.3064226993976
7005 1751.25 302.3294206371696
7006 1751.5 302.3524152559611
7007 1751.75 302.3754066154152
7008 1752 302.3983947739355
7009 1752.25 302.4213797887143
7010 1752.5 302.4443617157593
7011 1752.75 302.4673406099201
7012 1753 302.4903165249154
7013 1753.25 302.513289513358
7014 1753.5 302.5362596267808
7015 1753.75 302.5592269156613
7016 1754 302.582191429446
7017 1754.25 302.605153216575
7018 1754.5 302.6281123245047
7019 1754.75 302.6510687997313
7020 1755 302.6740226878133
7021 1755.25 302.6969740333938
7022 1755.5 302.7199228802215
7023 1755.75 302.7428692711729
7024 1756 302.7658132482719
7025 1756.25 302.788754852711
7026 1756.5 302.8116941248706
7027 1756.75 302.8346311043391
7028 1757 302.8575658299311
7029 1757.25 302.8804983397064
7030 1757.5 302.9034286709885
7031 1757.75 302.9263568603816
7032 1758 302.9492829437888
7033 1758.25 302.9722069564298
7034 1758.5 302.9951289328583
7035 1758.75 303.0180489069785
7036 1759 303.0409669120625
7037 1759.25 303.0638829807655
7038 1759.5 303.0867971451437
7039 1759.75 303.1097094366688
7040 1760 303.1326198862436
7041 1760.25 303.1555285656807
7042 1760.5 303.1784356451901
7043 1760.75 303.2013412124585
7044 1761 303.2242453531334
7045 1761.25 303.2471481508586
7046 1761.5 303.2700496873243
7047 1761.75 303.2929500423178
7048 1762 303.3158492937773
7049 1762.25 303.3387475178409
7050 1762.5 303.3616447888971
7051 1762.75 303.3845411796319
7052 1763 303.4074367610759
7053 1763.25 303.4303316026492
7054 1763.5 303.4532257722053
7055 1763.75 303.4761193360736
7056 1764 303.4990123591008
7057 1764.25 303.5219049046914
7058 1764.5 303.5447970348462
7059 1764.75 303.5676888102009
7060 1765 303.5905802900629
7061 1765.25 303.6134715324469
7062 1765.5 303.6363625941098
7063 1765.75 303.6592535305855
7064 1766 303.6821443962172
7065 1766.25 303.7050352441894
7066 1766.5 303.7279261265596
7067 1766.75 303.7508170942885
7068 1767 303.77370819727
7069 1767.25 303.7965994843591
7070 1767.5 303.8194910034006
7071 1767.75 303.8423828012559
7072 1768 303.86527492383
7073 1768.25 303.8881674160964
7074 1768.5 303.9110603221231
7075 1768.75 303.9339536850963
7076 1769 303.9568475473448
7077 1769.25 303.9797419503618
7078 1769.5 304.0026369348287
7079 1769.75 304.0255325406365
7080 1770 304.0484288069065
7081 1770.25 304.0713257720117
7082 1770.5 304.0942234735964
7083 1770.75 304.1171219485959
7084 1771 304.1400212332558
7085 1771.25 304.16292136315
7086 1771.5 304.1858223731989
7087 1771.75 304.2087242976872
7088 1772 304.2316271702805
7089 1772.25 304.2545310240423
7090 1772.5 304.2774358914496
7091 1772.75 304.3003418044089
7092 1773 304.3232487942718
7093 1773.25 304.3461568918491
7094 1773.5 304.3690661274258
7095 1773.75 304.3919765307751
7096 1774 304.4148881311716
7097 1774.25 304.4378009574053
7098 1774.5 304.460715037794
7099 1774.75 304.483630400196
7100 1775 304.5065470720226
7101 1775.25 304.5294650802497
7102 1775.5 304.55238445143
7103 1775.75 304.5753052117029
7104 1776 304.5982273868069
7105 1776.25 304.6211510020899
7106 1776.5 304.644076082519
7107 1776.75 304.6670026526915
7108 1777 304.6899307368437
7109 1777.25 304.7128603588612
7110 1777.5 304.7357915422883
7111 1777.75 304.7587243103364
7112 1778 304.7816586858933
7113 1778.25 304.8045946915317
7114 1778.5 304.8275323495174
7115 1778.75 304.8504716818171
7116 1779 304.8734127101072
7117 1779.25 304.8963554557809
7118 1779.5 304.9192999399551
7119 1779.75 304.9422461834787
7120 1780 304.9651942069393
7121 1780.25 304.9881440306697
7122 1780.5 305.011095674755
7123 1780.75 305.0340491590388
7124 1781 305.05700450313
7125 1781.25 305.0799617264086
7126 1781.5 305.1029208480317
7127 1781.75 305.1258818869392
7128 1782 305.1488448618599
7129 1782.25 305.1718097913168
7130 1782.5 305.1947766936321
7131 1782.75 305.2177455869332
7132 1783 305.2407164891572
7133 1783.25 305.2636894180558
7134 1783.5 305.2866643912005
7135 1783.75 305.309641425987
7136 1784 305.3326205396397
7137 1784.25 305.3556017492165
7138 1784.5 305.3785850716126
7139 1784.75 305.4015705235653
7140 1785 305.4245581216575
7141 1785.25 305.4475478823215
7142 1785.5 305.4705398218442
7143 1785.75 305.4935339563691
7144 1786 305.516530301901
7145 1786.25 305.5395288743097
7146 1786.5 305.5625296893324
7147 1786.75 305.5855327625782
7148 1787 305.6085381095307
7149 1787.25 305.6315457455519
7150 1787.5 305.654555685884
7151 1787.75 305.6775679456535
7152 1788 305.7005825398742
7153 1788.25 305.7235994834494
7154 1788.5 305.7466187911749
7155 1788.75 305.7696404777418
7156 1789 305.7926645577394
7157 1789.25 305.8156910456569
7158 1789.5 305.838719955887
7159 1789.75 305.8617513027273
7160 1790 305.8847851003835
7161 1790.25 305.9078213629709
7162 1790.5 305.9308601045171
7163 1790.75 305.9539013389645
7164 1791 305.9769450801714
7165 1791.25 305.9999913419151
7166 1791.5 306.0230401378932
7167 1791.75 306.0460914817259
7168 1792 306.0691453869576
7169 1792.25 306.092201867059
7170 1792.5 306.1152609354289
7171 1792.75 306.1383226053954
7172 1793 306.1613868902187
7173 1793.25 306.1844538030915
7174 1793.5 306.2075233571411
7175 1793.75 306.2305955654315
7176 1794 306.2536704409641
7177 1794.25 306.2767479966795
7178 1794.5 306.2998282454592
7179 1794.75 306.3229112001262
7180 1795 306.3459968734471
7181 1795.25 306.3690852781334
7182 1795.5 306.3921764268426
7183 1795.75 306.4152703321792
7184 1796 306.4383670066961
7185 1796.25 306.4614664628958
7186 1796.5 306.4845687132317
7187 1796.75 306.5076737701092
7188 1797 306.5307816458865
7189 1797.25 306.5538923528756
7190 1797.5 306.5770059033439
7191 1797.75 306.6001223095148
7192 1798 306.6232415835685
7193 1798.25 306.6463637376433
7194 1798.5 306.6694887838362
7195 1798.75 306.6926167342044
7196 1799 306.7157476007652
7197 1799.25 306.738881395498
7198 1799.5 306.7620181303437
7199 1799.75 306.7851578172072
7200 1800 306.8083004679565
7201 1800.25 306.831446094425
7202 1800.5 306.8545947084106
7203 1800.75 306.8777463216779
7204 1801 306.9009009459584
7205 1801.25 306.9240585929504
7206 1801.5 306.9472192743209
7207 1801.75 306.9703830017054
7208 1802 306.9935497867092
7209 1802.25 307.0167196409067
7210 1802.5 307.0398925758436
7211 1802.75 307.0630686030366
7212 1803 307.0862477339739
7213 1803.25 307.1094299801163
7214 1803.5 307.1326153528968
7215 1803.75 307.1558038637222
7216 1804 307.1789955239728
7217 1804.25 307.2021903450032
7218 1804.5 307.2253883381427
7219 1804.75 307.2485895146958
7220 1805 307.2717938859427
7221 1805.25 307.2950014631392
7222 1805.5 307.3182122575183
7223 1805.75 307.3414262802893
7224 1806 307.364643542639
7225 1806.25 307.3878640557317
7226 1806.5 307.41108783071
7227 1806.75 307.4343148786946
7228 1807 307.4575452107849
7229 1807.25 307.4807788380597
7230 1807.5 307.504015771577
7231 1807.75 307.5272560223744
7232 1808 307.5504996014701
7233 1808.25 307.5737465198618
7234 1808.5 307.5969967885287
7235 1808.75 307.6202504184304
7236 1809 307.643507420508
7237 1809.25 307.6667678056839
7238 1809.5 307.6900315848624
7239 1809.75 307.7132987689296
7240 1810 307.7365693687544
7241 1810.25 307.7598433951874
7242 1810.5 307.7831208590626
7243 1810.75 307.8064017711968
7244 1811 307.8296861423898
7245 1811.25 307.852973983425
7246 1811.5 307.8762653050695
7247 1811.75 307.8995601180739
7248 1812 307.9228584331732
7249 1812.25 307.9461602610862
7250 1812.5 307.9694656125164
7251 1812.75 307.9927744981518
7252 1813 308.0160869286651
7253 1813.25 308.0394029147139
7254 1813.5 308.0627224669412
7255 1813.75 308.086045595975
7256 1814 308.1093723124284
7257 1814.25 308.1327026269006
7258 1814.5 308.156036549976
7259 1814.75 308.1793740922255
7260 1815 308.2027152642053
7261 1815.25 308.2260600764581
7262 1815.5 308.2494085395127
7263 1815.75 308.2727606638844
7264 1816 308.2961164600749
7265 1816.25 308.3194759385725
7266 1816.5 308.3428391098523
7267 1816.75 308.366205984376
7268 1817 308.3895765725926
7269 1817.25 308.412950884938
7270 1817.5 308.4363289318354
7271 1817.75 308.459710723695
7272 1818 308.4830962709144
7273 1818.25 308.5064855838786
7274 1818.5 308.5298786729604
7275 1818.75 308.5532755485199
7276 1819 308.5766762209054
7277 1819.25 308.6000807004522
7278 1819.5 308.6234889974842
7279 1819.75 308.646901122313
7280 1820 308.6703170852379
7281 1820.25 308.6937368965469
7282 1820.5 308.7171605665154
7283 1820.75 308.7405881054077
7284 1821 308.764019523476
7285 1821.25 308.7874548309611
7286 1821.5 308.8108940380921
7287 1821.75 308.8343371550864
7288 1822 308.8577841921505
7289 1822.25 308.8812351594787
7290 1822.5 308.9046900672545
7291 1822.75 308.9281489256502
7292 1823 308.9516117448263
7293 1823.25 308.9750785349323
7294 1823.5 308.9985493061071
7295 1823.75 309.0220240684776
7296 1824 309.0455028321602
7297 1824.25 309.0689856072602
7298 1824.5 309.0924724038719
7299 1824.75 309.1159632320786
7300 1825 309.1394581019526
7301 1825.25 309.1629570235555
7302 1825.5 309.1864600069382
7303 1825.75 309.2099670621404
7304 1826 309.2334781991915
7305 1826.25 309.2569934281099
7306 1826.5 309.2805127589035
7307 1826.75 309.3040362015691
7308 1827 309.3275637660935
7309 1827.25 309.3510954624522
7310 1827.5 309.374631300611
7311 1827.75 309.3981712905244
7312 1828 309.4217154421365
7313 1828.25 309.4452637653813
7314 1828.5 309.4688162701819
7315 1828.75 309.4923729664512
7316 1829 309.5159338640916
7317 1829.25 309.5394989729951
7318 1829.5 309.5630683030433
7319 1829.75 309.5866418641074
7320 1830 309.6102196660483
7321 1830.25 309.6338017187168
7322 1830.5 309.657388031953
7323 1830.75 309.6809786155868
7324 1831 309.7045734794382
7325 1831.25 309.7281726333167
7326 1831.5 309.7517760870212
7327 1831.75 309.7753838503411
7328 1832 309.798995933055
7329 1832.25 309.8226123449317
7330 1832.5 309.8462330957295
7331 1832.75 309.8698581951969
7332 1833 309.8934876530721
7333 1833.25 309.917121479083
7334 1833.5 309.9407596829476
7335 1833.75 309.9644022743737
7336 1834 309.9880492630589
7337 1834.25 310.0117006586909
7338 1834.5 310.0353564709473
7339 1834.75 310.0590167094956
7340 1835 310.0826813839933
7341 1835.25 310.1063505040878
7342 1835.5 310.1300240794164
7343 1835.75 310.1537021196065
7344 1836 310.1773846342757
7345 1836.25 310.2010716330309
7346 1836.5 310.2247631254699
7347 1836.75 310.2484591211798
7348 1837 310.2721596297381
7349 1837.25 310.2958646607122
7350 1837.5 310.3195742236599
7351 1837.75 310.3432883281283
7352 1838 310.3670069836551
7353 1838.25 310.3907301997682
7354 1838.5 310.4144579859854
7355 1838.75 310.4381903518143
7356 1839 310.4619273067529
7357 1839.25 310.4856688602894
7358 1839.5 310.5094150219018
7359 1839.75 310.5331658010585
7360 1840 310.5569212072176
7361 1840.25 310.5806812498278
7362 1840.5 310.6044459383278
7363 1840.75 310.6282152821465
7364 1841 310.6519892907025
7365 1841.25 310.6757679734053
7366 1841.5 310.6995513396541
7367 1841.75 310.7233393988382
7368 1842 310.7471321603374
7369 1842.25 310.7709296335215
7370 1842.5 310.7947318277504
7371 1842.75 310.8185387523746
7372 1843 310.8423504167344
7373 1843.25 310.8661668301605
7374 1843.5 310.8899880019737
7375 1843.75 310.9138139414852
7376 1844 310.9376446579964
7377 1844.25 310.961480160799
7378 1844.5 310.9853204591748
7379 1844.75 311.0091655623958
7380 1845 311.0330154797247
7381 1845.25 311.0568702204141
7382 1845.5 311.0807297937068
7383 1845.75 311.1045942088362
7384 1846 311.1284634750261
7385 1846.25 311.1523376014902
7386 1846.5 311.1762165974326
7387 1846.75 311.2001004720481
7388 1847 311.2239892345215
7389 1847.25 311.2478828940281
7390 1847.5 311.2717814597333
7391 1847.75 311.2956849407934
7392 1848 311.3195933463546
7393 1848.25 311.3435066855536
7394 1848.5 311.3674249675173
7395 1848.75 311.3913482013634
7396 1849 311.4152763962001
7397 1849.25 311.4392095611256
7398 1849.5 311.4631477052285
7399 1849.75 311.4870908375882
7400 1850 311.5110389672744
7401 1850.25 311.5349921033472
7402 1850.5 311.5589502548573
7403 1850.75 311.5829134308458
7404 1851 311.6068816403443
7405 1851.25 311.6308548923751
7406 1851.5 311.6548331959507
7407 1851.75 311.6788165600742
7408 1852 311.7028049937396
7409 1852.25 311.726798505931
7410 1852.5 311.7507971056232
7411 1852.75 311.7748008017818
7412 1853 311.7988096033628
7413 1853.25 311.8228235193128
7414 1853.5 311.8468425585692
7415 1853.75 311.8708667300599
7416 1854 311.8948960427034
7417 1854.25 311.9189305054088
7418 1854.5 311.9429701270761
7419 1854.75 311.967014916596
7420 1855 311.9910648828497
7421 1855.25 312.0151200347092
7422 1855.5 312.0391803810374
7423 1855.75 312.0632459306879
7424 1856 312.0873166925047
7425 1856.25 312.111392675323
7426 1856.5 312.1354738879687
7427 1856.75 312.1595603392585
7428 1857 312.1836520379998
7429 1857.25 312.2077489929912
7430 1857.5 312.2318512130217
7431 1857.75 312.2559587068717
7432 1858 312.2800714833121
7433 1858.25 312.3041895511048
7434 1858.5 312.3283129190028
7435 1858.75 312.3524415957499
7436 1859 312.376575590081
7437 1859.25 312.4007149107219
7438 1859.5 312.4248595663894
7439 1859.75 312.4490095657916
7440 1860 312.4731649176273
7441 1860.25 312.4973256305865
7442 1860.5 312.5214917133505
7443 1860.75 312.5456631745913
7444 1861 312.5698400229724
7445 1861.25 312.5940222671485
7446 1861.5 312.6182099157652
7447 1861.75 312.6424029774596
7448 1862 312.6666014608597
7449 1862.25 312.690805374585
7450 1862.5 312.7150147272461
7451 1862.75 312.7392295274452
7452 1863 312.7634497837753
7453 1863.25 312.7876755048214
7454 1863.5 312.8119066991595
7455 1863.75 312.836143375357
7456 1864 312.8603855419728
7457 1864.25 312.8846332075572
7458 1864.5 312.9088863806519
7459 1864.75 312.9331450697903
7460 1865 312.9574092834971
7461 1865.25 312.9816790302887
7462 1865.5 313.0059543186732
7463 1865.75 313.0302351571499
7464 1866 313.0545215542101
7465 1866.25 313.0788135183367
7466 1866.5 313.1031110580041
7467 1866.75 313.1274141816786
7468 1867 313.1517228978182
7469 1867.25 313.1760372148728
7470 1867.5 313.2003571412838
7471 1867.75 313.2246826854849
7472 1868 313.2490138559012
7473 1868.25 313.2733506609499
7474 1868.5 313.2976931090402
7475 1868.75 313.3220412085732
7476 1869 313.346394967942
7477 1869.25 313.3707543955317
7478 1869.5 313.3951194997194
7479 1869.75 313.4194902888744
7480 1870 313.4438667713581
7481 1870.25 313.4682489555241
7482 1870.5 313.4926368497183
7483 1870.75 313.5170304622784
7484 1871 313.5414298015348
7485 1871.25 313.5658348758101
7486 1871.5 313.5902456934189
7487 1871.75 313.6146622626689
7488 1872 313.6390845918595
7489 1872.25 313.6635126892829
7490 1872.5 313.6879465632236
7491 1872.75 313.7123862219587
7492 1873 313.736831673758
7493 1873.25 313.7612829268837
7494 1873.5 313.7857399895907
7495 1873.75 313.8102028701265
7496 1874 313.8346715767317
7497 1874.25 313.8591461176391
7498 1874.5 313.8836265010743
7499 1874.75 313.9081127352565
7500 1875 313.9326048283968
7501 1875.25 313.9571027887
7502 1875.5 313.9816066243635
7503 1875.75 314.0061163435776
7504 1876 314.0306319545259
7505 1876.25 314.0551534653849
7506 1876.5 314.0796808843245
7507 1876.75 314.1042142195074
7508 1877 314.1287534790897
7509 1877.25 314.1532986712209
7510 1877.5 314.1778498040437
7511 1877.75 314.2024068856941
7512 1878 314.2269699243015
7513 1878.25 314.2515389279889
7514 1878.5 314.2761139048725
7515 1878.75 314.3006948630626
7516 1879 314.3252818106625
7517 1879.25 314.3498747557695
7518 1879.5 314.3744737064745
7519 1879.75 314.399078670862
7520 1880 314.4236896570106
7521 1880.25 314.4483066729925
7522 1880.5 314.4729297268738
7523 1880.75 314.4975588267147
7524 1881 314.5221939805691
7525 1881.25 314.5468351964852
7526 1881.5 314.5714824825054
7527 1881.75 314.596135846666
7528 1882 314.6207952969973
7529 1882.25 314.6454608415247
7530 1882.5 314.6701324882669
7531 1882.75 314.6948102452378
7532 1883 314.7194941204451
7533 1883.25 314.7441841218912
7534 1883.5 314.7688802575732
7535 1883.75 314.7935825354827
7536 1884 314.8182909636059
7537 1884.25 314.8430055499237
7538 1884.5 314.8675540437635
7539 1884.75 314.8920408214742
7540 1885 314.9165336148953
7541 1885.25 314.9410324319495
7542 1885.5 314.9655372805536
7543 1885.75 314.9900481686203
7544 1886 315.0145651040561
7545 1886.25 315.0390880947637
7546 1886.5 315.0636171486397
7547 1886.75 315.0881522735768
7548 1887 315.1126934774624
7549 1887.25 315.1372407681791
7550 1887.5 315.1617941536051
7551 1887.75 315.1863536416139
7552 1888 315.2109192400744
7553 1888.25 315.2354909568512
7554 1888.5 315.2600687998041
7555 1888.75 315.284652776789
7556 1889 315.3092428956572
7557 1889.25 315.333839164256
7558 1889.5 315.3584415904285
7559 1889.75 315.3830501820137
7560 1890 315.4076649468466
7561 1890.25 315.4322858927583
7562 1890.5 315.4569130275761
7563 1890.75 315.4815463591233
7564 1891 315.5061858952197
7565 1891.25 315.5308316436814
7566 1891.5 315.555483612321
7567 1891.75 315.5801418089474
7568 1892 315.6048062413661
7569 1892.25 315.6294769173796
7570 1892.5 315.6541538447866
7571 1892.75 315.6788370313831
7572 1893 315.7035264849616
7573 1893.25 315.7282222133118
7574 1893.5 315.7529242242202
7575 1893.75 315.7776325254706
7576 1894 315.8023471248441
7577 1894.25 315.8270680301185
7578 1894.5 315.8517952490698
7579 1894.75 315.8765287894706
7580 1895 315.9012686590917
7581 1895.25 315.9260148657008
7582 1895.5 315.9507674170638
7583 1895.75 315.9755263209442
7584 1896 316.0002915851033
7585 1896.25 316.0250632173002
7586 1896.5 316.0498412252923
7587 1896.75 316.0746256168347
7588 1897 316.0994163996809
7589 1897.25 316.1242135815827
7590 1897.5 316.1490171702903
7591 1897.75 316.173827173552
7592 1898 316.1986435991147
7593 1898.25 316.2234664547244
7594 1898.5 316.2482957481249
7595 1898.75 316.2731314870595
7596 1899 316.2979736792702
7597 1899.25 316.3228223324978
7598 1899.5 316.3476774544824
7599 1899.75 316.372539052963
7600 1900 316.3974071356778
7601 1900.25 316.4222817103647
7602 1900.5 316.4471627847606
7603 1900.75 316.472050366602
7604 1901 316.4969444636253
7605 1901.25 316.5218450835661
7606 1901.5 316.5467522341604
7607 1901.75 316.5716659231437
7608 1902 316.5965861582514
7609 1902.25 316.6215129472193
7610 1902.5 316.6464462977833
7611 1902.75 316.6713862176794
7612 1903 316.6963327146441
7613 1903.25 316.7212857964145
7614 1903.5 316.7462454707282
7615 1903.75 316.7712117453235
7616 1904 316.7961846279394
7617 1904.25 316.8211641263156
7618 1904.5 316.8461502481936
7619 1904.75 316.8711430013148
7620 1905 316.8961423934228
7621 1905.25 316.9211484322624
7622 1905.5 316.9461611255791
7623 1905.75 316.9711804811206
7624 1906 316.996206506636
7625 1906.25 317.0212392098762
7626 1906.5 317.0462785985936
7627 1906.75 317.0713246805433
7628 1907 317.0963774634818
7629 1907.25 317.1214369551679
7630 1907.5 317.1465031633628
7631 1907.75 317.1715760958301
7632 1908 317.1966557603359
7633 1908.25 317.221742164649
7634 1908.5 317.2468353165405
7635 1908.75 317.2719352237851
7636 1909 317.2970418941597
7637 1909.25 317.3221553354448
7638 1909.5 317.3472755554238
7639 1909.75 317.3724025618837
7640 1910 317.3975363626147
7641 1910.25 317.4226769654106
7642 1910.5 317.447824378069
7643 1910.75 317.4729786083911
7644 1911 317.4981396641822
7645 1911.25 317.5233075532515
7646 1911.5 317.5484822834123
7647 1911.75 317.5736638624824
7648 1912 317.5988522982839
7649 1912.25 317.6240475986432
7650 1912.5 317.649249771392
7651 1912.75 317.674458824366
7652 1913 317.6996747654063
7653 1913.25 317.7248976023587
7654 1913.5 317.7501273430747
7655 1913.75 317.7753639954104
7656 1914 317.8006075672279
7657 1914.25 317.8258580663945
7658 1914.5 317.8511155007835
7659 1914.75 317.8763798782735
7660 1915 317.9016512067496
7661 1915.25 317.9269294941028
7662 1915.5 317.9522147482301
7663 1915.75 317.9775069770352
7664 1916 318.0028061884279
7665 1916.25 318.0281123903257
7666 1916.5 318.0534255906535
7667 1916.75 318.0787457973455
7668 1917 318.104073018386
7669 1917.25 318.1294072698208
7670 1917.5 318.1547492738733
7671 1917.75 318.1801004811567
7672 1918 318.205460846105
7673 1918.25 318.230830348445
7674 1918.5 318.2562089786003
7675 1918.75 318.2815967326441
7676 1919 318.3069936100256
7677 1919.25 318.3323996123747
7678 1919.5 318.3578147428065
7679 1919.75 318.3832390054909
7680 1920 318.3830422307847
